"Model","Scenario","Region","Variable","Unit","2005","2010","2015","2021","2025","2030","2035","2040","2045","2050","2055","2060","2065","2070","2075","2080","2085","2090","2095","2100"
"GCAM 7.1","CurrentMeasures","Pakistan","Capacity Additions|Electricity","GW/yr",0,0,0,122.987352698865,11.223006924766,18.6288068585522,20.7555499756232,27.3725482643778,32.0477949350667,32.4281064778337,30.6612396258721,44.3367087963236,53.3764844812438,62.0606043068969,70.5208115503043,73.8257009816251,74.6341634615673,82.6979567500359,87.2079197911105,93.4659618048871
"GCAM 7.1","Reference","Pakistan","Capacity Additions|Electricity","GW/yr",0,0,0,122.987352698865,10.2479154290915,17.2080369233883,20.1586572908834,26.9608724728602,32.6059877217907,33.8762204001876,32.4421795882652,46.348124568984,55.6199923029163,64.6849479334808,74.1542849334065,78.5452833096392,80.2797117754621,87.9215325801651,92.0576527903438,96.5849765657862
"GCAM 7.1","CurrentMeasures","Pakistan","Capacity Additions|Electricity|Biomass","GW/yr",0,0,0,0.145383152940468,0.0109801180116478,0.0286312928911779,0.0382698895675791,0.0724816259684251,0.102151574774113,0.10629233699864,0.0844639533389007,0.160344850339989,0.20899526447104,0.256527156271963,0.30967259326219,0.328141895029568,0.336234583260138,0.415402915395974,0.44924777060916,0.512185509329623
"GCAM 7.1","Reference","Pakistan","Capacity Additions|Electricity|Biomass","GW/yr",0,0,0,0.145383152940468,0.0163061150051612,0.0357798353170743,0.0466389963337609,0.0820953806297661,0.114776352288008,0.117092131919519,0.089508836913373,0.174295248644488,0.223065811515193,0.273579517209706,0.334688730600223,0.355182261039218,0.363553911657006,0.439488511289792,0.467010316936,0.487533451376735
"GCAM 7.1","CurrentMeasures","Pakistan","Capacity Additions|Electricity|Biomass|w/o CCS","GW/yr",0,0,0,0.145383152940468,0.0109801180116478,0.0286312928911779,0.0382698895675791,0.0724816259684251,0.102151574774113,0.10629233699864,0.0844639533389007,0.160344850339989,0.20899526447104,0.256527156271963,0.30967259326219,0.328141895029568,0.336234583260138,0.415402915395974,0.44924777060916,0.512185509329623
"GCAM 7.1","Reference","Pakistan","Capacity Additions|Electricity|Biomass|w/o CCS","GW/yr",0,0,0,0.145383152940468,0.0163061150051612,0.0357798353170743,0.0466389963337609,0.0820953806297661,0.114776352288008,0.117092131919519,0.089508836913373,0.174295248644488,0.223065811515193,0.273579517209706,0.334688730600223,0.355182261039218,0.363553911657006,0.439488511289792,0.467010316936,0.487533451376735
"GCAM 7.1","CurrentMeasures","Pakistan","Capacity Additions|Electricity|Coal","GW/yr",0,0,0,2.25072990569359,0.180909523175143,0.446213316453829,0.541645638753231,0.940490503725984,1.21584167660947,1.17476084713527,0.905628707571627,1.63886197757181,2.03628546661941,2.37910840114038,2.72905430514487,2.76075646606729,2.7026939205704,3.1924965191333,3.29080003347442,3.59926154510504
"GCAM 7.1","Reference","Pakistan","Capacity Additions|Electricity|Coal","GW/yr",0,0,0,2.25072990569359,0.27921277314056,0.601505680044247,0.733823511024448,1.21382030835855,1.58883124248198,1.53226017565658,1.15420080593766,2.17104723353357,2.68001161359655,3.16005557915127,3.70604667178261,3.78438915672132,3.72692430169265,4.33467616470737,4.4151829364174,4.44495036426826
"GCAM 7.1","CurrentMeasures","Pakistan","Capacity Additions|Electricity|Coal|w/o CCS","GW/yr",0,0,0,2.25072990569359,0.180909523175143,0.446213316453829,0.541645638753231,0.940490503725984,1.21584167660947,1.17476084713527,0.905628707571627,1.63886197757181,2.03628546661941,2.37910840114038,2.72905430514487,2.76075646606729,2.7026939205704,3.1924965191333,3.29080003347442,3.59926154510504
"GCAM 7.1","Reference","Pakistan","Capacity Additions|Electricity|Coal|w/o CCS","GW/yr",0,0,0,2.25072990569359,0.27921277314056,0.601505680044247,0.733823511024448,1.21382030835855,1.58883124248198,1.53226017565658,1.15420080593766,2.17104723353357,2.68001161359655,3.16005557915127,3.70604667178261,3.78438915672132,3.72692430169265,4.33467616470737,4.4151829364174,4.44495036426826
"GCAM 7.1","CurrentMeasures","Pakistan","Capacity Additions|Electricity|Fossil","GW/yr",0,0,0,111.84040025206,0.712706606789967,1.77134106339181,2.03347981611315,3.32011125457327,4.15710722531745,3.80374210707102,2.77555579609167,4.89346896453009,5.81219748573436,6.41452689912922,7.04254260560519,6.74435702477691,6.28145548534331,7.14075835470719,7.13645712730925,7.3191393998134
"GCAM 7.1","Reference","Pakistan","Capacity Additions|Electricity|Fossil","GW/yr",0,0,0,111.84040025206,1.09809486706994,2.37052146039625,2.73531278027252,4.26095143338226,5.39992537125365,4.95622567550438,3.53086018071065,6.4624716562953,7.58271085178757,8.45675651527897,9.49397361318309,9.18471076482348,8.61462358376159,9.64899608677634,9.52493402714477,9.45463137246928
"GCAM 7.1","CurrentMeasures","Pakistan","Capacity Additions|Electricity|Fossil|w/o CCS","GW/yr",0,0,0,111.84040025206,0.712706606789967,1.77134106339181,2.03347981611315,3.32011125457327,4.15710722531745,3.80374210707102,2.77555579609167,4.89346896453009,5.81219748573436,6.41452689912922,7.04254260560519,6.74435702477691,6.28145548534331,7.14075835470719,7.13645712730925,7.3191393998134
"GCAM 7.1","Reference","Pakistan","Capacity Additions|Electricity|Fossil|w/o CCS","GW/yr",0,0,0,111.84040025206,1.09809486706994,2.37052146039625,2.73531278027252,4.26095143338226,5.39992537125365,4.95622567550438,3.53086018071065,6.4624716562953,7.58271085178757,8.45675651527897,9.49397361318309,9.18471076482348,8.61462358376159,9.64899608677634,9.52493402714477,9.45463137246928
"GCAM 7.1","CurrentMeasures","Pakistan","Capacity Additions|Electricity|Gas","GW/yr",0,0,0,60.1071383774608,0.387615780255306,0.937350394569432,0.994335923498375,1.49720153419137,1.8157160619361,1.61886573582229,1.20724173690353,2.17792316505823,2.6148689936384,2.87822749222672,3.19988543749449,3.08089738765568,2.89925643329809,3.36046523963895,3.44288357234192,3.66390376059595
"GCAM 7.1","Reference","Pakistan","Capacity Additions|Electricity|Gas","GW/yr",0,0,0,60.1071383774608,0.59596410631759,1.2449165829438,1.32548019219772,1.90486811399647,2.33919170832282,2.10372568161174,1.53054695727178,2.86319205118208,3.37316105338053,3.7575907822252,4.27323998044044,4.1614088272708,3.94991311110561,4.51552174173251,4.56875859849139,4.48303906298671
"GCAM 7.1","CurrentMeasures","Pakistan","Capacity Additions|Electricity|Gas|w/o CCS","GW/yr",0,0,0,60.1071383774608,0.387615780255306,0.937350394569432,0.994335923498375,1.49720153419137,1.8157160619361,1.61886573582229,1.20724173690353,2.17792316505823,2.6148689936384,2.87822749222672,3.19988543749449,3.08089738765568,2.89925643329809,3.36046523963895,3.44288357234192,3.66390376059595
"GCAM 7.1","Reference","Pakistan","Capacity Additions|Electricity|Gas|w/o CCS","GW/yr",0,0,0,60.1071383774608,0.59596410631759,1.2449165829438,1.32548019219772,1.90486811399647,2.33919170832282,2.10372568161174,1.53054695727178,2.86319205118208,3.37316105338053,3.7575907822252,4.27323998044044,4.1614088272708,3.94991311110561,4.51552174173251,4.56875859849139,4.48303906298671
"GCAM 7.1","CurrentMeasures","Pakistan","Capacity Additions|Electricity|Geothermal","GW/yr",0,0,0,0,0.0107152500534878,0.0551243389845581,0.0867320219877606,0.149090315532831,0.172686064669149,0.152593474975549,0.114570897854942,0.194762600143674,0.231363386997352,0.268076802053184,0.30467491398706,0.304804999560547,0.285799272017725,0.329309517502987,0.343091267459446,0.376333058969162
"GCAM 7.1","Reference","Pakistan","Capacity Additions|Electricity|Geothermal","GW/yr",0,0,0,0,0.0163578103531537,0.0710983828174005,0.107860509570663,0.170835583307774,0.195879027197517,0.172793061461194,0.129271553155716,0.232283700194196,0.278670892318205,0.327026966201103,0.377151021287298,0.372536080704077,0.358275942458973,0.410104625384755,0.425384048859344,0.4342746375668
"GCAM 7.1","CurrentMeasures","Pakistan","Capacity Additions|Electricity|Hydro","GW/yr",0,0,0,6.81857692957334,8.1117991162277,8.46691862875961,8.82203814129152,9.17715765382343,9.53227716635534,9.88739667888725,10.2425161914192,10.5976357039511,10.952755216483,11.3078747290149,11.6629942415468,12.0181137540787,12.3732332666106,12.7283527791425,13.0834722916744,13.4385918042063
"GCAM 7.1","Reference","Pakistan","Capacity Additions|Electricity|Hydro","GW/yr",0,0,0,6.81857692957334,7.06603143250297,7.37536367561304,7.6846959187231,7.99402816183317,8.30336040494324,8.61269264805331,8.92202489116338,9.23141359206558,9.54074583517565,9.85007807828572,10.1594103213958,10.4687425645059,10.7780748076159,11.087407050726,11.3967392938361,11.7060715369461
"GCAM 7.1","CurrentMeasures","Pakistan","Capacity Additions|Electricity|Non-Biomass Renewables","GW/yr",0,0,0,7.97053285767177,10.4029006968415,16.5917032388053,18.4022130790464,23.4986252011442,27.1720740536136,27.9249066994764,27.3475017768049,38.4654380091293,46.3459490737028,54.216663895166,61.837204666028,65.4253552946504,66.7381097328709,73.6571096850935,78.1129529635091,84.0175211033492
"GCAM 7.1","Reference","Pakistan","Capacity Additions|Electricity|Non-Biomass Renewables","GW/yr",0,0,0,7.97053285767177,9.13351444701639,14.7937240137867,17.3575758832889,22.5832129342703,27.0418992324199,28.7511788835461,28.7802187408182,39.6322683699793,47.7153938623972,55.8360814574195,64.1843312831081,68.8585823855865,71.1539817916597,77.6571064111411,81.8799849666651,86.4489401333828
"GCAM 7.1","CurrentMeasures","Pakistan","Capacity Additions|Electricity|Nuclear","GW/yr",0,0,0,3.03103643619275,0.0964195031228703,0.237131263463904,0.281587190896075,0.481330182691902,0.616462081361495,0.593165334287588,0.453718099636627,0.817456972324207,1.00934265733563,1.17288635632976,1.33139168540893,1.32784676716824,1.2783636600929,1.48468579483932,1.50926192968301,1.61711579239493
"GCAM 7.1","Reference","Pakistan","Capacity Additions|Electricity|Nuclear","GW/yr",0,0,0,3.03103643619275,0,0.00801161388819097,0.0191296309882138,0.0346127245779098,0.049386765829183,0.0517237092175773,0.0415918298230145,0.0790892940650006,0.0988217772162994,0.118530443572626,0.141291306515079,0.146807898190017,0.147552488383759,0.17594157095787,0.185723479597991,0.193871608557397
"GCAM 7.1","CurrentMeasures","Pakistan","Capacity Additions|Electricity|Oil","GW/yr",0,0,0,49.4825319689059,0.144181303359518,0.38777735236855,0.497498253861542,0.882419216655912,1.12554948677188,1.01011552411346,0.662685351616517,1.07668382190005,1.16104302547655,1.15719100576212,1.11360286296584,0.90270317105394,0.679505131474824,0.587796595934937,0.402773521492907,0.0559740941124149
"GCAM 7.1","Reference","Pakistan","Capacity Additions|Electricity|Oil","GW/yr",0,0,0,49.4825319689059,0.22291798761179,0.524099197408203,0.676009077050358,1.14226301102724,1.47190242044886,1.32023981823607,0.846112417501206,1.42823237157965,1.52953818481049,1.53911015390249,1.51468696096005,1.23891278083136,0.937786170963326,0.798798180336468,0.540992492235973,0.526641945214299
"GCAM 7.1","CurrentMeasures","Pakistan","Capacity Additions|Electricity|Oil|w/o CCS","GW/yr",0,0,0,49.4825319689059,0.144181303359518,0.38777735236855,0.497498253861542,0.882419216655912,1.12554948677188,1.01011552411346,0.662685351616517,1.07668382190005,1.16104302547655,1.15719100576212,1.11360286296584,0.90270317105394,0.679505131474824,0.587796595934937,0.402773521492907,0.0559740941124149
"GCAM 7.1","Reference","Pakistan","Capacity Additions|Electricity|Oil|w/o CCS","GW/yr",0,0,0,49.4825319689059,0.22291798761179,0.524099197408203,0.676009077050358,1.14226301102724,1.47190242044886,1.32023981823607,0.846112417501206,1.42823237157965,1.52953818481049,1.53911015390249,1.51468696096005,1.23891278083136,0.937786170963326,0.798798180336468,0.540992492235973,0.526641945214299
"GCAM 7.1","CurrentMeasures","Pakistan","Capacity Additions|Electricity|Solar","GW/yr",0,0,0,0.453744350197113,2.11314252118067,7.20109760353116,8.16358619598025,11.9826772365405,14.803920780427,15.4078147246778,15.1815176178337,24.5117508715973,31.3501782421827,38.2592915298717,44.9341969191975,48.2845684152056,49.5887850374388,55.4635932300193,59.4416548074106,64.593642120685
"GCAM 7.1","Reference","Pakistan","Capacity Additions|Electricity|Solar","GW/yr",0,0,0,0.453744350197113,1.75164657214019,6.04578888149361,7.9844805983262,11.9456110084448,15.5015013221787,17.1523294727837,17.716274391376,26.4396023153752,33.4360067044136,40.5073158785127,47.7450255555755,52.2378537230448,54.6400887458171,60.0886758341906,63.9083167382376,68.1836090560202
"GCAM 7.1","CurrentMeasures","Pakistan","Capacity Additions|Electricity|Solar|CSP","GW/yr",0,0,0,0,0.000151767257728027,0.00446650531368007,0.0145245276333449,0.049698484097695,0.0978509709764072,0.127712932771645,0.118709714243807,0.228478200692188,0.303300657724545,0.368503192524435,0.429729159303702,0.454250293344505,0.46389175076148,0.555858115506963,0.57774333369163,0.6316457382467
"GCAM 7.1","Reference","Pakistan","Capacity Additions|Electricity|Solar|CSP","GW/yr",0,0,0,0,8.9059861034587e-05,0.00186292558950077,0.00569181002284033,0.0180306691221701,0.0361645103229618,0.0482089693328213,0.0454755663158766,0.0943675401361757,0.126420875017581,0.156621989310619,0.186642129238263,0.19919155517594,0.20441259723347,0.241634158494923,0.249025803428375,0.25175882465362
"GCAM 7.1","CurrentMeasures","Pakistan","Capacity Additions|Electricity|Solar|PV","GW/yr",0,0,0,0.453744350197113,2.11299075392294,7.19663109821748,8.1490616683469,11.9329787524428,14.7060698094505,15.2801017919062,15.0628079035899,24.2832726709051,31.0468775844581,37.8907883373473,44.5044677598938,47.8303181218611,49.1248932866774,54.9077351145123,58.8639114737189,63.9619963824383
"GCAM 7.1","Reference","Pakistan","Capacity Additions|Electricity|Solar|PV","GW/yr",0,0,0,0.453744350197113,1.75155751227915,6.04392595590411,7.97878878830336,11.9275803393227,15.4653368118557,17.1041205034509,17.6707988250602,26.345234775239,33.309585829396,40.3506938892021,47.5583834263372,52.0386621678689,54.4356761485837,59.8470416756957,63.6592909348092,67.9318502313666
"GCAM 7.1","CurrentMeasures","Pakistan","Capacity Additions|Electricity|Wind","GW/yr",0,0,0,0.698211577901318,0.167243809379689,0.868562667529937,1.32985671978689,2.18969999524752,2.6631900421622,2.47710182093584,1.80889706969714,3.16128883343725,3.8116522280398,4.38142083422623,4.93533859129655,4.81786812580552,4.49029215680375,5.13585415842867,5.24473459696463,5.60895411948867
"GCAM 7.1","Reference","Pakistan","Capacity Additions|Electricity|Wind","GW/yr",0,0,0,0.698211577901318,0.299478632020086,1.30147307386269,1.5805388566689,2.47273818068448,3.04115847810046,2.81336370124792,2.01264790512309,3.7289687623443,4.45997043048978,5.15166053441999,5.90274438484955,5.77945001733173,5.37754229576767,6.07091890083976,6.14954488573205,6.12498490284967
"GCAM 7.1","CurrentMeasures","Pakistan","Capacity Additions|Electricity|Wind|Offshore","GW/yr",0,0,0,0,0.00039257810188812,0.00478933373402352,0.0129954493741547,0.0330345500561596,0.0549047351163709,0.0635190281768574,0.0485542561590104,0.0846423056360457,0.100261434333778,0.110980007233997,0.120940219743621,0.1167695471302,0.111153965821554,0.127260921448094,0.125370282564112,0.131322637793152
"GCAM 7.1","Reference","Pakistan","Capacity Additions|Electricity|Wind|Offshore","GW/yr",0,0,0,0,0.000749421024031973,0.0085245898599989,0.0189395709760975,0.0458562265636693,0.0767175943217504,0.0882112424946436,0.0655415289083473,0.116755308526948,0.137303470228697,0.153804154188639,0.171810415675054,0.167871894201611,0.161387139024887,0.181484617980225,0.176325910115056,0.169208465698178
"GCAM 7.1","CurrentMeasures","Pakistan","Capacity Additions|Electricity|Wind|Onshore","GW/yr",0,0,0,0.698211577901318,0.166851231277801,0.863773333795913,1.31686127041274,2.15666544519136,2.60828530704583,2.41358279275898,1.76034281353813,3.0766465278012,3.71139079370602,4.27044082699223,4.81439837155293,4.70109857867532,4.3791381909822,5.00859323698058,5.11936431440051,5.47763148169552
"GCAM 7.1","Reference","Pakistan","Capacity Additions|Electricity|Wind|Onshore","GW/yr",0,0,0,0.698211577901318,0.298729210996054,1.29294848400269,1.56159928569281,2.42688195412082,2.96444088377871,2.72515245875328,1.94710637621474,3.61221345381735,4.32266696026108,4.99785638023135,5.73093396917449,5.61157812313012,5.21615515674279,5.88943428285954,5.97321897561699,5.95577643715149
"GCAM 7.1","CurrentMeasures","Pakistan","Capacity|Electricity","GW",516.33053746385,627.97523579338,713.595605124848,614.936763494326,548.061120523666,589.296716177509,638.562688533089,729.75638169523,848.676844858538,953.439213839325,1014.30847019054,1148.42899761944,1290.45771147156,1495.56583594062,1712.78365097207,1933.27189553638,2145.09756251769,2334.72560063977,2503.04559113012,2665.25616231842
"GCAM 7.1","Reference","Pakistan","Capacity|Electricity","GW",516.33053746385,627.97523579338,713.595605124848,614.936763494326,542.550147402627,572.021830919746,617.042236869941,701.65704882456,817.856880924259,921.302303704912,979.479836067293,1119.24480115972,1260.70152908253,1459.09889305427,1670.07282346129,1883.15672103826,2088.11313640343,2271.26317882012,2433.98155082114,2581.86411940871
"GCAM 7.1","CurrentMeasures","Pakistan","Capacity|Electricity|Biomass","GW",0,0,0.53753442767882,0.726915764702338,0.301020933137318,0.516860554480756,0.826571149668181,1.47516206947664,2.35879992766649,3.23316736875639,3.80546434473581,5.10804984208094,6.79786790084167,8.8585582207356,11.341020357942,13.9765407504052,16.6895356678352,20.0005601998234,23.4247257573889,27.1995759084931
"GCAM 7.1","Reference","Pakistan","Capacity|Electricity|Biomass","GW",0,0,0.53753442767882,0.726915764702338,0.351564470507584,0.607786391994035,0.967505304688777,1.67585222909327,2.63911592083906,3.55752395917627,4.09899178132152,5.46893846875343,7.19004218918165,9.28916679657844,11.8493296802788,14.5345916584877,17.264234614625,20.5378676821931,23.8379390874875,27.3050264213032
"GCAM 7.1","CurrentMeasures","Pakistan","Capacity|Electricity|Biomass|w/o CCS","GW",0,0,0.53753442767882,0.726915764702338,0.301020933137318,0.516860554480756,0.826571149668181,1.47516206947664,2.35879992766649,3.23316736875639,3.80546434473581,5.10804984208094,6.79786790084167,8.8585582207356,11.341020357942,13.9765407504052,16.6895356678352,20.0005601998234,23.4247257573889,27.1995759084931
"GCAM 7.1","Reference","Pakistan","Capacity|Electricity|Biomass|w/o CCS","GW",0,0,0.53753442767882,0.726915764702338,0.351564470507584,0.607786391994035,0.967505304688777,1.67585222909327,2.63911592083906,3.55752395917627,4.09899178132152,5.46893846875343,7.19004218918165,9.28916679657844,11.8493296802788,14.5345916584877,17.264234614625,20.5378676821931,23.8379390874875,27.3050264213032
"GCAM 7.1","CurrentMeasures","Pakistan","Capacity|Electricity|Coal","GW",0.049831753703652,0.0339982553749251,0.0571827214579929,11.253649528468,12.735347563087,16.6312859790701,21.2617055090075,29.610275761415,40.3936439354131,50.5819678397516,58.1631895542451,73.3330618553602,92.7441479172986,115.835068392287,142.640349535851,169.397949539756,194.630122471665,222.10808926618,249.607929761934,276.204625677791
"GCAM 7.1","Reference","Pakistan","Capacity|Electricity|Coal","GW",0.049831753703652,0.0339982553749251,0.0571827214579929,11.253649528468,13.7181278769925,19.1611919759159,25.7030710070345,36.7710034622633,51.2601508715552,65.0111846072021,75.0891083510825,95.5918979736618,121.440915707379,152.338951809927,188.910036686029,225.900548408973,260.398547872573,297.749552966816,334.573903201097,366.899988180387
"GCAM 7.1","CurrentMeasures","Pakistan","Capacity|Electricity|Coal|w/o CCS","GW",0.049831753703652,0.0339982553749251,0.0571827214579929,11.253649528468,12.735347563087,16.6312859790701,21.2617055090075,29.610275761415,40.3936439354131,50.5819678397516,58.1631895542451,73.3330618553602,92.7441479172986,115.835068392287,142.640349535851,169.397949539756,194.630122471665,222.10808926618,249.607929761934,276.204625677791
"GCAM 7.1","Reference","Pakistan","Capacity|Electricity|Coal|w/o CCS","GW",0.049831753703652,0.0339982553749251,0.0571827214579929,11.253649528468,13.7181278769925,19.1611919759159,25.7030710070345,36.7710034622633,51.2601508715552,65.0111846072021,75.0891083510825,95.5918979736618,121.440915707379,152.338951809927,188.910036686029,225.900548408973,260.398547872573,297.749552966816,334.573903201097,366.899988180387
"GCAM 7.1","CurrentMeasures","Pakistan","Capacity|Electricity|Fossil","GW",482.51455521029,592.26997024261,671.91486311384,559.202001260301,462.837797379496,426.504055567371,389.234982119454,353.894337722836,323.787193902963,297.263539953865,267.585827346024,274.650911568103,258.892611506064,308.093905866004,357.566823171849,403.20858799099,438.884473542079,478.154811040108,518.804436730607,561.968780741608
"GCAM 7.1","Reference","Pakistan","Capacity|Electricity|Fossil","GW",482.51455521029,592.26997024261,671.91486311384,559.202001260301,465.707284046553,428.081811184163,394.287606206124,366.255002688487,347.442134763143,331.242598687085,307.467479959469,329.708464149899,331.002681449019,393.919361156857,459.922277633934,521.205640099409,570.480209822436,624.436956811055,678.830070350784,736.013778834689
"GCAM 7.1","CurrentMeasures","Pakistan","Capacity|Electricity|Fossil|w/o CCS","GW",482.51455521029,592.26997024261,671.91486311384,559.202001260301,462.837797379496,426.504055567371,389.234982119454,353.894337722836,323.787193902963,297.263539953865,267.585827346024,274.650911568103,258.892611506064,308.093905866004,357.566823171849,403.20858799099,438.884473542079,478.154811040108,518.804436730607,561.968780741608
"GCAM 7.1","Reference","Pakistan","Capacity|Electricity|Fossil|w/o CCS","GW",482.51455521029,592.26997024261,671.91486311384,559.202001260301,465.707284046553,428.081811184163,394.287606206124,366.255002688487,347.442134763143,331.242598687085,307.467479959469,329.708464149899,331.002681449019,393.919361156857,459.922277633934,521.205640099409,570.480209822436,624.436956811055,678.830070350784,736.013778834689
"GCAM 7.1","CurrentMeasures","Pakistan","Capacity|Electricity|Gas","GW",226.518253564487,142.005251393198,192.073174533234,300.535691887304,272.337347491712,252.257403655347,225.955925954495,199.465324338838,177.418499627964,158.171348257851,140.957677117334,139.970886394547,122.990541435189,145.065165217962,165.752751442106,184.77423048043,198.234839750429,213.843787493918,231.666843148576,254.176265232301
"GCAM 7.1","Reference","Pakistan","Capacity|Electricity|Gas","GW",226.518253564487,142.005251393198,192.073174533234,300.535691887304,274.041329768324,254.789665498524,230.363617254998,206.920026685439,189.795874414292,175.254380407065,161.087002660782,166.836405328858,157.190490523892,184.625087212562,211.782059586525,236.936487479784,255.937939169379,277.435979760896,300.908248114018,327.848362866678
"GCAM 7.1","CurrentMeasures","Pakistan","Capacity|Electricity|Gas|w/o CCS","GW",226.518253564487,142.005251393198,192.073174533234,300.535691887304,272.337347491712,252.257403655347,225.955925954495,199.465324338838,177.418499627964,158.171348257851,140.957677117334,139.970886394547,122.990541435189,145.065165217962,165.752751442106,184.77423048043,198.234839750429,213.843787493918,231.666843148576,254.176265232301
"GCAM 7.1","Reference","Pakistan","Capacity|Electricity|Gas|w/o CCS","GW",226.518253564487,142.005251393198,192.073174533234,300.535691887304,274.041329768324,254.789665498524,230.363617254998,206.920026685439,189.795874414292,175.254380407065,161.087002660782,166.836405328858,157.190490523892,184.625087212562,211.782059586525,236.936487479784,255.937939169379,277.435979760896,300.908248114018,327.848362866678
"GCAM 7.1","CurrentMeasures","Pakistan","Capacity|Electricity|Geothermal","GW",0,0,0,0,0.107152500534878,0.65839490488369,1.52566697620488,3.01538640912856,4.72595271145881,6.17137716189873,7.04931948830664,8.08535196831093,8.93790099947616,9.49301865869056,9.9849786456951,10.448604192743,10.505047816252,10.5011804453606,10.4979423845487,10.4957038990309
"GCAM 7.1","Reference","Pakistan","Capacity|Electricity|Geothermal","GW",0,0,0,0,0.163578103531537,0.874558834429983,1.95299372076611,3.65715612430719,5.5631569947922,7.06662664177574,7.84703350826012,8.80582190681128,9.56743915111572,10.1127060661993,10.5150266749627,10.5097148473787,10.5049661608054,10.5016520759571,10.4987504918991,10.4966837643896
"GCAM 7.1","CurrentMeasures","Pakistan","Capacity|Electricity|Hydro","GW",31.3631503981182,32.3277317767522,35.1955053282718,34.0928846478667,40.5589955811385,42.334593143798,44.1101907064576,45.8857882691171,47.6613858317767,49.4369833944362,51.2125809570958,52.9881785197553,54.7637760824149,56.5393736450744,58.314971207734,60.0905687703935,61.8661663330531,63.6417638957126,65.4173614583722,67.1929590210317
"GCAM 7.1","Reference","Pakistan","Capacity|Electricity|Hydro","GW",31.3631503981182,32.3277317767522,35.1955053282718,34.0928846478667,35.3301571625148,36.8768183780652,38.4234795936155,39.9701408091659,41.5168020247162,43.0634632402666,44.6101244558169,46.1570679603279,47.7037291758783,49.2503903914286,50.7970516069789,52.3437128225293,53.8903740380796,55.43703525363,56.9836964691803,58.5303576847307
"GCAM 7.1","CurrentMeasures","Pakistan","Capacity|Electricity|Non-Biomass Renewables","GW",31.3631503981182,32.3277317767522,36.5950909686985,39.8526642883589,69.2278281372597,144.935396220475,229.357062766157,351.788358711029,495.472789726755,621.901510759452,709.237173781523,828.516877602285,975.903417732971,1119.04693106442,1271.70704205565,1431.90029568875,1593.51796997053,1728.08981899944,1840.05984810202,1943.97432719821
"GCAM 7.1","Reference","Pakistan","Capacity|Electricity|Non-Biomass Renewables","GW",31.3631503981182,32.3277317767522,36.5950909686985,39.8526642883589,61.7610198430211,129.247219786479,208.523017502045,321.474810723772,456.735476995717,576.893458247807,659.786882469437,776.851376063281,915.687247232737,1048.90963001233,1190.61891508891,1339.52661845537,1491.00337040557,1615.24380318453,1718.60316696677,1804.24245990206
"GCAM 7.1","CurrentMeasures","Pakistan","Capacity|Electricity|Nuclear","GW",2.45283185544236,3.37753377401833,4.5481166146301,15.1551821809637,15.6944740737734,17.3404038351823,19.1440724978093,22.5985231918887,27.0580613011529,31.0409957572517,33.6800047182585,40.1531586069701,48.8638143316788,59.5664407894566,72.1687653866302,84.1864711062325,96.0055833372419,108.480410400404,120.756580540102,132.11347847011
"GCAM 7.1","Reference","Pakistan","Capacity|Electricity|Nuclear","GW",2.45283185544236,3.37753377401833,4.5481166146301,15.1551821809637,14.7302790425447,14.0850135571107,13.2641078570842,12.2513831832077,11.0401532445596,9.60872281084398,8.1264818570654,7.2160224777834,6.82155821159197,6.98073508851087,7.68230105817137,7.88987082499529,9.36532156079316,11.0445511423347,12.7103744160918,14.3028542506499
"GCAM 7.1","CurrentMeasures","Pakistan","Capacity|Electricity|Oil","GW",255.946469892099,450.230720594037,479.784505859149,247.41265984453,177.765102324696,157.615365932954,142.017350655952,124.818737622583,105.975050339586,88.5102238562623,68.4649606744447,61.3469633181959,43.1579221535765,47.1936722557558,49.173722193892,49.0364079708045,46.0195113199845,42.2029342800103,37.5296638200967,31.5878898315167
"GCAM 7.1","Reference","Pakistan","Capacity|Electricity|Oil","GW",255.946469892099,450.230720594037,479.784505859149,247.41265984453,177.947826401237,154.130953709722,138.220917944091,122.563972540785,106.386109477296,90.9770336728185,71.2913689476038,67.280160847379,52.3712752177485,56.9553221343672,59.2301813613802,58.3686042106526,54.1437227804837,49.251424083343,43.3479190356688,41.2654277876244
"GCAM 7.1","CurrentMeasures","Pakistan","Capacity|Electricity|Oil|w/o CCS","GW",255.946469892099,450.230720594037,479.784505859149,247.41265984453,177.765102324696,157.615365932954,142.017350655952,124.818737622583,105.975050339586,88.5102238562623,68.4649606744447,61.3469633181959,43.1579221535765,47.1936722557558,49.173722193892,49.0364079708045,46.0195113199845,42.2029342800103,37.5296638200967,31.5878898315167
"GCAM 7.1","Reference","Pakistan","Capacity|Electricity|Oil|w/o CCS","GW",255.946469892099,450.230720594037,479.784505859149,247.41265984453,177.947826401237,154.130953709722,138.220917944091,122.563972540785,106.386109477296,90.9770336728185,71.2913689476038,67.280160847379,52.3712752177485,56.9553221343672,59.2301813613802,58.3686042106526,54.1437227804837,49.251424083343,43.3479190356688,41.2654277876244
"GCAM 7.1","CurrentMeasures","Pakistan","Capacity|Electricity|Solar","GW",0,0,0.52362986371247,2.26872175098557,23.4001469627923,88.1191950723702,156.664402033073,254.098553780167,367.939444184864,470.186740916004,538.715123614279,632.696231171014,753.173195053555,872.567862984536,1000.61217982319,1135.34997603257,1268.81509705281,1382.16075136258,1478.20673437973,1568.22403576149
"GCAM 7.1","Reference","Pakistan","Capacity|Electricity|Solar","GW",0,0,0.52362986371247,2.26872175098557,19.7851874723875,72.0416376800695,132.98164858194,218.18451751055,319.964524887063,412.87459947124,476.672099263407,567.549132568289,676.008812313881,781.044089902396,892.721466434807,1010.71191194306,1127.73310440652,1227.4370760256,1312.63455124316,1387.16305887109
"GCAM 7.1","CurrentMeasures","Pakistan","Capacity|Electricity|Solar|CSP","GW",0,0,0,0,0.00151767257728027,0.0461827257140809,0.19142800204753,0.68841284302448,1.66692255278855,2.944051880505,4.12963135036579,6.36974830415087,9.25750960506288,12.4455566893303,15.7643385726032,19.0297121783318,22.4815325435086,25.7553316916563,28.4997584513272,31.1311839085498
"GCAM 7.1","Reference","Pakistan","Capacity|Electricity|Solar|CSP","GW",0,0,0,0,0.00089059861034587,0.0195198545053535,0.0764379547337568,0.256744645955458,0.618389749185075,1.10047944251329,1.55434450706171,2.47939065252846,3.68668130247587,5.07259450436036,6.57737069351337,8.08719655194456,9.67656686112049,11.149233044708,12.3752823288159,13.3266506822459
"GCAM 7.1","CurrentMeasures","Pakistan","Capacity|Electricity|Solar|PV","GW",0,0,0.52362986371247,2.26872175098557,23.398629290215,88.0730123466561,156.472974031026,253.410140937143,366.272521632075,467.242689035499,534.585492263913,626.326482866863,743.915685448492,860.122306295206,984.847841250588,1116.32026385423,1246.3335645093,1356.40541967093,1449.7069759284,1537.09285185294
"GCAM 7.1","Reference","Pakistan","Capacity|Electricity|Solar|PV","GW",0,0,0.52362986371247,2.26872175098557,19.7842968737771,72.0221178255642,132.905210627206,217.927772864594,319.346135137878,411.774120028727,475.117754756346,565.06974191576,672.322131011406,775.971495398036,886.144095741294,1002.62471539112,1118.0565375454,1216.28784298089,1300.25926891434,1373.83640818884
"GCAM 7.1","CurrentMeasures","Pakistan","Capacity|Electricity|Wind","GW",0,0,0.875955776714215,3.49105788950659,5.16153309279404,13.8232130994233,27.0568030504214,48.7886302526158,75.1460069986559,96.106409287114,112.260149721842,134.747115943205,159.028545597525,180.446675776122,202.794912379027,226.011146693047,252.331658768415,271.78612329578,285.937809879376,298.061628516656
"GCAM 7.1","Reference","Pakistan","Capacity|Electricity|Wind","GW",0,0,0.875955776714215,3.49105788950659,6.48209710458729,19.4542048939142,35.1648956057227,59.6629962797492,89.6909930891451,113.888768894524,130.657625241953,154.339353627854,182.407266591862,208.502443652301,236.585370372161,265.961278842396,298.874925800166,321.868039829346,338.486168762537,348.052359581854
"GCAM 7.1","CurrentMeasures","Pakistan","Capacity|Electricity|Wind|Offshore","GW",0,0,0,0,0.0019628905094406,0.0259095591795582,0.0908868060503319,0.25605955633113,0.530583231912984,0.846215482287831,1.06504009441277,1.42327437572222,1.75940879711031,2.03978515769844,2.32689111553226,2.66796757038821,2.80052587131575,2.93552330688733,3.0074746835379,3.05938677378556
"GCAM 7.1","Reference","Pakistan","Capacity|Electricity|Wind|Offshore","GW",0,0,0,0,0.00374710512015986,0.0463700544201543,0.141067909300642,0.370349042118988,0.75393701372774,1.1912461210808,1.47633081632254,1.96540950407679,2.42264572240193,2.80807852173638,3.22607438763843,3.73772621410474,3.96088536659444,4.18179110535208,4.29439988498416,4.28139013509979
"GCAM 7.1","CurrentMeasures","Pakistan","Capacity|Electricity|Wind|Onshore","GW",0,0,0.875955776714215,3.49105788950659,5.1595702022846,13.7973035402437,26.9659162443711,48.5325706962847,74.615423766743,95.2601938048262,111.195109627429,133.323841567482,157.269136800415,178.406890618424,200.468021263495,223.343179122658,249.531132897099,268.850599988893,282.930335195838,295.00224174287
"GCAM 7.1","Reference","Pakistan","Capacity|Electricity|Wind|Onshore","GW",0,0,0.875955776714215,3.49105788950659,6.47834999946713,19.407834839494,35.0238276964221,59.2926472376303,88.9370560754174,112.697522773444,129.18129442563,152.373944123777,179.98462086946,205.694365130565,233.359295984523,262.223552628291,294.914040433572,317.686248723994,334.191768877553,343.770969446754
"GCAM 7.1","CurrentMeasures","Pakistan","Capital Cost|Electricity|Biomass","USD_2010/kW",5705.604042,5705.604042,5705.604042,0,5246.476804,5049.592716,4871.267374,4710.693876,4564.644614,4433.119588,4314.504994,4206.380126,4109.551886,4021.599568,3942.523172,3869.901992,3805.349832,3746.445986,3693.190454,3645.583236
"GCAM 7.1","Reference","Pakistan","Capital Cost|Electricity|Biomass","USD_2010/kW",5705.604042,5705.604042,5705.604042,0,5246.476804,5049.592716,4871.267374,4710.693876,4564.644614,4433.119588,4314.504994,4206.380126,4109.551886,4021.599568,3942.523172,3869.901992,3805.349832,3746.445986,3693.190454,3645.583236
"GCAM 7.1","CurrentMeasures","Pakistan","Capital Cost|Electricity|Biomass|w/ CCS","USD_2010/kW",7113.648032,7113.648032,7113.648032,0,6464.898824,6187.324536,5935.571112,5709.638552,5503.07164,5317.48418,5149.648564,4997.950988,4860.777648,4736.51474,4625.162264,4523.492612,4431.505784,4349.20178,4273.352992,4207.187028
"GCAM 7.1","Reference","Pakistan","Capital Cost|Electricity|Biomass|w/ CCS","USD_2010/kW",7113.648032,7113.648032,7113.648032,0,6464.898824,6187.324536,5935.571112,5709.638552,5503.07164,5317.48418,5149.648564,4997.950988,4860.777648,4736.51474,4625.162264,4523.492612,4431.505784,4349.20178,4273.352992,4207.187028
"GCAM 7.1","CurrentMeasures","Pakistan","Capital Cost|Electricity|Biomass|w/o CCS","USD_2010/kW",4297.560052,4297.560052,4297.560052,0,4028.054784,3911.860896,3806.963636,3711.7492,3626.217588,3548.754996,3479.361424,3414.809264,3358.326124,3306.684396,3259.88408,3216.311372,3179.19388,3143.690192,3113.027916,3083.979444
"GCAM 7.1","Reference","Pakistan","Capital Cost|Electricity|Biomass|w/o CCS","USD_2010/kW",4297.560052,4297.560052,4297.560052,0,4028.054784,3911.860896,3806.963636,3711.7492,3626.217588,3548.754996,3479.361424,3414.809264,3358.326124,3306.684396,3259.88408,3216.311372,3179.19388,3143.690192,3113.027916,3083.979444
"GCAM 7.1","CurrentMeasures","Pakistan","Capital Cost|Electricity|Coal","USD_2010/kW",4400.843508,4400.843508,4400.843508,0,4148.283182,4044.192824,3953.8198,3874.743404,3803.736028,3741.604574,3687.54214,3639.12802,3594.74841,3556.824016,3523.741034,3493.078758,3464.837188,3441.43703,3418.843774,3398.671224
"GCAM 7.1","Reference","Pakistan","Capital Cost|Electricity|Coal","USD_2010/kW",4400.843508,4400.843508,4400.843508,0,4148.283182,4044.192824,3953.8198,3874.743404,3803.736028,3741.604574,3687.54214,3639.12802,3594.74841,3556.824016,3523.741034,3493.078758,3464.837188,3441.43703,3418.843774,3398.671224
"GCAM 7.1","CurrentMeasures","Pakistan","Capital Cost|Electricity|Coal|w/ CCS","USD_2010/kW",5406.2434,5406.2434,5406.2434,0,5060.889344,4917.260788,4791.384076,4683.259208,4584.817164,4499.285552,4421.82296,4354.043192,4292.71864,4237.849304,4189.435184,4145.862476,4105.517376,4071.627492,4037.737608,4008.689136
"GCAM 7.1","Reference","Pakistan","Capital Cost|Electricity|Coal|w/ CCS","USD_2010/kW",5406.2434,5406.2434,5406.2434,0,5060.889344,4917.260788,4791.384076,4683.259208,4584.817164,4499.285552,4421.82296,4354.043192,4292.71864,4237.849304,4189.435184,4145.862476,4105.517376,4071.627492,4037.737608,4008.689136
"GCAM 7.1","CurrentMeasures","Pakistan","Capital Cost|Electricity|Coal|w/o CCS","USD_2010/kW",3395.443616,3395.443616,3395.443616,0,3235.67702,3171.12486,3116.255524,3066.2276,3022.654892,2983.923596,2953.26132,2924.212848,2896.77818,2875.798728,2858.046884,2840.29504,2824.157,2811.246568,2799.94994,2788.653312
"GCAM 7.1","Reference","Pakistan","Capital Cost|Electricity|Coal|w/o CCS","USD_2010/kW",3395.443616,3395.443616,3395.443616,0,3235.67702,3171.12486,3116.255524,3066.2276,3022.654892,2983.923596,2953.26132,2924.212848,2896.77818,2875.798728,2858.046884,2840.29504,2824.157,2811.246568,2799.94994,2788.653312
"GCAM 7.1","CurrentMeasures","Pakistan","Capital Cost|Electricity|Fossil","USD_2010/kW",2530.1219112,2530.1219112,2530.1219112,0,2358.7359264,2293.8610056,2238.346148,2191.545832,2151.200732,2116.9880872,2086.9713328,2061.1504688,2037.5889304,2018.5460432,2000.7941992,1984.97892,1971.4229664,1959.8035776,1948.1841888,1938.5013648
"GCAM 7.1","Reference","Pakistan","Capital Cost|Electricity|Fossil","USD_2010/kW",2530.1219112,2530.1219112,2530.1219112,0,2358.7359264,2293.8610056,2238.346148,2191.545832,2151.200732,2116.9880872,2086.9713328,2061.1504688,2037.5889304,2018.5460432,2000.7941992,1984.97892,1971.4229664,1959.8035776,1948.1841888,1938.5013648
"GCAM 7.1","CurrentMeasures","Pakistan","Capital Cost|Electricity|Fossil|w/ CCS","USD_2010/kW",3765.811634,3765.811634,3765.811634,0,3507.602994,3401.898832,3309.912004,3230.835608,3159.828232,3098.50368,3043.634344,2996.834028,2954.875124,2917.757632,2883.867748,2854.819276,2828.998412,2806.405156,2784.618802,2766.060056
"GCAM 7.1","Reference","Pakistan","Capital Cost|Electricity|Fossil|w/ CCS","USD_2010/kW",3765.811634,3765.811634,3765.811634,0,3507.602994,3401.898832,3309.912004,3230.835608,3159.828232,3098.50368,3043.634344,2996.834028,2954.875124,2917.757632,2883.867748,2854.819276,2828.998412,2806.405156,2784.618802,2766.060056
"GCAM 7.1","CurrentMeasures","Pakistan","Capital Cost|Electricity|Fossil|w/o CCS","USD_2010/kW",1706.32876266667,1706.32876266667,1706.32876266667,0,1592.824548,1555.16912133333,1523.96891066667,1498.68598133333,1478.78239866667,1462.64435866667,1449.195992,1437.36142933333,1426.06480133333,1419.07165066667,1412.0785,1405.08534933333,1399.70600266667,1395.40252533333,1390.56111333333,1386.79557066667
"GCAM 7.1","Reference","Pakistan","Capital Cost|Electricity|Fossil|w/o CCS","USD_2010/kW",1706.32876266667,1706.32876266667,1706.32876266667,0,1592.824548,1555.16912133333,1523.96891066667,1498.68598133333,1478.78239866667,1462.64435866667,1449.195992,1437.36142933333,1426.06480133333,1419.07165066667,1412.0785,1405.08534933333,1399.70600266667,1395.40252533333,1390.56111333333,1386.79557066667
"GCAM 7.1","CurrentMeasures","Pakistan","Capital Cost|Electricity|Gas","USD_2010/kW",1221.11169333333,1221.11169333333,1221.11169333333,0,1112.44889066667,1075.86933333333,1046.82086133333,1023.151736,1005.93782666667,991.951525333333,979.041093333333,969.358269333333,960.751314666667,955.371968,948.916752,943.537405333333,940.309797333333,937.082189333333,932.778712,930.626973333333
"GCAM 7.1","Reference","Pakistan","Capital Cost|Electricity|Gas","USD_2010/kW",1221.11169333333,1221.11169333333,1221.11169333333,0,1112.44889066667,1075.86933333333,1046.82086133333,1023.151736,1005.93782666667,991.951525333333,979.041093333333,969.358269333333,960.751314666667,955.371968,948.916752,943.537405333333,940.309797333333,937.082189333333,932.778712,930.626973333333
"GCAM 7.1","CurrentMeasures","Pakistan","Capital Cost|Electricity|Gas|w/ CCS","USD_2010/kW",1939.792408,1939.792408,1939.792408,0,1794.550048,1733.225496,1684.811376,1639.624864,1604.121176,1571.845096,1542.796624,1520.203368,1500.83772,1484.69968,1468.56164,1455.651208,1445.968384,1436.28556,1426.602736,1420.14752
"GCAM 7.1","Reference","Pakistan","Capital Cost|Electricity|Gas|w/ CCS","USD_2010/kW",1939.792408,1939.792408,1939.792408,0,1794.550048,1733.225496,1684.811376,1639.624864,1604.121176,1571.845096,1542.796624,1520.203368,1500.83772,1484.69968,1468.56164,1455.651208,1445.968384,1436.28556,1426.602736,1420.14752
"GCAM 7.1","CurrentMeasures","Pakistan","Capital Cost|Electricity|Gas|w/o CCS","USD_2010/kW",861.771336,861.771336,861.771336,0,771.398312,747.191252,727.825604,714.915172,706.846152,702.00474,697.163328,693.93572,690.708112,690.708112,689.094308,687.480504,687.480504,687.480504,685.8667,685.8667
"GCAM 7.1","Reference","Pakistan","Capital Cost|Electricity|Gas|w/o CCS","USD_2010/kW",861.771336,861.771336,861.771336,0,771.398312,747.191252,727.825604,714.915172,706.846152,702.00474,697.163328,693.93572,690.708112,690.708112,689.094308,687.480504,687.480504,687.480504,685.8667,685.8667
"GCAM 7.1","CurrentMeasures","Pakistan","Capital Cost|Electricity|Geothermal","USD_2010/kW",4308.85668,4308.85668,4308.85668,0,3818.260264,3637.514216,3492.271856,3372.85036,3276.02212,3195.33192,3130.77976,3079.138032,3033.95152,2998.447832,2969.39936,2946.806104,2927.440456,2911.302416,2901.619592,2888.70916
"GCAM 7.1","Reference","Pakistan","Capital Cost|Electricity|Geothermal","USD_2010/kW",4308.85668,4308.85668,4308.85668,0,3818.260264,3637.514216,3492.271856,3372.85036,3276.02212,3195.33192,3130.77976,3079.138032,3033.95152,2998.447832,2969.39936,2946.806104,2927.440456,2911.302416,2901.619592,2888.70916
"GCAM 7.1","CurrentMeasures","Pakistan","Capital Cost|Electricity|Non-Biomass Renewables","USD_2010/kW",4254.34596711111,4254.34596711111,4254.34596711111,0,2948.24059644444,2573.83806844444,2308.45696622222,2119.10396355556,1981.751312,1883.12995644444,1810.32946488889,1757.61186755556,1717.44607911111,1688.038984,1665.80435111111,1650.02493422222,1637.83174844444,1627.79030133333,1620.61783911111,1615.23849244444
"GCAM 7.1","Reference","Pakistan","Capital Cost|Electricity|Non-Biomass Renewables","USD_2010/kW",4254.34596711111,4254.34596711111,4254.34596711111,0,2948.24059644444,2573.83806844444,2308.45696622222,2119.10396355556,1981.751312,1883.12995644444,1810.32946488889,1757.61186755556,1717.44607911111,1688.038984,1665.80435111111,1650.02493422222,1637.83174844444,1627.79030133333,1620.61783911111,1615.23849244444
"GCAM 7.1","CurrentMeasures","Pakistan","Capital Cost|Electricity|Nuclear","USD_2010/kW",5414.31242,5414.31242,5501.457836,0,5406.2434,5362.670692,5320.711788,5280.366688,5243.249196,5207.745508,5173.855624,5139.96574,5109.303464,5080.254992,5052.820324,5025.385656,5001.178596,4976.971536,4954.37828,4931.785024
"GCAM 7.1","Reference","Pakistan","Capital Cost|Electricity|Nuclear","USD_2010/kW",5414.31242,5414.31242,5501.457836,0,5406.2434,5362.670692,5320.711788,5280.366688,5243.249196,5207.745508,5173.855624,5139.96574,5109.303464,5080.254992,5052.820324,5025.385656,5001.178596,4976.971536,4954.37828,4931.785024
"GCAM 7.1","CurrentMeasures","Pakistan","Capital Cost|Electricity|Oil","USD_2010/kW",1344.83666666667,1344.83666666667,1344.83666666667,0,1218.95995466667,1178.07692,1142.573232,1115.67649866667,1093.08324266667,1075.86933333333,1060.80716266667,1048.9726,1038.21390666667,1030.68282133333,1022.07586666667,1015.62065066667,1011.31717333333,1007.013696,1002.71021866667,999.482610666667
"GCAM 7.1","Reference","Pakistan","Capital Cost|Electricity|Oil","USD_2010/kW",1344.83666666667,1344.83666666667,1344.83666666667,0,1218.95995466667,1178.07692,1142.573232,1115.67649866667,1093.08324266667,1075.86933333333,1060.80716266667,1048.9726,1038.21390666667,1030.68282133333,1022.07586666667,1015.62065066667,1011.31717333333,1007.013696,1002.71021866667,999.482610666667
"GCAM 7.1","CurrentMeasures","Pakistan","Capital Cost|Electricity|Oil|w/ CCS","USD_2010/kW",2310.967328,2310.967328,2310.967328,0,2114.08324,2039.848256,1972.068488,1917.199152,1865.557424,1823.59852,1788.094832,1759.04636,1733.225496,1710.63224,1688.038984,1671.900944,1658.990512,1646.08008,1636.397256,1626.714432
"GCAM 7.1","Reference","Pakistan","Capital Cost|Electricity|Oil|w/ CCS","USD_2010/kW",2310.967328,2310.967328,2310.967328,0,2114.08324,2039.848256,1972.068488,1917.199152,1865.557424,1823.59852,1788.094832,1759.04636,1733.225496,1710.63224,1688.038984,1671.900944,1658.990512,1646.08008,1636.397256,1626.714432
"GCAM 7.1","CurrentMeasures","Pakistan","Capital Cost|Electricity|Oil|w/o CCS","USD_2010/kW",861.771336,861.771336,861.771336,0,771.398312,747.191252,727.825604,714.915172,706.846152,702.00474,697.163328,693.93572,690.708112,690.708112,689.094308,687.480504,687.480504,687.480504,685.8667,685.8667
"GCAM 7.1","Reference","Pakistan","Capital Cost|Electricity|Oil|w/o CCS","USD_2010/kW",861.771336,861.771336,861.771336,0,771.398312,747.191252,727.825604,714.915172,706.846152,702.00474,697.163328,693.93572,690.708112,690.708112,689.094308,687.480504,687.480504,687.480504,685.8667,685.8667
"GCAM 7.1","CurrentMeasures","Pakistan","Capital Cost|Electricity|Solar","USD_2010/kW",4698.1062048,4698.1062048,4698.1062048,0,2980.3732272,2522.6984128,2213.4935664,2004.344568,1860.3932512,1762.9194896,1695.7852432,1649.307688,1616.3860864,1593.7928304,1577.6547904,1566.6809232,1559.5801856,1553.1249696,1549.25184,1546.6697536
"GCAM 7.1","Reference","Pakistan","Capital Cost|Electricity|Solar","USD_2010/kW",4698.1062048,4698.1062048,4698.1062048,0,2980.3732272,2522.6984128,2213.4935664,2004.344568,1860.3932512,1762.9194896,1695.7852432,1649.307688,1616.3860864,1593.7928304,1577.6547904,1566.6809232,1559.5801856,1553.1249696,1549.25184,1546.6697536
"GCAM 7.1","CurrentMeasures","Pakistan","Capital Cost|Electricity|Solar|CSP","USD_2010/kW",5861.336128,5861.336128,5861.336128,0,3887.653836,3343.801888,2971.013164,2717.645936,2543.355104,2425.547412,2344.857212,2289.987876,2251.25658,2225.435716,2207.683872,2196.387244,2188.318224,2181.863008,2177.021596,2175.407792
"GCAM 7.1","Reference","Pakistan","Capital Cost|Electricity|Solar|CSP","USD_2010/kW",5861.336128,5861.336128,5861.336128,0,3887.653836,3343.801888,2971.013164,2717.645936,2543.355104,2425.547412,2344.857212,2289.987876,2251.25658,2225.435716,2207.683872,2196.387244,2188.318224,2181.863008,2177.021596,2175.407792
"GCAM 7.1","CurrentMeasures","Pakistan","Capital Cost|Electricity|Solar|PV","USD_2010/kW",3922.61958933333,3922.61958933333,3922.61958933333,0,2375.519488,1975.296096,1708.48050133333,1528.81032266667,1405.08534933333,1321.16754133333,1263.07059733333,1222.18756266667,1193.13909066667,1172.69757333333,1157.63540266667,1146.87670933333,1140.42149333333,1133.96627733333,1130.73866933333,1127.51106133333
"GCAM 7.1","Reference","Pakistan","Capital Cost|Electricity|Solar|PV","USD_2010/kW",3922.61958933333,3922.61958933333,3922.61958933333,0,2375.519488,1975.296096,1708.48050133333,1528.81032266667,1405.08534933333,1321.16754133333,1263.07059733333,1222.18756266667,1193.13909066667,1172.69757333333,1157.63540266667,1146.87670933333,1140.42149333333,1133.96627733333,1130.73866933333,1127.51106133333
"GCAM 7.1","CurrentMeasures","Pakistan","Capital Cost|Electricity|Solar|PV|Commercial","USD_2010/kW",3495.499464,3495.499464,3495.499464,0,1855.8746,1497.610112,1284.587984,1158.711272,1084.476288,1042.517384,1016.69652,1000.55848,990.875656,987.648048,984.42044,981.192832,981.192832,977.965224,977.965224,977.965224
"GCAM 7.1","Reference","Pakistan","Capital Cost|Electricity|Solar|PV|Commercial","USD_2010/kW",3495.499464,3495.499464,3495.499464,0,1855.8746,1497.610112,1284.587984,1158.711272,1084.476288,1042.517384,1016.69652,1000.55848,990.875656,987.648048,984.42044,981.192832,981.192832,977.965224,977.965224,977.965224
"GCAM 7.1","CurrentMeasures","Pakistan","Capital Cost|Electricity|Solar|PV|Residential","USD_2010/kW",3495.499464,3495.499464,3495.499464,0,1855.8746,1497.610112,1284.587984,1158.711272,1084.476288,1042.517384,1016.69652,1000.55848,990.875656,987.648048,984.42044,981.192832,981.192832,977.965224,977.965224,977.965224
"GCAM 7.1","Reference","Pakistan","Capital Cost|Electricity|Solar|PV|Residential","USD_2010/kW",3495.499464,3495.499464,3495.499464,0,1855.8746,1497.610112,1284.587984,1158.711272,1084.476288,1042.517384,1016.69652,1000.55848,990.875656,987.648048,984.42044,981.192832,981.192832,977.965224,977.965224,977.965224
"GCAM 7.1","CurrentMeasures","Pakistan","Capital Cost|Electricity|Wind","USD_2010/kW",3496.57533333333,3496.57533333333,3496.57533333333,0,2604.679656,2304.512112,2072.124336,1892.45415733333,1752.591144,1646.08008,1561.08640266667,1497.610112,1447.04425333333,1408.31295733333,1378.188616,1356.67122933333,1338.38145066667,1324.39514933333,1312.56058666667,1305.02950133333
"GCAM 7.1","Reference","Pakistan","Capital Cost|Electricity|Wind","USD_2010/kW",3496.57533333333,3496.57533333333,3496.57533333333,0,2604.679656,2304.512112,2072.124336,1892.45415733333,1752.591144,1646.08008,1561.08640266667,1497.610112,1447.04425333333,1408.31295733333,1378.188616,1356.67122933333,1338.38145066667,1324.39514933333,1312.56058666667,1305.02950133333
"GCAM 7.1","CurrentMeasures","Pakistan","Capital Cost|Electricity|Wind|Offshore","USD_2010/kW",3608.465744,3608.465744,3608.465744,0,2649.866168,2327.105368,2078.579552,1884.923072,1736.453104,1620.259216,1529.886192,1462.106424,1407.237088,1365.278184,1333.002104,1310.408848,1291.0432,1274.90516,1261.994728,1255.539512
"GCAM 7.1","Reference","Pakistan","Capital Cost|Electricity|Wind|Offshore","USD_2010/kW",3608.465744,3608.465744,3608.465744,0,2649.866168,2327.105368,2078.579552,1884.923072,1736.453104,1620.259216,1529.886192,1462.106424,1407.237088,1365.278184,1333.002104,1310.408848,1291.0432,1274.90516,1261.994728,1255.539512
"GCAM 7.1","CurrentMeasures","Pakistan","Capital Cost|Electricity|Wind|Onshore","USD_2010/kW",3440.630128,3440.630128,3440.630128,0,2582.0864,2293.215484,2068.896728,1896.2197,1760.660164,1658.990512,1576.686508,1515.361956,1466.947836,1429.830344,1400.781872,1379.80242,1362.050576,1349.140144,1337.843516,1329.774496
"GCAM 7.1","Reference","Pakistan","Capital Cost|Electricity|Wind|Onshore","USD_2010/kW",3440.630128,3440.630128,3440.630128,0,2582.0864,2293.215484,2068.896728,1896.2197,1760.660164,1658.990512,1576.686508,1515.361956,1466.947836,1429.830344,1400.781872,1379.80242,1362.050576,1349.140144,1337.843516,1329.774496
"GCAM 7.1","CurrentMeasures","Pakistan","Emissions|BC","Mt BC/yr",0.128999908487239,0.140633001703743,0.156840139480784,0.177810234856769,0.172382222926205,0.163526773443369,0.156184224842447,0.14962128348192,0.145786278813307,0.142605870673365,0.13731723499287,0.134527826138936,0.132457931618976,0.130819278161337,0.129166607293124,0.127265506125064,0.125158213808491,0.123099857059318,0.120897177980579,0.118775350429966
"GCAM 7.1","Reference","Pakistan","Emissions|BC","Mt BC/yr",0.128999908487239,0.140633001703743,0.156840139480784,0.177810234856769,0.172740962898624,0.164142950611002,0.157084662048337,0.150765033276948,0.146892024321436,0.143561037528211,0.138077997275009,0.135237108727999,0.133112375480192,0.131435068756931,0.129782917790296,0.12785873054679,0.125703839588502,0.12358909289747,0.121310456530331,0.119096923324625
"GCAM 7.1","CurrentMeasures","Pakistan","Emissions|BC|AFOLU","Mt BC/yr",0.000696414210139,0.000123493481343,0.000120709555691,0.000127050721858,0.00012871492241,0.000133254084873,0.000136948804254,0.000138654818413,0.000137652332458,0.000135029755358,0.000128515470817,0.000122953691191,0.000117253737436,0.000111528623869,0.000106278818246,0.000101409586653,9.8197882081e-05,9.8346525565e-05,9.8468087844e-05,9.8540298333e-05
"GCAM 7.1","Reference","Pakistan","Emissions|BC|AFOLU","Mt BC/yr",0.000696414210139,0.000123493481343,0.000120709555691,0.000127050721858,0.000128711381691,0.000133272833663,0.000136982895166,0.000138733411418,0.000137704254529,0.000135023756134,0.000128367339448,0.000122931733207,0.000117219130558,0.000111485578717,0.000106269772527,0.000101399407547,9.8184725174e-05,9.8339240987e-05,9.8461619572e-05,9.8536420034e-05
"GCAM 7.1","CurrentMeasures","Pakistan","Emissions|BC|AFOLU [NGHGI]","Mt BC/yr",0.000696414210139,0.000123493481343,0.000120709555691,0.000127050721858,0.00012871492241,0.000133254084873,0.000136948804254,0.000138654818413,0.000137652332458,0.000135029755358,0.000128515470817,0.000122953691191,0.000117253737436,0.000111528623869,0.000106278818246,0.000101409586653,9.8197882081e-05,9.8346525565e-05,9.8468087844e-05,9.8540298333e-05
"GCAM 7.1","Reference","Pakistan","Emissions|BC|AFOLU [NGHGI]","Mt BC/yr",0.000696414210139,0.000123493481343,0.000120709555691,0.000127050721858,0.000128711381691,0.000133272833663,0.000136982895166,0.000138733411418,0.000137704254529,0.000135023756134,0.000128367339448,0.000122931733207,0.000117219130558,0.000111485578717,0.000106269772527,0.000101399407547,9.8184725174e-05,9.8339240987e-05,9.8461619572e-05,9.8536420034e-05
"GCAM 7.1","CurrentMeasures","Pakistan","Emissions|BC|AFOLU|Agricultural Waste Burning","Mt BC/yr",0.000627113940139,6.0125541343e-05,6.5089045691e-05,7.1445986358e-05,7.318258921e-05,7.7867795573e-05,8.1703586554e-05,8.3550202013e-05,8.2679726758e-05,8.0186142058e-05,7.3817184317e-05,6.8415772091e-05,6.2865166036e-05,5.7269232869e-05,5.2133137046e-05,4.7358826853e-05,4.4225926481e-05,4.4443337965e-05,4.4621966644e-05,4.4739769633e-05
"GCAM 7.1","Reference","Pakistan","Emissions|BC|AFOLU|Agricultural Waste Burning","Mt BC/yr",0.000627113940139,6.0125541343e-05,6.5089045691e-05,7.1445986358e-05,7.3179008391e-05,7.7886792763e-05,8.1737935366e-05,8.3629642318e-05,8.2731986329e-05,8.0179803334e-05,7.3667314248e-05,6.8393807407e-05,6.2830378458e-05,5.7226006417e-05,5.2123981027e-05,4.7348477847e-05,4.4212492274e-05,4.4435934287e-05,4.4615388772e-05,4.4735851634e-05
"GCAM 7.1","CurrentMeasures","Pakistan","Emissions|BC|AFOLU|Land","Mt BC/yr",6.930027e-05,6.336794e-05,5.562051e-05,5.56047355e-05,5.55323332e-05,5.53862893e-05,5.52452177e-05,5.51046164e-05,5.49726057e-05,5.48436133e-05,5.46982865e-05,5.45379191e-05,5.43885714e-05,5.4259391e-05,5.41456812e-05,5.40507598e-05,5.39719556e-05,5.39031876e-05,5.38461212e-05,5.38005287e-05
"GCAM 7.1","Reference","Pakistan","Emissions|BC|AFOLU|Land","Mt BC/yr",6.930027e-05,6.336794e-05,5.562051e-05,5.56047355e-05,5.55323733e-05,5.53860409e-05,5.52449598e-05,5.51037691e-05,5.49722682e-05,5.48439528e-05,5.47000252e-05,5.45379258e-05,5.43887521e-05,5.42595723e-05,5.41457915e-05,5.40509297e-05,5.39722329e-05,5.39033067e-05,5.38462308e-05,5.38005684e-05
"GCAM 7.1","CurrentMeasures","Pakistan","Emissions|BC|AFOLU|Land|Fires","Mt BC/yr",6.930027e-05,6.336794e-05,5.562051e-05,5.56047355e-05,5.55323332e-05,5.53862893e-05,5.52452177e-05,5.51046164e-05,5.49726057e-05,5.48436133e-05,5.46982865e-05,5.45379191e-05,5.43885714e-05,5.4259391e-05,5.41456812e-05,5.40507598e-05,5.39719556e-05,5.39031876e-05,5.38461212e-05,5.38005287e-05
"GCAM 7.1","Reference","Pakistan","Emissions|BC|AFOLU|Land|Fires","Mt BC/yr",6.930027e-05,6.336794e-05,5.562051e-05,5.56047355e-05,5.55323733e-05,5.53860409e-05,5.52449598e-05,5.51037691e-05,5.49722682e-05,5.48439528e-05,5.47000252e-05,5.45379258e-05,5.43887521e-05,5.42595723e-05,5.41457915e-05,5.40509297e-05,5.39722329e-05,5.39033067e-05,5.38462308e-05,5.38005684e-05
"GCAM 7.1","CurrentMeasures","Pakistan","Emissions|BC|AFOLU|Land|Fires|Forest Burning","Mt BC/yr",0,0,0,0,0,0,0,0,0,0,0,0,0,0,0,0,0,0,0,0
"GCAM 7.1","Reference","Pakistan","Emissions|BC|AFOLU|Land|Fires|Forest Burning","Mt BC/yr",0,0,0,0,0,0,0,0,0,0,0,0,0,0,0,0,0,0,0,0
"GCAM 7.1","CurrentMeasures","Pakistan","Emissions|BC|Energy","Mt BC/yr",0.1206324599555,0.1317164666624,0.146992664820313,0.167956579624911,0.161850203700395,0.152352664079196,0.144490308978993,0.137611732614307,0.133691261000449,0.130618882755347,0.125573668032793,0.122194808120614,0.119601391189027,0.117510533416418,0.115482471267588,0.113283292572161,0.11093676046987,0.108682996943473,0.106328633393732,0.10409276630822
"GCAM 7.1","Reference","Pakistan","Emissions|BC|Energy","Mt BC/yr",0.1206324599555,0.1317164666624,0.146992664820313,0.167956579624911,0.162208947854233,0.152968824254539,0.145390713993071,0.13875540511913,0.134796956184207,0.131574056634207,0.126334580895331,0.12290411413881,0.120255872252014,0.118126369523244,0.116098792894479,0.113876529069613,0.111482401085588,0.109172241514213,0.106741919795981,0.10441434422117
"GCAM 7.1","CurrentMeasures","Pakistan","Emissions|BC|Energy and Industrial Processes","Mt BC/yr",0.1206342375771,0.1317181152224,0.146993521025093,0.167957774134911,0.161851408003795,0.152353919358496,0.144491576038193,0.137612928663507,0.133692326480849,0.130619840918007,0.125574519522053,0.122195572447745,0.11960207788154,0.117511149537468,0.115483028474878,0.113283796538411,0.11093721592641,0.108683410533753,0.106329009892735,0.104093110131633
"GCAM 7.1","Reference","Pakistan","Emissions|BC|Energy and Industrial Processes","Mt BC/yr",0.1206342375771,0.1317181152224,0.146993521025093,0.167957774134911,0.162210151516933,0.152970077777339,0.145391979153171,0.13875659986553,0.134798020066907,0.131575013772077,0.126335429935561,0.122904876994792,0.120256556349634,0.118126983178214,0.116099348017769,0.113877031139243,0.111482854863328,0.109172653656483,0.106742294910759,0.104414686904591
"GCAM 7.1","CurrentMeasures","Pakistan","Emissions|BC|Energy|Demand","Mt BC/yr",0.1267386448555,0.1308861856564,0.144913357850313,0.166457871347911,0.160699953215215,0.150773346197431,0.142425109205407,0.134672372679017,0.129756322239429,0.125953474624847,0.120718348327183,0.116580019737474,0.113196443946467,0.110330449274258,0.107564641423578,0.104799474620061,0.10208483404871,0.099373906893453,0.096697578879762,0.09416481441342
"GCAM 7.1","Reference","Pakistan","Emissions|BC|Energy|Demand","Mt BC/yr",0.1267386448555,0.1308861856564,0.144913357850313,0.166457871347911,0.160926346832043,0.151172160222582,0.143022901311415,0.1354277003035,0.130390428356397,0.126419127981317,0.121076495543461,0.11685612460594,0.113436751143604,0.110555960572894,0.107794174958369,0.105037979423293,0.102331364022888,0.099630307941513,0.096970667187681,0.09445651558047
"GCAM 7.1","CurrentMeasures","Pakistan","Emissions|BC|Energy|Demand|AFOFI","Mt BC/yr",0.000227836,0.0001131076,4.1372e-05,3.86222e-05,4.064955e-05,4.215365e-05,4.241516e-05,4.1640259e-05,4.059591e-05,3.842202e-05,3.659188e-05,3.5455859e-05,3.4227704e-05,3.2458076e-05,3.0280268e-05,2.7860381e-05,2.5433798e-05,2.3163923e-05,2.2978503e-05,2.2983979e-05
"GCAM 7.1","Reference","Pakistan","Emissions|BC|Energy|Demand|AFOFI","Mt BC/yr",0.000227836,0.0001131076,4.1372e-05,3.86222e-05,4.064993e-05,4.214997e-05,4.239865e-05,4.1597909e-05,4.05231e-05,3.831764e-05,3.646347e-05,3.5322631e-05,3.4105847e-05,3.2350336e-05,3.0184051e-05,2.7770647e-05,2.5346918e-05,2.3079687e-05,2.2891711e-05,2.2899899e-05
"GCAM 7.1","CurrentMeasures","Pakistan","Emissions|BC|Energy|Demand|Bunkers","Mt BC/yr",7.28467e-05,9.38083e-05,5.33599e-05,2.304162e-05,2.379487e-05,2.696515e-05,2.918128e-05,3.519738e-05,4.390566e-05,5.487693e-05,6.805645e-05,8.40453e-05,0.00010261682,0.00012347514,0.00014664189,0.00017149082,0.00019768,0.00022522126,0.00025367242,0.00028277732
"GCAM 7.1","Reference","Pakistan","Emissions|BC|Energy|Demand|Bunkers","Mt BC/yr",7.28467e-05,9.38083e-05,5.33599e-05,2.304162e-05,2.379561e-05,2.696544e-05,2.918172e-05,3.519804e-05,4.38978e-05,5.487463e-05,6.805501e-05,8.404248e-05,0.00010261361,0.00012347214,0.00014663998,0.00017148057,0.0001976584,0.0002251936,0.00025364285,0.00028275294
"GCAM 7.1","CurrentMeasures","Pakistan","Emissions|BC|Energy|Demand|Bunkers|International Aviation","Mt BC/yr",3.18795e-05,2.95938e-05,2.84309e-05,1.71227e-05,1.79886e-05,2.142e-05,2.53231e-05,3.22678e-05,4.12256e-05,5.2298e-05,6.5487e-05,8.1456e-05,0.000100039,0.000120932,0.00014415,0.000169072,0.000195345,0.000222966,0.000251497,0.000280699
"GCAM 7.1","Reference","Pakistan","Emissions|BC|Energy|Demand|Bunkers|International Aviation","Mt BC/yr",3.18795e-05,2.95938e-05,2.84309e-05,1.71227e-05,1.79891e-05,2.14202e-05,2.53234e-05,3.22683e-05,4.12193e-05,5.22961e-05,6.54858e-05,8.14535e-05,0.000100036,0.000120929,0.000144148,0.000169062,0.000195324,0.000222939,0.000251468,0.000280675
"GCAM 7.1","CurrentMeasures","Pakistan","Emissions|BC|Energy|Demand|Bunkers|International Shipping","Mt BC/yr",4.09672e-05,6.42145e-05,2.4929e-05,5.91892e-06,5.80627e-06,5.54515e-06,3.85818e-06,2.92958e-06,2.68006e-06,2.57893e-06,2.56945e-06,2.5893e-06,2.57782e-06,2.54314e-06,2.49189e-06,2.41882e-06,2.335e-06,2.25526e-06,2.17542e-06,2.07832e-06
"GCAM 7.1","Reference","Pakistan","Emissions|BC|Energy|Demand|Bunkers|International Shipping","Mt BC/yr",4.09672e-05,6.42145e-05,2.4929e-05,5.91892e-06,5.80651e-06,5.54524e-06,3.85832e-06,2.92974e-06,2.6785e-06,2.57853e-06,2.56921e-06,2.58898e-06,2.57761e-06,2.54314e-06,2.49198e-06,2.41857e-06,2.3344e-06,2.2546e-06,2.17485e-06,2.07794e-06
"GCAM 7.1","CurrentMeasures","Pakistan","Emissions|BC|Energy|Demand|Commercial","Mt BC/yr",0.000292526611,0.0004071868112,0.000531900166,0.0003946412498,0.0003761993889,0.0004621810231,0.000574152247,0.000704521368,0.000837106845,0.000965198249,0.001047706386,0.001130404904,0.001185081799,0.001205171832,0.001183622569,0.00112758812,0.001046759289,0.000952592728,0.000851913643,0.000756249771
"GCAM 7.1","Reference","Pakistan","Emissions|BC|Energy|Demand|Commercial","Mt BC/yr",0.000292526611,0.0004071868112,0.000531900166,0.0003946412498,0.0003758343436,0.000457291263,0.0005646202672,0.000689716197,0.000817671969,0.000942271617,0.001025159026,0.001108271786,0.001165426281,0.001186710262,0.001166586366,0.00111103788,0.001030731804,0.000937827522,0.000839092734,0.000746946966
"GCAM 7.1","CurrentMeasures","Pakistan","Emissions|BC|Energy|Demand|Industry","Mt BC/yr",0.0092881186638,0.009537388375,0.0105213754508,0.0152379557582,0.017217821952712,0.021652582953707,0.02678216672065,0.032521756116884,0.038380394116724,0.044057577775672,0.049184340876362,0.053473849328363,0.057101701047463,0.060121108501425,0.06258771364485,0.064537685573696,0.066045364264358,0.067146340257981,0.067935274975518,0.068528569393567
"GCAM 7.1","Reference","Pakistan","Emissions|BC|Energy|Demand|Industry","Mt BC/yr",0.0092881186638,0.009537388375,0.0105213754508,0.0152379557582,0.017216391393352,0.021659358305578,0.026790393846225,0.032516851153661,0.038349365566738,0.043985411144506,0.049080960140792,0.053350112091131,0.056984919164867,0.06001522069894,0.062500995817841,0.064472315114552,0.065995402650073,0.067104224146143,0.067898816237499,0.068478052714297
"GCAM 7.1","CurrentMeasures","Pakistan","Emissions|BC|Energy|Demand|Residential","Mt BC/yr",0.0942942309807,0.1055195750302,0.116813118993513,0.131842005919911,0.124624481587603,0.111604067297624,0.098669580573757,0.086890475118633,0.076092719966105,0.066493395466175,0.055845362921821,0.046992369523911,0.039623168824404,0.033568669681533,0.028372725756728,0.023885474293365,0.020020000591352,0.016627120329472,0.013619301155244,0.010967723452853
"GCAM 7.1","Reference","Pakistan","Emissions|BC|Energy|Demand|Residential","Mt BC/yr",0.0942942309807,0.1055195750302,0.116813118993513,0.131842005919911,0.124620441754091,0.111579415658004,0.09862842403099,0.086833005746939,0.076027021426959,0.066420194831811,0.055777169999669,0.046930827504809,0.039568340936937,0.033517263119854,0.028324620842528,0.023838736100741,0.019974424355815,0.01658437450937,0.013580647932182,0.010938032923173
"GCAM 7.1","CurrentMeasures","Pakistan","Emissions|BC|Energy|Demand|Residential and Commercial","Mt BC/yr",0.0945867575917,0.1059267618414,0.117345019159513,0.132236647169711,0.125000680976503,0.112066248320724,0.099243732820757,0.087594996486633,0.076929826811105,0.067458593715175,0.056893069307821,0.048122774427911,0.040808250623404,0.034773841513533,0.029556348325728,0.025013062413365,0.021066759880352,0.017579713057472,0.014471214798244,0.011723973223853
"GCAM 7.1","Reference","Pakistan","Emissions|BC|Energy|Demand|Residential and Commercial","Mt BC/yr",0.0945867575917,0.1059267618414,0.117345019159513,0.132236647169711,0.124996276097691,0.112036706921004,0.09919304429819,0.087522721943939,0.076844693395959,0.067362466448811,0.056802329025669,0.048039099290809,0.040733767217937,0.034703973381854,0.029491207208528,0.024949773980741,0.021005156159815,0.01752220203137,0.014419740666182,0.011684979889173
"GCAM 7.1","CurrentMeasures","Pakistan","Emissions|BC|Energy|Demand|Residential and Commercial and AFOFI","Mt BC/yr",0.0948145935917,0.1060398694414,0.117386391159513,0.132275269369711,0.125041330526503,0.112108401970724,0.099286147980757,0.087636636745633,0.076970422721105,0.067497015735175,0.056929661187821,0.048158230286911,0.040842478327404,0.034806299589533,0.029586628593728,0.025040922794365,0.021092193678352,0.017602876980472,0.014494193301244,0.011746957202853
"GCAM 7.1","Reference","Pakistan","Emissions|BC|Energy|Demand|Residential and Commercial and AFOFI","Mt BC/yr",0.0948145935917,0.1060398694414,0.117386391159513,0.132275269369711,0.125036926027691,0.112078856891004,0.09923544294819,0.087564319852939,0.076885216495959,0.067400784088811,0.056838792495669,0.048074421921809,0.040767873064937,0.034736323717854,0.029521391259528,0.024977544627741,0.021030503077815,0.01754528171837,0.014442632377182,0.011707879788173
"GCAM 7.1","CurrentMeasures","Pakistan","Emissions|BC|Energy|Demand|Transportation","Mt BC/yr",0.0196712622,0.0192754866,0.021561063,0.0243570054,0.02341202156,0.02152395734,0.02094100548,0.01874168954,0.01878221032,0.0191505063,0.01980335864,0.02050991114,0.02102335848,0.02119674596,0.02108303,0.02071756512,0.02019321488,0.0195968759,0.0189601646,0.0183145377
"GCAM 7.1","Reference","Pakistan","Emissions|BC|Energy|Demand|Transportation","Mt BC/yr",0.0196712622,0.0192754866,0.021561063,0.0243570054,0.02361415058,0.02191668186,0.02155896974,0.01957465274,0.01956157722,0.01982654802,0.02041729604,0.02108006776,0.02156884164,0.02174293276,0.0216426853,0.0212974423,0.020799158,0.0202364045,0.0196400412,0.019052201
"GCAM 7.1","CurrentMeasures","Pakistan","Emissions|BC|Energy|Demand|Transportation|Light-Duty Vehicle","Mt BC/yr",0.00322262,0.00380234,0.00394635,0.00463213,0.0043892,0.00389327,0.00356484,0.00300333,0.00252756,0.0020412,0.00165899,0.00133795,0.00106235,0.000846665,0.000670566,0.000529218,0.000417717,0.000330487,0.00026156,0.000221948
"GCAM 7.1","Reference","Pakistan","Emissions|BC|Energy|Demand|Transportation|Light-Duty Vehicle","Mt BC/yr",0.00322262,0.00380234,0.00394635,0.00463213,0.0046514,0.00434391,0.00423054,0.00385148,0.00328283,0.00269003,0.00222513,0.00182112,0.00146929,0.00119273,0.000964494,0.000778867,0.000630507,0.000512587,0.000417712,0.00035579
"GCAM 7.1","CurrentMeasures","Pakistan","Emissions|BC|Energy|Demand|Transportation|Truck","Mt BC/yr",0.00800571,0.006250272,0.007994819,0.008478815,0.008637772,0.008143729,0.0077367565,0.0068071434,0.0070177992,0.0071213998,0.0072526635,0.007532866,0.0078778687,0.0081966249,0.0084352498,0.0085765446,0.0086360173,0.0086410403,0.0085970388,0.0084848407
"GCAM 7.1","Reference","Pakistan","Emissions|BC|Energy|Demand|Transportation|Truck","Mt BC/yr",0.00800571,0.006250272,0.007994819,0.008478815,0.008637895,0.0081435671,0.0077337918,0.0067915391,0.0069845692,0.0070656543,0.0071786369,0.0074481503,0.0077900362,0.0081081882,0.0083455959,0.0084824327,0.0085345534,0.0085325303,0.0084840786,0.0083766756
"GCAM 7.1","CurrentMeasures","Pakistan","Emissions|BC|Energy|Supply","Mt BC/yr",0.0010071049,0.001381351246,0.00228042231,0.001686337677,0.00134775957118,0.001784235834765,0.002271512007586,0.00314206090179,0.00413275374262,0.0048528592645,0.00503410344861,0.00578831963534,0.00657280640416,0.00733963225546,0.00806706423901,0.0086215295241,0.00897804793716,0.00942435684502,0.00973611099697,0.0100237991918
"GCAM 7.1","Reference","Pakistan","Emissions|BC|Energy|Supply","Mt BC/yr",0.0010071049,0.001381351246,0.00228042231,0.001686337677,0.00148011203319,0.002001564137957,0.002574044708656,0.00353020015253,0.00460398811151,0.00534187061089,0.00543624177887,0.00622086861587,0.00698638249221,0.00772942748645,0.00845337823711,0.00897581775732,0.0092767277577,0.0096567811497,0.0098759124313,0.0100533254787
"GCAM 7.1","CurrentMeasures","Pakistan","Emissions|BC|Energy|Supply|Electricity","Mt BC/yr",0.0003802773,0.000724798446,0.00118386191,0.001120398277,0.00075286727118,0.001117531084765,0.001548701427586,0.00237866907179,0.00332829813262,0.0040460256245,0.00423169306861,0.00497649189534,0.00577452170416,0.00657785659546,0.00735640203901,0.0079686650241,0.00839394023716,0.00890884524502,0.00927917819697,0.0096178143918
"GCAM 7.1","Reference","Pakistan","Emissions|BC|Energy|Supply|Electricity","Mt BC/yr",0.0003802773,0.000724798446,0.00118386191,0.001120398277,0.00087628473319,0.001319406437957,0.001831018148656,0.00274361552253,0.00377818995151,0.00451023719089,0.00461084070887,0.00538226279587,0.00616393849221,0.00694595683645,0.00772206333711,0.00830492525732,0.0086774007577,0.0091283891497,0.0094111929313,0.0096413199787
"GCAM 7.1","CurrentMeasures","Pakistan","Emissions|BC|Energy|Supply|Fugitive","Mt BC/yr",0.0006268276,0.0006565528,0.0010965604,0.0005659394,0.0005948923,0.00066670475,0.00072281058,0.00076339183,0.00080445561,0.00080683364,0.00080241038,0.00081182774,0.0007982847,0.00076177566,0.0007106622,0.0006528645,0.0005841077,0.0005155116,0.0004569328,0.0004059848
"GCAM 7.1","Reference","Pakistan","Emissions|BC|Energy|Supply|Fugitive","Mt BC/yr",0.0006268276,0.0006565528,0.0010965604,0.0005659394,0.0006038273,0.0006821577,0.00074302656,0.00078658463,0.00082579816,0.00083163342,0.00082540107,0.00083860582,0.000822444,0.00078347065,0.0007313149,0.0006708925,0.000599327,0.000528392,0.0004647195,0.0004120055
"GCAM 7.1","CurrentMeasures","Pakistan","Emissions|BC|Industrial Processes","Mt BC/yr",1.7776216e-06,1.64856e-06,8.5620478e-07,1.19451e-06,1.2043034e-06,1.2552793e-06,1.2670592e-06,1.1960492e-06,1.0654804e-06,9.5816266e-07,8.5148926e-07,7.64327131e-07,6.86692513e-07,6.1612105e-07,5.5720729e-07,5.0396625e-07,4.5545654e-07,4.1359028e-07,3.76499003e-07,3.43823413e-07
"GCAM 7.1","Reference","Pakistan","Emissions|BC|Industrial Processes","Mt BC/yr",1.7776216e-06,1.64856e-06,8.5620478e-07,1.19451e-06,1.2036627e-06,1.2535228e-06,1.2651601e-06,1.1947464e-06,1.0638827e-06,9.5713787e-07,8.4904023e-07,7.62855982e-07,6.8409762e-07,6.1365497e-07,5.5512329e-07,5.0206963e-07,4.5377774e-07,4.1214227e-07,3.75114778e-07,3.42683421e-07
"GCAM 7.1","CurrentMeasures","Pakistan","Emissions|BC|Industrial Processes|Chemicals","Mt BC/yr",1.30839e-06,1.29099e-06,8.50157e-07,1.19451e-06,1.2043034e-06,1.2552793e-06,1.2670592e-06,1.1960492e-06,1.0654804e-06,9.5816266e-07,8.5148926e-07,7.64327131e-07,6.86692513e-07,6.1612105e-07,5.5720729e-07,5.0396625e-07,4.5545654e-07,4.1359028e-07,3.76499003e-07,3.43823413e-07
"GCAM 7.1","Reference","Pakistan","Emissions|BC|Industrial Processes|Chemicals","Mt BC/yr",1.30839e-06,1.29099e-06,8.50157e-07,1.19451e-06,1.2036627e-06,1.2535228e-06,1.2651601e-06,1.1947464e-06,1.0638827e-06,9.5713787e-07,8.4904023e-07,7.62855982e-07,6.8409762e-07,6.1365497e-07,5.5512329e-07,5.0206963e-07,4.5377774e-07,4.1214227e-07,3.75114778e-07,3.42683421e-07
"GCAM 7.1","CurrentMeasures","Pakistan","Emissions|BC|Industrial Processes|Chemicals|Ammonia","Mt BC/yr",1.30839e-06,1.29099e-06,8.50157e-07,1.19451e-06,1.2043034e-06,1.2552793e-06,1.2670592e-06,1.1960492e-06,1.0654804e-06,9.5816266e-07,8.5148926e-07,7.64327131e-07,6.86692513e-07,6.1612105e-07,5.5720729e-07,5.0396625e-07,4.5545654e-07,4.1359028e-07,3.76499003e-07,3.43823413e-07
"GCAM 7.1","Reference","Pakistan","Emissions|BC|Industrial Processes|Chemicals|Ammonia","Mt BC/yr",1.30839e-06,1.29099e-06,8.50157e-07,1.19451e-06,1.2036627e-06,1.2535228e-06,1.2651601e-06,1.1947464e-06,1.0638827e-06,9.5713787e-07,8.4904023e-07,7.62855982e-07,6.8409762e-07,6.1365497e-07,5.5512329e-07,5.0206963e-07,4.5377774e-07,4.1214227e-07,3.75114778e-07,3.42683421e-07
"GCAM 7.1","CurrentMeasures","Pakistan","Emissions|BC|Industrial Processes|Iron and Steel","Mt BC/yr",4.692316e-07,3.5757e-07,6.04778e-09,0,0,0,0,0,0,0,0,0,0,0,0,0,0,0,0,0
"GCAM 7.1","Reference","Pakistan","Emissions|BC|Industrial Processes|Iron and Steel","Mt BC/yr",4.692316e-07,3.5757e-07,6.04778e-09,0,0,0,0,0,0,0,0,0,0,0,0,0,0,0,0,0
"GCAM 7.1","CurrentMeasures","Pakistan","Emissions|BC|Product Use","Mt BC/yr",5.467e-07,6.23e-07,4.989e-07,0,0,0,0,0,0,0,0,0,0,0,0,0,0,0,0,0
"GCAM 7.1","Reference","Pakistan","Emissions|BC|Product Use","Mt BC/yr",5.467e-07,6.23e-07,4.989e-07,0,0,0,0,0,0,0,0,0,0,0,0,0,0,0,0,0
"GCAM 7.1","CurrentMeasures","Pakistan","Emissions|BC|Waste","Mt BC/yr",0.00766871,0.00879077,0.00972541,0.00972541,0.0104021,0.0110396,0.0115557,0.0118697,0.0119563,0.011851,0.0116142,0.0122093,0.0127386,0.0131966,0.0135773,0.0138803,0.0141228,0.0143181,0.0144697,0.0145837
"GCAM 7.1","Reference","Pakistan","Emissions|BC|Waste","Mt BC/yr",0.00766871,0.00879077,0.00972541,0.00972541,0.0104021,0.0110396,0.0115557,0.0118697,0.0119563,0.011851,0.0116142,0.0122093,0.0127386,0.0131966,0.0135773,0.0138803,0.0141228,0.0143181,0.0144697,0.0145837
"GCAM 7.1","CurrentMeasures","Pakistan","Emissions|CH4","Mt CH4/yr",5.59326942584296,6.38888443221644,7.3157804829443,8.44803532066574,9.06821036257387,10.1621126288041,11.329799008905,12.5769168296982,13.8963891806445,15.326916768465,16.788836494436,18.3142680103889,19.7915513458503,21.1585408548428,22.3933388375102,23.4736194607071,24.3893963864862,25.1794206732597,25.8675396211323,26.4615804380199
"GCAM 7.1","Reference","Pakistan","Emissions|CH4","Mt CH4/yr",5.59326942584296,6.38888443221644,7.3157804829443,8.44803532066574,9.08106574770196,10.1850875809637,11.3614350925863,12.6158082101892,13.9337555201539,15.37066993611,16.831285903298,18.3684181049922,19.8496895851658,21.2178809714068,22.4575707485897,23.5412762424297,24.4569862257547,25.2477977009275,25.9265841090145,26.5207091095124
"GCAM 7.1","CurrentMeasures","Pakistan","Emissions|CH4|AFOLU","Mt CH4/yr",3.42276662894696,4.00400968624344,4.762537639148,5.59858301767374,6.13109816787986,7.04680610517711,8.04520062632527,9.13386385147343,10.2858625630023,11.5215273304763,12.7672814478459,14.0440994529767,15.2932381830271,16.4657535387779,17.5469297335886,18.5114973327621,19.362182192719,20.119084589855,20.7811377998685,21.3581261668253
"GCAM 7.1","Reference","Pakistan","Emissions|CH4|AFOLU","Mt CH4/yr",3.42276662894696,4.00400968624344,4.762537639148,5.59858301767374,6.13108662169446,7.04721641068733,8.04584017306381,9.13510393036712,10.2867088710303,11.5213655803097,12.7652453075687,14.0441419722224,15.2930809147818,16.465257078694,17.5469581605095,18.5113779505,19.3618090872741,20.1189603694382,20.7810292565659,21.3579641383743
"GCAM 7.1","CurrentMeasures","Pakistan","Emissions|CH4|AFOLU [NGHGI]","Mt CH4/yr",3.42276662894696,4.00400968624344,4.762537639148,5.59858301767374,6.13109816787986,7.04680610517711,8.04520062632527,9.13386385147343,10.2858625630023,11.5215273304763,12.7672814478459,14.0440994529767,15.2932381830271,16.4657535387779,17.5469297335886,18.5114973327621,19.362182192719,20.119084589855,20.7811377998685,21.3581261668253
"GCAM 7.1","Reference","Pakistan","Emissions|CH4|AFOLU [NGHGI]","Mt CH4/yr",3.42276662894696,4.00400968624344,4.762537639148,5.59858301767374,6.13108662169446,7.04721641068733,8.04584017306381,9.13510393036712,10.2867088710303,11.5213655803097,12.7652453075687,14.0441419722224,15.2930809147818,16.465257078694,17.5469581605095,18.5113779505,19.3618090872741,20.1189603694382,20.7810292565659,21.3579641383743
"GCAM 7.1","CurrentMeasures","Pakistan","Emissions|CH4|AFOLU|Agricultural Waste Burning","Mt CH4/yr",0.004866403946961,0.005419617543435,0.005866921548,0.006439867429743,0.006596396409865,0.007018638717106,0.007364374198273,0.007530809055427,0.007452348413325,0.00722756205925,0.006653480538898,0.006166642907708,0.005666317361081,0.005161949028863,0.004699010006613,0.004268715483114,0.003986309906958,0.004005901707983,0.004021994766506,0.00403259971534
"GCAM 7.1","Reference","Pakistan","Emissions|CH4|AFOLU|Agricultural Waste Burning","Mt CH4/yr",0.004866403946961,0.005419617543435,0.005866921548,0.006439867429743,0.006596070107459,0.007020353726332,0.007367476772813,0.007537954162118,0.007457061404347,0.007226991779699,0.006639969716683,0.006164661547368,0.005663178044772,0.00515805623304,0.004698187318513,0.004267784114045,0.003985097553107,0.004005235563228,0.004021404837884,0.004032244760278
"GCAM 7.1","CurrentMeasures","Pakistan","Emissions|CH4|AFOLU|Agriculture","Mt CH4/yr",3.4175368671,3.9982578157,4.7563790858,5.5918516012,6.124210602028,7.039497062781,8.037546588136,9.126044115618,10.278121979934,11.514012210159,12.760341171012,14.037646854616,15.287286693265,16.460307094619,17.541946824684,18.506945216084,19.35791289481,20.114796060771,20.77683347691,21.353811477953
"GCAM 7.1","Reference","Pakistan","Emissions|CH4|AFOLU|Agriculture","Mt CH4/yr",3.4175368671,3.9982578157,4.7563790858,5.5918516012,6.124199381945,7.039905654573,8.038183033689,9.127277053891,10.278963576758,11.513851028475,12.758318532464,14.03769135514,15.287132563433,16.459814526424,17.541976073692,18.506826764292,19.357541000233,20.114672505804,20.776725522938,21.353649804259
"GCAM 7.1","CurrentMeasures","Pakistan","Emissions|CH4|AFOLU|Agriculture|Livestock","Mt CH4/yr",3.05054033,3.66711579,4.37284943,5.12493657,5.65363696,6.53071942,7.49912824,8.56746213,9.72040554,10.96177762,12.24170808,13.52627477,14.77890426,15.9586787,17.04386808,18.01283565,18.87059707,19.63058396,20.2956017,20.87598083
"GCAM 7.1","Reference","Pakistan","Emissions|CH4|AFOLU|Agriculture|Livestock","Mt CH4/yr",3.05054033,3.66711579,4.37284943,5.12493657,5.65363683,6.53078984,7.49921541,8.56757964,9.72048806,10.9617398,12.24144851,13.52619734,14.77892473,15.95869263,17.04389423,18.01283949,18.8705223,19.63054411,20.29559475,20.87601872
"GCAM 7.1","CurrentMeasures","Pakistan","Emissions|CH4|AFOLU|Agriculture|Livestock|Enteric Fermentation","Mt CH4/yr",3.04263117,3.65604351,4.35682182,5.09951688,5.62552257,6.49802666,7.46130665,8.52390932,9.67060209,10.90520844,12.17815558,13.45567527,14.70138876,15.8746188,16.95375288,17.91728895,18.77022147,19.52591496,20.1871634,20.76424073
"GCAM 7.1","Reference","Pakistan","Emissions|CH4|AFOLU|Agriculture|Livestock|Enteric Fermentation","Mt CH4/yr",3.04263117,3.65604351,4.35682182,5.09951688,5.62552243,6.49809709,7.46139371,8.52402649,9.67068429,10.90517081,12.17789731,13.45559814,14.70140943,15.87463273,16.95377903,17.91729289,18.7701471,19.52587541,20.18715645,20.76427852
"GCAM 7.1","CurrentMeasures","Pakistan","Emissions|CH4|AFOLU|Agriculture|Rice","Mt CH4/yr",0.3669965371,0.3311420257,0.3835296558,0.4669150312,0.470573642028,0.508777642781,0.538418348136,0.558581985618,0.557716439934,0.552234590159,0.518633091012,0.511372084616,0.508382433265,0.501628394619,0.498078744684,0.494109566084,0.48731582481,0.484212100771,0.48123177691,0.477830647953
"GCAM 7.1","Reference","Pakistan","Emissions|CH4|AFOLU|Agriculture|Rice","Mt CH4/yr",0.3669965371,0.3311420257,0.3835296558,0.4669150312,0.470562551945,0.509115814573,0.538967623689,0.559697413891,0.558475516758,0.552111228475,0.516870022464,0.51149401514,0.508207833433,0.501121896424,0.498081843692,0.493987274292,0.487018700233,0.484128395804,0.481130772938,0.477631084259
"GCAM 7.1","CurrentMeasures","Pakistan","Emissions|CH4|AFOLU|Land","Mt CH4/yr",0.0003633579,0.000332253,0.0002916318,0.000291549044,0.000291169442,0.000290403679,0.000289663991,0.0002889268,0.000288234655,0.000287558258,0.000286796295,0.000285955453,0.000285172401,0.00028449513,0.000283898898,0.000283401195,0.000282988002,0.000282627376,0.000282328192,0.000282089157
"GCAM 7.1","Reference","Pakistan","Emissions|CH4|AFOLU|Land","Mt CH4/yr",0.0003633579,0.000332253,0.0002916318,0.000291549044,0.000291169642,0.000290402388,0.000289662602,0.000288922314,0.000288232868,0.000287560055,0.000286805388,0.000285955535,0.000285173304,0.000284496037,0.000283899499,0.000283402094,0.000282989488,0.000282628071,0.00028232879,0.000282089355
"GCAM 7.1","CurrentMeasures","Pakistan","Emissions|CH4|AFOLU|Land|Fires","Mt CH4/yr",0.0003633579,0.000332253,0.0002916318,0.000291549044,0.000291169442,0.000290403679,0.000289663991,0.0002889268,0.000288234655,0.000287558258,0.000286796295,0.000285955453,0.000285172401,0.00028449513,0.000283898898,0.000283401195,0.000282988002,0.000282627376,0.000282328192,0.000282089157
"GCAM 7.1","Reference","Pakistan","Emissions|CH4|AFOLU|Land|Fires","Mt CH4/yr",0.0003633579,0.000332253,0.0002916318,0.000291549044,0.000291169642,0.000290402388,0.000289662602,0.000288922314,0.000288232868,0.000287560055,0.000286805388,0.000285955535,0.000285173304,0.000284496037,0.000283899499,0.000283402094,0.000282989488,0.000282628071,0.00028232879,0.000282089355
"GCAM 7.1","CurrentMeasures","Pakistan","Emissions|CH4|AFOLU|Land|Fires|Forest Burning","Mt CH4/yr",0,0,0,0,0,0,0,0,0,0,0,0,0,0,0,0,0,0,0,0
"GCAM 7.1","Reference","Pakistan","Emissions|CH4|AFOLU|Land|Fires|Forest Burning","Mt CH4/yr",0,0,0,0,0,0,0,0,0,0,0,0,0,0,0,0,0,0,0,0
"GCAM 7.1","CurrentMeasures","Pakistan","Emissions|CH4|Energy","Mt CH4/yr",1.179477551406,1.257165744173,1.277931024694,1.375667562992,1.371390773694,1.43255393462698,1.49021168757976,1.54742539022481,1.62631477834221,1.70103978478872,1.79520211564005,1.93017406412217,2.05720648977319,2.16418362836494,2.24503643382157,2.30280541244499,2.32154167266726,2.31729983220473,2.31435527266378,2.30959769879453
"GCAM 7.1","Reference","Pakistan","Emissions|CH4|Energy","Mt CH4/yr",1.179477551406,1.257165744173,1.277931024694,1.375667562992,1.3842609600075,1.4551277852764,1.5212186265225,1.58508420982208,1.66284464942356,1.74496148050028,1.83970524704933,1.98429318232986,2.11552434832402,2.22404362751275,2.30926182638018,2.37060368332961,2.38952625488063,2.38582170290931,2.37353005014866,2.36890810463813
"GCAM 7.1","CurrentMeasures","Pakistan","Emissions|CH4|Energy and Industrial Processes","Mt CH4/yr",1.184317019796,1.262860570973,1.2824624609963,1.381646302992,1.377489594694,1.43914352362698,1.49715198257976,1.55433197822481,1.63287311764221,1.70738433798872,1.80131604659005,1.93616425741217,2.06312016282319,2.17003531606494,2.25089210392157,2.30867212794499,2.32741019376726,2.32318908340473,2.32026782126378,2.31554127119453
"GCAM 7.1","Reference","Pakistan","Emissions|CH4|Energy and Industrial Processes","Mt CH4/yr",1.184317019796,1.262860570973,1.2824624609963,1.381646302992,1.3903565260075,1.4617081702764,1.5281485195225,1.59198327982208,1.66939314912356,1.75129925580028,1.84580159572933,1.99027183276986,2.12141567038402,2.22987189271275,2.31509558808018,2.37644829192961,2.39537313848063,2.39169033148931,2.37942085244866,2.37483197113813
"GCAM 7.1","CurrentMeasures","Pakistan","Emissions|CH4|Energy|Demand","Mt CH4/yr",0.434810416166,0.523530004893,0.551644009324,0.617416841592,0.591256785122,0.555814037578,0.531679377296,0.512358307044,0.5031665766636,0.499817859934,0.5066057670501,0.5174913476529,0.53136713249609,0.54591678661167,0.561241934808253,0.575899801343593,0.590883309673358,0.60438361212623,0.616093460763476,0.626104094877929
"GCAM 7.1","Reference","Pakistan","Emissions|CH4|Energy|Demand","Mt CH4/yr",0.434810416166,0.523530004893,0.551644009324,0.617416841592,0.592250246797,0.557260539034,0.534461097464,0.516472718907,0.5073258304151,0.503736199108,0.5103936696916,0.5211547167326,0.5343683841951,0.5495049342471,0.565393952521203,0.580660212522714,0.596325138624326,0.610707382801709,0.623419631786158,0.636778701564228
"GCAM 7.1","CurrentMeasures","Pakistan","Emissions|CH4|Energy|Demand|AFOFI","Mt CH4/yr",5.67098e-05,7.22024e-06,2.64134e-06,2.4714e-06,2.631786e-06,2.829053e-06,2.970214e-06,3.0740665e-06,3.1946016e-06,3.252584e-06,3.359013e-06,3.5525022e-06,3.7684116e-06,3.9411633e-06,4.068215e-06,4.146342e-06,4.189656e-06,4.216845e-06,4.222753e-06,4.223757e-06
"GCAM 7.1","Reference","Pakistan","Emissions|CH4|Energy|Demand|AFOFI","Mt CH4/yr",5.67098e-05,7.22024e-06,2.64134e-06,2.4714e-06,2.631811e-06,2.828806e-06,2.969057e-06,3.0709469e-06,3.1888737e-06,3.243748e-06,3.347227e-06,3.539153e-06,3.7549938e-06,3.9280761e-06,4.055291e-06,4.132991e-06,4.175345e-06,4.201507e-06,4.206803e-06,4.208308e-06
"GCAM 7.1","CurrentMeasures","Pakistan","Emissions|CH4|Energy|Demand|Bunkers","Mt CH4/yr",6.59503e-06,1.09095e-05,4.36509e-06,1.0246e-06,1.01694e-06,1.00675e-06,7.30893e-07,5.85074e-07,5.70537e-07,5.90598e-07,6.38074e-07,7.01832e-07,7.6778e-07,8.35365e-07,9.05688e-07,9.73837e-07,1.04054e-06,1.11065e-06,1.18153e-06,1.24255e-06
"GCAM 7.1","Reference","Pakistan","Emissions|CH4|Energy|Demand|Bunkers","Mt CH4/yr",6.59503e-06,1.09095e-05,4.36509e-06,1.0246e-06,1.01698e-06,1.00677e-06,7.30918e-07,5.85106e-07,5.70203e-07,5.90507e-07,6.38016e-07,7.01745e-07,7.67719e-07,8.35362e-07,9.0572e-07,9.73736e-07,1.04027e-06,1.11032e-06,1.18122e-06,1.24233e-06
"GCAM 7.1","CurrentMeasures","Pakistan","Emissions|CH4|Energy|Demand|Bunkers|International Shipping","Mt CH4/yr",6.59503e-06,1.09095e-05,4.36509e-06,1.0246e-06,1.01694e-06,1.00675e-06,7.30893e-07,5.85074e-07,5.70537e-07,5.90598e-07,6.38074e-07,7.01832e-07,7.6778e-07,8.35365e-07,9.05688e-07,9.73837e-07,1.04054e-06,1.11065e-06,1.18153e-06,1.24255e-06
"GCAM 7.1","Reference","Pakistan","Emissions|CH4|Energy|Demand|Bunkers|International Shipping","Mt CH4/yr",6.59503e-06,1.09095e-05,4.36509e-06,1.0246e-06,1.01698e-06,1.00677e-06,7.30918e-07,5.85106e-07,5.70203e-07,5.90507e-07,6.38016e-07,7.01745e-07,7.67719e-07,8.35362e-07,9.0572e-07,9.73736e-07,1.04027e-06,1.11032e-06,1.18122e-06,1.24233e-06
"GCAM 7.1","CurrentMeasures","Pakistan","Emissions|CH4|Energy|Demand|Commercial","Mt CH4/yr",0.0022927489,0.0027760156,0.0026957744,0.0023593354,0.0025049499,0.003367823,0.0044694524,0.006018954,0.008359124,0.011284467,0.015376189,0.02004331,0.025139638,0.030090805,0.035269441,0.040270325,0.045185359,0.049630363,0.053436888,0.056147027
"GCAM 7.1","Reference","Pakistan","Emissions|CH4|Energy|Demand|Commercial","Mt CH4/yr",0.0022927489,0.0027760156,0.0026957744,0.0023593354,0.0024931239,0.0032875332,0.0043206392,0.005780839,0.007998409,0.010825141,0.0147398,0.019197193,0.02391859,0.02865989,0.033556485,0.038243513,0.042821535,0.046933828,0.050406335,0.053354009
"GCAM 7.1","CurrentMeasures","Pakistan","Emissions|CH4|Energy|Demand|Industry","Mt CH4/yr",0.0113454957,0.011981711,0.0139559351,0.0255761361,0.02913021472,0.03750997133,0.04725965283,0.05819421463,0.069530466792,0.080869082478,0.0919305843361,0.1020219203689,0.11140743424709,0.11989341659367,0.127390920362253,0.133762339601593,0.139068894129358,0.14334085278023,0.146774897776476,0.149580206149929
"GCAM 7.1","Reference","Pakistan","Emissions|CH4|Energy|Demand|Industry","Mt CH4/yr",0.0113454957,0.011981711,0.0139559351,0.0255761361,0.02912831346,0.03754269096,0.04732171363,0.05827905932,0.0696262157,0.080962476477,0.0920217604526,0.1021018792266,0.1114866302901,0.1199608424141,0.127452304338203,0.133828860861714,0.139143012880326,0.143410437096709,0.146829071140158,0.149560156890228
"GCAM 7.1","CurrentMeasures","Pakistan","Emissions|CH4|Energy|Demand|Residential","Mt CH4/yr",0.386956769196,0.431816926783,0.477992840194,0.537360385162,0.5078967762,0.466321790854,0.43349103768,0.405259748982,0.382081423262,0.362349353334,0.350023158625,0.34087865896,0.333793760107,0.327229030964,0.321387173699,0.315672585483,0.311098511637,0.306247160164,0.301013792826,0.295724214756
"GCAM 7.1","Reference","Pakistan","Emissions|CH4|Energy|Demand|Residential","Mt CH4/yr",0.386956769196,0.431816926783,0.477992840194,0.537360385162,0.507739545789,0.465280105152,0.431726033475,0.402710520596,0.37874128768,0.358518348746,0.345529620097,0.335740654706,0.327491501113,0.320537646134,0.314145050704,0.307816646307,0.30263528189,0.297316285652,0.291728062519,0.287703729095
"GCAM 7.1","CurrentMeasures","Pakistan","Emissions|CH4|Energy|Demand|Residential and Commercial","Mt CH4/yr",0.389249518096,0.434592942383,0.480688614594,0.539719720562,0.5104017261,0.469689613854,0.43796049008,0.411278702982,0.390440547262,0.373633820334,0.365399347625,0.36092196896,0.358933398107,0.357319835964,0.356656614699,0.355942910483,0.356283870637,0.355877523164,0.354450680826,0.351871241756
"GCAM 7.1","Reference","Pakistan","Emissions|CH4|Energy|Demand|Residential and Commercial","Mt CH4/yr",0.389249518096,0.434592942383,0.480688614594,0.539719720562,0.510232669689,0.468567638352,0.436046672675,0.408491359596,0.38673969668,0.369343489746,0.360269420097,0.354937847706,0.351410091113,0.349197536134,0.347701535704,0.346060159307,0.34545681689,0.344250113652,0.342134397519,0.341057738095
"GCAM 7.1","CurrentMeasures","Pakistan","Emissions|CH4|Energy|Demand|Residential and Commercial and AFOFI","Mt CH4/yr",0.389306227896,0.434600162623,0.480691255934,0.539722191962,0.510404357886,0.469692442907,0.437963460294,0.4112817770485,0.3904437418636,0.373637072918,0.365402706638,0.3609255214622,0.3589371665186,0.3573237771273,0.356660682914,0.355947056825,0.356288060293,0.355881740009,0.354454903579,0.351875465513
"GCAM 7.1","Reference","Pakistan","Emissions|CH4|Energy|Demand|Residential and Commercial and AFOFI","Mt CH4/yr",0.389306227896,0.434600162623,0.480691255934,0.539722191962,0.5102353015,0.468570467158,0.436049641732,0.4084944305429,0.3867428855537,0.369346733494,0.360272767324,0.354941386859,0.3514138461068,0.3492014642101,0.347705590995,0.346064292298,0.345460992235,0.344254315159,0.342138604322,0.341061946403
"GCAM 7.1","CurrentMeasures","Pakistan","Emissions|CH4|Energy|Demand|Transportation","Mt CH4/yr",0.0516535108,0.11288521256,0.08433289938,0.07535096793,0.074613428774,0.069772828118,0.066116421926,0.061344798196,0.0615259109452,0.065444574938,0.07244080884,0.081199125144,0.091634582904,0.103890675857,0.117415678581,0.131750325603,0.14660644962,0.161878000178,0.177168032011,0.192548350581
"GCAM 7.1","Reference","Pakistan","Emissions|CH4|Energy|Demand|Transportation","Mt CH4/yr",0.0516535108,0.11288521256,0.08433289938,0.07535096793,0.076192041796,0.073508511484,0.073329858422,0.07224576509,0.0745047912442,0.079385741676,0.087995724412,0.09844231287,0.110827239226,0.125632731474,0.142113038988,0.159669684017,0.177933766018,0.196751626329,0.215619620614,0.234953638747
"GCAM 7.1","CurrentMeasures","Pakistan","Emissions|CH4|Energy|Demand|Transportation|Light-Duty Vehicle","Mt CH4/yr",0.00940822288,0.01967987146,0.0150486797,0.01309492273,0.01255457195,0.01154379117,0.01102901806,0.00979580582,0.0087878407,0.00763471011,0.00672869219,0.00592308984,0.00516781382,0.004542244521,0.003980553537,0.003479918241,0.003040222114,0.002658189886,0.002320197251,0.002167227263
"GCAM 7.1","Reference","Pakistan","Emissions|CH4|Energy|Demand|Transportation|Light-Duty Vehicle","Mt CH4/yr",0.00940822288,0.01967987146,0.0150486797,0.01309492273,0.01330455554,0.01287994942,0.01308858406,0.01256218818,0.01141377222,0.01006149708,0.00902488684,0.00806206234,0.00714739092,0.0063988412,0.00572531553,0.005121499219,0.00458893715,0.004122861137,0.0037053452,0.003474140751
"GCAM 7.1","CurrentMeasures","Pakistan","Emissions|CH4|Energy|Demand|Transportation|Truck","Mt CH4/yr",0.007355881,0.0213238,0.01460861,0.01579403,0.016279654,0.015910272,0.015771567,0.0146290047,0.0160762325,0.017549448,0.019380893,0.021971298,0.025248668,0.028972477,0.032990756,0.037156911,0.041412337,0.045792061,0.050245172,0.054587231
"GCAM 7.1","Reference","Pakistan","Emissions|CH4|Energy|Demand|Transportation|Truck","Mt CH4/yr",0.007355881,0.0213238,0.01460861,0.01579403,0.016279896,0.015909945,0.015765518,0.0145954765,0.0160001322,0.017412046,0.019183091,0.0217242009,0.02496716,0.028659868,0.032640059,0.036749254,0.040925834,0.045216956,0.049584998,0.053891349
"GCAM 7.1","CurrentMeasures","Pakistan","Emissions|CH4|Energy|Supply","Mt CH4/yr",0.74461042544,0.73362851904,0.72628437403,0.75824825,0.780131356786,0.87673706799598,0.95852934006976,1.03506400911431,1.12314500707701,1.20121867227072,1.28859298957695,1.41267916396707,1.5258355888655,1.61826290058997,1.68379043079832,1.7269014647594,1.7306541733379,1.7129120032335,1.6982575891473,1.6834893801596
"GCAM 7.1","Reference","Pakistan","Emissions|CH4|Energy|Supply","Mt CH4/yr",0.74461042544,0.73362851904,0.72628437403,0.75824825,0.7920080813995,0.8978644174364,0.9867545600015,1.06860841996818,1.15551563013476,1.24122203764428,1.32930823013073,1.46313492644426,1.58115220913512,1.67453476518955,1.74386381856798,1.7899393378159,1.7931969409113,1.7751101186006,1.7501062115595,1.7321251947659
"GCAM 7.1","CurrentMeasures","Pakistan","Emissions|CH4|Energy|Supply|Electricity","Mt CH4/yr",0.01361422544,0.01091601904,0.01452104403,0.0109377,0.00332233262,0.004035487508,0.004669487136,0.00584466916,0.00731663505,0.00837960955,0.00893627588,0.01051519277,0.01199032477,0.01342852467,0.01475616456,0.01603522176,0.01707427361,0.0184083776,0.0199025199,0.0216130923
"GCAM 7.1","Reference","Pakistan","Emissions|CH4|Energy|Supply|Electricity","Mt CH4/yr",0.01361422544,0.01091601904,0.01452104403,0.0109377,0.00357797894,0.004530748731,0.005399750907,0.00685514475,0.00869214764,0.00999894848,0.01059985295,0.01257356089,0.01425682749,0.0158247727,0.01734214448,0.0187752524,0.0199514681,0.0214604889,0.0230815836,0.0248921154
"GCAM 7.1","CurrentMeasures","Pakistan","Emissions|CH4|Energy|Supply|Fugitive","Mt CH4/yr",0.7309962,0.7227125,0.71176333,0.74731055,0.77680877,0.87269834,0.95385098,1.02920092,1.115790464,1.192769883,1.279532193,1.4019585355,1.51354809,1.604434396,1.66852013,1.71021366,1.7127597,1.69347908,1.677082859,1.66033008
"GCAM 7.1","Reference","Pakistan","Emissions|CH4|Energy|Supply|Fugitive","Mt CH4/yr",0.7309962,0.7227125,0.71176333,0.74731055,0.78842983,0.89333009,0.98134493,1.06173285,1.146782881,1.231150811,1.318580955,1.4503490532,1.566590253,1.658299673,1.725994794,1.770498449,1.77241218,1.75260921,1.72573107,1.70563139
"GCAM 7.1","CurrentMeasures","Pakistan","Emissions|CH4|Energy|Supply|Hydrogen","Mt CH4/yr",0,0,0,0,1.2857e-08,2.9185348e-07,9.1099716e-07,2.27425021e-06,3.54555171e-06,4.88177472e-06,5.97788885e-06,7.18188647e-06,8.4608914e-06,9.81159e-06,1.1229434e-05,1.2836751e-05,1.4600493e-05,1.6435519e-05,1.835149e-05,2.035645e-05
"GCAM 7.1","Reference","Pakistan","Emissions|CH4|Energy|Supply|Hydrogen","Mt CH4/yr",0,0,0,0,1.29055e-08,2.97068e-07,9.23017e-07,2.29113098e-06,3.56729366e-06,4.88569598e-06,5.96889373e-06,7.16615206e-06,8.4438853e-06,9.785962e-06,1.1193054e-05,1.2779651e-05,1.4519412e-05,1.6338924e-05,1.8245289e-05,2.0330051e-05
"GCAM 7.1","CurrentMeasures","Pakistan","Emissions|CH4|Energy|Supply|Liquids","Mt CH4/yr",0,0,0,0,2.41309e-07,2.9486345e-06,7.9619366e-06,1.61457041e-05,3.43624753e-05,6.4297946e-05,0.0001185428081,0.0001982538106,0.0002887132041,0.00039016832997,0.00050290680432,0.0006397462484,0.0008055992349,0.0010081101145,0.0012538587573,0.0015258514096
"GCAM 7.1","Reference","Pakistan","Emissions|CH4|Energy|Supply|Liquids","Mt CH4/yr",0,0,0,0,2.59554e-07,3.2816374e-06,8.9560775e-06,1.81340872e-05,3.70342011e-05,6.73924683e-05,0.000121453287,0.0002051462022,0.00029668475982,0.00040053352755,0.00051568703398,0.0006528567649,0.0008187733993,0.0010240807766,0.0012753126705,0.0015813593149
"GCAM 7.1","CurrentMeasures","Pakistan","Emissions|CH4|Industrial Processes","Mt CH4/yr",0.00483946839,0.0056948268,0.0045314363023,0.00597874,0.006098821,0.006589589,0.006940295,0.006906588,0.0065583393,0.0063445532,0.00611393095,0.00599019329,0.00591367305,0.0058516877,0.0058556701,0.0058667155,0.0058685211,0.0058892512,0.0059125486,0.0059435724
"GCAM 7.1","Reference","Pakistan","Emissions|CH4|Industrial Processes","Mt CH4/yr",0.00483946839,0.0056948268,0.0045314363023,0.00597874,0.006095566,0.006580385,0.006929893,0.00689907,0.0065484997,0.0063377753,0.00609634868,0.00597865044,0.00589132206,0.0058282652,0.0058337617,0.0058446086,0.0058468836,0.00586862858,0.0058908023,0.0059238665
"GCAM 7.1","CurrentMeasures","Pakistan","Emissions|CH4|Industrial Processes|Chemicals","Mt CH4/yr",0.00457928,0.00521965,0.00449939,0.00597874,0.006098821,0.006589589,0.006940295,0.006906588,0.0065583393,0.0063445532,0.00611393095,0.00599019329,0.00591367305,0.0058516877,0.0058556701,0.0058667155,0.0058685211,0.0058892512,0.0059125486,0.0059435724
"GCAM 7.1","Reference","Pakistan","Emissions|CH4|Industrial Processes|Chemicals","Mt CH4/yr",0.00457928,0.00521965,0.00449939,0.00597874,0.006095566,0.006580385,0.006929893,0.00689907,0.0065484997,0.0063377753,0.00609634868,0.00597865044,0.00589132206,0.0058282652,0.0058337617,0.0058446086,0.0058468836,0.00586862858,0.0058908023,0.0059238665
"GCAM 7.1","CurrentMeasures","Pakistan","Emissions|CH4|Industrial Processes|Chemicals|Ammonia","Mt CH4/yr",0.00457928,0.00521965,0.00449939,0.00597874,0.006098821,0.006589589,0.006940295,0.006906588,0.0065583393,0.0063445532,0.00611393095,0.00599019329,0.00591367305,0.0058516877,0.0058556701,0.0058667155,0.0058685211,0.0058892512,0.0059125486,0.0059435724
"GCAM 7.1","Reference","Pakistan","Emissions|CH4|Industrial Processes|Chemicals|Ammonia","Mt CH4/yr",0.00457928,0.00521965,0.00449939,0.00597874,0.006095566,0.006580385,0.006929893,0.00689907,0.0065484997,0.0063377753,0.00609634868,0.00597865044,0.00589132206,0.0058282652,0.0058337617,0.0058446086,0.0058468836,0.00586862858,0.0058908023,0.0059238665
"GCAM 7.1","CurrentMeasures","Pakistan","Emissions|CH4|Industrial Processes|Iron and Steel","Mt CH4/yr",0.00026018839,0.0004751768,3.20463023e-05,0,0,0,0,0,0,0,0,0,0,0,0,0,0,0,0,0
"GCAM 7.1","Reference","Pakistan","Emissions|CH4|Industrial Processes|Iron and Steel","Mt CH4/yr",0.00026018839,0.0004751768,3.20463023e-05,0,0,0,0,0,0,0,0,0,0,0,0,0,0,0,0,0
"GCAM 7.1","CurrentMeasures","Pakistan","Emissions|CH4|Product Use","Mt CH4/yr",5.40771e-05,6.7375e-05,3.53828e-05,0,0,0,0,0,0,0,0,0,0,0,0,0,0,0,0,0
"GCAM 7.1","Reference","Pakistan","Emissions|CH4|Product Use","Mt CH4/yr",5.40771e-05,6.7375e-05,3.53828e-05,0,0,0,0,0,0,0,0,0,0,0,0,0,0,0,0,0
"GCAM 7.1","CurrentMeasures","Pakistan","Emissions|CH4|Waste","Mt CH4/yr",0.9861317,1.1219468,1.270745,1.467806,1.5596226,1.676163,1.7874464,1.888721,1.9776535,2.0980051,2.220239,2.3340043,2.435193,2.522752,2.595517,2.65345,2.699804,2.737147,2.766134,2.787913
"GCAM 7.1","Reference","Pakistan","Emissions|CH4|Waste","Mt CH4/yr",0.9861317,1.1219468,1.270745,1.467806,1.5596226,1.676163,1.7874464,1.888721,1.9776535,2.0980051,2.220239,2.3340043,2.435193,2.522752,2.595517,2.65345,2.699804,2.737147,2.766134,2.787913
"GCAM 7.1","CurrentMeasures","Pakistan","Emissions|CO","Mt CO/yr",8.73038081852429,9.64159206269078,11.0984684967481,14.258091152408,14.4292926045531,14.8467380457927,15.6046212323305,16.5912138158911,17.7453016644835,18.9269031990461,20.0513451575592,21.0841890017136,22.0657345864721,22.9864979971845,23.7770614300157,24.4111911283667,24.9001167277582,25.2358035911924,25.4340214341465,25.5416042612542
"GCAM 7.1","Reference","Pakistan","Emissions|CO","Mt CO/yr",8.73038081852429,9.64159206269078,11.0984684967481,14.258091152408,14.4774344501996,14.9542793913412,15.7925088169184,16.8550280409643,18.0341173729661,19.2141062481827,20.342816518477,21.3778199869006,22.3713952105738,23.2997751897668,24.1002907985916,24.7472401668793,25.244853598572,25.5851185545628,25.7841406761753,25.8796763648718
"GCAM 7.1","CurrentMeasures","Pakistan","Emissions|CO2","Mt CO2/yr",134.249774807651,147.317954800652,192.938470171213,237.351576771735,239.632908037955,283.227673185577,338.347461134467,410.511748506871,499.339196188248,591.006359760861,678.89623044568,798.715394291414,926.129994855178,1057.52609076414,1187.022886912,1306.31554218794,1410.09242004005,1509.43356997641,1603.63590611823,1691.99486506418
"GCAM 7.1","Reference","Pakistan","Emissions|CO2","Mt CO2/yr",134.249774807651,147.317954800652,192.938470171213,237.351576771735,244.996573266337,295.223295404196,358.455313284014,440.845699814191,540.980350587029,641.81126698955,734.345333694908,868.922777542032,1011.85044954126,1160.6457843009,1311.36576814101,1451.58063059658,1573.32165696191,1691.74306844501,1803.88325759947,1908.95516940972
"GCAM 7.1","CurrentMeasures","Pakistan","Emissions|CO2|AFOLU","Mt CO2/yr",3.93938452125288,-7.97364122816481,14.5554620502438,6.54206188138754,-4.86766372730114,-11.0753619829423,-13.5969075483725,-15.4259304424663,-16.7214159142819,-17.8924889797187,-19.8311340804908,-18.8750532584759,-18.0692333034759,-16.7640321661694,-15.0115494852242,-13.1606224557369,-10.8218696883441,-9.7056150976543,-8.60409096996017,-7.57265161522534
"GCAM 7.1","Reference","Pakistan","Emissions|CO2|AFOLU","Mt CO2/yr",3.93938452125288,-7.97364122816481,14.5554620502438,6.54206188138754,-4.87305526311491,-11.0786515602327,-13.5839910322049,-15.4132220074556,-16.6976810241363,-17.8795613482345,-19.9368372873557,-18.8812401582742,-18.0577228594524,-16.7632210672982,-14.9875668998388,-13.1323013573291,-10.79145204222,-9.7224579089736,-8.61673962696013,-7.57733319172626
"GCAM 7.1","CurrentMeasures","Pakistan","Emissions|CO2|AFOLU [NGHGI]","Mt CO2/yr",3.93938452125288,-7.97364122816481,14.5554620502438,6.54206188138754,-4.86766372730114,-11.0753619829423,-13.5969075483725,-15.4259304424663,-16.7214159142819,-17.8924889797187,-19.8311340804908,-18.8750532584759,-18.0692333034759,-16.7640321661694,-15.0115494852242,-13.1606224557369,-10.8218696883441,-9.7056150976543,-8.60409096996017,-7.57265161522534
"GCAM 7.1","Reference","Pakistan","Emissions|CO2|AFOLU [NGHGI]","Mt CO2/yr",3.93938452125288,-7.97364122816481,14.5554620502438,6.54206188138754,-4.87305526311491,-11.0786515602327,-13.5839910322049,-15.4132220074556,-16.6976810241363,-17.8795613482345,-19.9368372873557,-18.8812401582742,-18.0577228594524,-16.7632210672982,-14.9875668998388,-13.1323013573291,-10.79145204222,-9.7224579089736,-8.61673962696013,-7.57733319172626
"GCAM 7.1","CurrentMeasures","Pakistan","Emissions|CO2|Energy","Mt CO2/yr",121.833056182398,139.334261244816,162.425673336969,214.852180106348,226.896940164926,271.434205422868,323.017211386432,390.310296377151,473.426782560061,559.091079245934,641.827849653488,753.835422440646,873.860398630882,997.828181345892,1119.99156767212,1232.55797154203,1329.76527184212,1424.33217368858,1514.30371275156,1598.93486076432
"GCAM 7.1","Reference","Pakistan","Emissions|CO2|Energy","Mt CO2/yr",121.833056182398,139.334261244816,162.425673336969,214.852180106348,232.264687929003,283.399743215744,343.046425680503,420.527376573325,514.907585722943,609.713038427683,697.186049791707,823.837355981822,959.338396385276,1100.70041406136,1244.04259869138,1377.4945198583,1492.62627045382,1606.29093636842,1714.17527205448,1815.55650915515
"GCAM 7.1","CurrentMeasures","Pakistan","Emissions|CO2|Energy and Industrial Processes","Mt CO2/yr",130.310390286398,155.291596028816,178.383008120969,230.809514890348,244.500571765256,294.303035168519,351.94436868284,425.937678949337,516.06061210253,608.89884874058,698.72736452617,817.59044754989,944.199228158654,1074.29012293031,1202.03443639722,1319.47616464368,1420.91428972839,1519.13918507406,1612.23999708819,1699.56751667941
"GCAM 7.1","Reference","Pakistan","Emissions|CO2|Energy and Industrial Processes","Mt CO2/yr",130.310390286398,155.291596028816,178.383008120969,230.809514890348,249.869628529452,306.301946964429,372.039304316219,456.258921821647,557.678031611165,659.690828337785,754.282170982263,887.804017700306,1029.90817240071,1177.4090053682,1326.35333504084,1464.71293195391,1584.11310900413,1701.46552635399,1812.49999722643,1916.53250260145
"GCAM 7.1","CurrentMeasures","Pakistan","Emissions|CO2|Energy|Demand","Mt CO2/yr",97.4928077646484,109.82921302114,129.696812393952,171.010658133089,183.293019369,216.014885099715,254.960440226553,297.033561841015,348.544058106154,408.183741666276,475.132147429628,545.369365595829,615.951704548981,682.219919918064,743.463252282856,797.624881427435,844.956959131824,885.865396733911,921.013688790426,950.57498435058
"GCAM 7.1","Reference","Pakistan","Emissions|CO2|Energy|Demand","Mt CO2/yr",97.4928077646484,109.82921302114,129.696812393952,171.010658133089,184.180924112052,217.479043239487,257.542863898319,300.447516159675,351.314826427709,409.824358448756,475.865628858474,545.3294461874,614.986246172838,681.137357580942,742.367510543576,796.484376236478,843.715004146063,884.627787186834,919.879872355843,951.332170148744
"GCAM 7.1","CurrentMeasures","Pakistan","Emissions|CO2|Energy|Demand|AFOFI","Mt CO2/yr",0.3098568281688,0.12936001176,0.04813732437612,0.04512526743563,0.047984710362246,0.051188665986848,0.052900119475768,0.0534737324945813,0.054198302927118,0.052995038484397,0.053062138490497,0.055192252017477,0.058162428287493,0.06064513217986,0.062427627341905,0.063462408435976,0.063969053815368,0.064235781839616,0.06418350250153,0.064052562156293
"GCAM 7.1","Reference","Pakistan","Emissions|CO2|Energy|Demand|AFOFI","Mt CO2/yr",0.3098568281688,0.12936001176,0.04813732437612,0.04512526743563,0.047985135695618,0.051180606652782,0.052863419805765,0.0533760447857006,0.0540195382442,0.052710662791878,0.052689524456623,0.05477223164596,0.057732581248416,0.060218750141098,0.062001314969816,0.063021994062605,0.063500791106132,0.063738229794384,0.06366778578798,0.063556432777857
"GCAM 7.1","CurrentMeasures","Pakistan","Emissions|CO2|Energy|Demand|Bunkers","Mt CO2/yr",3.179289955693,3.528099987403,3.131256617993,1.6828798863224,1.76124026344607,2.07849327228725,2.4334763212251,3.062235278385,3.8746667522424,4.8760764099463,6.0646111179949,7.5027827820711,9.1731754672583,11.0483361043941,13.1298846269591,15.3614489631619,17.7119137768405,20.1819354013879,22.732081399886,25.3415434371098
"GCAM 7.1","Reference","Pakistan","Emissions|CO2|Energy|Demand|Bunkers","Mt CO2/yr",3.179289955693,3.528099987403,3.131256617993,1.6828798863224,1.76128709045033,2.0785103222888,2.4335056545611,3.0622844117228,3.8740496521863,4.8758696099275,6.0644772846494,7.5025294153814,9.1728586672295,11.0481384710428,13.1296913936082,15.3605271630781,17.7099961099995,20.1794490344952,22.7294842996499,25.3393335369089
"GCAM 7.1","CurrentMeasures","Pakistan","Emissions|CO2|Energy|Demand|Bunkers|International Aviation","Mt CO2/yr",2.716208246928,2.517940562237,2.432972887846,1.515294137754,1.591923811387,1.895589838993,2.240997203727,2.855581926265,3.648307998331,4.62817708741,5.79535052685,7.20855732199,8.85309413816,10.70197430624,12.75673782637,14.9622013602,17.28727157157,19.73165512712,22.25648535665,24.84078892492
"GCAM 7.1","Reference","Pakistan","Emissions|CO2|Energy|Demand|Bunkers|International Aviation","Mt CO2/yr",2.716208246928,2.517940562237,2.432972887846,1.515294137754,1.591964144724,1.895604505661,2.241022870396,2.855625926269,3.647754331614,4.62799375406,5.79524052684,7.20833732197,8.8528008048,10.70179097289,12.75655449302,14.96132136012,17.28543823807,19.72927179357,22.25399202309,24.83866225806
"GCAM 7.1","CurrentMeasures","Pakistan","Emissions|CO2|Energy|Demand|Bunkers|International Shipping","Mt CO2/yr",0.463081708765,1.010159425166,0.698283730147,0.1675857485684,0.16931645205907,0.18290343329425,0.1924791174981,0.20665335212,0.2263587539114,0.2478993225363,0.2692605911449,0.2942254600811,0.3200813290983,0.3463617981541,0.3731468005891,0.3992476029619,0.4246422052705,0.4502802742679,0.475596043236,0.5007545121898
"GCAM 7.1","Reference","Pakistan","Emissions|CO2|Energy|Demand|Bunkers|International Shipping","Mt CO2/yr",0.463081708765,1.010159425166,0.698283730147,0.1675857485684,0.169322945726327,0.1829058166278,0.1924827841651,0.2066584854538,0.2262953205723,0.2478758558675,0.2692367578094,0.2941920934114,0.3200578624295,0.3463474981528,0.3731369005882,0.3992058029581,0.4245578719295,0.4501772409252,0.4754922765599,0.5006712788489
"GCAM 7.1","CurrentMeasures","Pakistan","Emissions|CO2|Energy|Demand|Commercial","Mt CO2/yr",2.5740596340054,2.982950937844,4.55136041376,4.9701370518306,4.938424782281,6.401285581935,8.363084426947,10.968177997107,14.355994971757,18.384639004664,22.960877754019,28.260912902507,33.849683410577,39.160197893351,44.17659068272,48.54388441308,52.28135475285,55.22143502013,57.29544854201,58.46709531519
"GCAM 7.1","Reference","Pakistan","Emissions|CO2|Energy|Demand|Commercial","Mt CO2/yr",2.5740596340054,2.982950937844,4.55136041376,4.9701370518306,4.927696114639,6.305380239883,8.177155076711,10.66725096975,13.917553265232,17.827246953992,22.273993691575,27.421422159523,32.780912313416,37.948287449844,42.78028722245,46.92556426596,50.42598458418,53.1494381651,55.02853166926,56.42149846256
"GCAM 7.1","CurrentMeasures","Pakistan","Emissions|CO2|Energy|Demand|Industry","Mt CO2/yr",54.5272029753513,57.7337483485221,62.7997416090669,90.3160562305498,100.086089478735,123.020551947686,151.28847210383,184.13429543048,221.205092912552,264.119612839205,310.122407875077,356.296209863695,400.938658939342,441.337041482956,476.660382286385,505.862346290904,529.056495805602,547.1004490511,560.933866279233,571.184724584226
"GCAM 7.1","Reference","Pakistan","Emissions|CO2|Energy|Demand|Industry","Mt CO2/yr",54.5272029753513,57.7337483485221,62.7997416090669,90.3160562305498,100.059505886318,122.813502368196,150.756255315446,182.978278826387,219.141114159918,261.093259479749,306.101879545741,351.373625305054,395.062621443784,434.661676352731,469.210484898455,497.579901188347,519.837280797303,536.903304354853,549.737292819854,559.498201520478
"GCAM 7.1","CurrentMeasures","Pakistan","Emissions|CO2|Energy|Demand|Industry|Chemicals","Mt CO2/yr",11.037595336751,10.755815644468,11.897421414917,14.713135670891,15.32131472618,16.6487855335258,17.8157299896117,18.5481207261926,18.9909968411208,19.6604985699846,20.3893653865785,21.3266801779556,22.395187549726,23.5559380615587,24.9319250103984,26.4192375444043,28.0182149169051,29.7418083526672,31.5278741152201,33.3143811429268
"GCAM 7.1","Reference","Pakistan","Emissions|CO2|Energy|Demand|Industry|Chemicals","Mt CO2/yr",11.037595336751,10.755815644468,11.897421414917,14.713135670891,15.3164186257349,16.6328183720743,17.7958186311349,18.5308637046238,18.9701569065596,19.6490002982726,20.3627188191561,21.3045504991438,22.3453257518931,23.5054420186282,24.8813773430699,26.3691856834795,27.9705576753835,29.6949739249092,31.4744840653578,33.2636459091105
"GCAM 7.1","CurrentMeasures","Pakistan","Emissions|CO2|Energy|Demand|Industry|Chemicals|Ammonia","Mt CO2/yr",5.32700715094,5.94784720738,6.22178389895,7.42577067507,7.5748877886261,8.18900193112132,8.63474195497647,8.61029126275368,8.18979284585989,7.92041992270478,7.6265731706581,7.4617289505056,7.35537030493663,7.27134667813146,7.27372012708056,7.28675380349877,7.28884610928898,7.31459894496348,7.34353272426049,7.38207419776426
"GCAM 7.1","Reference","Pakistan","Emissions|CO2|Energy|Demand|Industry|Chemicals|Ammonia","Mt CO2/yr",5.32700715094,5.94784720738,6.22178389895,7.42577067507,7.5708577549264,8.17752900341166,8.62172686379328,8.6008622818965,8.17753353541207,7.91198089793759,7.60473855733981,7.44741752240456,7.32761120547975,7.2422580536537,7.24651912624107,7.25930871447043,7.26198326351357,7.28899123596884,7.31653311180598,7.357600002206
"GCAM 7.1","CurrentMeasures","Pakistan","Emissions|CO2|Energy|Demand|Industry|Iron and Steel","Mt CO2/yr",1.56148646028663,1.2518672138061,0.4676969425179,0.45221172777682,0.30560917778265,1.72086640977572,4.96356950123355,9.69671310818596,15.8313892825504,23.8768987672936,33.3887778686765,43.8431905524109,54.5443842252466,64.5848258046806,73.5144447497974,80.8249306477203,86.5570469354884,90.9226308990263,93.9209719382694,95.651157695559
"GCAM 7.1","Reference","Pakistan","Emissions|CO2|Energy|Demand|Industry|Iron and Steel","Mt CO2/yr",1.56148646028663,1.2518672138061,0.4676969425179,0.45221172777682,0.30562820778438,1.72016985304573,4.95938561418653,9.69113632767898,15.823296655148,23.8874403615853,33.4063526802742,43.8606515873316,54.5238028567089,64.5666937696989,73.4979627149657,80.8249064477181,86.5828467045005,90.9681734698332,93.9690877759769,95.6910213325163
"GCAM 7.1","CurrentMeasures","Pakistan","Emissions|CO2|Energy|Demand|Industry|Other Sector","Mt CO2/yr",41.9281211783137,45.726065490248,50.434623251632,75.150708831882,84.459165574772,104.650900004384,128.509172612984,155.889461596101,186.382706788881,220.582215501927,256.344264619822,291.126339133329,323.99908716437,353.196277616716,378.214012526189,398.61817809878,414.481233953209,426.436009799406,435.485020225744,442.219185745741
"GCAM 7.1","Reference","Pakistan","Emissions|CO2|Energy|Demand|Industry|Other Sector","Mt CO2/yr",41.9281211783137,45.726065490248,50.434623251632,75.150708831882,84.4374590527986,104.460514143076,128.001051070125,154.756278794085,184.34766059821,217.556818819891,252.332808046311,286.208423218578,318.193492835182,346.589540564404,370.831144840419,390.385809057149,405.283876417419,416.240156960111,424.29372097852,430.543534278851
"GCAM 7.1","CurrentMeasures","Pakistan","Emissions|CO2|Energy|Demand|Residential","Mt CO2/yr",10.5860704123699,13.0781659589241,15.5741066658278,18.2247283601267,18.1434344660696,21.416583836962,25.2037108212462,29.6973591797597,35.1045851213256,40.5634112609158,46.8144033525211,52.7362715642061,57.9795157241979,61.8978047037393,65.0513370937574,67.3468610457747,69.1309774613004,70.0461641978325,70.1692979156932,69.5816190122678
"GCAM 7.1","Reference","Pakistan","Emissions|CO2|Energy|Demand|Residential","Mt CO2/yr",10.5860704123699,13.0781659589241,15.5741066658278,18.2247283601267,18.0884886544079,21.0318692886546,24.5420382110942,28.7282009383211,33.8185186110772,39.0646097546612,45.0564224627047,50.726050054792,55.5373127721795,59.2950523004588,62.2291949138657,64.274098949766,65.8084342359177,66.5325119784096,66.5160109869095,66.4253897520046
"GCAM 7.1","CurrentMeasures","Pakistan","Emissions|CO2|Energy|Demand|Residential and Commercial","Mt CO2/yr",13.1601300463753,16.0611168967681,20.1254670795878,23.1948654119573,23.0818592483507,27.817869418897,33.5667952481932,40.6655371768667,49.4605800930826,58.9480502655798,69.7752811065401,80.9971844667131,91.8291991347749,101.05800259709,109.227927776477,115.890745458855,121.41233221415,125.267599217963,127.464746457703,128.048714327458
"GCAM 7.1","Reference","Pakistan","Emissions|CO2|Energy|Demand|Residential and Commercial","Mt CO2/yr",13.1601300463753,16.0611168967681,20.1254670795878,23.1948654119573,23.0161847690469,27.3372495285376,32.7191932878052,39.3954519080711,47.7360718763092,56.8918567086532,67.3304161542797,78.147472214315,88.3182250855955,97.2433397503028,105.009482136316,111.199663215726,116.234418820098,119.68195014351,121.54454265617,122.846888214565
"GCAM 7.1","CurrentMeasures","Pakistan","Emissions|CO2|Energy|Demand|Residential and Commercial and AFOFI","Mt CO2/yr",13.4699868745441,16.1904769085281,20.1736044039639,23.2399906793929,23.1298439587129,27.8690580848838,33.619695367669,40.7190109093613,49.5147783960097,59.0010453040642,69.8283432450306,81.0523767187306,91.8873615630624,101.11864772927,109.290355403819,115.954207867291,121.476301267966,125.331834999802,127.528929960205,128.112766889614
"GCAM 7.1","Reference","Pakistan","Emissions|CO2|Energy|Demand|Residential and Commercial and AFOFI","Mt CO2/yr",13.4699868745441,16.1904769085281,20.1736044039639,23.2399906793929,23.0641699047425,27.3884301351904,32.772056707611,39.4488279528568,47.7900914145534,56.944567371445,67.3831056787363,78.202244445961,88.3759576668439,97.3035585004439,105.071483451286,111.262685209789,116.297919611204,119.745688373304,121.608210441958,122.910444647342
"GCAM 7.1","CurrentMeasures","Pakistan","Emissions|CO2|Energy|Demand|Transportation","Mt CO2/yr",26.3163279590599,32.3768877766865,43.5922097629278,55.7717313368236,58.3158456681067,63.0467817948584,67.6187964338294,69.1180202227891,73.9495200453497,80.1870071130606,89.1167851915252,100.517996231332,113.952508579318,128.715894601444,144.382629965692,160.446878306079,176.712248281415,193.251177281621,209.818811151102,225.93594943963
"GCAM 7.1","Reference","Pakistan","Emissions|CO2|Energy|Demand|Transportation","Mt CO2/yr",26.3163279590599,32.3768877766865,43.5922097629278,55.7717313368236,59.2959612305415,65.1986004138116,71.5810462207006,74.9581249687077,80.5095712010513,86.9106619876352,96.3161663493477,108.251047021003,122.374808394982,138.123984256725,154.955850800228,172.281262675265,189.869807627557,207.799345424181,225.804884794382,243.584190444015
"GCAM 7.1","CurrentMeasures","Pakistan","Emissions|CO2|Energy|Demand|Transportation|Bus","Mt CO2/yr",3.916722689399,6.017583547053,6.503772591252,7.864736714976,9.004545818595,10.87522432199,11.915949083268,11.628911390507,13.020030183639,15.464839072561,18.546397686036,21.777651646453,24.876091594796,27.388029823154,29.460686678244,31.026936487297,32.11710625307,32.79954631511,33.12598967812,33.19550968444
"GCAM 7.1","Reference","Pakistan","Emissions|CO2|Energy|Demand|Transportation|Bus","Mt CO2/yr",3.916722689399,6.017583547053,6.503772591252,7.864736714976,8.915475143831,10.704078973098,11.66333772697,11.341400697703,12.751916159265,15.206863382442,18.295538996564,21.540627291572,24.65712557489,27.187499804924,29.276579661507,30.856234805112,31.95676290516,32.64737963461,32.98082633159,33.05397633824
"GCAM 7.1","CurrentMeasures","Pakistan","Emissions|CO2|Energy|Demand|Transportation|Domestic Aviation","Mt CO2/yr",0.1687931820115,0.1564680475577,0.1511931804115,0.0941669752273,0.1071557764081,0.1427902796476,0.1786704495761,0.2402440551737,0.3202301957785,0.416064037824,0.521231380718,0.638487724711,0.762578735992,0.901849748653,1.067018430335,1.264930448327,1.493389469096,1.750635492482,2.029870517867,2.321700544397
"GCAM 7.1","Reference","Pakistan","Emissions|CO2|Energy|Demand|Transportation|Domestic Aviation","Mt CO2/yr",0.1687931820115,0.1564680475577,0.1511931804115,0.0941669752273,0.106791676375,0.142072346249,0.1775301161391,0.2386112883586,0.3184045622792,0.413970370967,0.518312713786,0.634106057646,0.756338068758,0.893079081189,1.05523009593,1.248921780205,1.472075133825,1.723843156713,1.997875181625,2.289488874802
"GCAM 7.1","CurrentMeasures","Pakistan","Emissions|CO2|Energy|Demand|Transportation|Light-Duty Vehicle","Mt CO2/yr",12.5822198771714,15.5684572486475,20.903727233672,26.7666023666606,26.3388841944438,24.940408820643,24.043292739087,22.5936808099708,21.7717856685864,21.7261997651089,22.8577922346476,24.507213454595,26.7014140140677,29.7310491028224,33.3707614070386,37.508056629823,42.0525163396224,46.9354138135221,51.9957391035516,57.1370532942771
"GCAM 7.1","Reference","Pakistan","Emissions|CO2|Energy|Demand|Transportation|Light-Duty Vehicle","Mt CO2/yr",12.5822198771714,15.5684572486475,20.903727233672,26.7666023666606,27.4092349650817,27.267092475493,28.2763783172463,28.805020849638,28.7832434986583,29.0364062263397,30.7816704916668,33.0704291864024,36.0206007445998,40.0954040450364,44.9788825023223,50.505859038108,56.558364141669,63.0426802978189,69.7451719404696,76.6324115332489
"GCAM 7.1","CurrentMeasures","Pakistan","Emissions|CO2|Energy|Demand|Transportation|Light-Duty Vehicle|Large Car and SUV","Mt CO2/yr",1.2725820490226,1.698887821111,2.1138826588378,2.657618574935,2.69580669173998,2.56805202012592,2.43684199153107,2.40411137122223,2.55122743792975,2.91975486876557,3.56077860704045,4.34165936469627,5.28145603679899,6.45740953037051,7.83946028934481,9.4213989231574,11.1761638160148,13.0861676896515,15.1066559399989,17.2058216974988
"GCAM 7.1","Reference","Pakistan","Emissions|CO2|Energy|Demand|Transportation|Light-Duty Vehicle|Large Car and SUV","Mt CO2/yr",1.2725820490226,1.698887821111,2.1138826588378,2.657618574935,2.77362227548079,2.81913756628521,3.01249598719658,3.36493577356989,3.86022311292934,4.4891950081086,5.49980953998264,6.68450242434865,8.08196433139063,9.82702700336601,11.8731097993735,14.2068969248693,16.7866963593965,19.5849748804521,22.5341008152211,25.6293540632744
"GCAM 7.1","CurrentMeasures","Pakistan","Emissions|CO2|Energy|Demand|Transportation|Light-Duty Vehicle|Midsize Car","Mt CO2/yr",4.139421376311,5.526066835703,6.87595395842,8.644600119206,8.6209193170532,8.0580243325476,7.3040156973347,6.54266338812086,5.81942362570513,5.70067146490948,6.00328075908608,6.58719076883547,7.47339422606608,8.67229581172379,10.0965165411984,11.6593633532754,13.3283418050007,15.0829180845076,16.8741453773464,18.5868681563818
"GCAM 7.1","Reference","Pakistan","Emissions|CO2|Energy|Demand|Transportation|Light-Duty Vehicle|Midsize Car","Mt CO2/yr",4.139421376311,5.526066835703,6.87595395842,8.644600119206,8.8255332689878,8.6455703192942,8.5244694749517,8.3624555935565,7.99883732383363,7.9434409887976,8.41456256162683,9.21037626064019,10.3867234809142,11.9934769436493,13.9038154739831,15.9942502006893,18.221230323142,20.5564066020974,22.933799418224,25.2399158945376
"GCAM 7.1","CurrentMeasures","Pakistan","Emissions|CO2|Energy|Demand|Transportation|Light-Duty Vehicle|Subcompact Car","Mt CO2/yr",1.1856406077855,1.58282681056,1.9694508123743,2.4760364250942,2.54940811843102,2.8320650241271,3.32283355207575,3.88125109617431,4.62062580672352,5.45841543621954,6.54966488875736,7.64141491467402,8.76771524706495,10.051566247112,11.4485598474447,12.9430803366436,14.5040713752185,16.1046746640612,17.6913731083065,19.1739682764212
"GCAM 7.1","Reference","Pakistan","Emissions|CO2|Energy|Demand|Transportation|Light-Duty Vehicle|Subcompact Car","Mt CO2/yr",1.1856406077855,1.58282681056,1.9694508123743,2.4760364250942,2.59267255236415,2.99252372538092,3.7112327707181,4.55587954417083,5.52149842528769,6.52624287996142,7.82248963446869,9.09543230019074,10.3908910146264,11.8667589487962,13.4696015078424,15.1777691131304,16.9565411415036,18.7735997733574,20.5670439697311,22.2843432258492
"GCAM 7.1","CurrentMeasures","Pakistan","Emissions|CO2|Energy|Demand|Transportation|Light-Duty Vehicle|Two-Wheeler","Mt CO2/yr",5.9845758440523,6.7606757812735,9.9444398040399,12.9883472474254,12.4727500672196,11.4822674438424,10.9796014981455,9.7656549544534,8.780508798228,7.6473579952143,6.7440679797637,5.9369484063892,5.1788485041377,4.5497775136161,3.9862247290507,3.4842140167467,3.0439393433884,2.6616533753018,2.3235646778998,2.1703951639753
"GCAM 7.1","Reference","Pakistan","Emissions|CO2|Energy|Demand|Transportation|Light-Duty Vehicle|Two-Wheeler","Mt CO2/yr",5.9845758440523,6.7606757812735,9.9444398040399,12.9883472474254,13.217406868249,12.8098608645327,13.0281800843799,12.5217499383408,11.4026846366076,10.0775273494721,9.0448087555886,8.0801182012228,7.1610219176686,6.4081411492249,5.7323557211232,5.126942799419,4.5938963176269,4.127699041912,3.7102277372934,3.4787983495877
"GCAM 7.1","CurrentMeasures","Pakistan","Emissions|CO2|Energy|Demand|Transportation|Rail","Mt CO2/yr",0.274530691624,0.3025803275073,0.4561953414723,0.5988220877717,0.6247446901283,0.71670114182131,0.7621068359491,0.8208233746203,0.9253336507879,1.0366078275704,1.1474167043106,1.2625958814481,1.369929124539,1.4713033004215,1.5648773755949,1.6465699830215,1.7193764229736,1.789564496021,1.855755168705,1.932795509042
"GCAM 7.1","Reference","Pakistan","Emissions|CO2|Energy|Demand|Transportation|Rail","Mt CO2/yr",0.274530691624,0.3025803275073,0.4561953414723,0.5988220877717,0.6235585233538,0.71461642163179,0.7592563690233,0.8175945076601,0.9227266505509,1.0349053940823,1.1463819708832,1.2620642147331,1.3698136245285,1.4714881004383,1.5653254423023,1.647143816407,1.7200532897018,1.790426162766,1.856829502136,1.933818509135
"GCAM 7.1","CurrentMeasures","Pakistan","Emissions|CO2|Energy|Demand|Transportation|Truck","Mt CO2/yr",9.374061518854,10.331798605921,15.57732141612,20.447403192188,22.2405151885315,26.3716572307565,30.7187773259492,33.8343605925173,37.9121403465579,41.5432964099963,46.043947185813,52.3320475241251,60.2424951099233,69.223662626393,78.9192860744799,89.00038475761,99.3298597966531,109.976017164485,120.811456682859,131.348890407474
"GCAM 7.1","Reference","Pakistan","Emissions|CO2|Energy|Demand|Transportation|Truck","Mt CO2/yr",9.374061518854,10.331798605921,15.57732141612,20.447403192188,22.2409009218999,26.3707401973398,30.7045436913219,33.755497625348,37.7332803302979,41.2185166138042,45.5742621764477,51.7438202706499,59.5709303822053,68.476513225137,78.079833098166,88.0231032354329,98.1625521572009,108.595016172273,119.224181838561,129.674495188589
"GCAM 7.1","CurrentMeasures","Pakistan","Emissions|CO2|Energy|Supply","Mt CO2/yr",24.3402484177496,29.5050482236769,32.7288609430174,43.8415219732592,43.6039207959258,55.4193203231529,68.0567711598786,93.2767345361357,124.882724453907,150.907337579658,166.69570222386,208.466056844817,257.908694081901,315.608261427828,376.52831538926,434.933090114591,484.808312710297,538.466776954665,593.29002396113,648.359876413739
"GCAM 7.1","Reference","Pakistan","Emissions|CO2|Energy|Supply","Mt CO2/yr",24.3402484177496,29.5050482236769,32.7288609430174,43.8415219732592,48.0837638169509,65.920699976257,85.5035617821837,120.07986041365,163.592759295234,199.888679978926,221.320420933233,278.507909794423,344.352150212438,419.563056480415,501.675088147807,581.010143621823,648.911266307752,721.663149181586,794.295399698639,864.224339006403
"GCAM 7.1","CurrentMeasures","Pakistan","Emissions|CO2|Energy|Supply|Electricity","Mt CO2/yr",33.3646539864834,37.5459631832691,41.9251801080463,57.3802798163886,58.116660509999,72.9218304751901,89.0054649357385,118.043857743192,153.808492057856,184.416393747435,203.088828805059,247.721921003191,299.480784110575,358.783787546526,421.756257842558,481.741005177022,532.72519694281,587.743598139975,643.335478820149,698.433687482703
"GCAM 7.1","Reference","Pakistan","Emissions|CO2|Energy|Supply|Electricity","Mt CO2/yr",33.3646539864834,37.5459631832691,41.9251801080463,57.3802798163886,62.5035668021419,83.1548000696933,105.949059703065,144.026434406078,191.397160994907,231.855681249417,255.768956918451,315.390301288537,383.096512227712,459.556655137576,543.398582378419,623.898280284044,692.435249537244,765.956763292445,838.605147695031,907.273975172739
"GCAM 7.1","CurrentMeasures","Pakistan","Emissions|CO2|Energy|Supply|Fugitive","Mt CO2/yr",1.32930870584623,3.4814944212328,4.34012439889006,4.02175008661361,4.17134331321299,4.901937811964,5.69133713539424,6.67161910951077,7.88477459913096,9.12537041074572,11.4039897999263,13.8699933808484,16.5595719870822,19.2343614422115,21.4179797407556,23.1822367911425,24.5707830470407,25.7924976887723,26.9843942024599,28.2371875466835
"GCAM 7.1","Reference","Pakistan","Emissions|CO2|Energy|Supply|Fugitive","Mt CO2/yr",1.32930870584623,3.4814944212328,4.34012439889006,4.02175008661361,4.24875386225032,5.056953426723,5.92755146486827,7.00188307353477,8.33197739211909,9.77770083848181,12.1703563565626,14.8462519816558,17.6996827107286,20.4932764853583,22.7964079794005,24.6953389440306,26.1975269912598,27.5534400831913,28.8703492689103,30.3451138883131
"GCAM 7.1","CurrentMeasures","Pakistan","Emissions|CO2|Energy|Supply|Gases","Mt CO2/yr",1.02215675959,3.243155961499,3.52656365393,3.596149660256,3.72944994570754,4.40974165988557,5.18786392162395,6.23038534973195,7.54008668212903,9.0481219558898,10.6743118703919,12.7482084255946,15.108105373464,17.854552623141,20.5214815989224,23.3735372915335,25.966342027243,28.231590566508,30.314140089164,33.031965336239
"GCAM 7.1","Reference","Pakistan","Emissions|CO2|Energy|Supply|Gases","Mt CO2/yr",1.02215675959,3.243155961499,3.52656365393,3.596149660256,3.80044627316175,4.55523853744589,5.41606312236933,6.56212931989049,8.01011060152514,9.6386438095736,11.3409676643303,13.6375390731095,16.285915813871,19.2908176203772,22.2766505584832,25.455311314119,28.338554576232,30.896494808772,33.307669361303,36.406453976344
"GCAM 7.1","CurrentMeasures","Pakistan","Emissions|CO2|Energy|Supply|Hydrogen","Mt CO2/yr",0,0,0,0,0.0098687638304936,0.277568788500191,0.987363263626955,2.51127858213137,4.11018320865298,5.71735557342622,7.24769892988166,8.80957116680337,10.3985640653239,11.9199724069671,13.4603356570001,15.0556947686994,16.7852623259328,18.6619651632088,20.6661059454034,22.6431504251347
"GCAM 7.1","Reference","Pakistan","Emissions|CO2|Energy|Supply|Hydrogen","Mt CO2/yr",0,0,0,0,0.0098604379297367,0.281149692525727,0.99113210120291,2.50528628061994,4.09722224114138,5.70422437723247,7.23543262343321,8.79880133019096,10.3643160755438,11.8792433632645,13.4150757862189,15.0109449312979,16.7496263560265,18.6402867279047,20.657246544598,22.7031975972602
"GCAM 7.1","CurrentMeasures","Pakistan","Emissions|CO2|Energy|Supply|Liquids","Mt CO2/yr",1.51015347062,1.759908493325,2.262344539001,0.944610419207,1.37733148354528,2.14172559186898,3.01682188095651,4.09241907970473,5.7013378633034,7.61921603632261,9.5486905944627,11.7306404242218,13.7468337653187,15.8394743626688,17.7635751128703,19.7966116088585,21.9399174047711,24.2818050245033,26.81976264606,29.5559406904368
"GCAM 7.1","Reference","Pakistan","Emissions|CO2|Energy|Supply|Liquids","Mt CO2/yr",1.51015347062,1.759908493325,2.262344539001,0.944610419207,1.50116971480329,2.39575074712884,3.44699694739666,4.72402366745666,6.46307557221894,8.41699639251475,10.3175289019238,12.6095162095195,14.7104172759172,16.8710079066812,18.8683509707378,20.9380780078281,23.1075554182533,25.504268789403,28.1214298439267,31.3007309297874
"GCAM 7.1","CurrentMeasures","Pakistan","Emissions|CO2|Industrial Processes","Mt CO2/yr",8.477334104,15.957334784,15.957334784,15.957334784,17.60363160033,22.868829745651,28.927157296408,35.627382572186,42.633829542469,49.8077694946453,56.8995148726827,63.7550251092442,70.3388295277718,76.4619415844183,82.0428687251086,86.9181931016532,91.1490178862736,94.8070113854851,97.9362843366311,100.632655915089
"GCAM 7.1","Reference","Pakistan","Emissions|CO2|Industrial Processes","Mt CO2/yr",8.477334104,15.957334784,15.957334784,15.957334784,17.604940600449,22.902203748685,28.992878635716,35.731545248322,42.770445888222,49.9777899101017,57.096121190556,63.9666617184839,70.5697760154336,76.708591306841,82.3107363494602,87.2184120956125,91.4868385503179,95.174589985568,98.3247251719439,100.975993446302
"GCAM 7.1","CurrentMeasures","Pakistan","Emissions|CO2|Industrial Processes|Cement","Mt CO2/yr",8.477334104,15.957334784,15.957334784,15.957334784,17.60363160033,22.868829745651,28.927157296408,35.627382572186,42.633829542469,49.8077694946453,56.8995148726827,63.7550251092442,70.3388295277718,76.4619415844183,82.0428687251086,86.9181931016532,91.1490178862736,94.8070113854851,97.9362843366311,100.632655915089
"GCAM 7.1","Reference","Pakistan","Emissions|CO2|Industrial Processes|Cement","Mt CO2/yr",8.477334104,15.957334784,15.957334784,15.957334784,17.604940600449,22.902203748685,28.992878635716,35.731545248322,42.770445888222,49.9777899101017,57.096121190556,63.9666617184839,70.5697760154336,76.708591306841,82.3107363494602,87.2184120956125,91.4868385503179,95.174589985568,98.3247251719439,100.975993446302
"GCAM 7.1","CurrentMeasures","Pakistan","Emissions|CO|AFOLU","Mt CO/yr",0.097087401104291,0.10577256644078,0.112292827877064,0.122331458527991,0.125062452411163,0.132437471199818,0.138472850651705,0.141365811132967,0.139968379385553,0.136006832973957,0.125920897494021,0.117361250140106,0.108567319269361,0.099705895947689,0.091573213994317,0.084015716351196,0.079052977176481,0.079384657675721,0.079656902136732,0.079834966478616
"GCAM 7.1","Reference","Pakistan","Emissions|CO|AFOLU","Mt CO/yr",0.097087401104291,0.10577256644078,0.112292827877064,0.122331458527991,0.125056765334469,0.132467532487936,0.138527293939189,0.1414910563968,0.140050916336339,0.135996841056285,0.125684414067969,0.117326527649593,0.108512341903933,0.09963778452626,0.091558723819673,0.083999459177875,0.079031796328228,0.079372975081127,0.079646635101501,0.079828873394257
"GCAM 7.1","CurrentMeasures","Pakistan","Emissions|CO|AFOLU [NGHGI]","Mt CO/yr",0.097087401104291,0.10577256644078,0.112292827877064,0.122331458527991,0.125062452411163,0.132437471199818,0.138472850651705,0.141365811132967,0.139968379385553,0.136006832973957,0.125920897494021,0.117361250140106,0.108567319269361,0.099705895947689,0.091573213994317,0.084015716351196,0.079052977176481,0.079384657675721,0.079656902136732,0.079834966478616
"GCAM 7.1","Reference","Pakistan","Emissions|CO|AFOLU [NGHGI]","Mt CO/yr",0.097087401104291,0.10577256644078,0.112292827877064,0.122331458527991,0.125056765334469,0.132467532487936,0.138527293939189,0.1414910563968,0.140050916336339,0.135996841056285,0.125684414067969,0.117326527649593,0.108512341903933,0.09963778452626,0.091558723819673,0.083999459177875,0.079031796328228,0.079372975081127,0.079646635101501,0.079828873394257
"GCAM 7.1","CurrentMeasures","Pakistan","Emissions|CO|AFOLU|Agricultural Waste Burning","Mt CO/yr",0.085287620774291,0.09498289866078,0.102822318427064,0.112863634977991,0.115606955811163,0.123006842129818,0.129066242201705,0.131983141662967,0.130608187895553,0.126668604643957,0.116607413964021,0.108075073500106,0.099306571619361,0.090467143397689,0.082353822594317,0.074812488151196,0.069863166616481,0.070206556865721,0.070488516986732,0.070674344878616
"GCAM 7.1","Reference","Pakistan","Emissions|CO|AFOLU|Agricultural Waste Burning","Mt CO/yr",0.085287620774291,0.09498289866078,0.102822318427064,0.112863634977991,0.115601262714469,0.123036946137936,0.129120729129189,0.1321085314568,0.130690782406339,0.126658555806285,0.116370635767969,0.108040349569593,0.099251564133933,0.09039900174626,0.082339313369673,0.074796201997875,0.069841938238228,0.070194854431127,0.070478232021501,0.070668244854257
"GCAM 7.1","CurrentMeasures","Pakistan","Emissions|CO|AFOLU|Land","Mt CO/yr",0.01179978033,0.01078966778,0.00947050945,0.00946782355,0.0094554966,0.00943062907,0.00940660845,0.00938266947,0.00936019149,0.00933822833,0.00931348353,0.00928617664,0.00926074765,0.00923875255,0.0092193914,0.0092032282,0.00918981056,0.00917810081,0.00916838515,0.0091606216
"GCAM 7.1","Reference","Pakistan","Emissions|CO|AFOLU|Land","Mt CO/yr",0.01179978033,0.01078966778,0.00947050945,0.00946782355,0.00945550262,0.00943058635,0.00940656481,0.00938252494,0.00936013393,0.00933828525,0.0093137783,0.00928617808,0.00926077777,0.00923878278,0.00921941045,0.00920325718,0.00918985809,0.00917812065,0.00916840308,0.00916062854
"GCAM 7.1","CurrentMeasures","Pakistan","Emissions|CO|AFOLU|Land|Fires","Mt CO/yr",0.01179978033,0.01078966778,0.00947050945,0.00946782355,0.0094554966,0.00943062907,0.00940660845,0.00938266947,0.00936019149,0.00933822833,0.00931348353,0.00928617664,0.00926074765,0.00923875255,0.0092193914,0.0092032282,0.00918981056,0.00917810081,0.00916838515,0.0091606216
"GCAM 7.1","Reference","Pakistan","Emissions|CO|AFOLU|Land|Fires","Mt CO/yr",0.01179978033,0.01078966778,0.00947050945,0.00946782355,0.00945550262,0.00943058635,0.00940656481,0.00938252494,0.00936013393,0.00933828525,0.0093137783,0.00928617808,0.00926077777,0.00923878278,0.00921941045,0.00920325718,0.00918985809,0.00917812065,0.00916840308,0.00916062854
"GCAM 7.1","CurrentMeasures","Pakistan","Emissions|CO|AFOLU|Land|Fires|Forest Burning","Mt CO/yr",0,0,0,0,0,0,0,0,0,0,0,0,0,0,0,0,0,0,0,0
"GCAM 7.1","Reference","Pakistan","Emissions|CO|AFOLU|Land|Fires|Forest Burning","Mt CO/yr",0,0,0,0,0,0,0,0,0,0,0,0,0,0,0,0,0,0,0,0
"GCAM 7.1","CurrentMeasures","Pakistan","Emissions|CO|Energy","Mt CO/yr",8.08162845652,8.96099528625,10.38994728306,13.54608077388,13.6740914081419,14.0442625685929,14.7634955486788,15.7272651237582,16.876878989098,18.0674495150721,19.2177322560652,20.2831198147535,21.3056313470027,22.2724403989368,23.1117817401214,23.7953447868155,24.3300055166817,24.7038148694167,24.9375850953098,25.0781724869756
"GCAM 7.1","Reference","Pakistan","Emissions|CO|Energy","Mt CO/yr",8.08162845652,8.96099528625,10.38994728306,13.54608077388,13.7222487318651,14.1518030238532,14.9513631159792,15.9909822245675,17.1656480416298,18.3546897695264,19.509497591709,20.576824616421,21.6114156018699,22.5858549435405,23.4350881128719,24.1314710108015,24.6748218314438,25.0531941540816,25.2877680473738,25.4162984278776
"GCAM 7.1","CurrentMeasures","Pakistan","Emissions|CO|Energy and Industrial Processes","Mt CO/yr",8.11212341742,8.98981029625,10.402332168871,13.56229737388,13.6906337521419,14.0621360645929,14.7823202716788,15.7459984047582,16.894667685098,18.0846583660721,19.2343155600652,20.2993674515735,21.3216714672027,22.2883124012368,23.1276645160214,23.8112575120155,24.3459231505817,24.7197887335167,24.9536221320098,25.0942936947756
"GCAM 7.1","Reference","Pakistan","Emissions|CO|Energy and Industrial Processes","Mt CO/yr",8.11212341742,8.98981029625,10.402332168871,13.56229737388,13.7387821748651,14.1696514588532,14.9701595729792,16.0096951045675,17.1834100566298,18.3718802071264,19.526033204409,20.593040959251,21.6273950686699,22.6016634052405,23.4509114747719,24.1473238077015,24.6906808022438,25.0691120794816,25.3037461410738,25.4323661914776
"GCAM 7.1","CurrentMeasures","Pakistan","Emissions|CO|Energy|Demand","Mt CO/yr",7.92152557192,8.78946404608,10.20393591096,13.32938685968,13.452075300607,13.797788356496,14.498257857871,15.438666685237,16.5718124582365,17.7655655369288,18.940884619225,20.024450010296,21.059307148958,22.0279560175452,22.8718486482374,23.5620353401181,24.1033152050081,24.4824693688012,24.7218254371747,24.8688185015987
"GCAM 7.1","Reference","Pakistan","Emissions|CO|Energy|Demand","Mt CO/yr",7.92152557192,8.78946404608,10.20393591096,13.32938685968,13.495280738762,13.895768124309,14.672724088736,15.685365696389,16.8427184447646,18.034296506855,19.215672332698,20.300868397429,21.342110988929,22.3184686734344,23.1718881533746,23.8723535127048,24.4222359128974,24.8059307679723,25.0465304215903,25.1825846560733
"GCAM 7.1","CurrentMeasures","Pakistan","Emissions|CO|Energy|Demand|AFOFI","Mt CO/yr",0.00705658,0.00054385,0.000198474,0.000185158,0.0001948773,0.0002020889,0.00020334202,0.0001996269,0.00019462038,0.00018419855,0.00017542473,0.00016997875,0.00016409075,0.00015560695,0.00014516618,0.00013356523,0.00012193186,0.00011104995,0.00010083373,9.162354e-05
"GCAM 7.1","Reference","Pakistan","Emissions|CO|Energy|Demand|AFOFI","Mt CO/yr",0.00705658,0.00054385,0.000198474,0.000185158,0.0001948792,0.0002020713,0.00020326297,0.00019942439,0.00019427141,0.00018369821,0.0001748092,0.00016933993,0.00016350639,0.00015509046,0.00014470501,0.00013313512,0.00012151535,0.00011064607,0.00010045302,9.128853e-05
"GCAM 7.1","CurrentMeasures","Pakistan","Emissions|CO|Energy|Demand|Bunkers","Mt CO/yr",0.001521167,0.001681287,0.001279145,0.0006810087,0.0007038117,0.0007975371,0.0008800305,0.0010468237,0.0012466059,0.0014644019,0.0016870497,0.0019192528,0.0021420011,0.0023450937,0.0025239351,0.0026702541,0.0027855286,0.0028754527,0.002939616,0.0029793112
"GCAM 7.1","Reference","Pakistan","Emissions|CO|Energy|Demand|Bunkers","Mt CO/yr",0.001521167,0.001681287,0.001279145,0.0006810087,0.000703831,0.000797544,0.0008800419,0.0010468452,0.0012464007,0.0014643381,0.0016870174,0.0019191897,0.0021419391,0.0023450537,0.002523896,0.0026700917,0.0027852227,0.0028751064,0.0029392805,0.0029790575
"GCAM 7.1","CurrentMeasures","Pakistan","Emissions|CO|Energy|Demand|Bunkers|International Aviation","Mt CO/yr",0.0011607,0.00107748,0.00103514,0.00062342,0.000647319,0.000743585,0.000842492,0.00101832,0.00122053,0.00143931,0.00166205,0.00189406,0.00211692,0.00232035,0.00249969,0.00264672,0.00276281,0.00285351,0.00291845,0.00295909
"GCAM 7.1","Reference","Pakistan","Emissions|CO|Energy|Demand|Bunkers|International Aviation","Mt CO/yr",0.0011607,0.00107748,0.00103514,0.00062342,0.000647336,0.000743591,0.000842502,0.00101834,0.00122034,0.00143925,0.00166202,0.001894,0.00211686,0.00232031,0.00249965,0.00264656,0.00276251,0.00285317,0.00291812,0.00295884
"GCAM 7.1","CurrentMeasures","Pakistan","Emissions|CO|Energy|Demand|Bunkers|International Shipping","Mt CO/yr",0.000360467,0.000603807,0.000244005,5.75887e-05,5.64927e-05,5.39521e-05,3.75385e-05,2.85037e-05,2.60759e-05,2.50919e-05,2.49997e-05,2.51928e-05,2.50811e-05,2.47437e-05,2.42451e-05,2.35341e-05,2.27186e-05,2.19427e-05,2.1166e-05,2.02212e-05
"GCAM 7.1","Reference","Pakistan","Emissions|CO|Energy|Demand|Bunkers|International Shipping","Mt CO/yr",0.000360467,0.000603807,0.000244005,5.75887e-05,5.6495e-05,5.3953e-05,3.75399e-05,2.85052e-05,2.60607e-05,2.50881e-05,2.49974e-05,2.51897e-05,2.50791e-05,2.47437e-05,2.4246e-05,2.35317e-05,2.27127e-05,2.19364e-05,2.11605e-05,2.02175e-05
"GCAM 7.1","CurrentMeasures","Pakistan","Emissions|CO|Energy|Demand|Commercial","Mt CO/yr",0.025546828,0.009325965,0.015721339,0.019613698,0.018770215,0.023114782,0.028745389,0.035338637,0.042182016,0.048859815,0.053506933,0.058128978,0.061324657,0.062686286,0.061959994,0.05944954,0.055664782,0.051131654,0.04618858,0.041368675
"GCAM 7.1","Reference","Pakistan","Emissions|CO|Energy|Demand|Commercial","Mt CO/yr",0.025546828,0.009325965,0.015721339,0.019613698,0.018748989,0.022856497,0.028246102,0.034564886,0.041159113,0.04765273,0.052286805,0.056897404,0.060156858,0.061561132,0.060883107,0.058377929,0.054603123,0.050120662,0.045264672,0.040663555
"GCAM 7.1","CurrentMeasures","Pakistan","Emissions|CO|Energy|Demand|Industry","Mt CO/yr",1.469063972,1.513743025,1.5326893755,3.4897560985,4.0211371338,5.3332611825,6.8793498993,8.64510220177,10.46887244015,12.24470116036,13.938517746023,15.444969998434,16.827450780085,18.0693349020662,19.1478214626944,20.0430383735491,20.7606513668681,21.2958202839952,21.6765218654597,21.9426759146627
"GCAM 7.1","Reference","Pakistan","Emissions|CO|Energy|Demand|Industry","Mt CO/yr",1.469063972,1.513743025,1.5326893755,3.4897560985,4.0211362625,5.3415278431,6.896153736,8.67132286078,10.50377198567,12.28402019178,13.982188223123,15.491048243218,16.880852571761,18.1275536594364,19.2122302472166,20.1154021096718,20.8404060581894,21.3798814669223,21.7629740424863,22.0178559855933
"GCAM 7.1","CurrentMeasures","Pakistan","Emissions|CO|Energy|Demand|Residential","Mt CO/yr",5.8474855603,6.51934139845,7.20420502226,8.09296887093,7.72542469957,6.91923623802,6.20546224575,5.54584767233,4.93172292635,4.3785926456,3.8554240505,3.4172491957,3.0519188674,2.7575333907,2.5080870961,2.2971382842,2.1230856661,1.97586477873,1.85048811881,1.75158038636
"GCAM 7.1","Reference","Pakistan","Emissions|CO|Energy|Demand|Residential","Mt CO/yr",5.8474855603,6.51934139845,7.20420502226,8.09296887093,7.72514861485,6.91754090793,6.20262934388,5.54187906188,4.92710768866,4.37343614679,3.8504436761,3.4125477703,3.0473941154,2.7531433435,2.5037925199,2.2928119196,2.1187169666,1.97158007624,1.84638322335,1.7482584107
"GCAM 7.1","CurrentMeasures","Pakistan","Emissions|CO|Energy|Demand|Residential and Commercial","Mt CO/yr",5.8730323883,6.52866736345,7.21992636126,8.11258256893,7.74419491457,6.94235102002,6.23420763475,5.58118630933,4.97390494235,4.4274524606,3.9089309835,3.4753781737,3.1132435244,2.8202196767,2.5700470901,2.3565878242,2.1787504481,2.02699643273,1.89667669881,1.79294906136
"GCAM 7.1","Reference","Pakistan","Emissions|CO|Energy|Demand|Residential and Commercial","Mt CO/yr",5.8730323883,6.52866736345,7.21992636126,8.11258256893,7.74389760385,6.94039740493,6.23087544588,5.57644394788,4.96826680166,4.42108887679,3.9027304811,3.4694451743,3.1075509734,2.8147044755,2.5646756269,2.3511898486,2.1733200896,2.02170073824,1.89164789535,1.7889219657
"GCAM 7.1","CurrentMeasures","Pakistan","Emissions|CO|Energy|Demand|Residential and Commercial and AFOFI","Mt CO/yr",5.8800889683,6.52921121345,7.22012483526,8.11276772693,7.74438979187,6.94255310892,6.23441097677,5.58138593623,4.97409956273,4.42763665915,3.90910640823,3.47554815245,3.11340761515,2.82037528365,2.57019225628,2.35672138943,2.17887237996,2.02710748268,1.89677753254,1.7930406849
"GCAM 7.1","Reference","Pakistan","Emissions|CO|Energy|Demand|Residential and Commercial and AFOFI","Mt CO/yr",5.8800889683,6.52921121345,7.22012483526,8.11276772693,7.74409248305,6.94059947623,6.23107870885,5.57664337227,4.96846107307,4.421272575,3.9029052903,3.46961451423,3.10771447979,2.81485956596,2.56482033191,2.35132298372,2.17344160495,2.02181138431,1.89174834837,1.78901325423
"GCAM 7.1","CurrentMeasures","Pakistan","Emissions|CO|Energy|Demand|Transportation","Mt CO/yr",0.899848062,1.14480107646,2.23971879318,2.60977673179,2.548015493844,2.291590885662,2.068098879372,1.821186148584,1.695324228693,1.6704683186376,1.704780930164,1.747675627054,1.790779973226,1.839276528647,1.878596730456,1.904109040567,1.916124890366,1.916390634615,1.903307847639,1.881235665121
"GCAM 7.1","Reference","Pakistan","Emissions|CO|Energy|Demand|Transportation","Mt CO/yr",0.899848062,1.14480107646,2.23971879318,2.60977673179,2.607429304884,2.427518094738,2.320169974002,2.183043806158,2.1005407633792,2.07609207331,2.12295443811,2.172937357442,2.221836785766,2.282192521046,2.333435186036,2.368493382046,2.387183802154,2.391173813492,2.378179679581,2.356916395866
"GCAM 7.1","CurrentMeasures","Pakistan","Emissions|CO|Energy|Demand|Transportation|Light-Duty Vehicle","Mt CO/yr",0.16946422724,0.2133352648,0.42882576522,0.48736943531,0.46180959723,0.40963161809,0.37507464727,0.31599561229,0.26593766098,0.2147666495,0.17455149984,0.14077332367,0.11177614352,0.089082581511,0.07055425023,0.055682235971,0.043950642514,0.034772664137,0.027520496171,0.023352563631
"GCAM 7.1","Reference","Pakistan","Emissions|CO|Energy|Demand|Transportation|Light-Duty Vehicle","Mt CO/yr",0.16946422724,0.2133352648,0.42882576522,0.48736943531,0.48939768794,0.45704478982,0.44511693591,0.4052340489,0.34540414009,0.28303216706,0.23411800404,0.19161079298,0.15459256357,0.12549436855,0.10148021048,0.08194937342,0.066339562662,0.053932569328,0.043950186927,0.037435038694
"GCAM 7.1","CurrentMeasures","Pakistan","Emissions|CO|Energy|Demand|Transportation|Truck","Mt CO/yr",0.0865038,0.1326084,0.2315375,0.3555882,0.36225379,0.34153473,0.32446706,0.28548094,0.29431505,0.29866006,0.30416525,0.31591622,0.33038557,0.34375358,0.35376134,0.3596865,0.36218019,0.3623911,0.36054617,0.3558402
"GCAM 7.1","Reference","Pakistan","Emissions|CO|Energy|Demand|Transportation|Truck","Mt CO/yr",0.0865038,0.1326084,0.2315375,0.3555882,0.36225909,0.34152778,0.32434282,0.28482623,0.29292161,0.29632196,0.30106078,0.31236343,0.32670166,0.34004408,0.35000137,0.35574017,0.35792572,0.35784053,0.35580854,0.35130386
"GCAM 7.1","CurrentMeasures","Pakistan","Emissions|CO|Energy|Supply","Mt CO/yr",0.1530463046,0.17098739017,0.1858128981,0.2165087562,0.221821230234921,0.246272123196894,0.265034348787799,0.288398811621173,0.30487191048146,0.30169977959333,0.27667221211021,0.2584998257075,0.2461601072947,0.2443287744416,0.239787925704,0.2331758814674,0.2265683798136,0.2212344506655,0.2156588244051,0.2092623618369
"GCAM 7.1","Reference","Pakistan","Emissions|CO|Energy|Supply","Mt CO/yr",0.1530463046,0.17098739017,0.1858128981,0.2165087562,0.226773113903124,0.255832828244232,0.278435764273216,0.305417103788517,0.32273532545519,0.32020956446139,0.29365044981098,0.27578687906203,0.2691411065509,0.2672311796461,0.2630552544873,0.2589843629767,0.2524644031964,0.2471527400393,0.2411371727635,0.2336224832743
"GCAM 7.1","CurrentMeasures","Pakistan","Emissions|CO|Energy|Supply|Electricity","Mt CO/yr",0.0141095386,0.02062368217,0.0250194441,0.039014347,0.031816647,0.03532543004,0.03804296651,0.0425015372,0.0449441851,0.0444881499,0.0406827295,0.0409826125,0.0407499487,0.0416591567,0.0416401369,0.041792551,0.041229275,0.041781653,0.042971704,0.044568298
"GCAM 7.1","Reference","Pakistan","Emissions|CO|Energy|Supply|Electricity","Mt CO/yr",0.0141095386,0.02062368217,0.0250194441,0.039014347,0.0340094839,0.03921057538,0.0435451659,0.0497114927,0.053446316,0.0532820171,0.0486129706,0.0494119516,0.0495549241,0.050230066,0.050149908,0.05026124,0.049649422,0.050355696,0.051757713,0.053871058
"GCAM 7.1","CurrentMeasures","Pakistan","Emissions|CO|Energy|Supply|Fugitive","Mt CO/yr",0.138936766,0.150363708,0.160793454,0.1774944092,0.190000275,0.2109302952,0.226955442,0.2458284332,0.2598102436,0.2570285018,0.2357204579,0.2171476654,0.2049347254,0.2020769865,0.197437395,0.190542191,0.184359879,0.178336267,0.171439479,0.163327607
"GCAM 7.1","Reference","Pakistan","Emissions|CO|Energy|Supply|Fugitive","Mt CO/yr",0.138936766,0.150363708,0.160793454,0.1774944092,0.192759081,0.216604745,0.2348521974,0.2556325001,0.2691661152,0.2667389532,0.2447632253,0.2259954722,0.219096837,0.2163903408,0.212172836,0.20785845,0.20181155,0.195653677,0.188100507,0.178333659
"GCAM 7.1","CurrentMeasures","Pakistan","Emissions|CO|Energy|Supply|Hydrogen","Mt CO/yr",0,0,0,0,9.3544921e-08,2.524819894e-06,8.584134799e-06,2.0703719173e-05,3.306868046e-05,4.571322333e-05,5.758041021e-05,6.95674467e-05,8.16300349e-05,9.3031085e-05,0.000104461643,0.000116193352,0.000128864449,0.000142606715,0.000157270848,0.000171633142
"GCAM 7.1","Reference","Pakistan","Emissions|CO|Energy|Supply|Hydrogen","Mt CO/yr",0,0,0,0,9.3478124e-08,2.557678232e-06,8.618508216e-06,2.0658308517e-05,3.296902119e-05,4.560939939e-05,5.748300698e-05,6.948268063e-05,8.13601262e-05,9.2712026e-05,0.000104110144,0.000115852547,0.000128604975,0.000142466215,0.000157238194,0.000172119101
"GCAM 7.1","CurrentMeasures","Pakistan","Emissions|CO|Energy|Supply|Liquids","Mt CO/yr",0,0,0,0,4.21469e-06,1.3873137e-05,2.7356143e-05,4.8137502e-05,8.4413101e-05,0.00013741467,0.0002114443,0.0002999803608,0.0003938031598,0.0004996001566,0.000605932161,0.0007249461154,0.0008503613646,0.0009739239505,0.0010903705571,0.0011948236949
"GCAM 7.1","Reference","Pakistan","Emissions|CO|Energy|Supply|Liquids","Mt CO/yr",0,0,0,0,4.455525e-06,1.4950186e-05,2.9782465e-05,5.245268e-05,8.9925234e-05,0.000142984762,0.000216770904,0.0003099725814,0.0004079853247,0.0005180608201,0.0006284003433,0.0007488204297,0.0008748262214,0.0010009008243,0.0011217145695,0.0012456471733
"GCAM 7.1","CurrentMeasures","Pakistan","Emissions|CO|Industrial Processes","Mt CO/yr",0.0304949609,0.02881501,0.012384885811,0.0162166,0.016542344,0.017873496,0.018824723,0.018733281,0.017788696,0.017208851,0.016583304,0.01624763682,0.0160401202,0.0158720023,0.0158827759,0.0159127252,0.0159176339,0.0159738641,0.0160370367,0.0161212078
"GCAM 7.1","Reference","Pakistan","Emissions|CO|Industrial Processes","Mt CO/yr",0.0304949609,0.02881501,0.012384885811,0.0162166,0.016533443,0.017848435,0.018796457,0.01871288,0.017762015,0.0171904376,0.0165356127,0.01621634283,0.0159794668,0.0158084617,0.0158233619,0.0158527969,0.0158589708,0.0159179254,0.0159780937,0.0160677636
"GCAM 7.1","CurrentMeasures","Pakistan","Emissions|CO|Industrial Processes|Chemicals","Mt CO/yr",0.0132714,0.0150721,0.0122973,0.0162166,0.016542344,0.017873496,0.018824723,0.018733281,0.017788696,0.017208851,0.016583304,0.01624763682,0.0160401202,0.0158720023,0.0158827759,0.0159127252,0.0159176339,0.0159738641,0.0160370367,0.0161212078
"GCAM 7.1","Reference","Pakistan","Emissions|CO|Industrial Processes|Chemicals","Mt CO/yr",0.0132714,0.0150721,0.0122973,0.0162166,0.016533443,0.017848435,0.018796457,0.01871288,0.017762015,0.0171904376,0.0165356127,0.01621634283,0.0159794668,0.0158084617,0.0158233619,0.0158527969,0.0158589708,0.0159179254,0.0159780937,0.0160677636
"GCAM 7.1","CurrentMeasures","Pakistan","Emissions|CO|Industrial Processes|Chemicals|Ammonia","Mt CO/yr",0.0132714,0.0150721,0.0122973,0.0162166,0.016542344,0.017873496,0.018824723,0.018733281,0.017788696,0.017208851,0.016583304,0.01624763682,0.0160401202,0.0158720023,0.0158827759,0.0159127252,0.0159176339,0.0159738641,0.0160370367,0.0161212078
"GCAM 7.1","Reference","Pakistan","Emissions|CO|Industrial Processes|Chemicals|Ammonia","Mt CO/yr",0.0132714,0.0150721,0.0122973,0.0162166,0.016533443,0.017848435,0.018796457,0.01871288,0.017762015,0.0171904376,0.0165356127,0.01621634283,0.0159794668,0.0158084617,0.0158233619,0.0158527969,0.0158589708,0.0159179254,0.0159780937,0.0160677636
"GCAM 7.1","CurrentMeasures","Pakistan","Emissions|CO|Industrial Processes|Iron and Steel","Mt CO/yr",0.0172235609,0.01374291,8.7585811e-05,0,0,0,0,0,0,0,0,0,0,0,0,0,0,0,0,0
"GCAM 7.1","Reference","Pakistan","Emissions|CO|Industrial Processes|Iron and Steel","Mt CO/yr",0.0172235609,0.01374291,8.7585811e-05,0,0,0,0,0,0,0,0,0,0,0,0,0,0,0,0,0
"GCAM 7.1","CurrentMeasures","Pakistan","Emissions|CO|Product Use","Mt CO/yr",0.072845,0.0320872,0.0152815,0.00490032,0.0054734,0.00677351,0.00826411,0.0099276,0.0116816,0.01341,0.0149617,0.0162463,0.0171648,0.0176607,0.0177567,0.0174929,0.0169646,0.0162992,0.0155794,0.0148216
"GCAM 7.1","Reference","Pakistan","Emissions|CO|Product Use","Mt CO/yr",0.072845,0.0320872,0.0152815,0.00490032,0.00547251,0.0067694,0.00825795,0.00991988,0.0116724,0.0134012,0.0149519,0.0162385,0.0171568,0.017655,0.0177536,0.0174919,0.016965,0.0163025,0.0155849,0.0148273
"GCAM 7.1","CurrentMeasures","Pakistan","Emissions|CO|Waste","Mt CO/yr",0.448325,0.513922,0.568562,0.568562,0.608123,0.645391,0.675564,0.693922,0.698984,0.692828,0.676147,0.651214,0.618331,0.580819,0.540067,0.498425,0.458176,0.420331,0.385163,0.352654
"GCAM 7.1","Reference","Pakistan","Emissions|CO|Waste","Mt CO/yr",0.448325,0.513922,0.568562,0.568562,0.608123,0.645391,0.675564,0.693922,0.698984,0.692828,0.676147,0.651214,0.618331,0.580819,0.540067,0.498425,0.458176,0.420331,0.385163,0.352654
"GCAM 7.1","CurrentMeasures","Pakistan","Emissions|F-Gases","Mt CO2-equiv/yr",0.6037406229,1.1023625629,2.6887588009,5.9592267768,7.5399143912,11.0758361255,14.4651523099,19.015693256,25.111205892,33.100757715,43.004415382,54.852640158,68.333954697,82.757296128,97.743868028,112.324277249,125.956796326,138.511246947,149.645457362,159.150103523
"GCAM 7.1","Reference","Pakistan","Emissions|F-Gases","Mt CO2-equiv/yr",0.6037406229,1.1023625629,2.6887588009,5.9592267768,7.5457588316,11.1341017619,14.5745463428,19.189057852,25.345909427,33.408201098,43.372846646,55.279482676,68.819213365,83.303481502,98.357582583,113.025488206,126.748151176,139.369589127,150.537460982,159.913735963
"GCAM 7.1","CurrentMeasures","Pakistan","Emissions|HFC","kt HFC134a-equiv/yr",0.5845481762,1.0809164399,2.671695902,5.9352692768,7.5142103912,11.0409459255,14.4218137099,18.959590456,25.042560692,33.018431215,42.912571482,54.744193158,68.205492697,82.607691128,97.571410028,112.129102249,125.740005326,138.274242947,149.389849362,158.876182523
"GCAM 7.1","Reference","Pakistan","Emissions|HFC","kt HFC134a-equiv/yr",0.5845481762,1.0809164399,2.671695902,5.9352692768,7.5201775316,11.0994443619,14.5313821428,19.133464952,25.277751027,33.326564898,43.282344046,55.171783676,68.691689365,83.155132502,98.186443583,112.831783206,126.532823176,139.133931127,150.283096982,159.642360963
"GCAM 7.1","CurrentMeasures","Pakistan","Emissions|HFC|HFC125","kt HFC125/yr",0.061525818,0.14388796,0.36322057,1.2015368,1.6646542,2.5886112,3.3469094,4.34753,5.662342,7.353083,9.406199,11.80368,14.466535,17.240416,20.041737,22.689067,25.090176,27.22724,29.05167,30.54915
"GCAM 7.1","Reference","Pakistan","Emissions|HFC|HFC125","kt HFC125/yr",0.061525818,0.14388796,0.36322057,1.2015368,1.6658923,2.6012255,3.3699902,4.383318,5.709163,7.412417,9.474751,11.879804,14.549247,17.330092,20.138783,22.796429,25.208035,27.35201,29.17841,30.65585
"GCAM 7.1","CurrentMeasures","Pakistan","Emissions|HFC|HFC134a","kt HFC134a/yr",0.39459936,0.69942039,1.7455591,3.1915477,3.8412421,5.3520107,7.0781646,9.4346568,12.654188,16.9496316,22.3772802,28.9962204,36.670386,45.0462759,53.9259429,62.7352296,71.1329244,79.0270384,86.1801565,92.4126993
"GCAM 7.1","Reference","Pakistan","Emissions|HFC|HFC134a","kt HFC134a/yr",0.39459936,0.69942039,1.7455591,3.1915477,3.8445373,5.3832521,7.1378488,9.5311704,12.7881681,17.1294922,22.5988425,29.2592009,36.9777609,45.3998213,54.3310888,63.2056047,71.6707469,79.6168494,86.7992035,92.9479433
"GCAM 7.1","CurrentMeasures","Pakistan","Emissions|HFC|HFC143a","kt HFC143a/yr",0.075669424,0.15598668,0.39376156,1.3014557,1.8028384,2.8031597,3.6243321,4.707924,6.131793,7.962775,10.18623,12.782662,15.666546,18.670734,21.704657,24.571833,27.17252,29.48727,31.46339,33.08536
"GCAM 7.1","Reference","Pakistan","Emissions|HFC|HFC143a","kt HFC143a/yr",0.075669424,0.15598668,0.39376156,1.3014557,1.8041778,2.8168182,3.6493276,4.746684,6.182499,8.027031,10.26048,12.865121,15.756109,18.76783,21.809759,24.688182,27.3002,29.62232,31.60058,33.20091
"GCAM 7.1","CurrentMeasures","Pakistan","Emissions|HFC|HFC227ea","kt HFC227ea/yr",0.00858987,0.0119759,0.0266336,0.0266336,0.0128851,0.0151167,0.0165073,0.0178718,0.0191854,0.0204563,0.0216481,0.0227574,0.023744,0.0245977,0.0253072,0.025872,0.026324,0.0266882,0.0269707,0.0271831
"GCAM 7.1","Reference","Pakistan","Emissions|HFC|HFC227ea","kt HFC227ea/yr",0.00858987,0.0119759,0.0266336,0.0266336,0.0128851,0.0151167,0.0165073,0.0178718,0.0191854,0.0204563,0.0216481,0.0227574,0.023744,0.0245977,0.0253072,0.025872,0.026324,0.0266882,0.0269707,0.0271831
"GCAM 7.1","CurrentMeasures","Pakistan","Emissions|HFC|HFC23","kt HFC23/yr",0.0005473863,0.0002101709,0.00053054,0.0014084418,0.0018790352,0.0028302905,0.0036795239,0.004809881,0.006310362,0.008258892,0.010651053,0.013478965,0.016659482,0.020019387,0.023464128,0.026770563,0.02981955,0.0325845,0.03499547,0.03701854
"GCAM 7.1","Reference","Pakistan","Emissions|HFC|HFC23","kt HFC23/yr",0.0005473863,0.0002101709,0.00053054,0.0014084418,0.0018804856,0.0028447369,0.0037062668,0.004851837,0.006366197,0.008330875,0.010735917,0.013575283,0.01676675,0.020138161,0.023595383,0.02691862,0.0299846,0.03276168,0.03517799,0.03717388
"GCAM 7.1","CurrentMeasures","Pakistan","Emissions|HFC|HFC245fa","kt HFC245fa/yr",0.00337562,0.00761796,0.0182764,0.020969,0.0135493,0.0212203,0.0270145,0.0342119,0.0429113,0.052992,0.0641121,0.0759859,0.0882168,0.100102,0.111363,0.121527,0.13045,0.138508,0.14601,0.152906
"GCAM 7.1","Reference","Pakistan","Emissions|HFC|HFC245fa","kt HFC245fa/yr",0.00337562,0.00761796,0.0182764,0.020969,0.0135471,0.0212075,0.0269943,0.0341854,0.0428772,0.0529572,0.0640701,0.0759496,0.0881757,0.10007,0.111344,0.12152,0.130453,0.138536,0.14606,0.152966
"GCAM 7.1","CurrentMeasures","Pakistan","Emissions|HFC|HFC32","kt HFC32/yr",0.0055071109,0.011339338,0.028624227,0.09482247,0.13139755,0.20436181,0.26421653,0.34319368,0.4469611,0.5803888,0.7424017,0.9315695,1.1416567,1.3604792,1.5814411,1.7902283,1.9795749,2.1480734,2.2918947,2.4099103
"GCAM 7.1","Reference","Pakistan","Emissions|HFC|HFC32","kt HFC32/yr",0.0055071109,0.011339338,0.028624227,0.09482247,0.13149503,0.20535733,0.26603812,0.34601762,0.4506562,0.585069,0.7478085,0.9375722,1.1481778,1.3675482,1.5890875,1.7986887,1.9888598,2.1578976,2.3018828,2.4183203
"GCAM 7.1","CurrentMeasures","Pakistan","Emissions|HFC|HFC43-10","kt HFC43-10/yr",0.00290613,0.0025807,0.00455464,0.00522567,0.00581297,0.00730852,0.00911506,0.0113042,0.0138783,0.0170645,0.0206454,0.024469,0.0284076,0.0322349,0.0358611,0.0391341,0.0420075,0.0446024,0.047018,0.0492389
"GCAM 7.1","Reference","Pakistan","Emissions|HFC|HFC43-10","kt HFC43-10/yr",0.00290613,0.0025807,0.00455464,0.00522567,0.00581202,0.00730409,0.00910826,0.0112954,0.0138673,0.0170533,0.0206319,0.0244573,0.0283943,0.0322245,0.0358549,0.039132,0.0420086,0.0446115,0.0470343,0.049258
"GCAM 7.1","CurrentMeasures","Pakistan","Emissions|Kyoto Gases","Mt CO2-equiv/yr",332.508067097109,375.588005803185,462.389902100295,549.366380602991,577.547432344441,668.998531340641,773.790686957275,900.985643678247,1050.77484742793,1211.89242760197,1372.18510481653,1571.55050152576,1780.39835401758,1991.37729601119,2197.55559973271,2387.31567220452,2553.66353084081,2708.73066838821,2851.57856768802,2981.38325971495
"GCAM 7.1","Reference","Pakistan","Emissions|Kyoto Gases","Mt CO2-equiv/yr",332.508067097109,375.588005803185,462.389902100295,549.366380602991,583.308483059415,681.844689608428,795.170310648186,933.012329715799,1094.24229340188,1264.77018936574,1429.67615446234,1644.31702108094,1868.92130679262,2097.52274403798,2325.33507583297,2536.38542770538,2720.96927975311,2895.36951452823,3056.04839807097,3202.27331130417
"GCAM 7.1","CurrentMeasures","Pakistan","Emissions|Kyoto Gases|AFOLU","Mt CO2-equiv/yr",134.858656571352,145.187994263098,201.161350109293,216.657389463668,223.809491131628,250.225157222992,283.423690139033,320.034413383967,358.827427978744,400.794251777443,440.884569721252,485.188728180266,528.28689015738,569.14001982385,607.415266836907,641.841936579762,672.871904909184,699.521455763928,722.929520535673,743.350485018654
"GCAM 7.1","Reference","Pakistan","Emissions|Kyoto Gases|AFOLU","Mt CO2-equiv/yr",134.858656571352,145.187994263098,201.161350109293,216.657389463668,223.802405289089,250.239000828356,283.466039491705,320.110200783489,358.895256703629,400.800787608359,440.656717337349,485.169344548463,528.274842682278,569.102442458158,607.433575691474,641.859737195347,672.882012026283,699.495493120758,722.909793993908,743.343036017909
"GCAM 7.1","CurrentMeasures","Pakistan","Emissions|Kyoto Gases|AFOLU [NGHGI]","Mt CO2-equiv/yr",130.919272050099,153.161635491262,186.605888059049,210.115327582281,228.677154858929,261.300519205934,297.020597687406,335.460343826433,375.548843893026,418.686740757162,460.715703801743,504.063781438742,546.356123460856,585.904051990019,622.426816322132,655.002559035499,683.693774597528,709.227070861582,731.533611505633,750.92313663388
"GCAM 7.1","Reference","Pakistan","Emissions|Kyoto Gases|AFOLU [NGHGI]","Mt CO2-equiv/yr",130.919272050099,153.161635491262,186.605888059049,210.115327582281,228.675460552204,261.317652388589,297.05003052391,335.523422790945,375.592937727766,418.680348956594,460.593554624704,504.050584706738,546.33256554173,585.865663525456,622.421142591313,654.992038552676,683.673464068503,709.217951029732,731.526533620868,750.920369209635
"GCAM 7.1","CurrentMeasures","Pakistan","Emissions|Kyoto Gases|AFOLU|Agriculture","Mt CO2-equiv/yr",130.897807319649,153.140918009262,186.586853422852,210.09621608944,228.657685282133,261.280485917536,296.999959315978,335.439042807792,375.52681152137,418.663827905851,460.691802333348,504.038904414554,546.330323790454,585.877394116112,622.399389028701,654.974455864785,683.665083826157,709.197863499391,731.503962627073,750.893117581173
"GCAM 7.1","Reference","Pakistan","Emissions|Kyoto Gases|AFOLU|Agriculture","Mt CO2-equiv/yr",130.897807319649,153.140918009262,186.586853422852,210.09621608944,228.65599108874,261.29762001341,297.029393511048,335.502124126297,375.570907409096,418.657436180921,460.569649464312,504.025706735052,546.306766038487,585.839005592313,622.393715838905,654.963935935603,683.644773770127,709.188743946179,731.496885087819,750.890350725798
"GCAM 7.1","CurrentMeasures","Pakistan","Emissions|Kyoto Gases|AFOLU|Agriculture|Livestock","Mt CO2-equiv/yr",100.8522293865,120.713883052,148.705489802,169.7639148025,187.2772151175,216.33067143,248.409260248,283.797876034,321.9892646145,363.1097958055,405.5076137945,448.0590185255,489.552440992,528.6325736815,564.579600153,596.676745155,625.0901654175,650.2647556175,672.2934932335,691.5187070555
"GCAM 7.1","Reference","Pakistan","Emissions|Kyoto Gases|AFOLU|Agriculture|Livestock","Mt CO2-equiv/yr",100.8522293865,120.713883052,148.705489802,169.7639148025,187.277232704,216.3329492385,248.412083721,283.801753766,321.9919837515,363.1086174365,405.499092994,448.0564882305,489.553094712,528.6330776715,564.580479375,596.6768170325,625.0877388055,650.263434946,672.293337562,691.5199017475
"GCAM 7.1","CurrentMeasures","Pakistan","Emissions|Kyoto Gases|AFOLU|Agriculture|Livestock|Enteric Fermentation","Mt CO2-equiv/yr",100.590749188,120.349406641,148.160446144,168.921885163,186.345923403,215.2477210895,247.156416973,282.355185734,320.3395208095,361.2359371055,403.4024325595,445.7204047055,486.984734362,525.8480820065,561.594525398,593.511753065,621.7652152475,646.7975867675,668.7014660135,687.8173075955
"GCAM 7.1","Reference","Pakistan","Emissions|Kyoto Gases|AFOLU|Agriculture|Livestock|Enteric Fermentation","Mt CO2-equiv/yr",100.590749188,120.349406641,148.160446144,168.921885163,186.3459409745,215.2499988865,247.159236571,282.359051826,320.3422299265,361.2347651165,403.393954254,445.7178838705,486.985394477,525.8485857315,561.59540568,593.5118274775,621.7628024855,646.796274231,668.701309812,687.8184986925
"GCAM 7.1","CurrentMeasures","Pakistan","Emissions|Kyoto Gases|AFOLU|Agriculture|Managed Soils","Mt CO2-equiv/yr",17.3943063458495,20.5011872501625,23.8556050164522,23.26899795584,24.1834621941233,26.3566476356232,28.9143222743331,31.2279159722786,33.1559290769141,35.3727416496767,36.2308466932348,37.2919066741588,38.1991597977219,38.9129155533644,39.6176186248276,40.2405855459216,40.7660663991301,41.2376867023785,41.6239628984992,41.9122017624822
"GCAM 7.1","Reference","Pakistan","Emissions|Kyoto Gases|AFOLU|Agriculture|Managed Soils","Mt CO2-equiv/yr",17.3943063458495,20.5011872501625,23.8556050164522,23.26899795584,24.1821513394491,26.3591450622527,28.9208567889242,31.2463497666656,33.1695645361396,35.3720373605653,36.1816532490222,37.276780782455,38.1813299423443,38.8925415226157,39.6109417200724,40.2344674057694,40.7590499372017,41.2329446706613,41.6207361485562,41.9155224290508
"GCAM 7.1","CurrentMeasures","Pakistan","Emissions|Kyoto Gases|AFOLU|Agriculture|Rice","Mt CO2-equiv/yr",12.6512715873,11.9258477071,14.0257586044,17.0633033311,17.19700797051,18.593166851913,19.676376793645,20.413250801514,20.381617829956,20.181290450674,18.9533418456135,18.6879792148955,18.578723000732,18.3319048812475,18.202170250873,18.0571251638635,17.8088520095265,17.6954211795125,17.5865064950735,17.4622087631905
"GCAM 7.1","Reference","Pakistan","Emissions|Kyoto Gases|AFOLU|Agriculture|Rice","Mt CO2-equiv/yr",12.6512715873,11.9258477071,14.0257586044,17.0633033311,17.196607045291,18.605525712657,19.6964530011235,20.4540205936315,20.409359121456,20.176781383856,18.8889032212895,18.692437722097,18.5723413841425,18.313386398197,18.202294743833,18.0526514973335,17.797985027425,17.6923643295175,17.5828113772625,17.4549265492475
"GCAM 7.1","CurrentMeasures","Pakistan","Emissions|Kyoto Gases|AFOLU|Land","Mt CO2-equiv/yr",0.001363902,0.0023373795,0.002901696947,0.0029831315,0.0033622127545,0.003968286331,0.004614288809,0.00531771684,0.0060873613485,0.007005255549,0.008036024618,0.0090580971025,0.0100240594145,0.0109197309535,0.01172213243,0.012425544296,0.0130360017675,0.0135725414905,0.014030609864,0.0144140070145
"GCAM 7.1","Reference","Pakistan","Emissions|Kyoto Gases|AFOLU|Land","Mt CO2-equiv/yr",0.001363902,0.0023373795,0.002901696947,0.0029831315,0.0033620911725,0.003967446122,0.004613005944,0.005315609984,0.006085405728,0.007005081974,0.008039213098,0.0090590401315,0.0100238430155,0.0109197407585,0.011721561302,0.0124249416595,0.0130354478115,0.0135722276245,0.014030231762,0.0144134273535
"GCAM 7.1","CurrentMeasures","Pakistan","Emissions|Kyoto Gases|Energy","Mt CO2-equiv/yr",144.160416657493,163.571750191681,186.970767270568,248.615674904861,263.40789552484,314.373925764936,370.187635968597,443.044885385219,535.133445862895,633.365119823978,733.265671365009,867.972294204812,1014.19913288062,1165.94304711215,1316.53113866672,1456.05397533806,1577.11870666914,1691.97180890832,1799.09478766989,1896.77357775662
"GCAM 7.1","Reference","Pakistan","Emissions|Kyoto Gases|Energy","Mt CO2-equiv/yr",144.160416657493,163.571750191681,186.970767270568,248.615674904861,269.06677637901,327.029897960675,391.289894096814,474.742120393226,578.28766594527,686.118082190153,791.127760028062,940.939031635147,1102.98012136412,1272.39821910465,1444.51270007909,1605.35041365669,1744.77807703104,1879.20374762489,2004.47447522802,2118.94419671338
"GCAM 7.1","CurrentMeasures","Pakistan","Emissions|Kyoto Gases|Energy and Industrial Processes","Mt CO2-equiv/yr",167.736342659637,196.346836861327,222.539267273802,288.160821575123,306.450669918753,367.8751414498,436.005947361247,523.41746269586,631.602643238332,747.058742367647,863.530028676851,1015.11870989819,1177.77970572882,1345.23289889511,1510.91486375106,1664.47994109035,1798.38291285592,1925.66062802956,2044.21568679217,2152.93461807991
"GCAM 7.1","Reference","Pakistan","Emissions|Kyoto Gases|Energy and Industrial Processes","Mt CO2-equiv/yr",167.736342659637,196.346836861327,222.539267273802,288.160821575123,312.218806476266,380.707456112221,457.343221699486,555.368361333889,675.002260487396,799.929968300499,921.248930706557,1087.90461308517,1266.31470597897,1451.41592428759,1638.67603099675,1813.53189597562,1965.67855465112,2112.32543681275,2248.70524371689,2373.83211866988
"GCAM 7.1","CurrentMeasures","Pakistan","Emissions|Kyoto Gases|Energy|Demand","Mt CO2-equiv/yr",110.597852160195,126.450071825446,149.976358591248,201.675601486328,217.715821342347,258.744922986904,305.323734216098,358.015606024803,424.449295067797,503.76536349797,595.172782689658,694.499895221165,797.922767474001,898.933413089928,995.788633653245,1084.12596875006,1162.98326822038,1232.46543144721,1292.52320595706,1343.03954992136
"GCAM 7.1","Reference","Pakistan","Emissions|Kyoto Gases|Energy|Demand","Mt CO2-equiv/yr",110.597852160195,126.450071825446,149.976358591248,201.675601486328,218.667407101304,260.442213518448,308.334765938081,362.081453425943,428.020257794289,506.354598106154,596.984482186358,695.656447549066,798.266434181852,899.304032750452,996.304876436683,1084.79724136397,1163.75623348334,1233.40244966847,1293.66137238882,1345.90155073705
"GCAM 7.1","CurrentMeasures","Pakistan","Emissions|Kyoto Gases|Energy|Demand|AFOFI","Mt CO2-equiv/yr",0.312173138228169,0.12985683825176,0.0483175218543761,0.0452936244774356,0.0481639924703622,0.0513813866444868,0.0531024563574758,0.0536831443589446,0.0544159259187271,0.0532166114214844,0.0532909619084905,0.0554342562736175,0.0584191407460875,0.0609136128800799,0.0627047634243419,0.063744866585936,0.0642544624223154,0.0645230425868396,0.0644711657995015,0.0643402939641563
"GCAM 7.1","Reference","Pakistan","Emissions|Kyoto Gases|Energy|Demand|AFOFI","Mt CO2-equiv/yr",0.312173138228169,0.12985683825176,0.0483175218543761,0.0452936244774356,0.0481644194841956,0.0513733104841528,0.0530656779993058,0.0535852441161857,0.0542367710098442,0.0529316339092919,0.0529175447694566,0.055013326703646,0.0579883799651484,0.0604863394469411,0.0622775706669698,0.0633035428595626,0.0637852250576061,0.0640244457397944,0.063954362743288,0.0638431120117779
"GCAM 7.1","CurrentMeasures","Pakistan","Emissions|Kyoto Gases|Energy|Demand|Bunkers","Mt CO2-equiv/yr",3.20639946729569,3.5577407389874,3.15403229313799,1.69513429268632,1.77405596731345,2.09355310867229,2.45082929037522,3.08400718540038,3.90230887183824,4.91101212360395,6.10825752184,7.55698221832807,9.23964726965726,11.1285987183744,13.225469245991,15.4734720001492,17.8412615524968,20.3294968791514,22.8984549057399,25.5271605123871
"GCAM 7.1","Reference","Pakistan","Emissions|Kyoto Gases|Energy|Demand|Bunkers","Mt CO2-equiv/yr",3.20639946729569,3.5577407389874,3.15403229313799,1.69513429268632,1.77410312403345,2.09357030763229,2.45085883640856,3.08405669327972,3.90168746948619,4.91080391125593,6.10812283623265,7.55672691207538,9.23932828964923,11.128399757307,13.2252744527036,15.4725432119211,17.83932984122,20.3269927031945,22.8958386879097,25.5249344889269
"GCAM 7.1","CurrentMeasures","Pakistan","Emissions|Kyoto Gases|Energy|Demand|Bunkers|International Aviation","Mt CO2-equiv/yr",2.73708697924693,2.53732982706224,2.45163971738785,1.52654240213775,1.60374089131139,1.90966106083899,2.25763245470373,2.87677930842626,3.67538987199833,4.66253285708741,5.83837036552685,7.26206758732199,8.91881200913816,10.7814166243062,12.8514330928264,15.0732681263602,17.4155975765716,19.8781259901271,22.4216986453567,25.0251858589249
"GCAM 7.1","Reference","Pakistan","Emissions|Kyoto Gases|Energy|Demand|Bunkers|International Aviation","Mt CO2-equiv/yr",2.73708697924693,2.53732982706224,2.45163971738785,1.52654240213775,1.60378151614472,1.90967586000566,2.2576583068704,2.87682365292627,3.67483223033161,4.66234819875406,5.83825957052684,7.26184573232197,8.9185165558048,10.7812319659729,12.851248169493,15.0723812363601,17.4137504632381,19.8757251667936,22.4191864970231,25.0230432922581
"GCAM 7.1","CurrentMeasures","Pakistan","Emissions|Kyoto Gases|Energy|Demand|Bunkers|International Shipping","Mt CO2-equiv/yr",0.469312488048765,1.02041091192517,0.702392575750147,0.168591890548568,0.170315076002059,0.183892047833294,0.193196835671498,0.20722787697412,0.226918999839911,0.248479266516536,0.269887156313145,0.294914631006081,0.320835260519098,0.347182094068154,0.374036153164589,0.400203873788962,0.42566397592527,0.451370889024268,0.476756260383236,0.50197465346219
"GCAM 7.1","Reference","Pakistan","Emissions|Kyoto Gases|Energy|Demand|Bunkers|International Shipping","Mt CO2-equiv/yr",0.469312488048765,1.02041091192517,0.702392575750147,0.168591890548568,0.170321607888726,0.183894447626628,0.193200529538165,0.207233040353454,0.226855239154572,0.248455712501867,0.269863265705809,0.294881179753411,0.320811733844429,0.347167791334153,0.374026283210588,0.400161975560958,0.425579377981929,0.451267536400925,0.47665219088656,0.501891196668849
"GCAM 7.1","CurrentMeasures","Pakistan","Emissions|Kyoto Gases|Energy|Demand|Commercial","Mt CO2-equiv/yr",3.11161282166401,4.02808773218784,7.06537178854376,8.90373234552183,9.72265456894728,13.2136310255819,17.9432186425269,24.5754225409971,33.8433716420718,46.1577085482547,61.802724371004,81.3427663496525,104.256555979811,129.390599214793,156.400831112283,183.508015450163,209.786237050903,234.75079919812,257.557961096492,277.420185859965
"GCAM 7.1","Reference","Pakistan","Emissions|Kyoto Gases|Energy|Demand|Commercial","Mt CO2-equiv/yr",3.11161282166401,4.02808773218784,7.06537178854376,8.90373234552183,9.71746885778464,13.1731198763399,17.8703884737267,24.4681657185197,33.6929302819652,46.012330048954,61.6532186093416,81.1752370027095,104.010132983213,129.1621131711,156.169096457022,183.278308235616,209.551667023884,234.484913814115,257.209063882769,277.048009996813
"GCAM 7.1","CurrentMeasures","Pakistan","Emissions|Kyoto Gases|Energy|Demand|Industry","Mt CO2-equiv/yr",52.6012553577998,55.0150293970655,59.9372560680581,86.6992779365468,96.3136171329181,119.244758207063,147.606285806937,180.65424592535,217.941226305813,261.046593476917,307.133334115366,353.346138112565,397.997140722086,438.364474807005,473.559561040183,502.558485389186,525.459955972547,543.141398950224,556.569774374869,566.446237321427
"GCAM 7.1","Reference","Pakistan","Emissions|Kyoto Gases|Energy|Demand|Industry","Mt CO2-equiv/yr",52.6012553577998,55.0150293970655,59.9372560680581,86.6992779365468,96.2875492998316,119.042290961725,147.081514616038,179.506405338299,215.884443999589,258.019463270706,303.110218106148,348.420919155819,392.130355047084,431.696447367637,466.118018063071,494.282410558645,516.242920507892,532.943222625384,545.373032162034,554.754781644335
"GCAM 7.1","CurrentMeasures","Pakistan","Emissions|Kyoto Gases|Energy|Demand|Residential","Mt CO2-equiv/yr",23.1443512401287,27.5213782463964,33.1142517640708,45.1182991912191,48.1009688693941,57.808797004846,66.4513929522838,77.5554230477057,91.6635487749323,108.108983092428,127.345962375318,147.655302852949,167.893329805705,186.179654141881,202.451531108086,215.73434365607,226.130251351507,233.27576220183,237.295074265749,238.66399550726
"GCAM 7.1","Reference","Pakistan","Emissions|Kyoto Gases|Energy|Demand|Residential","Mt CO2-equiv/yr",23.1443512401287,27.5213782463964,33.1142517640708,45.1182991912191,48.0503939608259,57.4837398190167,65.8943635053196,76.7405043837013,90.5531962420711,106.810245043528,125.771071204749,145.787305821378,165.512825012771,183.579369608967,199.556612753546,212.510745696131,222.574063000506,229.445902337784,233.248946898274,235.124405164852
"GCAM 7.1","CurrentMeasures","Pakistan","Emissions|Kyoto Gases|Energy|Demand|Residential and Commercial","Mt CO2-equiv/yr",26.2559640617927,31.5494659785843,40.1796235526146,54.022031536741,57.8236234383414,71.0224280304279,84.3946115948107,102.130845588703,125.506920417004,154.266691640683,189.148686746322,228.998069202602,272.149885785516,315.570253356674,358.852362220368,399.242359106233,435.91648840241,468.02656139995,494.853035362241,516.084181367225
"GCAM 7.1","Reference","Pakistan","Emissions|Kyoto Gases|Energy|Demand|Residential and Commercial","Mt CO2-equiv/yr",26.2559640617927,31.5494659785843,40.1796235526146,54.022031536741,57.7678628186105,70.6568596953566,83.7647519790463,101.208670102221,124.246126524036,152.822575092482,187.42428981409,226.962542824087,269.522957995985,312.741482780067,355.725709210568,395.789053931747,432.12573002439,463.930816151899,490.458010781043,512.172415161665
"GCAM 7.1","CurrentMeasures","Pakistan","Emissions|Kyoto Gases|Energy|Demand|Residential and Commercial and AFOFI","Mt CO2-equiv/yr",26.5681372000208,31.679322816836,40.2279410744689,54.0673251612184,57.8717874308117,71.0738094170724,84.4477140511682,102.184528733062,125.561336342923,154.319908252104,189.20197770823,229.053503458875,272.208304926262,315.631166969554,358.915066983793,399.306103972819,435.980742864833,468.091084442537,494.91750652804,516.14852166119
"GCAM 7.1","Reference","Pakistan","Emissions|Kyoto Gases|Energy|Demand|Residential and Commercial and AFOFI","Mt CO2-equiv/yr",26.5681372000208,31.679322816836,40.2279410744689,54.0673251612184,57.8160272380947,70.7082330058407,83.8178176570456,101.262255346337,124.300363295046,152.875506726391,187.47720735886,227.017556150791,269.58094637595,312.801969119514,355.787986781235,395.852357474606,432.189515249448,463.994840597639,490.521965143786,512.236258273676
"GCAM 7.1","CurrentMeasures","Pakistan","Emissions|Kyoto Gases|Energy|Demand|Transportation","Mt CO2-equiv/yr",28.2220601350791,36.1979788725567,46.6571291555829,59.2138640958768,61.7563608113041,66.3328022540968,70.8189050676178,72.0928241809908,77.0444235472221,83.4878496453451,92.7292133442215,104.543271431397,118.477674555995,133.809172594993,150.088536383278,166.787907387902,183.701307830507,200.903451175298,218.137470148409,234.917630426356
"GCAM 7.1","Reference","Pakistan","Emissions|Kyoto Gases|Energy|Demand|Transportation","Mt CO2-equiv/yr",28.2220601350791,36.1979788725567,46.6571291555829,59.2138640958768,62.7897274393445,68.5981192432498,74.9845748285887,78.2287360480277,83.9337630301679,90.5488241978016,100.288933885117,112.661245330381,127.315804469169,143.677216505993,161.173597139672,179.189930118799,197.48446788478,216.137393742248,234.87053639509,253.385576330116
"GCAM 7.1","CurrentMeasures","Pakistan","Emissions|Kyoto Gases|Energy|Demand|Transportation|Bus","Mt CO2-equiv/yr",4.0533767512894,6.25157858634705,6.71909577419125,8.12816023431498,9.24429259921859,11.094907858122,12.1553836826833,11.8613067619905,13.2787357923836,15.7703297154726,18.912535788486,22.2075474170464,25.3671344011948,27.9286830798232,30.0422533238782,31.6393815962873,32.7509837222531,33.4468312835151,33.7796556084781,33.8505150144844
"GCAM 7.1","Reference","Pakistan","Emissions|Kyoto Gases|Energy|Demand|Transportation|Bus","Mt CO2-equiv/yr",4.0533767512894,6.25157858634705,6.71909577419125,8.12816023431498,9.15285591954383,10.9203167721731,11.897710226927,11.5680630086977,13.0053043407593,15.5072628003824,18.6567332697966,21.9658560508916,25.1438800563749,27.7242268242049,29.8545499366615,31.4653442672051,32.5875024169052,33.2916865372346,33.6316548487316,33.7062122659382
"GCAM 7.1","CurrentMeasures","Pakistan","Emissions|Kyoto Gases|Energy|Demand|Transportation|Domestic Aviation","Mt CO2-equiv/yr",0.171830861682012,0.159273853347558,0.154000656180412,0.0962330815752273,0.109506867876408,0.145923229179648,0.182590631349576,0.245515227855174,0.327256323695778,0.425192852537824,0.532667646880718,0.652496679724711,0.779310369235992,0.921637110748653,1.09042973193033,1.29268404844833,1.5261557884691,1.78904602349248,2.07440755851787,2.3726407535444
"GCAM 7.1","Reference","Pakistan","Emissions|Kyoto Gases|Energy|Demand|Transportation|Domestic Aviation","Mt CO2-equiv/yr",0.171830861682012,0.159273853347558,0.154000656180412,0.0962330815752273,0.109134783426375,0.145189528346249,0.181425282016139,0.243846633188359,0.325390648862279,0.423053287870967,0.529684929713786,0.648018871057646,0.772932777068758,0.912674027581189,1.07838281159593,1.2763242567802,1.50437373013382,1.76166592015671,2.04171050518163,2.3397223318748
"GCAM 7.1","CurrentMeasures","Pakistan","Emissions|Kyoto Gases|Energy|Demand|Transportation|Light-Duty Vehicle","Mt CO2-equiv/yr",13.5922612458972,17.5775034158286,22.4611627499537,28.2417247552067,27.7820527364304,26.2705606212327,25.2796416812231,23.722079447928,22.8316995900454,22.7778476105971,23.9570537440646,25.6758124792206,27.9616716650301,31.1189718623948,34.911255372619,39.2203350164258,43.9509812282656,49.0309443446295,54.2915510102615,59.6449669372103
"GCAM 7.1","Reference","Pakistan","Emissions|Kyoto Gases|Energy|Demand|Transportation|Light-Duty Vehicle","Mt CO2-equiv/yr",13.5922612458972,17.5775034158286,22.4611627499537,28.2417247552067,28.9082270472291,28.7146282760015,29.7223908854852,30.2390237337986,30.1860034173655,30.4447097229403,32.2664399315597,34.6537482499464,37.7295457184186,41.978915885881,47.0703838493743,52.8305019436621,59.1350040984937,65.8854120518218,72.8579191578365,80.0335075450052
"GCAM 7.1","CurrentMeasures","Pakistan","Emissions|Kyoto Gases|Energy|Demand|Transportation|Light-Duty Vehicle|Large Car and SUV","Mt CO2-equiv/yr",1.38416072182902,1.92564415262111,2.28534189469884,2.81248856893493,2.85239115142374,2.71521027268813,2.57386542462153,2.53731708691522,2.69107062396473,3.07963003654877,3.75534223320104,4.5782116539687,5.5682800981388,6.80691052249637,8.26228374085535,9.92767368495916,11.77436599546,13.7836805727017,15.908325659748,18.1163780827735
"GCAM 7.1","Reference","Pakistan","Emissions|Kyoto Gases|Energy|Demand|Transportation|Light-Duty Vehicle|Large Car and SUV","Mt CO2-equiv/yr",1.38416072182902,1.92564415262111,2.28534189469884,2.81248856893493,2.93463175176148,2.98021057945629,3.1811637449592,3.55085066619257,4.07181762533013,4.73504073498611,5.80035789045198,7.04874613055035,8.52095421524939,10.3590158393414,12.5136312528154,14.9704932530769,17.6853736639634,20.6290604791885,23.7301151213632,26.9858792876393
"GCAM 7.1","CurrentMeasures","Pakistan","Emissions|Kyoto Gases|Energy|Demand|Transportation|Light-Duty Vehicle|Midsize Car","Mt CO2-equiv/yr",4.50235951713631,6.2636535976357,7.43367083975842,9.14835529667921,9.11631067966105,8.49559043186055,7.66966476214133,6.84727792532012,6.0708502126597,5.94464454392891,6.25818056853909,6.86408369065483,7.78397384388207,9.02835414285372,10.5060151426712,12.1262941114293,13.855180631965,15.6711730951045,17.5232711992993,19.2956990986964
"GCAM 7.1","Reference","Pakistan","Emissions|Kyoto Gases|Energy|Demand|Transportation|Light-Duty Vehicle|Midsize Car","Mt CO2-equiv/yr",4.50235951713631,6.2636535976357,7.43367083975842,9.14835529667921,9.33150815792899,9.11018097820329,8.94389922663095,8.74603535430555,8.34410938780183,8.2833982981208,8.77188806688363,9.59759951787864,10.8184626431589,12.4860139826076,14.46787674642,16.6349388739007,18.9416273404591,21.3582839261181,23.8161815335182,26.2025909053425
"GCAM 7.1","CurrentMeasures","Pakistan","Emissions|Kyoto Gases|Energy|Demand|Transportation|Light-Duty Vehicle|Subcompact Car","Mt CO2-equiv/yr",1.28959508574779,1.79408889741056,2.12919424299237,2.62032403530509,2.69613235627843,2.98491606288013,3.49035937278208,4.06898663017817,4.83817302802272,5.71431508634422,6.85407101372476,7.99252949187067,9.16529881724507,10.5007703050431,11.9524044580274,13.5035240489726,15.1214362347052,16.7779886864401,18.4172904913083,19.9512477755124
"GCAM 7.1","Reference","Pakistan","Emissions|Kyoto Gases|Energy|Demand|Transportation|Light-Duty Vehicle|Subcompact Car","Mt CO2-equiv/yr",1.28959508574779,1.79408889741056,2.12919424299237,2.62032403530509,2.74171436455036,3.15320988341738,3.89727470903072,4.77553909312217,5.78150073103689,6.83227314734396,8.18612683354847,9.51344906359619,10.8622219769326,12.3972833030828,14.0626311447778,15.8352327647531,17.6785497984535,19.5587362526374,21.4111939570177,23.1879065023458
"GCAM 7.1","CurrentMeasures","Pakistan","Emissions|Kyoto Gases|Energy|Demand|Transportation|Light-Duty Vehicle|Two-Wheeler","Mt CO2-equiv/yr",6.41614592118405,7.59411676816127,10.612955772504,13.6605568542874,13.1172185490672,12.0748438538038,11.5457521216781,10.2684978055145,9.23160572539823,8.03925794377521,7.08945992859976,6.24098764272639,5.44411890576414,4.78293689200162,4.19055203106505,3.66284317106475,3.19999836613539,2.7981019903833,2.4426636599059,2.28164198022798
"GCAM 7.1","Reference","Pakistan","Emissions|Kyoto Gases|Energy|Demand|Transportation|Light-Duty Vehicle|Two-Wheeler","Mt CO2-equiv/yr",6.41614592118405,7.59411676816127,10.612955772504,13.6605568542874,13.9003727729882,13.4710268349245,13.7000532048644,13.1665986201783,11.9885756731966,10.5939975424895,9.50806714067559,8.49395353792122,7.52790688307767,6.73660276084922,6.02624470536112,5.38983705193142,4.82945329561763,4.33933139387791,3.90042854593729,3.65713084967759
"GCAM 7.1","CurrentMeasures","Pakistan","Emissions|Kyoto Gases|Energy|Demand|Transportation|Rail","Mt CO2-equiv/yr",0.368078795691624,0.385370059427507,0.548818123841472,0.711093799587772,0.741876875590128,0.848804944331821,0.895521432735949,0.95753992237462,1.07694499865079,1.20529718762757,1.33283635210431,1.46453982598145,1.58645476072454,1.70090714240042,1.8056670876756,1.89626335348302,1.97626968082297,2.05284953149602,2.1245563411687,2.20786182250904
"GCAM 7.1","Reference","Pakistan","Emissions|Kyoto Gases|Energy|Demand|Transportation|Rail","Mt CO2-equiv/yr",0.368078795691624,0.385370059427507,0.548818123841472,0.711093799587772,0.740467984123354,0.846328654331632,0.892123593869023,0.95365737510766,1.07379423665055,1.20322067169408,1.33154419257088,1.46383736391473,1.58623486072453,1.70103085360044,1.8060871069423,1.89682106081641,1.9769379404897,2.05371924716277,2.12565843450214,2.20890424050913
"GCAM 7.1","CurrentMeasures","Pakistan","Emissions|Kyoto Gases|Energy|Demand|Transportation|Truck","Mt CO2-equiv/yr",10.0365124805189,11.8242529576059,16.7740518514161,22.0366522251922,23.8786317321885,27.9726056012308,32.305767639626,35.3063828208425,39.5297868424466,43.30918227911,47.9941198126858,54.5428750294241,62.7831033598099,72.1389733996264,82.2389308671745,92.7392433732576,103.496917410697,114.583779992164,125.867299629983,136.841645898608
"GCAM 7.1","Reference","Pakistan","Emissions|Kyoto Gases|Energy|Demand|Transportation|Truck","Mt CO2-equiv/yr",10.0365124805189,11.8242529576059,16.7740518514161,22.0366522251922,23.8790417050219,27.9716560123973,32.2909248402913,35.2241452972354,39.3432703865303,42.9705777149138,47.5045315614764,53.9297847945707,62.0832110565822,71.3603689147251,81.3641934350982,91.7209385903354,102.280649698757,113.144909985872,124.213593448839,135.097229946789
"GCAM 7.1","CurrentMeasures","Pakistan","Emissions|Kyoto Gases|Energy|Supply","Mt CO2-equiv/yr",57.2902978327882,63.6863117019836,68.591982015526,83.9503067552309,85.8573896328104,105.344438809218,126.335088531421,161.558815307374,204.729854203648,242.994031469649,269.501197220631,323.985385063996,385.557258155343,454.552134972601,526.30857929883,594.795381008269,653.12233827048,714.897916817659,777.439182404124,840.28325492798
"GCAM 7.1","Reference","Pakistan","Emissions|Kyoto Gases|Energy|Supply","Mt CO2-equiv/yr",57.2902978327882,63.6863117019836,68.591982015526,83.9503067552309,90.7820448013768,116.597197406773,144.778104691021,189.505118174269,244.548639892885,293.062385560965,324.883367186923,395.027495166362,473.085883864241,559.644414704495,652.847681061017,742.380275246221,818.650011635966,899.36610031281,979.173427330263,1056.40640800208
"GCAM 7.1","CurrentMeasures","Pakistan","Emissions|Kyoto Gases|Energy|Supply|Electricity","Mt CO2-equiv/yr",34.2816213416865,38.4377980571333,42.860319127468,58.4711396662164,58.97526114333,74.0626591304006,90.4157223756677,119.884647405565,156.110253111629,187.183248682365,206.173081795488,251.408457206899,303.886511451537,363.970244731147,427.794684335755,488.626729588264,540.408714118511,596.231047225625,652.596242165196,708.467237393932
"GCAM 7.1","Reference","Pakistan","Emissions|Kyoto Gases|Energy|Supply|Electricity","Mt CO2-equiv/yr",34.2816213416865,38.4377980571333,42.860319127468,58.4711396662164,63.3794831645321,84.3341624025352,107.426079477961,145.961786924835,193.841502444816,234.800693403618,259.037581653697,319.336901542936,387.820756439156,465.12489328093,549.907119730642,631.341815372591,700.758235935389,775.17383289305,848.677555655143,918.137062758674
"GCAM 7.1","CurrentMeasures","Pakistan","Emissions|Kyoto Gases|Energy|Supply|Gases","Mt CO2-equiv/yr",17.4902817141366,19.7307397213305,18.4597725583539,19.1977765646603,19.6419532348557,22.5397843626009,25.3404869506216,28.2282856115647,31.4468861319021,35.1292403877059,39.5621570181254,45.4274748973256,51.3598647719735,56.9282501252781,61.2464878742489,64.8169164935915,67.0068629803772,68.2598136376665,69.4433953558392,71.3021857041862
"GCAM 7.1","Reference","Pakistan","Emissions|Kyoto Gases|Energy|Supply|Gases","Mt CO2-equiv/yr",17.4902817141366,19.7307397213305,18.4597725583539,19.1977765646603,19.9742454603622,23.1318745672974,26.1415700757424,29.2080572447899,32.6368507014615,36.6217653714596,41.1605080237543,47.5195911942231,53.7635553028639,59.5514339490354,64.1851676089585,68.0430524015641,70.4484440815762,71.9249458116088,73.1037151447613,75.2442205013263
"GCAM 7.1","CurrentMeasures","Pakistan","Emissions|Kyoto Gases|Energy|Supply|Hydrogen","Mt CO2-equiv/yr",0,0,0,0,0.00986912293023049,0.27757693518934,0.987388681876907,2.51134203306751,4.11028211082153,5.71749174387859,7.24786565254668,8.80977145955536,10.3988000259045,11.920246048937,13.460648858709,15.0560528303967,16.7856696153299,18.6624236628952,20.6666179102654,22.6437183493251
"GCAM 7.1","Reference","Pakistan","Emissions|Kyoto Gases|Energy|Supply|Hydrogen","Mt CO2-equiv/yr",0,0,0,0,0.00986079838822974,0.281157984896226,0.991157855666103,2.50535020476186,4.09732175326162,5.70436065867267,7.23559909534887,8.79900118335757,10.3645515630639,11.8795162913493,13.4153879733982,15.0113013982593,16.750031378392,18.6407425248999,20.6577555366366,22.7037647768253
"GCAM 7.1","CurrentMeasures","Pakistan","Emissions|Kyoto Gases|Energy|Supply|Liquids","Mt CO2-equiv/yr",3.82217286571512,3.94266801351983,5.289539586254,3.77522043666421,4.5602309812045,5.45773123359682,6.29022378868436,7.2484270243023,9.0061404710997,10.6733734543698,12.2649117910764,14.0815929044224,15.5129830422279,16.9591196859032,18.6547607103376,20.7981652001072,23.0385543901674,25.4580603304075,28.0720066255085,30.8918306602172
"GCAM 7.1","Reference","Pakistan","Emissions|Kyoto Gases|Energy|Supply|Liquids","Mt CO2-equiv/yr",3.82217286571512,3.94266801351983,5.289539586254,3.77522043666421,4.70961748655925,5.76226190184928,6.8028163147613,7.99624476310206,9.76995436704567,11.4822326707904,13.0324415658226,14.9395474910404,16.4287980393566,17.9696447587553,19.7955235065637,21.9744974383364,24.239077283789,26.7127449784912,29.4060127731824,32.6810898723241
"GCAM 7.1","CurrentMeasures","Pakistan","Emissions|Kyoto Gases|Energy|Supply|Solids","Mt CO2-equiv/yr",1.69622191125,1.57510591,1.98235074345,2.50617008769,2.67007515049,3.00668714743,3.30126673457,3.686113232875,4.056292378195,4.29067720133,4.253180963395,4.258088595794,4.3990988637,4.774274381335,5.15199751978,5.49751689591,5.882537166095,6.286571961065,6.660920347315,6.97828282032
"GCAM 7.1","Reference","Pakistan","Emissions|Kyoto Gases|Energy|Supply|Solids","Mt CO2-equiv/yr",1.69622191125,1.57510591,1.98235074345,2.50617008769,2.708837891535,3.087740550195,3.41648096689,3.83367903678,4.2030106263,4.453333456425,4.4172368483,4.4324537548045,4.7082225198,5.118926424425,5.544482241455,6.00960863547,6.45422295682,6.91383410476,7.32838822054,7.640270092935
"GCAM 7.1","CurrentMeasures","Pakistan","Emissions|Kyoto Gases|Energy|Supply|Solids|Coal","Mt CO2-equiv/yr",1.69622191125,1.57510591,1.98235074345,2.50617008769,2.67007515049,3.00668714743,3.30126673457,3.686113232875,4.056292378195,4.29067720133,4.253180963395,4.258088595794,4.3990988637,4.774274381335,5.15199751978,5.49751689591,5.882537166095,6.286571961065,6.660920347315,6.97828282032
"GCAM 7.1","Reference","Pakistan","Emissions|Kyoto Gases|Energy|Supply|Solids|Coal","Mt CO2-equiv/yr",1.69622191125,1.57510591,1.98235074345,2.50617008769,2.708837891535,3.087740550195,3.41648096689,3.83367903678,4.2030106263,4.453333456425,4.4172368483,4.4324537548045,4.7082225198,5.118926424425,5.544482241455,6.00960863547,6.45422295682,6.91383410476,7.32838822054,7.640270092935
"GCAM 7.1","CurrentMeasures","Pakistan","Emissions|Kyoto Gases|Industrial Processes","Mt CO2-equiv/yr",8.477333334104,15.957333334784,15.957333334784,15.957333334784,17.6036300016003,22.8688276687456,28.9271546692964,35.6273793365722,42.6338256705425,49.8077649711946,56.8995097051727,63.7550193191292,70.3388231397278,76.4619346402844,82.0428612741251,86.9181852079017,91.1490096082863,94.8070027752855,97.9362754422366,100.632646775815
"GCAM 7.1","Reference","Pakistan","Emissions|Kyoto Gases|Industrial Processes","Mt CO2-equiv/yr",8.477333334104,15.957333334784,15.957333334784,15.957333334784,17.6049390016004,22.9022016687487,28.9928760026357,35.7315420032483,42.7704420038882,49.9777853712101,57.0961160051906,63.9666559091485,70.5697696064154,76.7085843403068,82.3107288741495,87.2184041745956,91.4868302416503,95.1745813419856,98.324716242272,100.975984275846
"GCAM 7.1","CurrentMeasures","Pakistan","Emissions|Kyoto Gases|Other","Mt CO2-equiv/yr",29.91306786612,34.05317467876,38.6892847172,44.5481695642,47.28727129406,50.89823266785,54.361049456995,57.53376759842,60.344776210855,64.039433456885,67.77050641843,71.243063447305,74.331758131375,77.004377292225,79.22546914475,80.99379453441,82.40871307571,83.54858459472,84.43336036017,85.09815661638
"GCAM 7.1","Reference","Pakistan","Emissions|Kyoto Gases|Other","Mt CO2-equiv/yr",29.91306786612,34.05317467876,38.6892847172,44.5481695642,47.28727129406,50.89823266785,54.361049456995,57.53376759842,60.344776210855,64.039433456885,67.77050641843,71.243063447305,74.331758131375,77.004377292225,79.22546914475,80.99379453441,82.40871307571,83.54858459472,84.43336036017,85.09815661638
"GCAM 7.1","CurrentMeasures","Pakistan","Emissions|Kyoto Gases|Product Use","Mt CO2-equiv/yr",3.23472600029407,3.53543666698807,3.81238000034658,5.08269666712873,5.35648666715362,5.77467000052497,6.15556333389293,6.48043000058913,6.81252000061932,7.18872000065352,7.66069333402976,8.13490333407287,8.60130333411527,9.05666666749,9.55782666753556,10.0740933342492,10.6217466676323,11.1860466676836,11.7508233344016,12.253780001114
"GCAM 7.1","Reference","Pakistan","Emissions|Kyoto Gases|Product Use","Mt CO2-equiv/yr",3.23472600029407,3.53543666698807,3.81238000034658,5.08269666712873,5.35575333382022,5.7706000005246,6.14896333389233,6.47247333392174,6.80353666728517,7.18465000065315,7.65501000069591,8.12647000073877,8.57871666744655,9.03400666748794,9.53267333419994,10.0495266675803,10.5995633342969,11.1647066676816,11.725890001066,12.2300566677785
"GCAM 7.1","CurrentMeasures","Pakistan","Emissions|Kyoto Gases|Product Use|Non-Energy Use","Mt CO2-equiv/yr",3.23472600029407,3.53543666698807,3.81238000034658,5.08269666712873,5.35648666715362,5.77467000052497,6.15556333389293,6.48043000058913,6.81252000061932,7.18872000065352,7.66069333402976,8.13490333407287,8.60130333411527,9.05666666749,9.55782666753556,10.0740933342492,10.6217466676323,11.1860466676836,11.7508233344016,12.253780001114
"GCAM 7.1","Reference","Pakistan","Emissions|Kyoto Gases|Product Use|Non-Energy Use","Mt CO2-equiv/yr",3.23472600029407,3.53543666698807,3.81238000034658,5.08269666712873,5.35575333382022,5.7706000005246,6.14896333389233,6.47247333392174,6.80353666728517,7.18465000065315,7.65501000069591,8.12647000073877,8.57871666744655,9.03400666748794,9.53267333419994,10.0495266675803,10.5995633342969,11.1647066676816,11.725890001066,12.2300566677785
"GCAM 7.1","CurrentMeasures","Pakistan","Emissions|N2O","kt N2O/yr",152.967423986745,177.759724594437,225.44335229584,230.631226572273,245.117412481804,272.743275945524,303.695115094922,335.254318150663,367.343774967157,402.265680391043,431.934059760889,463.794407665353,494.80104741644,523.644522742893,550.740366774464,575.087102221572,596.60017616903,616.136156713372,633.404359282662,648.538421574741
"GCAM 7.1","Reference","Pakistan","Emissions|N2O","kt N2O/yr",152.967423986745,177.759724594437,225.44335229584,230.631226572273,245.239606206986,273.038068855658,304.203981542218,336.044126413344,368.260171141036,403.204694590157,432.708878849921,464.957694178279,496.180124021736,525.290600090327,552.816418788335,577.532784809079,599.36881001646,619.272570764969,636.876205461296,652.273030881207
"GCAM 7.1","CurrentMeasures","Pakistan","Emissions|N2O|AFOLU","kt N2O/yr",132.981974781145,155.569019055237,201.682344061311,202.130722424073,215.928830287774,242.333688334894,271.678166626602,301.725690313693,331.272791996877,363.468888948993,390.371377586574,418.980152177901,446.527964934327,471.815058197859,495.342457091522,516.30035328137,534.650716441388,551.030591574095,565.255401398382,577.459915009844
"GCAM 7.1","Reference","Pakistan","Emissions|N2O|AFOLU","kt N2O/yr",132.981974781145,155.569019055237,201.682344061311,202.130722424073,215.923616653756,242.355199514028,271.722040554678,301.833574835224,331.350341570486,363.461789483697,390.12391698825,418.925617160261,446.455298526904,471.722174111648,495.317942145148,516.273152867511,534.613346509857,551.009220371895,565.240088611994,577.466548286507
"GCAM 7.1","CurrentMeasures","Pakistan","Emissions|N2O|AFOLU [NGHGI]","kt N2O/yr",132.981974781145,155.569019055237,201.682344061311,202.130722424073,215.928830287774,242.333688334894,271.678166626602,301.725690313693,331.272791996877,363.468888948993,390.371377586574,418.980152177901,446.527964934327,471.815058197859,495.342457091522,516.30035328137,534.650716441388,551.030591574095,565.255401398382,577.459915009844
"GCAM 7.1","Reference","Pakistan","Emissions|N2O|AFOLU [NGHGI]","kt N2O/yr",132.981974781145,155.569019055237,201.682344061311,202.130722424073,215.923616653756,242.355199514028,271.722040554678,301.833574835224,331.350341570486,363.461789483697,390.12391698825,418.925617160261,446.455298526904,471.722174111648,495.317942145148,516.273152867511,534.613346509857,551.009220371895,565.240088611994,577.466548286507
"GCAM 7.1","CurrentMeasures","Pakistan","Emissions|N2O|AFOLU|Agricultural Waste Burning","kt N2O/yr",0.083613460015,0.093118799907,0.100804566031,0.110649309173,0.113338749022,0.120593447897,0.126534068679,0.129393563772,0.128045262788,0.124182377349,0.114318276588,0.1059530956,0.097356548635,0.088690359946,0.080736103463,0.073342897645,0.068490483682,0.068827070448,0.069103425638,0.069285746449
"GCAM 7.1","Reference","Pakistan","Emissions|N2O|AFOLU|Agricultural Waste Burning","kt N2O/yr",0.083613460015,0.093118799907,0.100804566031,0.110649309173,0.113333228216,0.120622934099,0.126587619728,0.12951650615,0.128126256382,0.124172586513,0.114086177502,0.105919017478,0.097302628435,0.088623558636,0.08072198679,0.073326852915,0.068469693575,0.068815537058,0.069093244129,0.069279650872
"GCAM 7.1","CurrentMeasures","Pakistan","Emissions|N2O|AFOLU|Agriculture","kt N2O/yr",132.85575487113,155.43282705533,201.54052460548,201.978759456,215.772786510752,242.168181734597,271.504357917623,301.546443662221,331.092060691389,363.288626495844,390.197168094386,418.810537680401,446.363382562392,471.655831950113,495.188218632259,516.150904960125,534.503859515006,550.881410557747,565.104246315444,577.307155465995
"GCAM 7.1","Reference","Pakistan","Emissions|N2O|AFOLU|Agriculture","kt N2O/yr",132.85575487113,155.43282705533,201.54052460548,201.978759456,215.76757884634,242.189666737229,271.54818327455,301.654213650374,331.169536829704,363.281537296684,389.949926623848,418.756033174083,446.290770801369,471.563014537512,495.163719907658,516.123722775196,534.466512315482,550.860052013837,565.088945077565,577.313797005835
"GCAM 7.1","CurrentMeasures","Pakistan","Emissions|N2O|AFOLU|Agriculture|Livestock","kt N2O/yr",58.2532081,68.0552488,99.1158708,99.1158145,109.3410575,126.303878,145.0327152,165.6940996,187.9921113,212.0000847,236.7539153,261.5974527,285.8231008,308.6398871,329.6275242,348.367347,364.9564055,379.6543575,392.5156439,403.7405427
"GCAM 7.1","Reference","Pakistan","Emissions|N2O|AFOLU|Agriculture|Livestock","kt N2O/yr",58.2532081,68.0552488,99.1158708,99.1158145,109.3411376,126.3050329,145.0341594,165.6963164,187.9936531,211.9996341,236.7491876,261.5960857,285.8234048,308.6403171,329.628079,348.3672125,364.9551487,379.6535844,392.5157908,403.7410475
"GCAM 7.1","CurrentMeasures","Pakistan","Emissions|N2O|AFOLU|Agriculture|Livestock|Enteric Fermentation","kt N2O/yr",58.1021752,67.8497674,98.7525856,98.6241982,108.7973262,125.6716023,144.3012482,164.8517916,187.0289143,210.9060407,235.5248163,260.2320647,284.3239588,307.0141721,327.8846972,346.519481,363.0151475,377.6300675,390.4184559,401.5794987
"GCAM 7.1","Reference","Pakistan","Emissions|N2O|AFOLU|Agriculture|Livestock|Enteric Fermentation","kt N2O/yr",58.1021752,67.8497674,98.7525856,98.6241982,108.7974073,125.6727561,144.3026894,164.8540004,187.0304521,210.9055941,235.5201116,260.2307017,284.3242658,307.0146011,327.885256,346.5193455,363.0139007,377.6292934,390.4186008,401.5800005
"GCAM 7.1","CurrentMeasures","Pakistan","Emissions|N2O|AFOLU|Agriculture|Managed Soils","kt N2O/yr",65.63889187113,77.36297075533,90.02115100548,87.807539456,91.258347902352,99.459047681597,109.110650091823,117.841192348221,125.116713497789,133.482043961044,136.720176200886,140.724176128901,144.147772821592,146.841190767413,149.500447640859,151.851266211025,153.834212826906,155.613912084447,157.071558107544,158.159251933895
"GCAM 7.1","Reference","Pakistan","Emissions|N2O|AFOLU|Agriculture|Managed Soils","kt N2O/yr",65.63889187113,77.36297075533,90.02115100548,87.807539456,91.25340128094,99.468471933029,109.13530863745,117.910753836474,125.168168060904,133.479386266284,136.534540562348,140.667097292283,144.080490348469,146.764307632512,149.475251773858,151.828178889696,153.807735612082,155.596017625137,157.059381692665,158.171782751135
"GCAM 7.1","CurrentMeasures","Pakistan","Emissions|N2O|AFOLU|Agriculture|Rice","kt N2O/yr",8.9636549,10.0146075,12.4035028,15.0554055,15.1733811084,16.405256053,17.3609926258,18.011151714,17.9832358936,17.8064978348,16.7230765935,16.4889088515,16.3925089408,16.1747540827,16.0602467914,15.9322917491,15.7132411881,15.6131409733,15.5170443079,15.4073608321
"GCAM 7.1","Reference","Pakistan","Emissions|N2O|AFOLU|Agriculture|Rice","kt N2O/yr",8.9636549,10.0146075,12.4035028,15.0554055,15.1730399654,16.4161619042,17.3787152371,18.0471434139,18.0077156688,17.8025169304,16.6661984615,16.4928501818,16.3868756529,16.158389805,16.0603891338,15.9283313855,15.7036280034,15.6104499887,15.5137725849,15.4009667547
"GCAM 7.1","CurrentMeasures","Pakistan","Emissions|N2O|AFOLU|Land","kt N2O/yr",0.04260645,0.0430732,0.0410148898,0.0413136589,0.042705028,0.0449131524,0.0472746403,0.0498530877,0.0526860427,0.0560800758,0.0598912156,0.0636614019,0.0672258233,0.0705358878,0.0735023558,0.0761054236,0.0783664427,0.0803539459,0.0820516573,0.0834737974
"GCAM 7.1","Reference","Pakistan","Emissions|N2O|AFOLU|Land","kt N2O/yr",0.04260645,0.0430732,0.0410148898,0.0413136589,0.0427045792,0.0449098427,0.0472696604,0.0498446787,0.0526784844,0.0560796005,0.0599041869,0.0636649687,0.0672250971,0.0705360155,0.0735002507,0.0761032394,0.0783645008,0.080352821,0.0820502903,0.0834716298
"GCAM 7.1","CurrentMeasures","Pakistan","Emissions|N2O|AFOLU|Land|Fires","kt N2O/yr",0.03745965,0.0342529,0.03006509,0.0300565589,0.0300174327,0.029938487,0.0298622297,0.0297862317,0.0297148678,0.0296451492,0.0295665944,0.0294799034,0.029399184,0.0293293559,0.0292678938,0.0292165772,0.0291739832,0.0291368082,0.0291059597,0.0290813181
"GCAM 7.1","Reference","Pakistan","Emissions|N2O|AFOLU|Land|Fires","kt N2O/yr",0.03745965,0.0342529,0.03006509,0.0300565589,0.0300174427,0.0299383479,0.0298620908,0.0297857731,0.0297146892,0.0296453289,0.0295675337,0.0294799116,0.0293992744,0.0293294466,0.0292679439,0.0292166671,0.0291741317,0.0291368677,0.0291060195,0.0290813379
"GCAM 7.1","CurrentMeasures","Pakistan","Emissions|N2O|AFOLU|Land|Fires|Forest Burning","kt N2O/yr",0,0,0,0,0,0,0,0,0,0,0,0,0,0,0,0,0,0,0,0
"GCAM 7.1","Reference","Pakistan","Emissions|N2O|AFOLU|Land|Fires|Forest Burning","kt N2O/yr",0,0,0,0,0,0,0,0,0,0,0,0,0,0,0,0,0,0,0,0
"GCAM 7.1","CurrentMeasures","Pakistan","Emissions|N2O|Energy","kt N2O/yr",9.2690887797,12.4586154392,12.5833095156,16.0214065482,15.72643640403,15.64603273163,15.94117147632,16.17196272897,17.48754709828,18.96618549005,20.540270731915,22.674934510632,25.132012765813,27.815413984134,30.651303498542,33.451193558702,36.138772781442,38.907799000277,41.64478825268,44.337852279097
"GCAM 7.1","Reference","Pakistan","Emissions|N2O|Energy","kt N2O/yr",9.2690887797,12.4586154392,12.5833095156,16.0214065482,15.85387116123,15.91941829963,16.40630913554,16.85404849312,18.32659901855,19.91249557846,21.562826936571,23.892979266398,26.584047204532,29.554628322479,32.752053910787,35.924200800768,38.944848862003,42.065532392574,45.131790953702,48.0656206793
"GCAM 7.1","CurrentMeasures","Pakistan","Emissions|N2O|Energy and Industrial Processes","kt N2O/yr",9.2929967056,12.4837777392,12.602161134529,16.0460924482,15.75161811403,15.67324080063,15.96982756932,16.20047968897,17.51462616328,18.99238186505,20.565514868315,22.699667662452,25.156430047113,27.839575324034,30.675481252942,33.475416890202,36.163003577642,38.932115399277,41.66920083428,44.362393004897
"GCAM 7.1","Reference","Pakistan","Emissions|N2O|Energy and Industrial Processes","kt N2O/yr",9.2929967056,12.4837777392,12.602161134529,16.0460924482,15.87903947323,15.94658833163,16.43492228854,16.88253443012,18.35363746355,19.93866392946,21.587998455671,23.917664793018,26.608372159832,29.578692957679,32.776141213187,35.948332891568,38.968990356603,42.089763653074,45.156113799302,48.0900800347
"GCAM 7.1","CurrentMeasures","Pakistan","Emissions|N2O|Energy|Demand","kt N2O/yr",8.9172574066,12.1125016845,12.0513503646,15.1334056692,15.0609168476,14.7968933629,14.8834174173,14.73544052705,15.56849978508,16.61083694555,17.888374121815,19.386072344771,21.05371798975,22.806711933389,24.583088299743,26.323919265511,28.015118168018,29.670487020117,31.28343014162,32.852055977217
"GCAM 7.1","Reference","Pakistan","Emissions|N2O|Energy|Demand","kt N2O/yr",8.9172574066,12.1125016845,12.0513503646,15.1334056692,15.1383205839,14.954837241,15.1558300639,15.11899217672,15.96837445934,16.99100428516,18.268240567941,19.769716434183,21.453159793824,23.23930058517,25.057252956943,26.839846128998,28.569858364602,30.264337104444,31.918622737632,33.55496792315
"GCAM 7.1","CurrentMeasures","Pakistan","Emissions|N2O|Energy|Demand|AFOFI","kt N2O/yr",0.00274892,0.001111968,0.000400922,0.000374196,0.0003984772,0.0004283465,0.0004497196,0.00046544475,0.0004836946,0.0004924732,0.0005085882,0.0005378838,0.0005705744,0.0005967307,0.0006159688,0.0006277975,0.0006343549,0.0006384714,0.0006393662,0.0006395186
"GCAM 7.1","Reference","Pakistan","Emissions|N2O|Energy|Demand|AFOFI","kt N2O/yr",0.00274892,0.001111968,0.000400922,0.000374196,0.0003984809,0.0004283091,0.0004495449,0.00046497232,0.0004828272,0.0004911357,0.0005068028,0.0005358632,0.0005685439,0.0005947496,0.000614012,0.0006257765,0.0006321889,0.0006361492,0.0006369519,0.0006371788
"GCAM 7.1","CurrentMeasures","Pakistan","Emissions|N2O|Energy|Demand|Bunkers","kt N2O/yr",0.1016043,0.1107004,0.0854858,0.04613536,0.0482543,0.05672391,0.06540651,0.08209737,0.10425093,0.13177215,0.16463807,0.20445459,0.25075901,0.30279331,0.36060548,0.42263081,0.48800094,0.55672533,0.6277075,0.70031919
"GCAM 7.1","Reference","Pakistan","Emissions|N2O|Energy|Demand|Bunkers","kt N2O/yr",0.1016043,0.1107004,0.0854858,0.04613536,0.04825554,0.05672447,0.06540731,0.08209878,0.10423473,0.13176683,0.16463486,0.20444728,0.25075079,0.3027883,0.36059959,0.42260445,0.48794797,0.55665816,0.62763539,0.70025837
"GCAM 7.1","CurrentMeasures","Pakistan","Emissions|N2O|Energy|Demand|Bunkers|International Aviation","kt N2O/yr",0.0787886,0.0731679,0.0704417,0.0424468,0.0445933,0.0530996,0.0627753,0.0799911,0.102197,0.129646,0.162341,0.201928,0.247995,0.299786,0.357345,0.419125,0.484255,0.552727,0.623454,0.695846
"GCAM 7.1","Reference","Pakistan","Emissions|N2O|Energy|Demand|Bunkers|International Aviation","kt N2O/yr",0.0787886,0.0731679,0.0704417,0.0424468,0.0445944,0.0531001,0.062776,0.0799924,0.102182,0.129641,0.162338,0.201921,0.247987,0.299781,0.357339,0.419099,0.484203,0.552661,0.623383,0.695786
"GCAM 7.1","CurrentMeasures","Pakistan","Emissions|N2O|Energy|Demand|Bunkers|International Shipping","kt N2O/yr",0.0228157,0.0375325,0.0150441,0.00368856,0.003661,0.00362431,0.00263121,0.00210627,0.00205393,0.00212615,0.00229707,0.00252659,0.00276401,0.00300731,0.00326048,0.00350581,0.00374594,0.00399833,0.0042535,0.00447319
"GCAM 7.1","Reference","Pakistan","Emissions|N2O|Energy|Demand|Bunkers|International Shipping","kt N2O/yr",0.0228157,0.0375325,0.0150441,0.00368856,0.00366114,0.00362437,0.00263131,0.00210638,0.00205273,0.00212583,0.00229686,0.00252628,0.00276379,0.0030073,0.00326059,0.00350545,0.00374497,0.00399716,0.00425239,0.00447237
"GCAM 7.1","CurrentMeasures","Pakistan","Emissions|N2O|Energy|Demand|Commercial","kt N2O/yr",0.012381826,0.013230576,0.020084482,0.022211398,0.021715261,0.02788128,0.03627288,0.04722492,0.06075074,0.07652085,0.09273925,0.11168115,0.13126896,0.14964186,0.16589124,0.17895215,0.18872851,0.19514254,0.19818843,0.19867441
"GCAM 7.1","Reference","Pakistan","Emissions|N2O|Energy|Demand|Commercial","kt N2O/yr",0.012381826,0.013230576,0.020084482,0.022211398,0.021682238,0.02752938,0.03557539,0.04609029,0.05912778,0.0744594,0.09035401,0.10891627,0.12806666,0.14611281,0.16196692,0.17449539,0.18370742,0.18966083,0.19236774,0.19355059
"GCAM 7.1","CurrentMeasures","Pakistan","Emissions|N2O|Energy|Demand|Industry","kt N2O/yr",0.8708891,0.989862605,1.239836231,1.752030853,1.9826866862,2.5187987086,3.1519767172,3.8797807723,4.65842652348,5.46850657535,6.250539030615,6.950507075971,7.56996066835,8.097129389689,8.537175730943,8.887227322011,9.150215835118,9.333151340717,9.45426285042,9.532703258617
"GCAM 7.1","Reference","Pakistan","Emissions|N2O|Energy|Demand|Industry","kt N2O/yr",0.8708891,0.989862605,1.239836231,1.752030853,1.9824642307,2.5184895611,3.1500714721,3.8728842514,4.64317434614,5.44163084246,6.212274497141,6.902121299983,7.514362174924,8.03525374057,8.469998080943,8.814062487498,9.069218607702,9.243199513244,9.355413732732,9.42791693635
"GCAM 7.1","CurrentMeasures","Pakistan","Emissions|N2O|Energy|Demand|Residential","kt N2O/yr",4.3526975606,4.7083521355,5.1619176296,5.8304692022,5.4899252432,4.9294773178,4.4622297905,4.03139763,3.629680577,3.265440927,2.954550203,2.692570335,2.473002477,2.295742643,2.14332178,2.013260486,1.907351828,1.819939038,1.748252995,1.6972208
"GCAM 7.1","Reference","Pakistan","Emissions|N2O|Energy|Demand|Residential","kt N2O/yr",4.3526975606,4.7083521355,5.1619176296,5.8304692022,5.4896684443,4.9277143208,4.4591955469,4.027001543,3.624232506,3.259108467,2.947925298,2.685740721,2.465743225,2.288269385,2.135536154,2.004975125,1.898548478,1.810835352,1.739049623,1.689434248
"GCAM 7.1","CurrentMeasures","Pakistan","Emissions|N2O|Energy|Demand|Residential and Commercial","kt N2O/yr",4.3650793866,4.7215827115,5.1820021116,5.8526806002,5.5116405042,4.9573585978,4.4985026705,4.07862255,3.690431317,3.341961777,3.047289453,2.804251485,2.604271437,2.445384503,2.30921302,2.192212636,2.096080338,2.015081578,1.946441425,1.89589521
"GCAM 7.1","Reference","Pakistan","Emissions|N2O|Energy|Demand|Residential and Commercial","kt N2O/yr",4.3650793866,4.7215827115,5.1820021116,5.8526806002,5.5113506823,4.9552437008,4.4947709369,4.073091833,3.683360286,3.333567867,3.038279308,2.794656991,2.593809885,2.434382195,2.297503074,2.179470515,2.082255898,2.000496182,1.931417363,1.882984838
"GCAM 7.1","CurrentMeasures","Pakistan","Emissions|N2O|Energy|Demand|Residential and Commercial and AFOFI","kt N2O/yr",4.3678283066,4.7226946795,5.1824030336,5.8530547962,5.5120389814,4.9577869443,4.4989523901,4.07908799475,3.6909150116,3.3424542502,3.0477980412,2.8047893688,2.6048420114,2.4459812337,2.3098289888,2.1928404335,2.0967146929,2.0157200494,1.9470807912,1.8965347286
"GCAM 7.1","Reference","Pakistan","Emissions|N2O|Energy|Demand|Residential and Commercial and AFOFI","kt N2O/yr",4.3678283066,4.7226946795,5.1824030336,5.8530547962,5.5117491632,4.9556720099,4.4952204818,4.07355680532,3.6838431132,3.3340590027,3.0387861108,2.7951928542,2.5943784289,2.4349769446,2.298117086,2.1800962915,2.0828880869,2.0011323312,1.9320543149,1.8836220168
"GCAM 7.1","CurrentMeasures","Pakistan","Emissions|N2O|Energy|Demand|Transportation","kt N2O/yr",4.7967864,8.133982,7.1821766,9.48296932,9.46896866,9.1505093,9.0408491,8.51734748,9.05036704,9.85457074,10.94702066,12.30989102,13.8818858,15.5817494,17.3593224,19.1531397,20.9435648,22.7463291,24.5347098,26.2944708
"GCAM 7.1","Reference","Pakistan","Emissions|N2O|Energy|Demand|Transportation","kt N2O/yr",4.7967864,8.133982,7.1821766,9.48296932,9.5587023,9.3536824,9.4172677,9.07491998,9.68444744,10.50944712,11.6533568,13.0725518,14.7157735,16.5149019,18.40792,20.324064,22.2397951,24.171896,26.091967,28.011452
"GCAM 7.1","CurrentMeasures","Pakistan","Emissions|N2O|Energy|Demand|Transportation|Light-Duty Vehicle","kt N2O/yr",0.634492,1.06568,0.932656,1.15303,1.10544,1.01642,0.971091,0.862495,0.773729,0.672184,0.592412,0.521484,0.454989,0.399913,0.350461,0.306384,0.267672,0.234036,0.204278,0.19081
"GCAM 7.1","Reference","Pakistan","Emissions|N2O|Energy|Demand|Transportation|Light-Duty Vehicle","kt N2O/yr",0.634492,1.06568,0.932656,1.15303,1.17147,1.13407,1.15243,1.10607,1.00493,0.885846,0.794575,0.709805,0.629278,0.563376,0.504078,0.450916,0.404027,0.362991,0.326232,0.305875
"GCAM 7.1","CurrentMeasures","Pakistan","Emissions|N2O|Energy|Demand|Transportation|Truck","kt N2O/yr",1.722593,3.378826,2.972418,4.32837,4.4614651,4.3602383,4.3222235,4.0091063,4.4057186,4.8094532,5.3113653,6.0212676,6.9194378,7.9399536,9.0411728,10.1829177,11.3491366,12.5494155,13.7697702,14.9597168
"GCAM 7.1","Reference","Pakistan","Emissions|N2O|Energy|Demand|Transportation|Truck","kt N2O/yr",1.722593,3.378826,2.972418,4.32837,4.461531,4.36015,4.3205639,3.9999147,4.3848671,4.7718021,5.2571584,5.9535532,6.8422853,7.8542853,8.9450784,10.0711858,11.2157853,12.3918072,13.5888396,14.7690142
"GCAM 7.1","CurrentMeasures","Pakistan","Emissions|N2O|Energy|Supply","kt N2O/yr",0.3518313731,0.3461137547,0.531959151,0.888000879,0.66551955643,0.84913936873,1.05775405902,1.43652220192,1.9190473132,2.3553485445,2.6518966101,3.288862165861,4.078294776063,5.008702050745,6.068215198799,7.127274293191,8.123654613424,9.23731198016,10.36135811106,11.48579630188
"GCAM 7.1","Reference","Pakistan","Emissions|N2O|Energy|Supply","kt N2O/yr",0.3518313731,0.3461137547,0.531959151,0.888000879,0.71555057733,0.96458105863,1.25047907164,1.7350563164,2.35822455921,2.9214912933,3.29458636863,4.123262832215,5.130887410708,6.315327737309,7.694800953844,9.08435467177,10.374990497401,11.80119528813,13.21316821607,14.51065275615
"GCAM 7.1","CurrentMeasures","Pakistan","Emissions|N2O|Energy|Supply|Electricity","kt N2O/yr",0.3198582,0.31026604,0.48146111,0.8362574,0.609572068,0.7846110476,0.985142579,1.353712628,1.825460532,2.254980626,2.549902113,3.18350492,3.96667338,4.88593803,5.93407241,6.98177152,7.96565055,9.06593921,10.17646496,11.28793682
"GCAM 7.1","Reference","Pakistan","Emissions|N2O|Energy|Supply|Electricity","kt N2O/yr",0.3198582,0.31026604,0.48146111,0.8362574,0.658785202,0.8983396994,1.17538744,1.649012815,2.261344522,2.817403598,3.188833891,4.01374601,5.01235409,6.18484809,7.55184965,8.92761201,10.20452897,11.61616028,13.01375766,14.29765378
"GCAM 7.1","CurrentMeasures","Pakistan","Emissions|N2O|Energy|Supply|Fugitive","kt N2O/yr",0.0319731731,0.0358477147,0.050498041,0.051743479,0.055904845,0.064382818,0.072312106,0.082254212,0.092548686,0.098550004,0.0989611937,0.1006601277,0.1048457248,0.1132838501,0.1214206116,0.1286420387,0.1361131702,0.1436655599,0.1506823905,0.1565932921
"GCAM 7.1","Reference","Pakistan","Emissions|N2O|Energy|Supply|Fugitive","kt N2O/yr",0.0319731731,0.0358477147,0.050498041,0.051743479,0.056720295,0.06608456,0.074765705,0.085438355,0.095774156,0.10219608876,0.10264276357,0.10466324082,0.11151363728,0.12064917661,0.12975738379,0.13932665712,0.1479408219,0.156560326,0.1642163468,0.1699774411
"GCAM 7.1","CurrentMeasures","Pakistan","Emissions|N2O|Energy|Supply|Liquids","kt N2O/yr",0,0,0,0,4.264343e-05,0.00014550313,0.00029937402,0.00055536192,0.0010380952,0.0018179145,0.0030333034,0.004697118161,0.006775671263,0.009480170645,0.012722177199,0.016860734491,0.021890893224,0.02770721026,0.03421076056,0.04126618978
"GCAM 7.1","Reference","Pakistan","Emissions|N2O|Energy|Supply|Liquids","kt N2O/yr",0,0,0,0,4.508033e-05,0.00015679923,0.00032592664,0.0006051464,0.00110588121,0.00189160654,0.00310971406,0.004853581395,0.007019683428,0.009830470699,0.013193920054,0.01741600465,0.022520705501,0.02847468213,0.03519420927,0.04302153505
"GCAM 7.1","CurrentMeasures","Pakistan","Emissions|N2O|Industrial Processes","kt N2O/yr",0.0239079259,0.0251623,0.018851618929,0.0246859,0.02518171,0.027208069,0.028656093,0.02851696,0.027079065,0.026196375,0.0252441364,0.02473315182,0.0244172813,0.0241613399,0.0241777544,0.0242233315,0.0242307962,0.024316399,0.0244125816,0.0245407258
"GCAM 7.1","Reference","Pakistan","Emissions|N2O|Industrial Processes","kt N2O/yr",0.0239079259,0.0251623,0.018851618929,0.0246859,0.025168312,0.027170032,0.028613153,0.028485937,0.027038445,0.026168351,0.0251715191,0.02468552662,0.0243249553,0.0240646352,0.0240873024,0.0241320908,0.0241414946,0.0242312605,0.0243228456,0.0244593554
"GCAM 7.1","CurrentMeasures","Pakistan","Emissions|N2O|Industrial Processes|Chemicals","kt N2O/yr",0.0204733,0.0213991,0.0187183,0.0246859,0.02518171,0.027208069,0.028656093,0.02851696,0.027079065,0.026196375,0.0252441364,0.02473315182,0.0244172813,0.0241613399,0.0241777544,0.0242233315,0.0242307962,0.024316399,0.0244125816,0.0245407258
"GCAM 7.1","Reference","Pakistan","Emissions|N2O|Industrial Processes|Chemicals","kt N2O/yr",0.0204733,0.0213991,0.0187183,0.0246859,0.025168312,0.027170032,0.028613153,0.028485937,0.027038445,0.026168351,0.0251715191,0.02468552662,0.0243249553,0.0240646352,0.0240873024,0.0241320908,0.0241414946,0.0242312605,0.0243228456,0.0244593554
"GCAM 7.1","CurrentMeasures","Pakistan","Emissions|N2O|Industrial Processes|Chemicals|Ammonia","kt N2O/yr",0.0204733,0.0213991,0.0187183,0.0246859,0.02518171,0.027208069,0.028656093,0.02851696,0.027079065,0.026196375,0.0252441364,0.02473315182,0.0244172813,0.0241613399,0.0241777544,0.0242233315,0.0242307962,0.024316399,0.0244125816,0.0245407258
"GCAM 7.1","Reference","Pakistan","Emissions|N2O|Industrial Processes|Chemicals|Ammonia","kt N2O/yr",0.0204733,0.0213991,0.0187183,0.0246859,0.025168312,0.027170032,0.028613153,0.028485937,0.027038445,0.026168351,0.0251715191,0.02468552662,0.0243249553,0.0240646352,0.0240873024,0.0241320908,0.0241414946,0.0242312605,0.0243228456,0.0244593554
"GCAM 7.1","CurrentMeasures","Pakistan","Emissions|N2O|Industrial Processes|Iron and Steel","kt N2O/yr",0.0034346259,0.0037632,0.000133318929,0,0,0,0,0,0,0,0,0,0,0,0,0,0,0,0,0
"GCAM 7.1","Reference","Pakistan","Emissions|N2O|Industrial Processes|Iron and Steel","kt N2O/yr",0.0034346259,0.0037632,0.000133318929,0,0,0,0,0,0,0,0,0,0,0,0,0,0,0,0,0
"GCAM 7.1","CurrentMeasures","Pakistan","Emissions|N2O|Product Use","kt N2O/yr",2.2477785,0.0633297,0.0690012,0.077106,0.0860055,0.1085137,0.1358314,0.1690925,0.208416,0.2564704,0.3102904,0.3677565,0.4269516,0.4844742,0.538975,0.588166,0.631352,0.670351,0.706657,0.740035
"GCAM 7.1","Reference","Pakistan","Emissions|N2O|Product Use","kt N2O/yr",2.2477785,0.0633297,0.0690012,0.077106,0.0859915,0.1084479,0.1357292,0.1689615,0.2082513,0.256302,0.3100865,0.3675809,0.4267525,0.484318,0.538882,0.588133,0.631369,0.670488,0.706903,0.740324
"GCAM 7.1","CurrentMeasures","Pakistan","Emissions|N2O|Waste","kt N2O/yr",8.444674,9.6435981,11.0898459,12.3773057,13.35095858,14.62783311,15.911289499,17.159055648,18.347940807,19.547939177,20.686876906,21.746831325,22.689700835,23.505415021,24.18345343,24.72316605,25.15510415,25.50309874,25.77310005,25.97607856
"GCAM 7.1","Reference","Pakistan","Emissions|N2O|Waste","kt N2O/yr",8.444674,9.6435981,11.0898459,12.3773057,13.35095858,14.62783311,15.911289499,17.159055648,18.347940807,19.547939177,20.686876906,21.746831325,22.689700835,23.505415021,24.18345343,24.72316605,25.15510415,25.50309874,25.77310005,25.97607856
"GCAM 7.1","CurrentMeasures","Pakistan","Emissions|NH3","Mt NH3/yr",1.49124820541758,1.68626507556688,1.87484072769714,2.10921843821642,2.23851994621692,2.48441274154043,2.76137854586456,3.04156882128258,3.31106701013943,3.57686579913047,3.76595839293481,3.97301058699081,4.16847775940059,4.34337678113264,4.50510802185495,4.64680664015089,4.7684110142299,4.87650570751446,4.96877797700878,5.04594172927488
"GCAM 7.1","Reference","Pakistan","Emissions|NH3","Mt NH3/yr",1.49124820541758,1.68626507556688,1.87484072769714,2.10921843821642,2.2387694306895,2.48515495227267,2.76260337408249,3.04371647220375,3.31282020305476,3.57750761329959,3.7635254842255,3.97273174695343,4.16823426548492,4.3428724377878,4.5054399640711,4.64732720852704,4.7688334908505,4.87715900400816,4.96953302330339,5.04716985688425
"GCAM 7.1","CurrentMeasures","Pakistan","Emissions|NH3|AFOLU","Mt NH3/yr",1.15545894800688,1.31210274225379,1.45771556121502,1.6377784531166,1.74579304729698,1.96103951809221,2.20390151455181,2.44817981997847,2.68144647746615,2.91123751074524,3.06615731317395,3.24043386525246,3.40608785096601,3.55425117991085,3.69367220656802,3.81758188418752,3.92492447787893,4.0214804788397,4.10468239182777,4.17479040704835
"GCAM 7.1","Reference","Pakistan","Emissions|NH3|AFOLU","Mt NH3/yr",1.15545894800688,1.31210274225379,1.45771556121502,1.6377784531166,1.74573620638982,1.96127139916856,2.20439238161985,2.44941213415569,2.68234573307223,2.91115666972532,3.0632559299699,3.23978701744009,3.40522021384371,3.55313894546041,3.69337775072779,3.81726270537535,3.92448877757007,4.02123697444684,4.10450714589196,4.17488019859062
"GCAM 7.1","CurrentMeasures","Pakistan","Emissions|NH3|AFOLU [NGHGI]","Mt NH3/yr",1.15545894800688,1.31210274225379,1.45771556121502,1.6377784531166,1.74579304729698,1.96103951809221,2.20390151455181,2.44817981997847,2.68144647746615,2.91123751074524,3.06615731317395,3.24043386525246,3.40608785096601,3.55425117991085,3.69367220656802,3.81758188418752,3.92492447787893,4.0214804788397,4.10468239182777,4.17479040704835
"GCAM 7.1","Reference","Pakistan","Emissions|NH3|AFOLU [NGHGI]","Mt NH3/yr",1.15545894800688,1.31210274225379,1.45771556121502,1.6377784531166,1.74573620638982,1.96127139916856,2.20439238161985,2.44941213415569,2.68234573307223,2.91115666972532,3.0632559299699,3.23978701744009,3.40522021384371,3.55313894546041,3.69337775072779,3.81726270537535,3.92448877757007,4.02123697444684,4.10450714589196,4.17488019859062
"GCAM 7.1","CurrentMeasures","Pakistan","Emissions|NH3|AFOLU|Agricultural Waste Burning","Mt NH3/yr",0.001814449443585,0.002020715120587,0.002187493220018,0.002401115778003,0.002459478764475,0.00261691019144,0.002745818864393,0.002807874565976,0.002778622248446,0.00269481092816,0.00248076669852,0.002299241941687,0.002112696684582,0.001924641815704,0.001752033648021,0.00159159741632,0.001486303450648,0.001493608021149,0.00149960813427,0.001503560706072
"GCAM 7.1","Reference","Pakistan","Emissions|NH3|AFOLU|Agricultural Waste Burning","Mt NH3/yr",0.001814449443585,0.002020715120587,0.002187493220018,0.002401115778003,0.002459360716381,0.002617549811691,0.002746979854189,0.002810542644025,0.002780379736379,0.002694599257198,0.002475727632344,0.002298505297056,0.002111527155183,0.001923191277006,0.001751726249622,0.001591250610639,0.001485851405527,0.001493358528446,0.001499387969697,0.00150343012663
"GCAM 7.1","CurrentMeasures","Pakistan","Emissions|NH3|AFOLU|Agriculture","Mt NH3/yr",1.1534906361533,1.3099016557602,1.455342455869,1.6351756124796,1.74311425274591,1.95817500132717,2.20087699626122,2.44505842281149,2.6783151547911,2.90814742544608,3.06323465556803,3.23764653220647,3.40344339632773,3.55175427771485,3.6913116249233,3.8153499214518,3.92277019103348,4.01929461239885,4.1024697992741,4.17255651131688
"GCAM 7.1","Reference","Pakistan","Emissions|NH3|AFOLU|Agriculture","Mt NH3/yr",1.1534906361533,1.3099016557602,1.455342455869,1.6351756124796,1.74305753486974,1.95840627904697,2.20136675898156,2.44628816336777,2.67921274204765,2.90806680263382,3.06033816353416,3.23700037734343,3.40257693794983,3.5506434927572,3.69101750198707,3.81503111679251,3.92233496746854,4.01905137273799,4.10229479048437,4.17264645901119
"GCAM 7.1","CurrentMeasures","Pakistan","Emissions|NH3|AFOLU|Agriculture|Livestock","Mt NH3/yr",0.33499433,0.405314927,0.450319344,0.505965327,0.559595436,0.648490592,0.747055043,0.856245303,0.974630695,1.099814314,1.228229917,1.357113621,1.482791625,1.601162081,1.710038505,1.807256996,1.893318422,1.969568574,2.036290764,2.094522667
"GCAM 7.1","Reference","Pakistan","Emissions|NH3|AFOLU|Agriculture|Livestock","Mt NH3/yr",0.33499433,0.405314927,0.450319344,0.505965327,0.559596492,0.648495527,0.747063672,0.856257243,0.974638056,1.099810641,1.228204782,1.357106558,1.482793693,1.601161474,1.7100432,1.80725928,1.893311755,1.96956681,2.03629287,2.094527356
"GCAM 7.1","CurrentMeasures","Pakistan","Emissions|NH3|AFOLU|Agriculture|Livestock|Enteric Fermentation","Mt NH3/yr",0.334125788,0.404091142,0.44866881,0.503455727,0.556812679,0.645244258,0.743287297,0.851892569,0.969637075,1.094138635,1.221853587,1.350030251,1.475014375,1.592728201,1.700997095,1.797670626,1.883247562,1.959066964,2.025410974,2.083311597
"GCAM 7.1","Reference","Pakistan","Emissions|NH3|AFOLU|Agriculture|Livestock|Enteric Fermentation","Mt NH3/yr",0.334125788,0.404091142,0.44866881,0.503455727,0.556813745,0.645249193,0.743295914,0.851904465,0.969644415,1.094134982,1.221828582,1.350023218,1.475016453,1.592727604,1.7010018,1.79767293,1.883240935,1.95906521,2.02541308,2.083316276
"GCAM 7.1","CurrentMeasures","Pakistan","Emissions|NH3|AFOLU|Agriculture|Managed Soils","Mt NH3/yr",0.7201521184533,0.8009093397602,0.883316094069,0.9639349240796,1.01606412416391,1.12742529550317,1.25964793092322,1.38600369441249,1.4998090137881,1.60618569480208,1.64515698568103,1.69334342229747,1.73455669975373,1.76696926200185,1.7989500943593,1.8272224832588,1.85106799873548,1.87247873091185,1.8900226509081,1.90312256338088
"GCAM 7.1","Reference","Pakistan","Emissions|NH3|AFOLU|Agriculture|Managed Soils","Mt NH3/yr",0.7201521184533,0.8009093397602,0.883316094069,0.9639349240796,1.01601022061974,1.12753057325297,1.25993088552456,1.38681612342177,1.50042182407365,1.60615404940782,1.64293114028516,1.69265970474643,1.73375213291483,1.7660448471402,1.79864955114907,1.82694645611551,1.85074870123055,1.87226793561599,1.88988283369937,1.90328048832219
"GCAM 7.1","CurrentMeasures","Pakistan","Emissions|NH3|AFOLU|Agriculture|Rice","Mt NH3/yr",0.0983441877,0.103677389,0.1217070178,0.1652753614,0.167454692582,0.182259113824,0.194174022338,0.202809425399,0.203875446003,0.202147416644,0.189847752887,0.187189488909,0.186095071574,0.183622934713,0.182323025564,0.180870442193,0.178383770298,0.177247307487,0.176156384366,0.174911280936
"GCAM 7.1","Reference","Pakistan","Emissions|NH3|AFOLU|Agriculture|Rice","Mt NH3/yr",0.0983441877,0.103677389,0.1217070178,0.1652753614,0.16745082225,0.182380178794,0.194372201457,0.203214796946,0.204152861974,0.202102112226,0.189202241249,0.187234114597,0.186031112035,0.183437171617,0.182324750838,0.180825380677,0.178274511238,0.177216627122,0.176119086785,0.174838614689
"GCAM 7.1","CurrentMeasures","Pakistan","Emissions|NH3|AFOLU|Land","Mt NH3/yr",0.00015386241,0.000180371373,0.000185612126,0.000201724859,0.0002193157866,0.0002476065736,0.0002786994262,0.000313522601,0.0003527004266,0.000395274371,0.0004418909074,0.0004880911043,0.0005317579537,0.0005722603803,0.0006085479967,0.0006403653194,0.0006679833948,0.0006922584197,0.0007129844194,0.0007303350254
"GCAM 7.1","Reference","Pakistan","Emissions|NH3|AFOLU|Land","Mt NH3/yr",0.00015386241,0.000180371373,0.000185612126,0.000201724859,0.0002193108037,0.0002475703099,0.0002786427841,0.0003134281439,0.0003526112882,0.0003952678343,0.0004420388034,0.0004881347996,0.0005317487387,0.0005722614262,0.0006085224911,0.0006403379722,0.000667958696,0.0006922431804,0.0007129674379,0.0007303094528
"GCAM 7.1","CurrentMeasures","Pakistan","Emissions|NH3|AFOLU|Land|Fires","Mt NH3/yr",9.739501e-05,8.905757e-05,7.816933e-05,7.814716e-05,7.80454056e-05,7.78401526e-05,7.76418832e-05,7.7444296e-05,7.72587576e-05,7.7077479e-05,7.68732364e-05,7.66478433e-05,7.64379587e-05,7.62564173e-05,7.60966037e-05,7.59631924e-05,7.58524478e-05,7.57557887e-05,7.56755984e-05,7.56115224e-05
"GCAM 7.1","Reference","Pakistan","Emissions|NH3|AFOLU|Land|Fires","Mt NH3/yr",9.739501e-05,8.905757e-05,7.816933e-05,7.814716e-05,7.80454557e-05,7.78398049e-05,7.76415261e-05,7.74430999e-05,7.72582912e-05,7.70779483e-05,7.68756744e-05,7.66478586e-05,7.64382097e-05,7.62566592e-05,7.60967641e-05,7.59634322e-05,7.5852844e-05,7.57559574e-05,7.56757479e-05,7.56115818e-05
"GCAM 7.1","CurrentMeasures","Pakistan","Emissions|NH3|AFOLU|Land|Fires|Forest Burning","Mt NH3/yr",0,0,0,0,0,0,0,0,0,0,0,0,0,0,0,0,0,0,0,0
"GCAM 7.1","Reference","Pakistan","Emissions|NH3|AFOLU|Land|Fires|Forest Burning","Mt NH3/yr",0,0,0,0,0,0,0,0,0,0,0,0,0,0,0,0,0,0,0,0
"GCAM 7.1","CurrentMeasures","Pakistan","Emissions|NH3|Energy","Mt NH3/yr",0.1065506595487,0.11914616579909,0.13423828790478,0.15562168039982,0.15089562061994,0.14687700017822,0.145719825662748,0.146839515904116,0.149332259373281,0.152499391555233,0.155642650788864,0.159298847043355,0.162956825932575,0.166864981001791,0.169986674956926,0.172319269213364,0.174095698570968,0.175440524404763,0.176413276301012,0.177191029606531
"GCAM 7.1","Reference","Pakistan","Emissions|NH3|Energy","Mt NH3/yr",0.1065506595487,0.11914616579909,0.13423828790478,0.15562168039982,0.15120277170968,0.14739043519411,0.14645814574264,0.147759808648057,0.150192579132533,0.15322814155427,0.1561196855616,0.159673834154348,0.163590027969204,0.167480762007386,0.17061876706331,0.173162830401694,0.174956026190431,0.176335637701319,0.177338717311428,0.178322952813629
"GCAM 7.1","CurrentMeasures","Pakistan","Emissions|NH3|Energy and Industrial Processes","Mt NH3/yr",0.1072712032107,0.11990931191309,0.13481919508212,0.15638236839982,0.15167158731994,0.14771540757822,0.146602853362748,0.147718256104116,0.150166691573281,0.153306623585233,0.156420539360864,0.160060990538355,0.163709235434575,0.167609503521791,0.170731704286926,0.173065703063364,0.174842361850968,0.176189825474763,0.177165541781012,0.177947243326531
"GCAM 7.1","Reference","Pakistan","Emissions|NH3|Energy and Industrial Processes","Mt NH3/yr",0.1072712032107,0.11990931191309,0.13481919508212,0.15638236839982,0.15197832360968,0.14822767159411,0.14733985134264,0.148637591848057,0.151025760382533,0.15403451057427,0.1568953380556,0.160434510613348,0.164339592541204,0.168222305527386,0.17136100884331,0.173906452551694,0.175699937580431,0.177082316861319,0.178088216811428,0.179076659293629
"GCAM 7.1","CurrentMeasures","Pakistan","Emissions|NH3|Energy|Demand","Mt NH3/yr",0.1014885194457,0.11361554781109,0.12809059320678,0.14600110922142,0.14125262215394,0.13584201837102,0.133408989735148,0.132828815084316,0.133781648321681,0.136203781323933,0.139705748505464,0.143341588818155,0.146694826934675,0.149501606355491,0.151716486056926,0.153219849309364,0.154161722546968,0.154512180383763,0.154427735526012,0.154200073583531
"GCAM 7.1","Reference","Pakistan","Emissions|NH3|Energy|Demand","Mt NH3/yr",0.1014885194457,0.11361554781109,0.12809059320678,0.14600110922142,0.14129620282168,0.13584640890211,0.13340862366374,0.132765478300657,0.133536982381833,0.13573395295417,0.1390242543484,0.142477568934148,0.145639585655904,0.148369638763886,0.15051697104331,0.151938055897694,0.152775915732431,0.153032382103319,0.152871926538428,0.152822078743629
"GCAM 7.1","CurrentMeasures","Pakistan","Emissions|NH3|Energy|Demand|AFOFI","Mt NH3/yr",1.422146e-05,6.89848e-06,2.52384e-06,2.35558e-06,2.508435e-06,2.696464e-06,2.831011e-06,2.9299963e-06,3.0448825e-06,3.100145e-06,3.201587e-06,3.3860086e-06,3.591799e-06,3.7564505e-06,3.8775568e-06,3.95202e-06,3.9933e-06,4.019214e-06,4.024852e-06,4.025808e-06
"GCAM 7.1","Reference","Pakistan","Emissions|NH3|Energy|Demand|AFOFI","Mt NH3/yr",1.422146e-05,6.89848e-06,2.52384e-06,2.35558e-06,2.508459e-06,2.696229e-06,2.829909e-06,2.9270225e-06,3.0394218e-06,3.091725e-06,3.190355e-06,3.3732847e-06,3.5790097e-06,3.7439806e-06,3.8652344e-06,3.9392887e-06,3.97966e-06,4.004596e-06,4.009643e-06,4.011084e-06
"GCAM 7.1","CurrentMeasures","Pakistan","Emissions|NH3|Energy|Demand|Bunkers","Mt NH3/yr",0.00013793539,0.0001353266,0.00012132427,7.086601e-05,7.43689e-05,8.827744e-05,0.000103738767,0.000131717503,0.000168042738,0.000212995013,0.000266571565,0.000331450254,0.00040693792,0.00049179781,0.00058610043,0.00068730809,0.00079399878,0.0009061631,0.00102201648,0.00114058945
"GCAM 7.1","Reference","Pakistan","Emissions|NH3|Energy|Demand|Bunkers","Mt NH3/yr",0.00013793539,0.0001353266,0.00012132427,7.086601e-05,7.437075e-05,8.827817e-05,0.000103739802,0.000131719546,0.000168016284,0.00021298689,0.000266566486,0.000331440136,0.00040692584,0.00049178881,0.00058609047,0.00068726695,0.00079391342,0.00090605366,0.00102190606,0.00114048914
"GCAM 7.1","CurrentMeasures","Pakistan","Emissions|NH3|Energy|Demand|Bunkers|International Aviation","Mt NH3/yr",0.000129346,0.000120073,0.000115354,6.94729e-05,7.29862e-05,8.69086e-05,0.000102745,0.000130922,0.000167267,0.000212192,0.000265704,0.000330496,0.000405894,0.000490662,0.000584869,0.000685984,0.000792584,0.000904653,0.00102041,0.0011389
"GCAM 7.1","Reference","Pakistan","Emissions|NH3|Energy|Demand|Bunkers|International Aviation","Mt NH3/yr",0.000129346,0.000120073,0.000115354,6.94729e-05,7.2988e-05,8.69093e-05,0.000102746,0.000130924,0.000167241,0.000212184,0.000265699,0.000330486,0.000405882,0.000490653,0.000584859,0.000685943,0.000792499,0.000904544,0.0010203,0.0011388
"GCAM 7.1","CurrentMeasures","Pakistan","Emissions|NH3|Energy|Demand|Bunkers|International Shipping","Mt NH3/yr",8.58939e-06,1.52536e-05,5.97027e-06,1.39311e-06,1.3827e-06,1.36884e-06,9.93767e-07,7.95503e-07,7.75738e-07,8.03013e-07,8.67565e-07,9.54254e-07,1.04392e-06,1.13581e-06,1.23143e-06,1.32409e-06,1.41478e-06,1.5101e-06,1.60648e-06,1.68945e-06
"GCAM 7.1","Reference","Pakistan","Emissions|NH3|Energy|Demand|Bunkers|International Shipping","Mt NH3/yr",8.58939e-06,1.52536e-05,5.97027e-06,1.39311e-06,1.38275e-06,1.36887e-06,9.93802e-07,7.95546e-07,7.75284e-07,8.0289e-07,8.67486e-07,9.54136e-07,1.04384e-06,1.13581e-06,1.23147e-06,1.32395e-06,1.41442e-06,1.50966e-06,1.60606e-06,1.68914e-06
"GCAM 7.1","CurrentMeasures","Pakistan","Emissions|NH3|Energy|Demand|Commercial","Mt NH3/yr",4.914646e-05,5.435949e-05,6.306689e-05,5.250955e-05,5.281939e-05,6.895077e-05,9.036104e-05,0.0001191399,0.0001578703,0.0002044995,0.0002605527,0.0003251834,0.0003940367,0.0004598981,0.0005241255,0.0005820209,0.0006341154,0.0006774182,0.0007106582,0.0007316837
"GCAM 7.1","Reference","Pakistan","Emissions|NH3|Energy|Demand|Commercial","Mt NH3/yr",4.914646e-05,5.435949e-05,6.306689e-05,5.250955e-05,5.267908e-05,6.779799e-05,8.815368e-05,0.0001155782,0.0001526257,0.000197829,0.0002520502,0.0003145173,0.0003798802,0.0004436607,0.0005051593,0.0005598695,0.0006085595,0.0006486517,0.0006788635,0.0007027581
"GCAM 7.1","CurrentMeasures","Pakistan","Emissions|NH3|Energy|Demand|Industry","Mt NH3/yr",0.0130798376,0.01498010537,0.01772791343,0.02087372926,0.023182699277,0.028921615293,0.035644276396,0.043334070891,0.051650444634,0.0605271821058,0.069023009128,0.07668578497359,0.0832723536018,0.0886396286983,0.09295928201204,0.096214666754757,0.098454349100188,0.099854805088333,0.100635098532492,0.100998834722361
"GCAM 7.1","Reference","Pakistan","Emissions|NH3|Energy|Demand|Industry","Mt NH3/yr",0.0130798376,0.01498010537,0.01772791343,0.02087372926,0.023179938118,0.028898173497,0.035574093602,0.043158731506,0.051313370228,0.0599897830767,0.0682876781037,0.0757781150923,0.0822266666456,0.0874789823924,0.09169618539026,0.094833188950434,0.096926169290661,0.098171067899339,0.098801292157168,0.099096709293519
"GCAM 7.1","CurrentMeasures","Pakistan","Emissions|NH3|Energy|Demand|Residential","Mt NH3/yr",0.0877179947357,0.0977858643037,0.1088415937102,0.1230518443484,0.1160221458408,0.1049826590383,0.0959121994006,0.0877083798046,0.0803277187543,0.073738991623,0.068511252957,0.064196356106,0.060625106628,0.057666405012,0.055115310876,0.0528841058,0.05108291904,0.049513723176,0.0481294723637,0.0470139559043
"GCAM 7.1","Reference","Pakistan","Emissions|NH3|Energy|Demand|Residential","Mt NH3/yr",0.0877179947357,0.0977858643037,0.1088415937102,0.1230518443484,0.1160050907262,0.1048709161665,0.0957232421452,0.0874366052448,0.0799769382583,0.073337950416,0.068050497648,0.063678506186,0.060001132637,0.057007653443,0.054406458662,0.052118214621,0.05026049794,0.04864881204,0.0472333596193,0.0462419752651
"GCAM 7.1","CurrentMeasures","Pakistan","Emissions|NH3|Energy|Demand|Residential and Commercial","Mt NH3/yr",0.0877671411957,0.0978402237937,0.1089046606002,0.1231043538984,0.1160749652308,0.1050516098083,0.0960025604406,0.0878275197046,0.0804855890543,0.073943491123,0.068771805657,0.064521539506,0.061019143328,0.058126303112,0.055639436376,0.0534661267,0.05171703444,0.050191141376,0.0488401305637,0.0477456396043
"GCAM 7.1","Reference","Pakistan","Emissions|NH3|Energy|Demand|Residential and Commercial","Mt NH3/yr",0.0877671411957,0.0978402237937,0.1089046606002,0.1231043538984,0.1160577698062,0.1049387141565,0.0958113958252,0.0875521834448,0.0801295639583,0.073535779416,0.068302547848,0.063993023486,0.060381012837,0.057451314143,0.054911617962,0.052678084121,0.05086905744,0.04929746374,0.0479122231193,0.0469447333651
"GCAM 7.1","CurrentMeasures","Pakistan","Emissions|NH3|Energy|Demand|Residential and Commercial and AFOFI","Mt NH3/yr",0.0877813626557,0.0978471222737,0.1089071844402,0.1231067094784,0.1160774736658,0.1050543062723,0.0960053914516,0.0878304497009,0.0804886339368,0.073946591268,0.068775007244,0.0645249255146,0.061022735127,0.0581300595625,0.0556433139328,0.05347007872,0.05172102774,0.05019516059,0.0488441554157,0.0477496654123
"GCAM 7.1","Reference","Pakistan","Emissions|NH3|Energy|Demand|Residential and Commercial and AFOFI","Mt NH3/yr",0.0877813626557,0.0978471222737,0.1089071844402,0.1231067094784,0.1160602782652,0.1049414103855,0.0958142257342,0.0875551104673,0.0801326033801,0.073538871141,0.068305738203,0.0639963967707,0.0603845918467,0.0574550581236,0.0549154831964,0.0526820234097,0.0508730371,0.049301468336,0.0479162327623,0.0469487444491
"GCAM 7.1","CurrentMeasures","Pakistan","Emissions|NH3|Energy|Demand|Transportation","Mt NH3/yr",0.00079677936934,0.00106964716252,0.00219759550365,0.0032159116997,0.00317820372962,0.00294861024629,0.002729964062736,0.002547592417412,0.002478318443412,0.002617256880946,0.002906476989118,0.00325730208032,0.00367434353157,0.004191876017832,0.004786298126502,0.005442044900634,0.00614366624877,0.006880465508,0.00762833944552,0.00839549210284
"GCAM 7.1","Reference","Pakistan","Emissions|NH3|Energy|Demand|Transportation","Mt NH3/yr",0.00079677936934,0.00106964716252,0.00219759550365,0.0032159116997,0.00326808963233,0.00316381931775,0.00314982904281,0.003185192494904,0.003245228668976,0.0034478424641,0.00383929352681,0.004296176981506,0.004834018027788,0.005507891596872,0.00628340702598,0.00713711141332,0.00804884507031,0.00900458760008,0.00997316894434,0.01098252127271
"GCAM 7.1","CurrentMeasures","Pakistan","Emissions|NH3|Energy|Demand|Transportation|Light-Duty Vehicle","Mt NH3/yr",0.00015174624066,0.00020835590226,0.00043979542951,0.00064925712634,0.00062245770466,0.00057233477915,0.00054681088336,0.00048566175842,0.00043567993235,0.00037850089132,0.00033358235681,0.00029364372761,0.00025620008418,0.00022518750555,0.00019734203667,0.00017252262858,0.00015072429479,0.00013178401486,0.00011502677212,0.0001074436559
"GCAM 7.1","Reference","Pakistan","Emissions|NH3|Energy|Demand|Transportation|Light-Duty Vehicle","Mt NH3/yr",0.00015174624066,0.00020835590226,0.00043979542951,0.00064925712634,0.00065964202863,0.00063858139247,0.00064892191427,0.00062281431781,0.00056586664349,0.00049881273984,0.00044741915759,0.00039968540379,0.00035434158442,0.0003172318879,0.00028384232332,0.0002539068338,0.00022750443823,0.00020439710488,0.00018369781058,0.00017223563831
"GCAM 7.1","CurrentMeasures","Pakistan","Emissions|NH3|Energy|Demand|Transportation|Truck","Mt NH3/yr",3.024199e-05,2.798407e-05,3.09512e-05,3.444012e-05,3.5499188e-05,3.4693706e-05,3.4391295e-05,3.1899803e-05,3.505565e-05,3.8268102e-05,4.2261791e-05,4.7910344e-05,5.5056956e-05,6.3177046e-05,7.1939201e-05,8.102396e-05,9.030331e-05,9.9853688e-05,0.000109563978,0.000119032239
"GCAM 7.1","Reference","Pakistan","Emissions|NH3|Energy|Demand|Transportation|Truck","Mt NH3/yr",3.024199e-05,2.798407e-05,3.09512e-05,3.444012e-05,3.5499716e-05,3.4692989e-05,3.4378094e-05,3.182675e-05,3.4889667e-05,3.7968489e-05,4.1830427e-05,4.7371485e-05,5.4443035e-05,6.2495391e-05,7.1174624e-05,8.0134928e-05,8.9242335e-05,9.8599711e-05,0.000108124363,0.000117514811
"GCAM 7.1","CurrentMeasures","Pakistan","Emissions|NH3|Energy|Supply","Mt NH3/yr",0.005062140103,0.005530617988,0.006147694698,0.0096205711784,0.009642998466,0.0110349818072,0.0123108359276,0.0140107008198,0.0155506110516,0.0162956102313,0.0159369022834,0.0159572582252,0.0162619989979,0.0173633746463,0.0182701889,0.019099419904,0.019933976024,0.020928344021,0.021985540775,0.022990956023
"GCAM 7.1","Reference","Pakistan","Emissions|NH3|Energy|Supply","Mt NH3/yr",0.005062140103,0.005530617988,0.006147694698,0.0096205711784,0.009906568888,0.011544026292,0.0130495220789,0.0149943303474,0.0166555967507,0.0174941886001,0.0170954312132,0.0171962652202,0.0179504423133,0.0191111232435,0.02010179602,0.021224774504,0.022180110458,0.023303255598,0.024466790773,0.02550087407
"GCAM 7.1","CurrentMeasures","Pakistan","Emissions|NH3|Energy|Supply|Electricity","Mt NH3/yr",0.000240682677,0.000193068334,0.000216063932,0.0029691753,0.00243846738,0.0027494459,0.0030156224,0.0034012172,0.0036101699,0.0036074417,0.0033591979,0.0033645296,0.0032519916,0.0032439977,0.0030340372,0.0028417639,0.0025382441,0.0023384293,0.0022891612,0.002356575
"GCAM 7.1","Reference","Pakistan","Emissions|NH3|Energy|Supply|Electricity","Mt NH3/yr",0.000240682677,0.000193068334,0.000216063932,0.0029691753,0.00259745614,0.0030351463,0.0034299281,0.0039601497,0.0042833207,0.0043250546,0.0040326086,0.0040879186,0.0040264569,0.0039727487,0.0037052483,0.0034531695,0.0030942916,0.002858946,0.0027972387,0.002909526
"GCAM 7.1","CurrentMeasures","Pakistan","Emissions|NH3|Energy|Supply|Fugitive","Mt NH3/yr",0.004821457426,0.005337549654,0.005931630766,0.0066513958784,0.007204531086,0.0082855359072,0.0092952135276,0.0106094836198,0.0119404411516,0.0126881685313,0.0125777043834,0.0125927286252,0.0130100073979,0.0141193769463,0.0152361517,0.016257656004,0.017395731924,0.018589914721,0.019696379575,0.020634381023
"GCAM 7.1","Reference","Pakistan","Emissions|NH3|Energy|Supply|Fugitive","Mt NH3/yr",0.004821457426,0.005337549654,0.005931630766,0.0066513958784,0.007309112748,0.008508879992,0.0096195939789,0.0110341806474,0.0123722760507,0.0131691340001,0.0130628226132,0.0131083466202,0.0139239854133,0.0151383745435,0.01639654772,0.017771605004,0.019085818858,0.020444309598,0.021669552073,0.02259134807
"GCAM 7.1","CurrentMeasures","Pakistan","Emissions|NH3|Industrial Processes","Mt NH3/yr",0.000720543662,0.000763146114,0.00058090717734,0.000760688,0.0007759667,0.0008384074,0.0008830277,0.0008787402,0.0008344322,0.00080723203,0.000777888572,0.000762143495,0.000752409502,0.00074452252,0.00074502933,0.00074643385,0.00074666328,0.00074930107,0.00075226548,0.00075621372
"GCAM 7.1","Reference","Pakistan","Emissions|NH3|Industrial Processes","Mt NH3/yr",0.000720543662,0.000763146114,0.00058090717734,0.000760688,0.0007755519,0.0008372364,0.0008817056,0.0008777832,0.00083318125,0.00080636902,0.000775652494,0.000760676459,0.000749564572,0.00074154352,0.00074224178,0.00074362215,0.00074391139,0.00074667916,0.0007494995,0.00075370648
"GCAM 7.1","CurrentMeasures","Pakistan","Emissions|NH3|Industrial Processes|Chemicals","Mt NH3/yr",0.000694681,0.000707774,0.000576799,0.000760688,0.0007759667,0.0008384074,0.0008830277,0.0008787402,0.0008344322,0.00080723203,0.000777888572,0.000762143495,0.000752409502,0.00074452252,0.00074502933,0.00074643385,0.00074666328,0.00074930107,0.00075226548,0.00075621372
"GCAM 7.1","Reference","Pakistan","Emissions|NH3|Industrial Processes|Chemicals","Mt NH3/yr",0.000694681,0.000707774,0.000576799,0.000760688,0.0007755519,0.0008372364,0.0008817056,0.0008777832,0.00083318125,0.00080636902,0.000775652494,0.000760676459,0.000749564572,0.00074154352,0.00074224178,0.00074362215,0.00074391139,0.00074667916,0.0007494995,0.00075370648
"GCAM 7.1","CurrentMeasures","Pakistan","Emissions|NH3|Industrial Processes|Chemicals|Ammonia","Mt NH3/yr",0.000694681,0.000707774,0.000576799,0.000760688,0.0007759667,0.0008384074,0.0008830277,0.0008787402,0.0008344322,0.00080723203,0.000777888572,0.000762143495,0.000752409502,0.00074452252,0.00074502933,0.00074643385,0.00074666328,0.00074930107,0.00075226548,0.00075621372
"GCAM 7.1","Reference","Pakistan","Emissions|NH3|Industrial Processes|Chemicals|Ammonia","Mt NH3/yr",0.000694681,0.000707774,0.000576799,0.000760688,0.0007755519,0.0008372364,0.0008817056,0.0008777832,0.00083318125,0.00080636902,0.000775652494,0.000760676459,0.000749564572,0.00074154352,0.00074224178,0.00074362215,0.00074391139,0.00074667916,0.0007494995,0.00075370648
"GCAM 7.1","CurrentMeasures","Pakistan","Emissions|NH3|Industrial Processes|Iron and Steel","Mt NH3/yr",2.5862662e-05,5.5372114e-05,4.10817734e-06,0,0,0,0,0,0,0,0,0,0,0,0,0,0,0,0,0
"GCAM 7.1","Reference","Pakistan","Emissions|NH3|Industrial Processes|Iron and Steel","Mt NH3/yr",2.5862662e-05,5.5372114e-05,4.10817734e-06,0,0,0,0,0,0,0,0,0,0,0,0,0,0,0,0,0
"GCAM 7.1","CurrentMeasures","Pakistan","Emissions|NH3|Product Use","Mt NH3/yr",0.0019592542,0.0019098214,0.0020153714,0.0022020167,0.0024885116,0.00319231587,0.00406397795,0.0051467452,0.0064554411,0.0079719648,0.0096448404,0.0114311312,0.013271073,0.0150590977,0.016753111,0.0182821529,0.0196244745,0.0208367032,0.0219652434,0.0230027789
"GCAM 7.1","Reference","Pakistan","Emissions|NH3|Product Use","Mt NH3/yr",0.0019592542,0.0019098214,0.0020153714,0.0022020167,0.00248810069,0.00319038151,0.00406094112,0.0051427462,0.0064503096,0.007966733,0.0096385162,0.0114256189,0.0132648591,0.0150541868,0.0167502045,0.0182811506,0.0196250757,0.0208410127,0.0219728606,0.023011699
"GCAM 7.1","CurrentMeasures","Pakistan","Emissions|NH3|Waste","Mt NH3/yr",0.2265588,0.2523432,0.2802906,0.3128556,0.3385668,0.3724655,0.4068102,0.440524,0.4729984,0.5043497,0.5337357,0.5610846,0.5854096,0.606457,0.623951,0.6378769,0.6490197,0.6579987,0.6649648,0.6702013
"GCAM 7.1","Reference","Pakistan","Emissions|NH3|Waste","Mt NH3/yr",0.2265588,0.2523432,0.2802906,0.3128556,0.3385668,0.3724655,0.4068102,0.440524,0.4729984,0.5043497,0.5337357,0.5610846,0.5854096,0.606457,0.623951,0.6378769,0.6490197,0.6579987,0.6649648,0.6702013
"GCAM 7.1","CurrentMeasures","Pakistan","Emissions|NOx","Mt NO2/yr",1.21751303795572,1.30220218082952,1.46226154010316,1.70193565895542,1.69241282320842,1.7559226556598,1.82456306857171,1.88265518419777,1.99272790765862,2.0891344212949,2.15543939294888,2.25195865405599,2.33631126810186,2.40512229338188,2.45408206366567,2.48109628033503,2.48724803059326,2.4870123277738,2.47767642780835,2.4589455245573
"GCAM 7.1","Reference","Pakistan","Emissions|NOx","Mt NO2/yr",1.21751303795572,1.30220218082952,1.46226154010316,1.70193565895542,1.70869851667636,1.78697259575591,1.87271987929625,1.94846756482038,2.06829012439272,2.16709814336959,2.2291015515166,2.33198058467278,2.42114811864248,2.49412330308894,2.54839390584245,2.57847679104311,2.58479792048033,2.58496261482728,2.57482545620895,2.55656958815624
"GCAM 7.1","CurrentMeasures","Pakistan","Emissions|NOx|AFOLU","Mt NO2/yr",0.324392469075719,0.357094782119524,0.361255511652163,0.406961247755424,0.428956505156604,0.476999051260518,0.531553808458228,0.584021703729125,0.630754240703061,0.674744761713566,0.694024350549569,0.719388964160494,0.74274777932116,0.762234813027785,0.781158680897067,0.797864182462936,0.811946613696187,0.824997581592903,0.836007348591506,0.844817269266074
"GCAM 7.1","Reference","Pakistan","Emissions|NOx|AFOLU","Mt NO2/yr",0.324392469075719,0.357094782119524,0.361255511652163,0.406961247755424,0.428937497281357,0.477072194565525,0.531708908519956,0.584413835759911,0.631040715744534,0.674719648882502,0.693101758989919,0.719183752037455,0.742469616537576,0.761879833036741,0.78106363334565,0.797761765482534,0.811809647345158,0.824920066853207,0.835950685151268,0.844844208968708
"GCAM 7.1","CurrentMeasures","Pakistan","Emissions|NOx|AFOLU [NGHGI]","Mt NO2/yr",0.324392469075719,0.357094782119524,0.361255511652163,0.406961247755424,0.428956505156604,0.476999051260518,0.531553808458228,0.584021703729125,0.630754240703061,0.674744761713566,0.694024350549569,0.719388964160494,0.74274777932116,0.762234813027785,0.781158680897067,0.797864182462936,0.811946613696187,0.824997581592903,0.836007348591506,0.844817269266074
"GCAM 7.1","Reference","Pakistan","Emissions|NOx|AFOLU [NGHGI]","Mt NO2/yr",0.324392469075719,0.357094782119524,0.361255511652163,0.406961247755424,0.428937497281357,0.477072194565525,0.531708908519956,0.584413835759911,0.631040715744534,0.674719648882502,0.693101758989919,0.719183752037455,0.742469616537576,0.761879833036741,0.78106363334565,0.797761765482534,0.811809647345158,0.824920066853207,0.835950685151268,0.844844208968708
"GCAM 7.1","CurrentMeasures","Pakistan","Emissions|NOx|AFOLU|Agricultural Waste Burning","Mt NO2/yr",0.002600433192214,0.002896047008621,0.00313507202276,0.003441231642526,0.003524877793324,0.003750502920558,0.003935253757038,0.004024190227745,0.003982265215311,0.003862148726776,0.003555383575049,0.003295228829754,0.003027873798307,0.002758359623594,0.002510982102341,0.002281046562606,0.002130140407905,0.002140609254495,0.002149208184795,0.002154873246432
"GCAM 7.1","Reference","Pakistan","Emissions|NOx|AFOLU|Agricultural Waste Burning","Mt NO2/yr",0.002600433192214,0.002896047008621,0.00313507202276,0.003441231642526,0.003524706016637,0.003751418617465,0.003936917779586,0.004028015090601,0.003984784419574,0.003861842638772,0.003548162946019,0.003294171845425,0.00302619904385,0.002756280366438,0.002510539518595,0.002280550164866,0.002129492665895,0.00214025205342,0.002148893825222,0.002154686501845
"GCAM 7.1","CurrentMeasures","Pakistan","Emissions|NOx|AFOLU|Agriculture","Mt NO2/yr",0.321041288103505,0.353498349310903,0.357499991829103,0.402894601945498,0.42480134811118,0.47261074394376,0.52697228346619,0.57934158396938,0.62610491583175,0.67020331225419,0.68977630428692,0.71538799501344,0.739001781909153,0.758746750210891,0.777907599941826,0.79483387372453,0.809059221316682,0.822092692027808,0.833087842955711,0.841887040003442
"GCAM 7.1","Reference","Pakistan","Emissions|NOx|AFOLU|Agriculture","Mt NO2/yr",0.321041288103505,0.353498349310903,0.357499991829103,0.402894601945498,0.42478251338332,0.47268298556546,0.52712574005337,0.57972992985431,0.62638890349896,0.67017850425143,0.6888608689682,0.71518382593233,0.738725295508726,0.758393846825903,0.777813001649855,0.794731960486968,0.808922907124663,0.822015538578587,0.833031499056046,0.841914173826763
"GCAM 7.1","CurrentMeasures","Pakistan","Emissions|NOx|AFOLU|Agriculture|Livestock","Mt NO2/yr",0.0270039271,0.0319987996,0.0377988544,0.0436890528,0.0483199389,0.055995801,0.0645066968,0.073935008,0.0841573012,0.0949665637,0.106055125,0.1171839899,0.1280359866,0.1382569463,0.1476582367,0.1560529181,0.1634840292,0.1700681865,0.1758295339,0.1808577441
"GCAM 7.1","Reference","Pakistan","Emissions|NOx|AFOLU|Agriculture|Livestock","Mt NO2/yr",0.0270039271,0.0319987996,0.0377988544,0.0436890528,0.0483199622,0.0559962445,0.0645073497,0.0739360279,0.0841580292,0.0949663271,0.1060530029,0.1171833767,0.1280361574,0.1382570915,0.1476584738,0.1560531,0.1634834618,0.1700678147,0.1758294521,0.1808578668
"GCAM 7.1","CurrentMeasures","Pakistan","Emissions|NOx|AFOLU|Agriculture|Livestock|Enteric Fermentation","Mt NO2/yr",0.0269339139,0.0319021843,0.0376603118,0.0434723544,0.048079654,0.0557154873,0.0641813591,0.0735591578,0.083726112,0.0944764809,0.1055045417,0.1165723559,0.1273644366,0.1375286993,0.1468775297,0.1552251551,0.1626144322,0.1691613945,0.1748900859,0.1798896921
"GCAM 7.1","Reference","Pakistan","Emissions|NOx|AFOLU|Agriculture|Livestock|Enteric Fermentation","Mt NO2/yr",0.0269339139,0.0319021843,0.0376603118,0.0434723544,0.0480796774,0.0557159303,0.0641820113,0.0735601749,0.0837268389,0.094476246,0.1055024304,0.1165717457,0.1273646084,0.1375288435,0.1468777668,0.155225338,0.1626138678,0.1691610237,0.1748900051,0.1798898128
"GCAM 7.1","CurrentMeasures","Pakistan","Emissions|NOx|AFOLU|Agriculture|Managed Soils","Mt NO2/yr",0.258708218943505,0.284651540250903,0.280985696349103,0.306630881545498,0.32321350916788,0.35863770261046,0.40069813928809,0.44089221708188,0.47709422225685,0.51093303649929,0.52333002988862,0.53865828366064,0.551768408938653,0.562078715447891,0.572251785650126,0.58124544329953,0.588830707156882,0.595641611668108,0.601222303394611,0.605389382232542
"GCAM 7.1","Reference","Pakistan","Emissions|NOx|AFOLU|Agriculture|Managed Soils","Mt NO2/yr",0.258708218943505,0.284651540250903,0.280985696349103,0.306630881545498,0.32319584344952,0.35867099246946,0.40078792475507,0.44115057609631,0.47728919351106,0.51092277449343,0.5226221094185,0.53844062681963,0.551512142168726,0.561784781384603,0.572156528840755,0.581157687672568,0.588729642008663,0.595574458417287,0.601177982102246,0.605439523713463
"GCAM 7.1","CurrentMeasures","Pakistan","Emissions|NOx|AFOLU|Agriculture|Rice","Mt NO2/yr",0.03532914206,0.03684800946,0.03871544108,0.0525746676,0.0532679000433,0.0579772403333,0.0617674473781,0.0645143588875,0.0648533923749,0.0643037120549,0.0603911493983,0.0595457214528,0.0591973863705,0.058411088463,0.0579975775917,0.057535512325,0.0567444849598,0.0563828938597,0.0560360056611,0.0556399136709
"GCAM 7.1","Reference","Pakistan","Emissions|NOx|AFOLU|Agriculture|Rice","Mt NO2/yr",0.03532914206,0.03684800946,0.03871544108,0.0525746676,0.0532667077338,0.058015748596,0.0618304655983,0.064643325858,0.0649416807879,0.064289402658,0.0601857566497,0.0595598224127,0.05917699594,0.0583519739413,0.0579979990091,0.0575211728144,0.056709803316,0.0563732654613,0.0560240648538,0.0556167833133
"GCAM 7.1","CurrentMeasures","Pakistan","Emissions|NOx|AFOLU|Land","Mt NO2/yr",0.00075074778,0.0007003858,0.0006204478003,0.0006254141674,0.0006302792521,0.0006378043962,0.000646271235,0.000655929532,0.000667059656,0.0006793007326,0.0006926626876,0.0007057403173,0.0007181236137,0.0007297031933,0.0007400988529,0.0007492621758,0.0007572519716,0.0007642803106,0.000770297451,0.0007753560162
"GCAM 7.1","Reference","Pakistan","Emissions|NOx|AFOLU|Land","Mt NO2/yr",0.00075074778,0.0007003858,0.0006204478003,0.0006254141674,0.0006302778814,0.0006377903826,0.000646250687,0.000655890815,0.000667027826,0.0006793019923,0.0006927270757,0.0007057542597,0.000718121985,0.0007297058444,0.0007400921772,0.0007492548307,0.0007572475546,0.0007642762212,0.00077029227,0.0007753486401
"GCAM 7.1","CurrentMeasures","Pakistan","Emissions|NOx|AFOLU|Land|Fires","Mt NO2/yr",0.0007304623,0.0006679319,0.00058627,0.000586103667,0.000585340609,0.000583801185,0.000582314213,0.000580832234,0.000579440745,0.000578081154,0.000576549333,0.000574858859,0.000573284674,0.000571923162,0.000570724534,0.000569723974,0.000568893339,0.000568168445,0.000567567042,0.000567086447
"GCAM 7.1","Reference","Pakistan","Emissions|NOx|AFOLU|Land|Fires","Mt NO2/yr",0.0007304623,0.0006679319,0.00058627,0.000586103667,0.00058534091,0.000583798502,0.000582311536,0.000580823263,0.000579437172,0.000578084649,0.000576567518,0.000574859024,0.000573286581,0.000571924976,0.000570725737,0.000569725773,0.00056889631,0.000568169735,0.000567568138,0.000567086843
"GCAM 7.1","CurrentMeasures","Pakistan","Emissions|NOx|AFOLU|Land|Fires|Forest Burning","Mt NO2/yr",0,0,0,0,0,0,0,0,0,0,0,0,0,0,0,0,0,0,0,0
"GCAM 7.1","Reference","Pakistan","Emissions|NOx|AFOLU|Land|Fires|Forest Burning","Mt NO2/yr",0,0,0,0,0,0,0,0,0,0,0,0,0,0,0,0,0,0,0,0
"GCAM 7.1","CurrentMeasures","Pakistan","Emissions|NOx|Energy","Mt NO2/yr",0.79743139058,0.83900373971,0.99216779151,1.1803440512,1.14189739005182,1.14865620339928,1.15553533411348,1.15719982146864,1.21982436895556,1.27267807358133,1.32194060289931,1.3963465489655,1.4618870640807,1.5167337358541,1.5528263709686,1.56958419457209,1.56814248679707,1.5610128191809,1.54645291141684,1.52429479039123
"GCAM 7.1","Reference","Pakistan","Emissions|NOx|Energy","Mt NO2/yr",0.79743139058,0.83900373971,0.99216779151,1.1803440512,1.158216321395,1.17967465619038,1.20358529077629,1.22265755206047,1.29514851064819,1.35070218448709,1.39660641612668,1.47662793823533,1.5471016589049,1.6061918969522,1.6473269108968,1.66715997576058,1.66591914573518,1.65912383687407,1.64374487925768,1.62196941778753
"GCAM 7.1","CurrentMeasures","Pakistan","Emissions|NOx|Energy and Industrial Processes","Mt NO2/yr",0.82224199888,0.86427016871,1.011258198451,1.2052530512,1.16730662805182,1.17611015439928,1.18445033011348,1.18597444046864,1.24714811695556,1.29911115958133,1.34741284239931,1.4213031898955,1.4865249887807,1.5411133803541,1.5772225827686,1.59402639787209,1.59259221689707,1.5855489461809,1.57108607921684,1.54905725529123
"GCAM 7.1","Reference","Pakistan","Emissions|NOx|Energy and Industrial Processes","Mt NO2/yr",0.82224199888,0.86427016871,1.011258198451,1.2052530512,1.183612039395,1.20709023119038,1.23245698077629,1.25140085906047,1.32243127864819,1.37710699448709,1.42200539252668,1.50153653263533,1.5716464021049,1.6304739700522,1.6716318724968,1.69151012556058,1.69027877313518,1.68357404797407,1.66828747105768,1.64664977918753
"GCAM 7.1","CurrentMeasures","Pakistan","Emissions|NOx|Energy|Demand","Mt NO2/yr",0.67177216512,0.69029881261,0.83069257833,0.99767368782,0.99537552494,0.981236275405,0.969343296482,0.939103317386,0.9744104781795,1.015433492225,1.072847892693,1.131125957801,1.181404315561,1.21800865221,1.2406206542579,1.24892710626949,1.24677936321027,1.2366235089782,1.21964867693994,1.19677471647753
"GCAM 7.1","Reference","Pakistan","Emissions|NOx|Energy|Demand","Mt NO2/yr",0.67177216512,0.69029881261,0.83069257833,0.99767368782,1.0014688375,0.992237547676,0.987306003811,0.962705215995,0.9962432683621,1.03347864419,1.088405543593,1.144350536893,1.192354806348,1.2280808551172,1.2497703149578,1.25683347477108,1.25324902155668,1.24180944674847,1.22372798469868,1.20252957117793
"GCAM 7.1","CurrentMeasures","Pakistan","Emissions|NOx|Energy|Demand|AFOFI","Mt NO2/yr",0.01016608,0.0041,0.0015,0.0014,0.00147349,0.0015280161,0.0015374921,0.0015094012,0.0014715461,0.0013927462,0.0013264049,0.0012852257,0.0012407076,0.0011765614,0.0010976176,0.0010099006,0.0009219407,0.0008396603,0.0007624157,0.0006927763
"GCAM 7.1","Reference","Pakistan","Emissions|NOx|Energy|Demand|AFOFI","Mt NO2/yr",0.01016608,0.0041,0.0015,0.0014,0.001473503,0.0015278821,0.0015368925,0.0015078704,0.0014689066,0.0013889624,0.0013217525,0.0012803987,0.0012362909,0.0011726549,0.0010941308,0.001006648,0.0009187913,0.0008366076,0.0007595347,0.0006902415
"GCAM 7.1","CurrentMeasures","Pakistan","Emissions|NOx|Energy|Demand|Bunkers","Mt NO2/yr",0.021879,0.0269317,0.01604244,0.00731073,0.00750719,0.00834605,0.008857806,0.010278532,0.012114359,0.014142297,0.016230058,0.018412058,0.020500524,0.022400866,0.024071017,0.025432682,0.026501294,0.027332714,0.02792231,0.028279744
"GCAM 7.1","Reference","Pakistan","Emissions|NOx|Energy|Demand|Bunkers","Mt NO2/yr",0.021879,0.0269317,0.01604244,0.00731073,0.0075074,0.00834614,0.00885793,0.010278722,0.012112272,0.0141417,0.0162297,0.018411379,0.020499873,0.022400464,0.024070639,0.02543112,0.026498346,0.027329352,0.02791907,0.028277351
"GCAM 7.1","CurrentMeasures","Pakistan","Emissions|NOx|Energy|Demand|Bunkers|International Aviation","Mt NO2/yr",0.0108915,0.0101106,0.0097133,0.0058499,0.00607416,0.00697747,0.00790558,0.00955549,0.0114529,0.0135058,0.0155959,0.017773,0.0198643,0.0217732,0.023456,0.0248357,0.025925,0.0267761,0.0273854,0.0277668
"GCAM 7.1","Reference","Pakistan","Emissions|NOx|Energy|Demand|Bunkers|International Aviation","Mt NO2/yr",0.0108915,0.0101106,0.0097133,0.0058499,0.00607431,0.00697753,0.00790567,0.00955564,0.0114512,0.0135053,0.0155956,0.0177724,0.0198637,0.0217728,0.0234556,0.0248342,0.0259222,0.0267729,0.0273823,0.0277645
"GCAM 7.1","CurrentMeasures","Pakistan","Emissions|NOx|Energy|Demand|Bunkers|International Shipping","Mt NO2/yr",0.0109875,0.0168211,0.00632914,0.00146083,0.00143303,0.00136858,0.000952226,0.000723042,0.000661459,0.000636497,0.000634158,0.000639058,0.000636224,0.000627666,0.000615017,0.000596982,0.000576294,0.000556614,0.00053691,0.000512944
"GCAM 7.1","Reference","Pakistan","Emissions|NOx|Energy|Demand|Bunkers|International Shipping","Mt NO2/yr",0.0109875,0.0168211,0.00632914,0.00146083,0.00143309,0.00136861,0.00095226,0.000723082,0.000661072,0.0006364,0.0006341,0.000638979,0.000636173,0.000627664,0.000615039,0.00059692,0.000576146,0.000556452,0.00053677,0.000512851
"GCAM 7.1","CurrentMeasures","Pakistan","Emissions|NOx|Energy|Demand|Commercial","Mt NO2/yr",0.023483197,0.02813382,0.040514653,0.04186996,0.040304058,0.04995306,0.06248083,0.0774684,0.0938716,0.11072187,0.12493883,0.1400412,0.15307642,0.16253294,0.16831258,0.1704942,0.1701659,0.1678463,0.1639375,0.1588409
"GCAM 7.1","Reference","Pakistan","Emissions|NOx|Energy|Demand|Commercial","Mt NO2/yr",0.023483197,0.02813382,0.040514653,0.04186996,0.040250488,0.04935592,0.06132882,0.07566887,0.09143592,0.1077977,0.1217801,0.13660087,0.14929937,0.15854894,0.16403288,0.1657791,0.164983,0.1622729,0.1580372,0.1536444
"GCAM 7.1","CurrentMeasures","Pakistan","Emissions|NOx|Energy|Demand|Industry","Mt NO2/yr",0.08599504,0.084708893,0.1037672714,0.127752842,0.1405611417,0.1709266814,0.2045296735,0.2398528096,0.27424771618,0.30682933972,0.333970735697,0.354942670342,0.369610274099,0.378669410359,0.3832941054749,0.38400702915649,0.381754246560268,0.3777685479672,0.37250181533494,0.36642774233553
"GCAM 7.1","Reference","Pakistan","Emissions|NOx|Energy|Demand|Industry","Mt NO2/yr",0.08599504,0.084708893,0.1037672714,0.127752842,0.1405478997,0.1708673902,0.2043304215,0.2393282861,0.27324774524,0.30535086903,0.332113725978,0.352845024224,0.36742414456,0.3764868386032,0.3811849456198,0.38198347825308,0.379798787469676,0.37587070287947,0.37066461601268,0.36462993738593
"GCAM 7.1","CurrentMeasures","Pakistan","Emissions|NOx|Energy|Demand|Residential","Mt NO2/yr",0.15876037676,0.17892827136,0.2004605663,0.2280368102,0.2188743314,0.2060803682,0.1773936066,0.1553444224,0.1399265435,0.1290972961,0.1369656291,0.1449151228,0.1521511103,0.1573792128,0.1615446915,0.164361842,0.1665538809,0.16727281334,0.166616636,0.1647809974
"GCAM 7.1","Reference","Pakistan","Emissions|NOx|Energy|Demand|Residential","Mt NO2/yr",0.15876037676,0.17892827136,0.2004605663,0.2280368102,0.2187601273,0.2052905428,0.1760398762,0.1533670749,0.1373042102,0.126051447,0.1333811026,0.1408052357,0.14713208,0.1520305567,0.1557427022,0.1580468132,0.1597285221,0.16005522064,0.1591081927,0.1582922951
"GCAM 7.1","CurrentMeasures","Pakistan","Emissions|NOx|Energy|Demand|Residential and Commercial","Mt NO2/yr",0.18224357376,0.20706209136,0.2409752193,0.2699067702,0.2591783894,0.2560334282,0.2398744366,0.2328128224,0.2337981435,0.2398191661,0.2619044591,0.2849563228,0.3052275303,0.3199121528,0.3298572715,0.334856042,0.3367197809,0.33511911334,0.330554136,0.3236218974
"GCAM 7.1","Reference","Pakistan","Emissions|NOx|Energy|Demand|Residential and Commercial","Mt NO2/yr",0.18224357376,0.20706209136,0.2409752193,0.2699067702,0.2590106153,0.2546464628,0.2373686962,0.2290359449,0.2287401302,0.233849147,0.2551612026,0.2774061057,0.29643145,0.3105794967,0.3197755822,0.3238259132,0.3247115221,0.32232812064,0.3171453927,0.3119366951
"GCAM 7.1","CurrentMeasures","Pakistan","Emissions|NOx|Energy|Demand|Residential and Commercial and AFOFI","Mt NO2/yr",0.19240965376,0.21116209136,0.2424752193,0.2713067702,0.2606518794,0.2575614443,0.2414119287,0.2343222236,0.2352696896,0.2412119123,0.263230864,0.2862415485,0.3064682379,0.3210887142,0.3309548891,0.3358659426,0.3376417216,0.33595877364,0.3313165517,0.3243146737
"GCAM 7.1","Reference","Pakistan","Emissions|NOx|Energy|Demand|Residential and Commercial and AFOFI","Mt NO2/yr",0.19240965376,0.21116209136,0.2424752193,0.2713067702,0.2604841183,0.2561743449,0.2389055887,0.2305438153,0.2302090368,0.2352381094,0.2564829551,0.2786865044,0.2976677409,0.3117521516,0.320869713,0.3248325612,0.3256303134,0.32316472824,0.3179049274,0.3126269366
"GCAM 7.1","CurrentMeasures","Pakistan","Emissions|NOx|Energy|Demand|Transportation","Mt NO2/yr",0.48321134052,0.47219683354,0.59657293341,0.73818094556,0.72720886147,0.6731594851,0.636915786934,0.566936595102,0.564077895269,0.57054748485,0.585161448312,0.604270353128,0.622144356688,0.635352681469,0.64193156747,0.641578046292,0.635888274476,0.626803427139,0.614705489194,0.599837510509
"GCAM 7.1","Reference","Pakistan","Emissions|NOx|Energy|Demand|Transportation","Mt NO2/yr",0.48321134052,0.47219683354,0.59657293341,0.73818094556,0.73445991407,0.688966491812,0.664939217082,0.606273757,0.6060006213042,0.61075612077,0.62512469577,0.643780632448,0.661441188786,0.675211674088,0.682399484126,0.682363879039,0.6766718339,0.667382052786,0.654891939614,0.640098541287
"GCAM 7.1","CurrentMeasures","Pakistan","Emissions|NOx|Energy|Demand|Transportation|Light-Duty Vehicle","Mt NO2/yr",0.0699259022,0.06301412296,0.08126196185,0.09348744568,0.08858488621,0.07857600431,0.07194752963,0.06061499927,0.05101294153,0.04119733156,0.03348320168,0.02700394879,0.021441492436,0.017088351833,0.013534237896,0.010681438734,0.008430987624,0.006670429603,0.005279270616,0.004479782375
"GCAM 7.1","Reference","Pakistan","Emissions|NOx|Energy|Demand|Transportation|Light-Duty Vehicle","Mt NO2/yr",0.0699259022,0.06301412296,0.08126196185,0.09348744568,0.09387676493,0.08767105334,0.08538298014,0.07773287819,0.06625635734,0.05429238075,0.04490953926,0.03675575609,0.02965485699,0.02407308774,0.01946655055,0.015720131597,0.012725835474,0.010345854472,0.008431002958,0.007181231097
"GCAM 7.1","CurrentMeasures","Pakistan","Emissions|NOx|Energy|Demand|Transportation|Truck","Mt NO2/yr",0.1898397,0.1997813,0.2589804,0.3509383,0.35751688,0.33706871,0.32022446,0.28174791,0.29046659,0.29475507,0.30018782,0.31178506,0.32606471,0.33925829,0.34913548,0.35498342,0.35744494,0.35765309,0.35583124,0.35118782
"GCAM 7.1","Reference","Pakistan","Emissions|NOx|Energy|Demand|Transportation|Truck","Mt NO2/yr",0.1898397,0.1997813,0.2589804,0.3509383,0.35752216,0.3370618,0.32010193,0.28110215,0.28909145,0.29244743,0.29712409,0.30827887,0.32243005,0.33559804,0.345424,0.35108862,0.35324548,0.35316142,0.3511558,0.34671092
"GCAM 7.1","CurrentMeasures","Pakistan","Emissions|NOx|Energy|Supply","Mt NO2/yr",0.12565922546,0.1487049271,0.16147521318,0.18267036338,0.14652186511182,0.16741992799428,0.18619203763148,0.21809650408264,0.24541389077606,0.25724458135633,0.24909271020631,0.2652205911645,0.2804827485197,0.2987250836441,0.3122057167107,0.3206570883026,0.3213631235868,0.3243893102027,0.3268042344769,0.3275200739137
"GCAM 7.1","Reference","Pakistan","Emissions|NOx|Energy|Supply","Mt NO2/yr",0.12565922546,0.1487049271,0.16147521318,0.18267036338,0.156747483895,0.18743710851438,0.21627928696529,0.25995233606547,0.29890524228609,0.31722354029709,0.30820087253368,0.33227740134233,0.3547468525569,0.378111041835,0.397556595939,0.4103265009895,0.4126701241785,0.4173143901256,0.420016894559,0.4194398466096
"GCAM 7.1","CurrentMeasures","Pakistan","Emissions|NOx|Energy|Supply|Electricity","Mt NO2/yr",0.125038641,0.14805047,0.160428258,0.18207445,0.145888332,0.1666774879,0.1853155552,0.2170283269,0.2441506659,0.255826679,0.247501556,0.263426371,0.278494812,0.296539543,0.309778347,0.317899968,0.318216997,0.320809303,0.322742446,0.322949637
"GCAM 7.1","Reference","Pakistan","Emissions|NOx|Energy|Supply|Electricity","Mt NO2/yr",0.125038641,0.14805047,0.160428258,0.18207445,0.156104328,0.1866765165,0.2153779063,0.2588546041,0.297613724,0.315773916,0.306580061,0.330445534,0.352718109,0.375882481,0.395080607,0.407515637,0.409466364,0.413669185,0.415882433,0.414752475
"GCAM 7.1","CurrentMeasures","Pakistan","Emissions|NOx|Energy|Supply|Fugitive","Mt NO2/yr",0.00062058446,0.0006544571,0.00104695518,0.00059591338,0.00062839614,0.00070301083,0.00076107279,0.00080729322,0.00085100679,0.000851242236,0.00083464242,0.0008316126993,0.00081237068,0.000778705091,0.000731335521,0.000720360439,0.000710810797,0.000692410066,0.000675158572,0.000657779787
"GCAM 7.1","Reference","Pakistan","Emissions|NOx|Energy|Supply|Fugitive","Mt NO2/yr",0.00062058446,0.0006544571,0.00104695518,0.00059591338,0.00063777933,0.00071976689,0.00078327055,0.00083319358,0.00087503364,0.000878472632,0.000859901684,0.0008600348344,0.00084163803,0.000805916476,0.00075788089,0.000747343828,0.000736773425,0.00071727699,0.000694746538,0.000674935377
"GCAM 7.1","CurrentMeasures","Pakistan","Emissions|NOx|Energy|Supply|Hydrogen","Mt NO2/yr",0,0,0,0,9.2228182e-07,2.555612728e-05,8.805349848e-05,0.00021274646064,0.00032780498506,0.00042924545033,0.00054506748631,0.0006626271044,0.0007817626799,0.000894906365,0.001009036863,0.001126280112,0.001253207329,0.001391407375,0.001539249918,0.001684284512
"GCAM 7.1","Reference","Pakistan","Emissions|NOx|Energy|Supply|Hydrogen","Mt NO2/yr",0,0,0,0,9.2104e-07,2.587493838e-05,8.832765029e-05,0.00021208570547,0.00032655941209,0.00042816690309,0.00054413894568,0.00066185992653,0.0007791202022,0.000891798746,0.001005636434,0.001123055747,0.001250869535,0.001390295625,0.001539229164,0.001689274371
"GCAM 7.1","CurrentMeasures","Pakistan","Emissions|NOx|Energy|Supply|Liquids","Mt NO2/yr",0,0,0,0,4.21469e-06,1.3873137e-05,2.7356143e-05,4.8137502e-05,8.4413101e-05,0.00013741467,0.0002114443,0.0002999803608,0.0003938031598,0.0005119291881,0.0006869973267,0.0009104797516,0.0011821084608,0.0014961897617,0.0018473799869,0.0022283726147
"GCAM 7.1","Reference","Pakistan","Emissions|NOx|Energy|Supply|Liquids","Mt NO2/yr",0,0,0,0,4.455525e-06,1.4950186e-05,2.9782465e-05,5.245268e-05,8.9925234e-05,0.000142984762,0.000216770904,0.0003099725814,0.0004079853247,0.000530845613,0.000712471615,0.0009404644145,0.0012161172185,0.0015376325106,0.001900485857,0.0023231618616
"GCAM 7.1","CurrentMeasures","Pakistan","Emissions|NOx|Industrial Processes","Mt NO2/yr",0.0248106083,0.025266429,0.019090406941,0.024909,0.025409238,0.027453951,0.028914996,0.028774619,0.027323748,0.026433086,0.0254722395,0.02495664093,0.0246379247,0.0243796445,0.0243962118,0.0244422033,0.0244497301,0.024536127,0.0246331678,0.0247624649
"GCAM 7.1","Reference","Pakistan","Emissions|NOx|Industrial Processes","Mt NO2/yr",0.0248106083,0.025266429,0.019090406941,0.024909,0.025395718,0.027415575,0.02887169,0.028743307,0.027282768,0.02640481,0.0253989764,0.0249085944,0.0245447432,0.0242820731,0.0243049616,0.0243501498,0.0243596274,0.0244502111,0.0245425918,0.0246803614
"GCAM 7.1","CurrentMeasures","Pakistan","Emissions|NOx|Industrial Processes|Chemicals","Mt NO2/yr",0.0237547,0.0232992,0.0189554,0.024909,0.025409238,0.027453951,0.028914996,0.028774619,0.027323748,0.026433086,0.0254722395,0.02495664093,0.0246379247,0.0243796445,0.0243962118,0.0244422033,0.0244497301,0.024536127,0.0246331678,0.0247624649
"GCAM 7.1","Reference","Pakistan","Emissions|NOx|Industrial Processes|Chemicals","Mt NO2/yr",0.0237547,0.0232992,0.0189554,0.024909,0.025395718,0.027415575,0.02887169,0.028743307,0.027282768,0.02640481,0.0253989764,0.0249085944,0.0245447432,0.0242820731,0.0243049616,0.0243501498,0.0243596274,0.0244502111,0.0245425918,0.0246803614
"GCAM 7.1","CurrentMeasures","Pakistan","Emissions|NOx|Industrial Processes|Chemicals|Ammonia","Mt NO2/yr",0.0237547,0.0232992,0.0189554,0.024909,0.025409238,0.027453951,0.028914996,0.028774619,0.027323748,0.026433086,0.0254722395,0.02495664093,0.0246379247,0.0243796445,0.0243962118,0.0244422033,0.0244497301,0.024536127,0.0246331678,0.0247624649
"GCAM 7.1","Reference","Pakistan","Emissions|NOx|Industrial Processes|Chemicals|Ammonia","Mt NO2/yr",0.0237547,0.0232992,0.0189554,0.024909,0.025395718,0.027415575,0.02887169,0.028743307,0.027282768,0.02640481,0.0253989764,0.0249085944,0.0245447432,0.0242820731,0.0243049616,0.0243501498,0.0243596274,0.0244502111,0.0245425918,0.0246803614
"GCAM 7.1","CurrentMeasures","Pakistan","Emissions|NOx|Industrial Processes|Iron and Steel","Mt NO2/yr",0.0010559083,0.001967229,0.000135006941,0,0,0,0,0,0,0,0,0,0,0,0,0,0,0,0,0
"GCAM 7.1","Reference","Pakistan","Emissions|NOx|Industrial Processes|Iron and Steel","Mt NO2/yr",0.0010559083,0.001967229,0.000135006941,0,0,0,0,0,0,0,0,0,0,0,0,0,0,0,0,0
"GCAM 7.1","CurrentMeasures","Pakistan","Emissions|NOx|Product Use","Mt NO2/yr",0.00322087,0.00328013,0.00394473,0.00391826,0.00437649,0.00541605,0.00660793,0.00793804,0.00934055,0.0107225,0.0119632,0.0129904,0.0137248,0.0141214,0.0141981,0.0139872,0.0135648,0.0130327,0.0124572,0.0118512
"GCAM 7.1","Reference","Pakistan","Emissions|NOx|Product Use","Mt NO2/yr",0.00322087,0.00328013,0.00394473,0.00391826,0.00437578,0.00541277,0.00660299,0.00793187,0.00933313,0.0107155,0.0119554,0.0129842,0.0137184,0.0141168,0.0141957,0.0139864,0.0135651,0.0130354,0.0124615,0.0118558
"GCAM 7.1","CurrentMeasures","Pakistan","Emissions|NOx|Waste","Mt NO2/yr",0.0676577,0.0775571,0.0858031,0.0858031,0.0917732,0.0973974,0.101951,0.104721,0.105485,0.104556,0.102039,0.0982761,0.0933137,0.0876527,0.0815027,0.0752185,0.0691444,0.0634331,0.0581258,0.0532198
"GCAM 7.1","Reference","Pakistan","Emissions|NOx|Waste","Mt NO2/yr",0.0676577,0.0775571,0.0858031,0.0858031,0.0917732,0.0973974,0.101951,0.104721,0.105485,0.104556,0.102039,0.0982761,0.0933137,0.0876527,0.0815027,0.0752185,0.0691444,0.0634331,0.0581258,0.0532198
"GCAM 7.1","CurrentMeasures","Pakistan","Emissions|OC","Mt OC/yr",0.402833906700519,0.449133367276554,0.497117557402292,0.555998686278024,0.544749215719511,0.51732618727569,0.491956824061728,0.471362295480085,0.453579794709951,0.43691898117847,0.410934864988652,0.395391129470178,0.381798143306912,0.36973316068375,0.358176463302779,0.346464901513793,0.334727795973219,0.323987598832162,0.313238937628893,0.303242735808978
"GCAM 7.1","Reference","Pakistan","Emissions|OC","Mt OC/yr",0.402833906700519,0.449133367276554,0.497117557402292,0.555998686278024,0.545318819116558,0.518184571621866,0.493122346541535,0.47272489973324,0.454990478538649,0.438022416030416,0.411457509189708,0.395911768326348,0.382230993586523,0.370140218213031,0.358686967811064,0.346957684363896,0.335089145022904,0.32416763754546,0.31314358451507,0.302834220925431
"GCAM 7.1","CurrentMeasures","Pakistan","Emissions|OC|AFOLU","Mt OC/yr",0.002413871345519,0.000736532869554,0.000705427135892,0.000735742515024,0.000743542856481,0.00076493203718,0.000782293952998,0.000790137278435,0.000785035701261,0.00077218461502,0.000740667919894,0.000713677066896,0.000686048380835,0.000658348196065,0.000632957478392,0.000609433914104,0.000593878078068,0.000594431407079,0.000594881813149,0.00059512201527
"GCAM 7.1","Reference","Pakistan","Emissions|OC|AFOLU","Mt OC/yr",0.002413871345519,0.000736532869554,0.000705427135892,0.000735742515024,0.000743526227598,0.000765021185286,0.000782457409365,0.00079051117368,0.000785283562259,0.000772156633526,0.000739962584701,0.000713571917058,0.000685883147106,0.000658142564311,0.000632914539275,0.000609385738877,0.000593815586301,0.000594396866378,0.000594851300402,0.000595103775233
"GCAM 7.1","CurrentMeasures","Pakistan","Emissions|OC|AFOLU [NGHGI]","Mt OC/yr",0.002413871345519,0.000736532869554,0.000705427135892,0.000735742515024,0.000743542856481,0.00076493203718,0.000782293952998,0.000790137278435,0.000785035701261,0.00077218461502,0.000740667919894,0.000713677066896,0.000686048380835,0.000658348196065,0.000632957478392,0.000609433914104,0.000593878078068,0.000594431407079,0.000594881813149,0.00059512201527
"GCAM 7.1","Reference","Pakistan","Emissions|OC|AFOLU [NGHGI]","Mt OC/yr",0.002413871345519,0.000736532869554,0.000705427135892,0.000735742515024,0.000743526227598,0.000765021185286,0.000782457409365,0.00079051117368,0.000785283562259,0.000772156633526,0.000739962584701,0.000713571917058,0.000685883147106,0.000658142564311,0.000632914539275,0.000609385738877,0.000593815586301,0.000594396866378,0.000594851300402,0.000595103775233
"GCAM 7.1","CurrentMeasures","Pakistan","Emissions|OC|AFOLU|Agricultural Waste Burning","Mt OC/yr",0.001923150245519,0.000287819369554,0.000311574335892,0.000342001382024,0.000350314349481,0.00037273774418,0.000391098603998,0.000399937512435,0.000395770726261,0.00038383303102,0.000353345344894,0.000327490197896,0.000300919015835,0.000274133510065,0.000249547974392,0.000226696571104,0.000211698808068,0.000212739074079,0.000213593516149,0.00021415657527
"GCAM 7.1","Reference","Pakistan","Emissions|OC|AFOLU|Agricultural Waste Burning","Mt OC/yr",0.001923150245519,0.000287819369554,0.000311574335892,0.000342001382024,0.000350297519598,0.000372828681286,0.000391263845365,0.00040031738768,0.000396020969259,0.000383802652526,0.000352627819701,0.000327384972058,0.000300752477106,0.000273926668311,0.000249504233275,0.000226647196877,0.000211634335301,0.000212703640378,0.000213562205402,0.000214138038233
"GCAM 7.1","CurrentMeasures","Pakistan","Emissions|OC|AFOLU|Land","Mt OC/yr",0.0004907211,0.0004487135,0.0003938528,0.000393741133,0.000393228507,0.000392194293,0.000391195349,0.000390199766,0.000389264975,0.000388351584,0.000387322575,0.000386186869,0.000385129365,0.000384214686,0.000383409504,0.000382737343,0.00038217927,0.000381692333,0.000381288297,0.00038096544
"GCAM 7.1","Reference","Pakistan","Emissions|OC|AFOLU|Land","Mt OC/yr",0.0004907211,0.0004487135,0.0003938528,0.000393741133,0.000393228708,0.000392192504,0.000391193564,0.000390193786,0.000389262593,0.000388353981,0.000387334765,0.000386186945,0.00038513067,0.000384215896,0.000383410306,0.000382738542,0.000382181251,0.000381693226,0.000381289095,0.000380965737
"GCAM 7.1","CurrentMeasures","Pakistan","Emissions|OC|AFOLU|Land|Fires","Mt OC/yr",0.0004907211,0.0004487135,0.0003938528,0.000393741133,0.000393228507,0.000392194293,0.000391195349,0.000390199766,0.000389264975,0.000388351584,0.000387322575,0.000386186869,0.000385129365,0.000384214686,0.000383409504,0.000382737343,0.00038217927,0.000381692333,0.000381288297,0.00038096544
"GCAM 7.1","Reference","Pakistan","Emissions|OC|AFOLU|Land|Fires","Mt OC/yr",0.0004907211,0.0004487135,0.0003938528,0.000393741133,0.000393228708,0.000392192504,0.000391193564,0.000390193786,0.000389262593,0.000388353981,0.000387334765,0.000386186945,0.00038513067,0.000384215896,0.000383410306,0.000382738542,0.000382181251,0.000381693226,0.000381289095,0.000380965737
"GCAM 7.1","CurrentMeasures","Pakistan","Emissions|OC|AFOLU|Land|Fires|Forest Burning","Mt OC/yr",0,0,0,0,0,0,0,0,0,0,0,0,0,0,0,0,0,0,0,0
"GCAM 7.1","Reference","Pakistan","Emissions|OC|AFOLU|Land|Fires|Forest Burning","Mt OC/yr",0,0,0,0,0,0,0,0,0,0,0,0,0,0,0,0,0,0,0,0
"GCAM 7.1","CurrentMeasures","Pakistan","Emissions|OC|Energy","Mt OC/yr",0.352577595256,0.393557126807,0.435747317105,0.494594813763,0.47911712942203,0.44769632165151,0.41909056009773,0.39653061037465,0.37821472290469,0.36222470298135,0.337750338535658,0.318523103043092,0.301657444396277,0.286764579056385,0.272859854489287,0.259282632678489,0.246049344642551,0.234090578886683,0.222396396715244,0.211689733014708
"GCAM 7.1","Reference","Pakistan","Emissions|OC|Energy","Mt OC/yr",0.352577595256,0.393557126807,0.435747317105,0.494594813763,0.47968675686696,0.44855463716058,0.42025594109417,0.39789285581556,0.37962517737439,0.36332817768269,0.338273716425007,0.31904386409566,0.302090489979337,0.28717187076662,0.273370426076989,0.259775485690619,0.246410775616903,0.234270668903402,0.222301090143068,0.211281249568798
"GCAM 7.1","CurrentMeasures","Pakistan","Emissions|OC|Energy and Industrial Processes","Mt OC/yr",0.352592635355,0.393571534407,0.4357578302664,0.494608643763,0.47913107286303,0.44771085523851,0.41910523010873,0.39654445820165,0.37822705900869,0.36223579656345,0.337760197068758,0.318531952403282,0.301665394926077,0.286771712487685,0.272866305824387,0.259288467599689,0.246054617895151,0.234095367425083,0.222400755815744,0.211693713793708
"GCAM 7.1","Reference","Pakistan","Emissions|OC|Energy and Industrial Processes","Mt OC/yr",0.352592635355,0.393571534407,0.4357578302664,0.494608643763,0.47970069288896,0.44856915043658,0.42027058913217,0.39790668855956,0.37963749497639,0.36333925939689,0.338283546605007,0.31905269640929,0.302098410439417,0.28717897564872,0.273376853271789,0.259781298625019,0.246416029436603,0.234275440679082,0.222305433214668,0.211285217150198
"GCAM 7.1","CurrentMeasures","Pakistan","Emissions|OC|Energy|Demand","Mt OC/yr",0.352280447366,0.393134968798,0.432935858875,0.491091501303,0.47700231356563,0.44404866530509,0.41357240390553,0.38738241087565,0.36478471933849,0.34545573675365,0.319946091614958,0.297271175763792,0.276695542073277,0.258119662881385,0.240603032944287,0.224176463980489,0.208922418872551,0.194568233897683,0.181163463299244,0.168898782265708
"GCAM 7.1","Reference","Pakistan","Emissions|OC|Energy|Demand","Mt OC/yr",0.352280447366,0.393134968798,0.432935858875,0.491091501303,0.47710172224746,0.44415407981588,0.41369132815937,0.38740079076556,0.36452532236689,0.34484239065309,0.319111589790307,0.29633273531866,0.275765759528337,0.25725608657362,0.239851912236989,0.223538596305619,0.208384952384903,0.194136920784402,0.180852793527068,0.168760657027798
"GCAM 7.1","CurrentMeasures","Pakistan","Emissions|OC|Energy|Demand|AFOFI","Mt OC/yr",8.4185e-05,4.14694e-05,1.517176e-05,1.41603e-05,1.490362e-05,1.545513e-05,1.5550959e-05,1.5266841e-05,1.4883962e-05,1.4086933e-05,1.3415938e-05,1.2999427e-05,1.2549144e-05,1.1900323e-05,1.1101872e-05,1.021464e-05,9.324975e-06,8.492748e-06,7.71145e-06,7.007087e-06
"GCAM 7.1","Reference","Pakistan","Emissions|OC|Energy|Demand|AFOFI","Mt OC/yr",8.4185e-05,4.14694e-05,1.517176e-05,1.41603e-05,1.490376e-05,1.5453781e-05,1.5544904e-05,1.5251353e-05,1.4857274e-05,1.4048668e-05,1.3368873e-05,1.2950576e-05,1.2504478e-05,1.1860828e-05,1.1066591e-05,1.0181755e-05,9.293112e-06,8.461875e-06,7.682329e-06,6.981452e-06
"GCAM 7.1","CurrentMeasures","Pakistan","Emissions|OC|Energy|Demand|Bunkers","Mt OC/yr",4.6799e-05,6.33454e-05,3.29148e-05,1.291062e-05,1.314749e-05,1.424794e-05,1.430034e-05,1.596706e-05,1.850581e-05,2.140631e-05,2.457142e-05,2.791627e-05,3.114518e-05,3.411729e-05,3.722451e-05,4.336292e-05,4.981676e-05,5.660185e-05,6.360505e-05,7.07344e-05
"GCAM 7.1","Reference","Pakistan","Emissions|OC|Energy|Demand|Bunkers","Mt OC/yr",4.6799e-05,6.33454e-05,3.29148e-05,1.291062e-05,1.314789e-05,1.424811e-05,1.430055e-05,1.596738e-05,1.850211e-05,2.140521e-05,2.457083e-05,2.791518e-05,3.114407e-05,3.411668e-05,3.722412e-05,4.336007e-05,4.981096e-05,5.659436e-05,6.359721e-05,7.072794e-05
"GCAM 7.1","CurrentMeasures","Pakistan","Emissions|OC|Energy|Demand|Bunkers|International Aviation","Mt OC/yr",1.56615e-05,1.45386e-05,1.39673e-05,8.4119e-06,8.73438e-06,1.00333e-05,1.13679e-05,1.37404e-05,1.64688e-05,1.94208e-05,2.24263e-05,2.55568e-05,2.8564e-05,3.13089e-05,3.41797e-05,4.0089e-05,4.63186e-05,5.2868e-05,5.96329e-05,6.65571e-05
"GCAM 7.1","Reference","Pakistan","Emissions|OC|Energy|Demand|Bunkers|International Aviation","Mt OC/yr",1.56615e-05,1.45386e-05,1.39673e-05,8.4119e-06,8.7346e-06,1.00334e-05,1.1368e-05,1.37406e-05,1.64663e-05,1.942e-05,2.24259e-05,2.5556e-05,2.85631e-05,3.13083e-05,3.41792e-05,4.00865e-05,4.63137e-05,5.28616e-05,5.96261e-05,6.65514e-05
"GCAM 7.1","CurrentMeasures","Pakistan","Emissions|OC|Energy|Demand|Bunkers|International Shipping","Mt OC/yr",3.11375e-05,4.88068e-05,1.89475e-05,4.49872e-06,4.41311e-06,4.21464e-06,2.93244e-06,2.22666e-06,2.03701e-06,1.98551e-06,2.14512e-06,2.35947e-06,2.58118e-06,2.80839e-06,3.04481e-06,3.27392e-06,3.49816e-06,3.73385e-06,3.97215e-06,4.1773e-06
"GCAM 7.1","Reference","Pakistan","Emissions|OC|Energy|Demand|Bunkers|International Shipping","Mt OC/yr",3.11375e-05,4.88068e-05,1.89475e-05,4.49872e-06,4.41329e-06,4.21471e-06,2.93255e-06,2.22678e-06,2.03581e-06,1.98521e-06,2.14493e-06,2.35918e-06,2.58097e-06,2.80838e-06,3.04492e-06,3.27357e-06,3.49726e-06,3.73276e-06,3.97111e-06,4.17654e-06
"GCAM 7.1","CurrentMeasures","Pakistan","Emissions|OC|Energy|Demand|Commercial","Mt OC/yr",0.00012005621,0.000164821002,0.000222688959,0.000178675098,0.000170521479,0.00020964072,0.000260512469,0.00031984268,0.00038055145,0.00043937948,0.00047819985,0.00051701303,0.00054304888,0.00055311731,0.00054428569,0.0005196502,0.00048367689,0.00044143728,0.00039601633,0.00035252951
"GCAM 7.1","Reference","Pakistan","Emissions|OC|Energy|Demand|Commercial","Mt OC/yr",0.00012005621,0.000164821002,0.000222688959,0.000178675098,0.000170347335,0.000207386229,0.000256127671,0.00031303697,0.00037159868,0.00042881716,0.00046772325,0.00050663884,0.0005336388,0.00054420261,0.00053595466,0.0005114888,0.00047571004,0.00043400921,0.00038944434,0.00034766736
"GCAM 7.1","CurrentMeasures","Pakistan","Emissions|OC|Energy|Demand|Industry","Mt OC/yr",0.030120613838,0.03336277915,0.036414732806,0.046182575721,0.05180106513163,0.06311118034409,0.07585215275053,0.08947121877765,0.10275660666549,0.11528838727765,0.125479014635958,0.132330513375792,0.136264981469277,0.137780970692385,0.137485266436287,0.135836751525489,0.133242415321551,0.129984184423683,0.126423723119244,0.122825277432708
"GCAM 7.1","Reference","Pakistan","Emissions|OC|Energy|Demand|Industry","Mt OC/yr",0.030120613838,0.03336277915,0.036414732806,0.046182575721,0.05179172653446,0.06305911159488,0.07571143846237,0.08914276018156,0.10217586687289,0.11441913233809,0.124387498538307,0.13110496792666,0.135006097848337,0.13653625898262,0.136289217192989,0.134689351491619,0.132125470660903,0.128891822483402,0.125362551428068,0.121816551025798
"GCAM 7.1","CurrentMeasures","Pakistan","Emissions|OC|Energy|Demand|Residential","Mt OC/yr",0.315743223918,0.353393431446,0.38873489025,0.436461009064,0.416922911445,0.373276244481,0.330431829447,0.291387997617,0.255569798491,0.223690861823,0.187874798041,0.158096934131,0.13332224041,0.112988787086,0.095574478036,0.080573286195,0.067686286726,0.056389205796,0.04637311855,0.037543936336
"GCAM 7.1","Reference","Pakistan","Emissions|OC|Energy|Demand|Residential","Mt OC/yr",0.315743223918,0.353393431446,0.38873489025,0.436461009064,0.416909342218,0.373193861751,0.330294537132,0.291196572241,0.25535103534,0.223447716147,0.187647758979,0.157891423446,0.133137507782,0.112815330753,0.095411691183,0.080414940169,0.067531764012,0.056243966556,0.04624117172,0.03744215525
"GCAM 7.1","CurrentMeasures","Pakistan","Emissions|OC|Energy|Demand|Residential and Commercial","Mt OC/yr",0.315863280128,0.353558252448,0.388957579209,0.436639684162,0.417093432924,0.373485885201,0.330692341916,0.291707840297,0.255950349941,0.224130241303,0.188352997891,0.158613947161,0.13386528929,0.113541904396,0.096118763726,0.081092936395,0.068169963616,0.056830643076,0.04676913488,0.037896465846
"GCAM 7.1","Reference","Pakistan","Emissions|OC|Energy|Demand|Residential and Commercial","Mt OC/yr",0.315863280128,0.353558252448,0.388957579209,0.436639684162,0.417079689553,0.37340124798,0.330550664803,0.291509609211,0.25572263402,0.223876533307,0.188115482229,0.158398062286,0.133671146582,0.113359533363,0.095947645843,0.080926428969,0.068007474052,0.056677975766,0.04663061606,0.03778982261
"GCAM 7.1","CurrentMeasures","Pakistan","Emissions|OC|Energy|Demand|Residential and Commercial and AFOFI","Mt OC/yr",0.315947465128,0.353599721848,0.388972750969,0.436653844462,0.417108336544,0.373501340331,0.330707892875,0.291723107138,0.255965233903,0.224144328236,0.188366413829,0.158626946588,0.133877838434,0.113553804719,0.096129865598,0.081103151035,0.068179288591,0.056839135824,0.04677684633,0.037903472933
"GCAM 7.1","Reference","Pakistan","Emissions|OC|Energy|Demand|Residential and Commercial and AFOFI","Mt OC/yr",0.315947465128,0.353599721848,0.388972750969,0.436653844462,0.417094593313,0.373416701761,0.330566209707,0.291524860564,0.255737491294,0.223890581975,0.188128851102,0.158411012862,0.13368365106,0.113371394191,0.095958712434,0.080936610724,0.068016767164,0.056686437641,0.046638298389,0.037796804062
"GCAM 7.1","CurrentMeasures","Pakistan","Emissions|OC|Energy|Demand|Transportation","Mt OC/yr",0.0081068888,0.0082489428,0.0099395466,0.010971085,0.0106747029,0.00977053918,0.00922989158,0.0082039146,0.00804758982,0.00811168996,0.00835669606,0.00878339086,0.00921607368,0.00962298766,0.0099901044,0.010470611,0.0110048863,0.0115124074,0.0119809098,0.0124452183
"GCAM 7.1","Reference","Pakistan","Emissions|OC|Energy|Demand|Transportation","Mt OC/yr",0.0081068888,0.0082489428,0.0099395466,0.010971085,0.01081484812,0.0100747544,0.00976777578,0.00896188278,0.00885827698,0.00889578636,0.00915157234,0.009632966,0.0101379643,0.01064997304,0.01114352598,0.01176364124,0.0124476869,0.0131140115,0.0137454091,0.0143929971
"GCAM 7.1","CurrentMeasures","Pakistan","Emissions|OC|Energy|Demand|Transportation|Light-Duty Vehicle","Mt OC/yr",0.00106348,0.00136045,0.00156201,0.00185118,0.0017541,0.0015559,0.00142465,0.00120025,0.00101011,0.000815744,0.000662997,0.000534699,0.000424556,0.00033836,0.000267984,0.000211496,0.000166936,0.000132076,0.00010453,8.86989e-05
"GCAM 7.1","Reference","Pakistan","Emissions|OC|Energy|Demand|Transportation|Light-Duty Vehicle","Mt OC/yr",0.00106348,0.00136045,0.00156201,0.00185118,0.00185888,0.001736,0.00169069,0.0015392,0.00131195,0.00107504,0.000889247,0.000727792,0.000587187,0.000476663,0.000385449,0.000311266,0.000251975,0.00020485,0.000166934,0.000142187
"GCAM 7.1","CurrentMeasures","Pakistan","Emissions|OC|Energy|Demand|Transportation|Truck","Mt OC/yr",0.00316077,0.002608852,0.003529364,0.003662076,0.0037307259,0.0035173542,0.0033415743,0.0029400712,0.0030310461,0.0030757959,0.0031324904,0.0032535092,0.0034025243,0.0035401927,0.0036432644,0.00370429,0.0037299741,0.0037321402,0.0037131378,0.0036646778
"GCAM 7.1","Reference","Pakistan","Emissions|OC|Energy|Demand|Transportation|Truck","Mt OC/yr",0.00316077,0.002608852,0.003529364,0.003662076,0.0037307809,0.0035172823,0.0033402931,0.0029333225,0.0030166972,0.0030517159,0.0031005193,0.0032169207,0.0033645818,0.0035019974,0.003604542,0.0036636408,0.0036861453,0.0036852711,0.0036643499,0.0036179639
"GCAM 7.1","CurrentMeasures","Pakistan","Emissions|OC|Energy|Supply","Mt OC/yr",0.00029714789,0.000422158009,0.00281145823,0.00350331246,0.0021148158564,0.00364765634642,0.0055181561922,0.009148199499,0.0134300035662,0.0167689662277,0.0178042469207,0.0212519272793,0.024961902323,0.028644916175,0.032256821545,0.035106168698,0.03712692577,0.039522344989,0.041232933416,0.042790950749
"GCAM 7.1","Reference","Pakistan","Emissions|OC|Energy|Supply","Mt OC/yr",0.00029714789,0.000422158009,0.00281145823,0.00350331246,0.0025850346195,0.0044005573447,0.0065646129348,0.01049206505,0.0150998550075,0.0184857870296,0.0191621266347,0.022711128777,0.026324730451,0.029915784193,0.03351851384,0.036236889385,0.038025823232,0.040133748119,0.041448296616,0.042520592541
"GCAM 7.1","CurrentMeasures","Pakistan","Emissions|OC|Energy|Supply|Electricity","Mt OC/yr",0.0001721053,0.000291170719,0.00259266277,0.00339037787,0.0019961037464,0.00351461362642,0.0053739177422,0.008995862679,0.0132694723562,0.0166079605077,0.0176441239217,0.0210899249793,0.024802602623,0.028492901925,0.032115006945,0.034975887898,0.03701036587,0.039419473389,0.041141751316,0.042709935449
"GCAM 7.1","Reference","Pakistan","Emissions|OC|Energy|Supply|Electricity","Mt OC/yr",0.0001721053,0.000291170719,0.00259266277,0.00339037787,0.0024645395095,0.0042644311047,0.0064163399248,0.01033510004,0.0149350648875,0.0183198324496,0.0189974159907,0.022543782927,0.026160609721,0.029759440473,0.03337257814,0.036103011185,0.037906225932,0.040028306219,0.041355560696,0.042438375821
"GCAM 7.1","CurrentMeasures","Pakistan","Emissions|OC|Energy|Supply|Fugitive","Mt OC/yr",0.00012504259,0.00013098729,0.00021879546,0.00011293459,0.00011871211,0.00013304272,0.00014423845,0.00015233682,0.00016053121,0.00016100572,0.000160122999,0.0001620023,0.0001592997,0.00015201425,0.0001418146,0.0001302808,0.0001165599,0.0001028716,9.11821e-05,8.10153e-05
"GCAM 7.1","Reference","Pakistan","Emissions|OC|Energy|Supply|Fugitive","Mt OC/yr",0.00012504259,0.00013098729,0.00021879546,0.00011293459,0.00012049511,0.00013612624,0.00014827301,0.00015696501,0.00016479012,0.00016595458,0.000164710644,0.00016734585,0.00016412073,0.00015634372,0.0001459357,0.0001338782,0.0001195973,0.0001054419,9.273592e-05,8.221672e-05
"GCAM 7.1","CurrentMeasures","Pakistan","Emissions|OC|Industrial Processes","Mt OC/yr",1.5040099e-05,1.44076e-05,1.05131614e-05,1.383e-05,1.3943441e-05,1.4533587e-05,1.4670011e-05,1.3847827e-05,1.2336104e-05,1.10935821e-05,9.8585331e-06,8.84936019e-06,7.9505298e-06,7.1334313e-06,6.4513351e-06,5.8349212e-06,5.2732526e-06,4.7885384e-06,4.3591005e-06,3.980779e-06
"GCAM 7.1","Reference","Pakistan","Emissions|OC|Industrial Processes","Mt OC/yr",1.5040099e-05,1.44076e-05,1.05131614e-05,1.383e-05,1.3936022e-05,1.4513276e-05,1.4648038e-05,1.3832744e-05,1.2317602e-05,1.10817142e-05,9.83018e-06,8.83231363e-06,7.92046008e-06,7.1048821e-06,6.4271948e-06,5.8129344e-06,5.2538197e-06,4.77177568e-06,4.3430716e-06,3.9675814e-06
"GCAM 7.1","CurrentMeasures","Pakistan","Emissions|OC|Industrial Processes|Chemicals","Mt OC/yr",1.30838e-05,1.29099e-05,1.04389e-05,1.383e-05,1.3943441e-05,1.4533587e-05,1.4670011e-05,1.3847827e-05,1.2336104e-05,1.10935821e-05,9.8585331e-06,8.84936019e-06,7.9505298e-06,7.1334313e-06,6.4513351e-06,5.8349212e-06,5.2732526e-06,4.7885384e-06,4.3591005e-06,3.980779e-06
"GCAM 7.1","Reference","Pakistan","Emissions|OC|Industrial Processes|Chemicals","Mt OC/yr",1.30838e-05,1.29099e-05,1.04389e-05,1.383e-05,1.3936022e-05,1.4513276e-05,1.4648038e-05,1.3832744e-05,1.2317602e-05,1.10817142e-05,9.83018e-06,8.83231363e-06,7.92046008e-06,7.1048821e-06,6.4271948e-06,5.8129344e-06,5.2538197e-06,4.77177568e-06,4.3430716e-06,3.9675814e-06
"GCAM 7.1","CurrentMeasures","Pakistan","Emissions|OC|Industrial Processes|Chemicals|Ammonia","Mt OC/yr",1.30838e-05,1.29099e-05,1.04389e-05,1.383e-05,1.3943441e-05,1.4533587e-05,1.4670011e-05,1.3847827e-05,1.2336104e-05,1.10935821e-05,9.8585331e-06,8.84936019e-06,7.9505298e-06,7.1334313e-06,6.4513351e-06,5.8349212e-06,5.2732526e-06,4.7885384e-06,4.3591005e-06,3.980779e-06
"GCAM 7.1","Reference","Pakistan","Emissions|OC|Industrial Processes|Chemicals|Ammonia","Mt OC/yr",1.30838e-05,1.29099e-05,1.04389e-05,1.383e-05,1.3936022e-05,1.4513276e-05,1.4648038e-05,1.3832744e-05,1.2317602e-05,1.10817142e-05,9.83018e-06,8.83231363e-06,7.92046008e-06,7.1048821e-06,6.4271948e-06,5.8129344e-06,5.2538197e-06,4.77177568e-06,4.3430716e-06,3.9675814e-06
"GCAM 7.1","CurrentMeasures","Pakistan","Emissions|OC|Industrial Processes|Iron and Steel","Mt OC/yr",1.956299e-06,1.4977e-06,7.42614e-08,0,0,0,0,0,0,0,0,0,0,0,0,0,0,0,0,0
"GCAM 7.1","Reference","Pakistan","Emissions|OC|Industrial Processes|Iron and Steel","Mt OC/yr",1.956299e-06,1.4977e-06,7.42614e-08,0,0,0,0,0,0,0,0,0,0,0,0,0,0,0,0,0
"GCAM 7.1","CurrentMeasures","Pakistan","Emissions|OC|Waste","Mt OC/yr",0.0478274,0.0548253,0.0606543,0.0606543,0.0648746,0.0688504,0.0720693,0.0740277,0.0745677,0.073911,0.072434,0.0761455,0.0794467,0.0823031,0.0846772,0.086567,0.0880793,0.0892978,0.0902433,0.0909539
"GCAM 7.1","Reference","Pakistan","Emissions|OC|Waste","Mt OC/yr",0.0478274,0.0548253,0.0606543,0.0606543,0.0648746,0.0688504,0.0720693,0.0740277,0.0745677,0.073911,0.072434,0.0761455,0.0794467,0.0823031,0.0846772,0.086567,0.0880793,0.0892978,0.0902433,0.0909539
"GCAM 7.1","CurrentMeasures","Pakistan","Emissions|PFC","kt CF4-equiv/yr",5.467e-07,6.23e-07,4.989e-07,0,0,0,0,0,0,0,0,0,0,0,0,0,0,0,0,0
"GCAM 7.1","Reference","Pakistan","Emissions|PFC","kt CF4-equiv/yr",5.467e-07,6.23e-07,4.989e-07,0,0,0,0,0,0,0,0,0,0,0,0,0,0,0,0,0
"GCAM 7.1","CurrentMeasures","Pakistan","Emissions|SF6","kt SF6/yr",0.0191919,0.0214455,0.0170624,0.0239575,0.025704,0.0348902,0.0433386,0.0561028,0.0686452,0.0823265,0.0918439,0.108447,0.128462,0.149605,0.172458,0.195175,0.216791,0.237004,0.255608,0.273921
"GCAM 7.1","Reference","Pakistan","Emissions|SF6","kt SF6/yr",0.0191919,0.0214455,0.0170624,0.0239575,0.0255813,0.0346574,0.0431642,0.0555929,0.0681584,0.0816362,0.0905026,0.107699,0.127524,0.148349,0.171139,0.193705,0.215328,0.235658,0.254364,0.271375
"GCAM 7.1","CurrentMeasures","Pakistan","Emissions|Sulfur","Mt SO2/yr",1.01866009801585,1.27067130737542,1.33199071224934,2.17628718570193,2.24555245215138,2.73020387304013,3.27573723402765,3.94956136743425,4.63608060966062,5.23810296419435,5.7145539919591,6.26249295389568,6.77591787305368,7.26021667779806,7.67424506390988,7.99188572794449,8.20407257609711,8.36870304971516,8.47802801365727,8.53675873046697
"GCAM 7.1","Reference","Pakistan","Emissions|Sulfur","Mt SO2/yr",1.01866009801585,1.27067130737542,1.33199071224934,2.17628718570193,2.29905817604229,2.84297696797751,3.4530408898451,4.20254437747175,4.96258657130613,5.61082275015599,6.09594100984665,6.69755133860162,7.2671663053858,7.80069923804843,8.27028212007415,8.63283917769599,8.86823977606883,9.05275936769551,9.1707866740909,9.2077027698948
"GCAM 7.1","CurrentMeasures","Pakistan","Emissions|Sulfur|AFOLU","Mt SO2/yr",0.000424362520445,0.000454687538421,0.000475379789187,0.000514736529229,0.000525401301879,0.000554230453229,0.000577809559648,0.000589065177681,0.000583502072629,0.000567884547044,0.000528240925548,0.000494572239507,0.000459992247085,0.000425160013567,0.000393195532632,0.00036349869986,0.000343987541368,0.000345244545542,0.000346276721442,0.00034694603085
"GCAM 7.1","Reference","Pakistan","Emissions|Sulfur|AFOLU","Mt SO2/yr",0.000424362520445,0.000454687538421,0.000475379789187,0.000514736529229,0.000525378974894,0.000554347914909,0.000578023307497,0.000589556487677,0.000583824946171,0.000567846574528,0.000527314683642,0.000494436235833,0.000459776878986,0.000424892978757,0.000393138964556,0.000363435073702,0.000343904678171,0.000345198974068,0.000346236284934,0.000346922099854
"GCAM 7.1","CurrentMeasures","Pakistan","Emissions|Sulfur|AFOLU [NGHGI]","Mt SO2/yr",0.000424362520445,0.000454687538421,0.000475379789187,0.000514736529229,0.000525401301879,0.000554230453229,0.000577809559648,0.000589065177681,0.000583502072629,0.000567884547044,0.000528240925548,0.000494572239507,0.000459992247085,0.000425160013567,0.000393195532632,0.00036349869986,0.000343987541368,0.000345244545542,0.000346276721442,0.00034694603085
"GCAM 7.1","Reference","Pakistan","Emissions|Sulfur|AFOLU [NGHGI]","Mt SO2/yr",0.000424362520445,0.000454687538421,0.000475379789187,0.000514736529229,0.000525378974894,0.000554347914909,0.000578023307497,0.000589556487677,0.000583824946171,0.000567846574528,0.000527314683642,0.000494436235833,0.000459776878986,0.000424892978757,0.000393138964556,0.000363435073702,0.000343904678171,0.000345198974068,0.000346236284934,0.000346922099854
"GCAM 7.1","CurrentMeasures","Pakistan","Emissions|Sulfur|AFOLU|Agricultural Waste Burning","Mt SO2/yr",0.000334459380445,0.000372480488421,0.000403223479187,0.000442600683629,0.000453359383579,0.000482378000929,0.000506140125348,0.000517578127081,0.000512186283829,0.000496736103344,0.000457281013648,0.000423820380607,0.000389434120985,0.000354769477367,0.000322952503732,0.00029337882306,0.000273969890368,0.000275316120842,0.000276422319342,0.00027715077055
"GCAM 7.1","Reference","Pakistan","Emissions|Sulfur|AFOLU|Agricultural Waste Burning","Mt SO2/yr",0.000334459380445,0.000372480488421,0.000403223479187,0.000442600683629,0.000453337006394,0.000482495790509,0.000506354200497,0.000518070543577,0.000512509604071,0.000496697691428,0.000456352523542,0.000423684361233,0.000389218521986,0.000354502210857,0.000322895795356,0.000293314977102,0.000273886670771,0.000275270390568,0.000276381743334,0.000277126789954
"GCAM 7.1","CurrentMeasures","Pakistan","Emissions|Sulfur|AFOLU|Land","Mt SO2/yr",8.990314e-05,8.220705e-05,7.215631e-05,7.21358456e-05,7.20419183e-05,7.18524523e-05,7.16694343e-05,7.14870506e-05,7.13157888e-05,7.11484437e-05,7.09599119e-05,7.07518589e-05,7.05581261e-05,7.03905362e-05,7.02430289e-05,7.01198768e-05,7.0017651e-05,6.99284247e-05,6.98544021e-05,6.97952603e-05
"GCAM 7.1","Reference","Pakistan","Emissions|Sulfur|AFOLU|Land","Mt SO2/yr",8.990314e-05,8.220705e-05,7.215631e-05,7.21358456e-05,7.20419685e-05,7.18521244e-05,7.1669107e-05,7.14859441e-05,7.13153421e-05,7.11488831e-05,7.09621601e-05,7.07518746e-05,7.0558357e-05,7.03907679e-05,7.02431692e-05,7.01200966e-05,7.00180074e-05,6.99285835e-05,6.98545416e-05,6.97953099e-05
"GCAM 7.1","CurrentMeasures","Pakistan","Emissions|Sulfur|AFOLU|Land|Fires","Mt SO2/yr",8.990314e-05,8.220705e-05,7.215631e-05,7.21358456e-05,7.20419183e-05,7.18524523e-05,7.16694343e-05,7.14870506e-05,7.13157888e-05,7.11484437e-05,7.09599119e-05,7.07518589e-05,7.05581261e-05,7.03905362e-05,7.02430289e-05,7.01198768e-05,7.0017651e-05,6.99284247e-05,6.98544021e-05,6.97952603e-05
"GCAM 7.1","Reference","Pakistan","Emissions|Sulfur|AFOLU|Land|Fires","Mt SO2/yr",8.990314e-05,8.220705e-05,7.215631e-05,7.21358456e-05,7.20419685e-05,7.18521244e-05,7.1669107e-05,7.14859441e-05,7.13153421e-05,7.11488831e-05,7.09621601e-05,7.07518746e-05,7.0558357e-05,7.03907679e-05,7.02431692e-05,7.01200966e-05,7.00180074e-05,6.99285835e-05,6.98545416e-05,6.97953099e-05
"GCAM 7.1","CurrentMeasures","Pakistan","Emissions|Sulfur|AFOLU|Land|Fires|Forest Burning","Mt SO2/yr",0,0,0,0,0,0,0,0,0,0,0,0,0,0,0,0,0,0,0,0
"GCAM 7.1","Reference","Pakistan","Emissions|Sulfur|AFOLU|Land|Fires|Forest Burning","Mt SO2/yr",0,0,0,0,0,0,0,0,0,0,0,0,0,0,0,0,0,0,0,0
"GCAM 7.1","CurrentMeasures","Pakistan","Emissions|Sulfur|Energy","Mt SO2/yr",0.9651596600854,1.218078578737,1.285302445703,2.1428202411727,2.2085906632695,2.6859939121669,3.223397164528,3.88837608638657,4.56578231654799,5.1589784962313,5.62767900707955,6.16934695382327,6.6784963297946,7.16076296284749,7.57450962911025,7.89337631042363,8.10817839241173,8.27613701505662,8.38909513585883,8.45167695932112
"GCAM 7.1","Reference","Pakistan","Emissions|Sulfur|Energy","Mt SO2/yr",0.9651596600854,1.218078578737,1.285302445703,2.1428202411727,2.2621011946074,2.7987883310926,3.4007327790876,4.14139870236407,4.89233621337996,5.53174389835146,6.00911811252601,6.60444577717999,7.16978686407981,7.70127590453467,8.1705632164246,8.53433540334328,8.77234384256766,8.96017671944345,9.08182650692497,9.12259173961995
"GCAM 7.1","CurrentMeasures","Pakistan","Emissions|Sulfur|Energy and Industrial Processes","Mt SO2/yr",0.9653525254954,1.218280389837,1.28542345246015,2.1429770691727,2.2087506408495,2.6861667625869,3.223579214468,3.88855725225657,4.56595434758799,5.1591449196473,5.62783938103355,6.16950408165617,6.6786514508066,7.16091645778449,7.57466322837725,7.89353019924463,8.10833232855573,8.27629149516962,8.38925022693583,8.45183286443612
"GCAM 7.1","Reference","Pakistan","Emissions|Sulfur|Energy and Industrial Processes","Mt SO2/yr",0.9653525254954,1.218280389837,1.28542345246015,2.1429770691727,2.2622610870674,2.7989609400626,3.4009145565376,4.14157967098407,4.89250798635996,5.53191014358146,6.00927802516301,6.60460260236579,7.16994139850681,7.70142878506967,8.1707162411096,8.53448871262229,8.77249721139066,8.96033065872145,9.08198102780597,9.12274712779494
"GCAM 7.1","CurrentMeasures","Pakistan","Emissions|Sulfur|Energy|Demand","Mt SO2/yr",0.6455863688654,0.616331247377,0.718664539093,1.3677067414557,1.5000569176665,1.8687649469845,2.303648534705,2.79641307242367,3.31665479064559,3.8264010164858,4.31079669000885,4.74544129472077,5.1398033291923,5.49084851730939,5.79200556801755,6.03595387609623,6.22523858453064,6.36216752950622,6.45436086267783,6.51347701131011
"GCAM 7.1","Reference","Pakistan","Emissions|Sulfur|Energy|Demand","Mt SO2/yr",0.6455863688654,0.616331247377,0.718664539093,1.3677067414557,1.5046047419004,1.8804272992323,2.3243829854432,2.82581205847827,3.34917372799196,3.85890473179766,4.34406659174241,4.77876878342949,5.17480194487371,5.52727890038837,5.8303361604431,6.07651903261759,6.26774234059656,6.40569536163265,6.49828477996397,6.55425095701694
"GCAM 7.1","CurrentMeasures","Pakistan","Emissions|Sulfur|Energy|Demand|AFOFI","Mt SO2/yr",0.00266842,0.0013977,0.000511354,0.00045911,0.0004832095,0.0005010911,0.000504198,0.00049498653,0.0004825731,0.0004567311,0.0004349761,0.000421472,0.00040687307,0.00038583707,0.00035994846,0.0003311828,0.00030233751,0.00027535472,0.00025002322,0.0002271861
"GCAM 7.1","Reference","Pakistan","Emissions|Sulfur|Energy|Demand|AFOFI","Mt SO2/yr",0.00266842,0.0013977,0.000511354,0.00045911,0.000483214,0.0005010472,0.0005040029,0.00049448416,0.0004817078,0.0004554907,0.0004334498,0.0004198884,0.00040542369,0.00038455589,0.00035880463,0.00033011616,0.00030130449,0.00027435348,0.00024907892,0.00022635501
"GCAM 7.1","CurrentMeasures","Pakistan","Emissions|Sulfur|Energy|Demand|Bunkers","Mt SO2/yr",0.0064976,0.010002528,0.004065334,0.000731786,0.000826942,0.000881518,0.000850564,0.000922961,0.001058091,0.001215769,0.001390926,0.0015776,0.001758312,0.001925438,0.002075965,0.002202468,0.002306163,0.002392516,0.002460458,0.002507912
"GCAM 7.1","Reference","Pakistan","Emissions|Sulfur|Energy|Demand|Bunkers","Mt SO2/yr",0.0064976,0.010002528,0.004065334,0.000731786,0.000826968,0.000881528,0.000850579,0.000922982,0.001057853,0.001215703,0.001390889,0.001577524,0.001758244,0.001925408,0.002075944,0.002202328,0.002305874,0.00239217,0.002460126,0.002507655
"GCAM 7.1","CurrentMeasures","Pakistan","Emissions|Sulfur|Energy|Demand|Bunkers|International Aviation","Mt SO2/yr",0.00083952,0.000779328,0.000748704,0.000450912,0.000468198,0.000537826,0.000609364,0.00073654,0.000882794,0.00104103,0.00120214,0.00136995,0.00153115,0.00167828,0.001808,0.00191434,0.0019983,0.00206391,0.00211088,0.00214028
"GCAM 7.1","Reference","Pakistan","Emissions|Sulfur|Energy|Demand|Bunkers|International Aviation","Mt SO2/yr",0.00083952,0.000779328,0.000748704,0.000450912,0.00046821,0.00053783,0.000609371,0.000736551,0.000882659,0.00104099,0.00120212,0.0013699,0.0015311,0.00167825,0.00180797,0.00191423,0.00199809,0.00206366,0.00211064,0.00214009
"GCAM 7.1","CurrentMeasures","Pakistan","Emissions|Sulfur|Energy|Demand|Bunkers|International Shipping","Mt SO2/yr",0.00565808,0.0092232,0.00331663,0.000280874,0.000358744,0.000343692,0.0002412,0.000186421,0.000175297,0.000174739,0.000188786,0.00020765,0.000227162,0.000247158,0.000267965,0.000288128,0.000307863,0.000328606,0.000349578,0.000367632
"GCAM 7.1","Reference","Pakistan","Emissions|Sulfur|Energy|Demand|Bunkers|International Shipping","Mt SO2/yr",0.00565808,0.0092232,0.00331663,0.000280874,0.000358758,0.000343698,0.000241208,0.000186431,0.000175194,0.000174713,0.000188769,0.000207624,0.000227144,0.000247158,0.000267974,0.000288098,0.000307784,0.00032851,0.000349486,0.000367565
"GCAM 7.1","CurrentMeasures","Pakistan","Emissions|Sulfur|Energy|Demand|Commercial","Mt SO2/yr",0.01184982662,0.00572745719,0.00809800503,0.00601952577,0.00574042195,0.00705497304,0.0087667556,0.0107621959,0.012798415,0.0147717421,0.016062875,0.0173625724,0.0182407648,0.0185924329,0.0183138413,0.0175098879,0.016328703,0.0149407103,0.0134479699,0.0120213185
"GCAM 7.1","Reference","Pakistan","Emissions|Sulfur|Energy|Demand|Commercial","Mt SO2/yr",0.01184982662,0.00572745719,0.00809800503,0.00601952577,0.00573475669,0.00697995,0.0086205661,0.01053507,0.0124998251,0.0144191832,0.0157144579,0.0170185467,0.0179309186,0.0182987924,0.0180391839,0.0172395152,0.0160630581,0.0146910371,0.0132246184,0.0118535499
"GCAM 7.1","CurrentMeasures","Pakistan","Emissions|Sulfur|Energy|Demand|Industry","Mt SO2/yr",0.4168552318,0.39087490923,0.466269195834,1.092279721732,1.237721611064,1.628563130407,2.0858518401141,2.6047258340493,3.1381396729559,3.6551869033508,4.13939631090791,4.57244986511138,4.9653756540554,5.31527419763159,5.61667921838955,5.86236240596423,6.05455251841553,6.19516570422102,6.29177602798943,6.35548523500151
"GCAM 7.1","Reference","Pakistan","Emissions|Sulfur|Energy|Demand|Industry","Mt SO2/yr",0.4168552318,0.39087490923,0.466269195834,1.092279721732,1.23778387979,1.631022573099,2.090697480128,2.6120777612096,3.1474236695549,3.6653341245686,4.15037048062391,4.58376493331389,4.97858416813581,5.32978677576857,5.6328985384984,5.88071153575249,6.07482612432996,6.21652320737445,6.31369470433367,6.37428489261834
"GCAM 7.1","CurrentMeasures","Pakistan","Emissions|Sulfur|Energy|Demand|Residential","Mt SO2/yr",0.04708289481,0.05552687458,0.06214109527,0.06955097465,0.06160462086,0.05563607089,0.04527153368,0.03645657726,0.02890026582,0.02263089156,0.02094377046,0.019626285,0.0185559397,0.0177394583,0.01698559563,0.01630435866,0.01568982871,0.01511508533,0.01457375806,0.0141732606
"GCAM 7.1","Reference","Pakistan","Emissions|Sulfur|Energy|Demand|Residential","Mt SO2/yr",0.04708289481,0.05552687458,0.06214109527,0.06955097465,0.06160503604,0.05562486731,0.04524557085,0.03641052086,0.02883651687,0.02254146516,0.02085570216,0.0195411112,0.0184892345,0.0176675514,0.01691095373,0.01621976136,0.01559369971,0.01501297893,0.01447301136,0.0140892227
"GCAM 7.1","CurrentMeasures","Pakistan","Emissions|Sulfur|Energy|Demand|Residential and Commercial","Mt SO2/yr",0.05893272143,0.06125433177,0.0702391003,0.07557050042,0.06734504281,0.06269104393,0.05403828928,0.04721877316,0.04169868082,0.03740263366,0.03700664546,0.0369888574,0.0367967045,0.0363318912,0.03529943693,0.03381424656,0.03201853171,0.03005579563,0.02802172796,0.0261945791
"GCAM 7.1","Reference","Pakistan","Emissions|Sulfur|Energy|Demand|Residential and Commercial","Mt SO2/yr",0.05893272143,0.06125433177,0.0702391003,0.07557050042,0.06733979273,0.06260481731,0.05386613695,0.04694559086,0.04133634197,0.03696064836,0.03657016006,0.0365596579,0.0364201531,0.0359663438,0.03495013763,0.03345927656,0.03165675781,0.02970401603,0.02769762976,0.0259427726
"GCAM 7.1","CurrentMeasures","Pakistan","Emissions|Sulfur|Energy|Demand|Residential and Commercial and AFOFI","Mt SO2/yr",0.06160114143,0.06265203177,0.0707504543,0.07602961042,0.06782825231,0.06319213503,0.05454248728,0.04771375969,0.04218125392,0.03785936476,0.03744162156,0.0374103294,0.03720357757,0.03671772827,0.03565938539,0.03414542936,0.03232086922,0.03033115035,0.02827175118,0.0264217652
"GCAM 7.1","Reference","Pakistan","Emissions|Sulfur|Energy|Demand|Residential and Commercial and AFOFI","Mt SO2/yr",0.06160114143,0.06265203177,0.0707504543,0.07602961042,0.06782300673,0.06310586451,0.05437013985,0.04744007502,0.04181804977,0.03741613906,0.03700360986,0.0369795463,0.03682557679,0.03635089969,0.03530894226,0.03378939272,0.0319580623,0.02997836951,0.02794670868,0.02616912761
"GCAM 7.1","CurrentMeasures","Pakistan","Emissions|Sulfur|Energy|Demand|Transportation","Mt SO2/yr",0.2136056446764,0.208491156919,0.246067640288,0.2967720591577,0.288883294142,0.262358036236,0.2410121967818,0.21397655690374,0.20303730676738,0.202067422758,0.20682959725088,0.21208182854868,0.2164980564953,0.2203383001765,0.2225150987502,0.2227736735757,0.2214317521671,0.2188928445687,0.2151036513296,0.2105924557393
"GCAM 7.1","Reference","Pakistan","Emissions|Sulfur|Energy|Demand|Transportation","Mt SO2/yr",0.2136056446764,0.208491156919,0.246067640288,0.2967720591577,0.2947096681588,0.2755155527286,0.2651409574934,0.24849628638834,0.24132299803412,0.24015555420712,0.245877145454,0.2516031628972,0.2564027637378,0.2612116659426,0.2643763091849,0.2654121714111,0.2645944555739,0.2623226644739,0.2584835034727,0.254008441424
"GCAM 7.1","CurrentMeasures","Pakistan","Emissions|Sulfur|Energy|Demand|Transportation|Light-Duty Vehicle","Mt SO2/yr",0.0334575965944,0.036655029835,0.04419070963,0.0557295974497,0.052807008443,0.046840409859,0.04288901184,0.036133409465,0.030409412772,0.024558011992,0.019959501831,0.0160970898701,0.0127812776385,0.0101863666391,0.0080676977258,0.0063671199683,0.0050256436231,0.0039761583017,0.0031468836872,0.0026703014779
"GCAM 7.1","Reference","Pakistan","Emissions|Sulfur|Energy|Demand|Transportation|Light-Duty Vehicle","Mt SO2/yr",0.0334575965944,0.036655029835,0.04419070963,0.0557295974497,0.055961514602,0.052262121518,0.050898131437,0.046337639109,0.0394961453,0.032364147131,0.026770836063,0.021910221734,0.017677306158,0.014349992917,0.0116039821845,0.0093706928791,0.0075857453593,0.0061670390225,0.0050255834279,0.0042805901532
"GCAM 7.1","CurrentMeasures","Pakistan","Emissions|Sulfur|Energy|Demand|Transportation|Truck","Mt SO2/yr",0.07420155,0.06045737,0.06490076,0.04482959,0.045669922,0.043057881,0.040906078,0.035991069,0.037104826,0.037652524,0.038346564,0.039828082,0.041652237,0.04333764,0.044599202,0.045346352,0.045660672,0.045687315,0.045454716,0.044861441
"GCAM 7.1","Reference","Pakistan","Emissions|Sulfur|Energy|Demand|Transportation|Truck","Mt SO2/yr",0.07420155,0.06045737,0.06490076,0.04482959,0.045670592,0.043056993,0.040890484,0.035908555,0.036929168,0.037357829,0.037955243,0.039380175,0.041187842,0.042869975,0.04412518,0.044848688,0.045124359,0.045113526,0.044857395,0.044289532
"GCAM 7.1","CurrentMeasures","Pakistan","Emissions|Sulfur|Energy|Supply","Mt SO2/yr",0.31957329122,0.60174733136,0.56663790661,0.775113499717,0.708533745603,0.8172289651824,0.919748629823,1.0919630139629,1.2491275259024,1.3325774797455,1.3168823170707,1.4239056591025,1.5386930006023,1.6699144455381,1.7825040610927,1.8574224343274,1.8829398078811,1.9139694855504,1.934734273181,1.938199948011
"GCAM 7.1","Reference","Pakistan","Emissions|Sulfur|Energy|Supply","Mt SO2/yr",0.31957329122,0.60174733136,0.56663790661,0.775113499717,0.757496452707,0.9183610318603,1.0763497936444,1.3155866438858,1.543162485388,1.6728391665538,1.6650515207836,1.8256769937505,1.9949849192061,2.1739970041463,2.3402270559815,2.4578163707257,2.5046015019711,2.5544813578108,2.583541726961,2.568340782603
"GCAM 7.1","CurrentMeasures","Pakistan","Emissions|Sulfur|Energy|Supply|Electricity","Mt SO2/yr",0.319536771,0.6017090819,0.566574027,0.7750805334,0.70849434266,0.817171577755,0.91966687215,1.09184310534,1.24895357534,1.33233395272,1.31653396556,1.42341469194,1.5380286697,1.6690309264,1.7813619167,1.8559538984,1.8810789974,1.9116580962,1.9319197932,1.9348400994
"GCAM 7.1","Reference","Pakistan","Emissions|Sulfur|Energy|Supply|Electricity","Mt SO2/yr",0.319536771,0.6017090819,0.566574027,0.7750805334,0.75745628185,0.918301573515,1.07626421103,1.31546070953,1.54298129797,1.67258812295,1.66469559829,1.8251719908,1.9943000189,2.173085045,2.3390473328,2.4563042611,2.5026919029,2.5521111426,2.5806530195,2.5648483093
"GCAM 7.1","CurrentMeasures","Pakistan","Emissions|Sulfur|Energy|Supply|Fugitive","Mt SO2/yr",3.652022e-05,3.824946e-05,6.387961e-05,3.2966317e-05,3.506118e-05,4.0731581e-05,4.6077033e-05,5.130281e-05,5.76275e-05,6.2176447e-05,6.7052819e-05,7.4046339e-05,8.000756e-05,8.4201855e-05,8.69164e-05,8.84494e-05,8.758972e-05,8.542927e-05,8.351061e-05,8.167729e-05
"GCAM 7.1","Reference","Pakistan","Emissions|Sulfur|Energy|Supply|Fugitive","Mt SO2/yr",3.652022e-05,3.824946e-05,6.387961e-05,3.2966317e-05,3.558778e-05,4.1675728e-05,4.7365828e-05,5.2861517e-05,5.9156449e-05,6.4087536e-05,6.8974001e-05,7.6488693e-05,8.242898e-05,8.6599887e-05,8.944209e-05,9.08919e-05,8.98721e-05,8.756389e-05,8.493374e-05,8.288855e-05
"GCAM 7.1","CurrentMeasures","Pakistan","Emissions|Sulfur|Energy|Supply|Hydrogen","Mt SO2/yr",0,0,0,0,1.27073e-07,2.7827094e-06,8.324497e-06,2.04683109e-05,3.19099614e-05,4.39359085e-05,5.38009847e-05,6.46368262e-05,7.6147928e-05,8.83043e-05,0.00010106498,0.00011553094,0.00013140448,0.00014791969,0.00016516349,0.00018320792
"GCAM 7.1","Reference","Pakistan","Emissions|Sulfur|Energy|Supply|Hydrogen","Mt SO2/yr",0,0,0,0,1.27552e-07,2.8324313e-06,8.4343214e-06,2.06201588e-05,3.2105735e-05,4.39713058e-05,5.37199456e-05,6.44954816e-05,7.5995047e-05,8.807356e-05,0.00010073761,0.00011501672,0.00013067475,0.00014705027,0.00016420771,0.00018297036
"GCAM 7.1","CurrentMeasures","Pakistan","Emissions|Sulfur|Energy|Supply|Liquids","Mt SO2/yr",0,0,0,0,4.21469e-06,1.3873137e-05,2.7356143e-05,4.8137502e-05,8.4413101e-05,0.00013741467,0.000227497707,0.0003522839973,0.0005081754143,0.0007110129831,0.0009541630127,0.0012645555874,0.0016418162811,0.0020780403904,0.002565805881,0.003094963401
"GCAM 7.1","Reference","Pakistan","Emissions|Sulfur|Energy|Supply|Liquids","Mt SO2/yr",0,0,0,0,4.455525e-06,1.4950186e-05,2.9782465e-05,5.245268e-05,8.9925234e-05,0.000142984762,0.000233228547,0.0003640187759,0.0005264762791,0.0007372856993,0.0009895434815,0.0013062010057,0.0016890522211,0.0021356010508,0.002639566011,0.003226614393
"GCAM 7.1","CurrentMeasures","Pakistan","Emissions|Sulfur|Industrial Processes","Mt SO2/yr",0.00019286541,0.0002018111,0.00012100675715,0.000156828,0.00015997758,0.00017285042,0.00018204994,0.00018116587,0.00017203104,0.000166423416,0.000160373954,0.0001571278329,0.000155121012,0.000153494937,0.000153599267,0.000153888821,0.000153936144,0.000154480113,0.000155091077,0.000155905115
"GCAM 7.1","Reference","Pakistan","Emissions|Sulfur|Industrial Processes","Mt SO2/yr",0.00019286541,0.0002018111,0.00012100675715,0.000156828,0.00015989246,0.00017260897,0.00018177745,0.00018096862,0.00017177298,0.00016624523,0.000159912637,0.0001568251858,0.000154534427,0.000152880535,0.000153024685,0.000153309279,0.000153368823,0.000153939278,0.000154520881,0.000155388175
"GCAM 7.1","CurrentMeasures","Pakistan","Emissions|Sulfur|Industrial Processes|Chemicals","Mt SO2/yr",0.000130493,0.000147433,0.000120151,0.000156828,0.00015997758,0.00017285042,0.00018204994,0.00018116587,0.00017203104,0.000166423416,0.000160373954,0.0001571278329,0.000155121012,0.000153494937,0.000153599267,0.000153888821,0.000153936144,0.000154480113,0.000155091077,0.000155905115
"GCAM 7.1","Reference","Pakistan","Emissions|Sulfur|Industrial Processes|Chemicals","Mt SO2/yr",0.000130493,0.000147433,0.000120151,0.000156828,0.00015989246,0.00017260897,0.00018177745,0.00018096862,0.00017177298,0.00016624523,0.000159912637,0.0001568251858,0.000154534427,0.000152880535,0.000153024685,0.000153309279,0.000153368823,0.000153939278,0.000154520881,0.000155388175
"GCAM 7.1","CurrentMeasures","Pakistan","Emissions|Sulfur|Industrial Processes|Chemicals|Ammonia","Mt SO2/yr",0.000130493,0.000147433,0.000120151,0.000156828,0.00015997758,0.00017285042,0.00018204994,0.00018116587,0.00017203104,0.000166423416,0.000160373954,0.0001571278329,0.000155121012,0.000153494937,0.000153599267,0.000153888821,0.000153936144,0.000154480113,0.000155091077,0.000155905115
"GCAM 7.1","Reference","Pakistan","Emissions|Sulfur|Industrial Processes|Chemicals|Ammonia","Mt SO2/yr",0.000130493,0.000147433,0.000120151,0.000156828,0.00015989246,0.00017260897,0.00018177745,0.00018096862,0.00017177298,0.00016624523,0.000159912637,0.0001568251858,0.000154534427,0.000152880535,0.000153024685,0.000153309279,0.000153368823,0.000153939278,0.000154520881,0.000155388175
"GCAM 7.1","CurrentMeasures","Pakistan","Emissions|Sulfur|Industrial Processes|Iron and Steel","Mt SO2/yr",6.237241e-05,5.43781e-05,8.5575715e-07,0,0,0,0,0,0,0,0,0,0,0,0,0,0,0,0,0
"GCAM 7.1","Reference","Pakistan","Emissions|Sulfur|Industrial Processes|Iron and Steel","Mt SO2/yr",6.237241e-05,5.43781e-05,8.5575715e-07,0,0,0,0,0,0,0,0,0,0,0,0,0,0,0,0,0
"GCAM 7.1","CurrentMeasures","Pakistan","Emissions|Sulfur|Product Use","Mt SO2/yr",0.0469842,0.0451741,0.0386108,0.0253143,0.0282748,0.0349909,0.0426912,0.0512845,0.0603456,0.069274,0.0772897,0.0839257,0.0886705,0.0912327,0.0917286,0.0903655,0.0876365,0.0841992,0.0804811,0.0765659
"GCAM 7.1","Reference","Pakistan","Emissions|Sulfur|Product Use","Mt SO2/yr",0.0469842,0.0451741,0.0386108,0.0253143,0.0282701,0.0349697,0.0426593,0.0512446,0.0602976,0.0692286,0.077239,0.0838857,0.0886292,0.0912032,0.0917127,0.0903605,0.0876389,0.0842164,0.080509,0.0765957
"GCAM 7.1","CurrentMeasures","Pakistan","Emissions|Sulfur|Waste","Mt SO2/yr",0.00589901,0.00676213,0.00748108,0.00748108,0.00800161,0.00849198,0.00888901,0.00913055,0.00919716,0.00911616,0.00889667,0.0085686,0.00813593,0.00764236,0.00746004,0.00762653,0.00775976,0.00786711,0.00795041,0.00801302
"GCAM 7.1","Reference","Pakistan","Emissions|Sulfur|Waste","Mt SO2/yr",0.00589901,0.00676213,0.00748108,0.00748108,0.00800161,0.00849198,0.00888901,0.00913055,0.00919716,0.00911616,0.00889667,0.0085686,0.00813593,0.00764236,0.00746004,0.00762653,0.00775976,0.00786711,0.00795041,0.00801302
"GCAM 7.1","CurrentMeasures","Pakistan","Emissions|VOC","Mt VOC/yr",1.95351545425814,2.22654682687959,2.74537208753256,3.26552534620042,3.31736215589451,3.3532993242433,3.43686857964432,3.54508893601153,3.70728453980932,3.88220055158105,4.02964052054768,4.16977882292673,4.285170448816,4.37218788663955,4.41640986754681,4.41922013583494,4.42766955160952,4.51167809040807,4.57944943364334,4.63408609570405
"GCAM 7.1","Reference","Pakistan","Emissions|VOC","Mt VOC/yr",1.95351545425814,2.22654682687959,2.74537208753256,3.26552534620042,3.33984171586961,3.39995170347686,3.51675404899664,3.65554334754795,3.82556648209216,3.99842503271988,4.14545796037348,4.28620313541623,4.40381875017274,4.49203992407099,4.53823385110402,4.54328997866436,4.55228102423387,4.63635919997974,4.7023539072937,4.75549590153256
"GCAM 7.1","CurrentMeasures","Pakistan","Emissions|VOC|AFOLU","Mt VOC/yr",0.076009039203137,0.11120440640659,0.150242482323958,0.174658266085417,0.191006557361973,0.218723875378355,0.248990723172042,0.281695847154764,0.316169965300677,0.352083400916593,0.387616655154333,0.423618627629426,0.458627612237002,0.49147548349697,0.521692290608686,0.548610016629532,0.572813233745731,0.5952852592164,0.614944694836669,0.632089680935742
"GCAM 7.1","Reference","Pakistan","Emissions|VOC|AFOLU","Mt VOC/yr",0.076009039203137,0.11120440640659,0.150242482323958,0.174658266085417,0.191005656127775,0.218732021863533,0.249004852630415,0.281726583657519,0.316190285695985,0.352080310794109,0.3875578598162,0.423608844796658,0.458616166021693,0.491460698334245,0.521691174424827,0.548605908329693,0.572807150834735,0.595281819114438,0.614942310141051,0.632088853136242
"GCAM 7.1","CurrentMeasures","Pakistan","Emissions|VOC|AFOLU [NGHGI]","Mt VOC/yr",0.076009039203137,0.11120440640659,0.150242482323958,0.174658266085417,0.191006557361973,0.218723875378355,0.248990723172042,0.281695847154764,0.316169965300677,0.352083400916593,0.387616655154333,0.423618627629426,0.458627612237002,0.49147548349697,0.521692290608686,0.548610016629532,0.572813233745731,0.5952852592164,0.614944694836669,0.632089680935742
"GCAM 7.1","Reference","Pakistan","Emissions|VOC|AFOLU [NGHGI]","Mt VOC/yr",0.076009039203137,0.11120440640659,0.150242482323958,0.174658266085417,0.191005656127775,0.218732021863533,0.249004852630415,0.281726583657519,0.316190285695985,0.352080310794109,0.3875578598162,0.423608844796658,0.458616166021693,0.491460698334245,0.521691174424827,0.548605908329693,0.572807150834735,0.595281819114438,0.614942310141051,0.632088853136242
"GCAM 7.1","CurrentMeasures","Pakistan","Emissions|VOC|AFOLU|Agricultural Waste Burning","Mt VOC/yr",0.018531925143137,0.02063859473659,0.022341984513958,0.024523840685417,0.025119936201973,0.026727864558355,0.028044467272042,0.028678275714764,0.028379508110677,0.027523486216593,0.025337344250333,0.023483364832426,0.021578058955002,0.01965737866497,0.017894442418686,0.016255821801532,0.015180396646731,0.0152549868924,0.015316277459669,0.015356656150742
"GCAM 7.1","Reference","Pakistan","Emissions|VOC|AFOLU|Agricultural Waste Burning","Mt VOC/yr",0.018531925143137,0.02063859473659,0.022341984513958,0.024523840685417,0.025118725967775,0.026734381003533,0.028056329680415,0.028705511147519,0.028397457445985,0.027521313104109,0.0252858939492,0.023475816089658,0.021566117721693,0.019642548465245,0.017891305227827,0.016252277504693,0.015175773810735,0.015252457816438,0.015314038774051,0.015355311361242
"GCAM 7.1","CurrentMeasures","Pakistan","Emissions|VOC|AFOLU|Agriculture","Mt VOC/yr",0.0555941315,0.088846799,0.1263957287,0.1486300834,0.164384238,0.190497579,0.21945164,0.251526759,0.286303217,0.323076164,0.360799492,0.398659782,0.435578113,0.47035016,0.502332979,0.530891894,0.556172668,0.578571964,0.598171653,0.615277494
"GCAM 7.1","Reference","Pakistan","Emissions|VOC|AFOLU|Agriculture","Mt VOC/yr",0.0555941315,0.088846799,0.1263957287,0.1486300834,0.164384546,0.190499215,0.219453914,0.251530283,0.286305597,0.323075238,0.3607921,0.398657548,0.435578603,0.4703502,0.502334997,0.530891326,0.556171201,0.57857105,0.598171504,0.61527801
"GCAM 7.1","CurrentMeasures","Pakistan","Emissions|VOC|AFOLU|Agriculture|Livestock","Mt VOC/yr",0.0555941315,0.088846799,0.1263957287,0.1486300834,0.164384238,0.190497579,0.21945164,0.251526759,0.286303217,0.323076164,0.360799492,0.398659782,0.435578113,0.47035016,0.502332979,0.530891894,0.556172668,0.578571964,0.598171653,0.615277494
"GCAM 7.1","Reference","Pakistan","Emissions|VOC|AFOLU|Agriculture|Livestock","Mt VOC/yr",0.0555941315,0.088846799,0.1263957287,0.1486300834,0.164384546,0.190499215,0.219453914,0.251530283,0.286305597,0.323075238,0.3607921,0.398657548,0.435578603,0.4703502,0.502334997,0.530891326,0.556171201,0.57857105,0.598171504,0.61527801
"GCAM 7.1","CurrentMeasures","Pakistan","Emissions|VOC|AFOLU|Agriculture|Livestock|Enteric Fermentation","Mt VOC/yr",0.0554499923,0.0885785406,0.1259324553,0.1478928754,0.163566789,0.18954395,0.218344843,0.25024812,0.284836311,0.3214089,0.35892641,0.396579002,0.4332935,0.467872664,0.499677018,0.528075843,0.553214302,0.57548706,0.59497565,0.611984184
"GCAM 7.1","Reference","Pakistan","Emissions|VOC|AFOLU|Agriculture|Livestock|Enteric Fermentation","Mt VOC/yr",0.0554499923,0.0885785406,0.1259324553,0.1478928754,0.163567097,0.189545585,0.218347114,0.250251626,0.284838686,0.32140798,0.358919055,0.396576779,0.433294,0.467872708,0.499679032,0.528075288,0.553212839,0.575486149,0.594975503,0.611984689
"GCAM 7.1","CurrentMeasures","Pakistan","Emissions|VOC|AFOLU|Land","Mt VOC/yr",0.00188298256,0.00171901267,0.00150476911,0.001504342,0.00150238316,0.00149843182,0.0014946159,0.00149081244,0.00148724019,0.0014837507,0.001479818904,0.001475480797,0.001471440282,0.001467944832,0.00146486919,0.001462300828,0.001460169099,0.001458308324,0.001456764377,0.001455530785
"GCAM 7.1","Reference","Pakistan","Emissions|VOC|AFOLU|Land","Mt VOC/yr",0.00188298256,0.00171901267,0.00150476911,0.001504342,0.00150238416,0.00149842586,0.00149460895,0.00149078951,0.00148723125,0.00148375969,0.001479865867,0.001475480707,0.0014714453,0.001467949869,0.001464872197,0.001462304825,0.001460176024,0.001458311298,0.001456767367,0.001455531775
"GCAM 7.1","CurrentMeasures","Pakistan","Emissions|VOC|AFOLU|Land|Fires","Mt VOC/yr",0.00188298256,0.00171901267,0.00150476911,0.001504342,0.00150238316,0.00149843182,0.0014946159,0.00149081244,0.00148724019,0.0014837507,0.001479818904,0.001475480797,0.001471440282,0.001467944832,0.00146486919,0.001462300828,0.001460169099,0.001458308324,0.001456764377,0.001455530785
"GCAM 7.1","Reference","Pakistan","Emissions|VOC|AFOLU|Land|Fires","Mt VOC/yr",0.00188298256,0.00171901267,0.00150476911,0.001504342,0.00150238416,0.00149842586,0.00149460895,0.00149078951,0.00148723125,0.00148375969,0.001479865867,0.001475480707,0.0014714453,0.001467949869,0.001464872197,0.001462304825,0.001460176024,0.001458311298,0.001456767367,0.001455531775
"GCAM 7.1","CurrentMeasures","Pakistan","Emissions|VOC|AFOLU|Land|Fires|Forest Burning","Mt VOC/yr",0,0,0,0,0,0,0,0,0,0,0,0,0,0,0,0,0,0,0,0
"GCAM 7.1","Reference","Pakistan","Emissions|VOC|AFOLU|Land|Fires|Forest Burning","Mt VOC/yr",0,0,0,0,0,0,0,0,0,0,0,0,0,0,0,0,0,0,0,0
"GCAM 7.1","CurrentMeasures","Pakistan","Emissions|VOC|Energy","Mt VOC/yr",1.532522278205,1.714489194473,2.15045113975,2.604854247115,2.58964090923254,2.49424871096494,2.43159592457228,2.38123407105677,2.37948338070864,2.39329540226446,2.39526576160335,2.41079686151731,2.431115502029,2.45717158334258,2.47305355690813,2.47737280112541,2.46920872073379,2.45025551379167,2.42366628331667,2.39265124239831
"GCAM 7.1","Reference","Pakistan","Emissions|VOC|Energy","Mt VOC/yr",1.532522278205,1.714489194473,2.15045113975,2.604854247115,2.61218848234184,2.54119776871333,2.51192276786622,2.49222518349043,2.49842838159618,2.51017021882577,2.51186870688728,2.52780102055257,2.55037019014105,2.57746917408674,2.5951136113692,2.60152768603467,2.59380411923914,2.5746709000453,2.54607842970265,2.51349394140632
"GCAM 7.1","CurrentMeasures","Pakistan","Emissions|VOC|Energy and Industrial Processes","Mt VOC/yr",1.535716746055,1.717661847473,2.1522966512086,2.607271447115,2.59210665453254,2.49691287486494,2.43440188247228,2.38402639685677,2.38213491450864,2.39586050366446,2.39773762139335,2.41321868829731,2.433506397579,2.45953741714258,2.47542099693813,2.47974470520541,2.47158135486379,2.45263653119167,2.42605671880667,2.39505422376831
"GCAM 7.1","Reference","Pakistan","Emissions|VOC|Energy and Industrial Processes","Mt VOC/yr",1.535716746055,1.717661847473,2.1522966512086,2.607271447115,2.61465291574184,2.54385820761333,2.51472452236622,2.49501447189043,2.50107593639618,2.51273257492577,2.51433345655728,2.53021818361957,2.55275204515105,2.57982553973674,2.5974721966792,2.60389065633467,2.59616801039914,2.5770435808653,2.54846007715265,2.51588895739632
"GCAM 7.1","CurrentMeasures","Pakistan","Emissions|VOC|Energy|Demand","Mt VOC/yr",1.427451386455,1.604461403999,2.02248799386,2.437210767415,2.419457047264,2.302888935151,2.222611973308,2.1530555818194,2.1347510255038,2.1445074839477,2.1517808399229,2.1657657839495,2.1842701061758,2.20655664678111,2.22287092719552,2.23007093449025,2.22863893232569,2.21777600198677,2.19841250146025,2.1745097735171
"GCAM 7.1","Reference","Pakistan","Emissions|VOC|Energy|Demand","Mt VOC/yr",1.427451386455,1.604461403999,2.02248799386,2.437210767415,2.438161307507,2.342781919391,2.293199425885,2.2519076922009,2.2412232457409,2.2482489735557,2.2563935921988,2.2701622467925,2.2888600064972,2.31297049601394,2.33142813179676,2.34041078584537,2.34015681110963,2.32977781590456,2.31012623360468,2.28568567091053
"GCAM 7.1","CurrentMeasures","Pakistan","Emissions|VOC|Energy|Demand|AFOFI","Mt VOC/yr",0.001134118,0.00032281,0.000118093,0.0001102194,0.00011600516,0.00012029784,0.00012104383,0.00011883219,0.00011585211,0.00010964836,0.00010442549,0.00010118346,9.767865e-05,9.262847e-05,8.641342e-05,7.950764e-05,7.258265e-05,6.610488e-05,6.002346e-05,5.454098e-05
"GCAM 7.1","Reference","Pakistan","Emissions|VOC|Energy|Demand|AFOFI","Mt VOC/yr",0.001134118,0.00032281,0.000118093,0.0001102194,0.00011600625,0.00012028741,0.00012099672,0.00011871187,0.00011564433,0.00010935046,0.00010405909,0.0001008033,9.73308e-05,9.232094e-05,8.613885e-05,7.92516e-05,7.23346e-05,6.586458e-05,5.979683e-05,5.434142e-05
"GCAM 7.1","CurrentMeasures","Pakistan","Emissions|VOC|Energy|Demand|Bunkers","Mt VOC/yr",0.000754915,0.000993991,0.000599123,0.0002653134,0.0002719484,0.0003006803,0.0003154287,0.0003632041,0.0004266698,0.0004970937,0.000569768,0.0006457747,0.0007184681,0.000784571,0.0008426284,0.0008899055,0.0009269576,0.0009557613,0.0009761459,0.0009884138
"GCAM 7.1","Reference","Pakistan","Emissions|VOC|Energy|Demand|Bunkers","Mt VOC/yr",0.000754915,0.000993991,0.000599123,0.0002653134,0.0002719568,0.0003006832,0.0003154331,0.0003632118,0.0004265925,0.0004970715,0.0005697555,0.0006457513,0.000718445,0.000784556,0.0008426163,0.0008898498,0.0009268543,0.0009556424,0.000976032,0.0009883268
"GCAM 7.1","CurrentMeasures","Pakistan","Emissions|VOC|Energy|Demand|Bunkers|International Aviation","Mt VOC/yr",0.000379215,0.000352026,0.000338193,0.000203679,0.000211487,0.000242938,0.000275253,0.000332698,0.000398762,0.000470239,0.000543012,0.000618812,0.000691625,0.000758089,0.00081668,0.000864718,0.000902643,0.000932277,0.000953493,0.000966772
"GCAM 7.1","Reference","Pakistan","Emissions|VOC|Energy|Demand|Bunkers|International Aviation","Mt VOC/yr",0.000379215,0.000352026,0.000338193,0.000203679,0.000211493,0.00024294,0.000275256,0.000332704,0.000398701,0.000470221,0.000543002,0.000618792,0.000691604,0.000758074,0.000816667,0.000864665,0.000902546,0.000932165,0.000953385,0.000966689
"GCAM 7.1","CurrentMeasures","Pakistan","Emissions|VOC|Energy|Demand|Bunkers|International Shipping","Mt VOC/yr",0.0003757,0.000641965,0.00026093,6.16344e-05,6.04614e-05,5.77423e-05,4.01757e-05,3.05061e-05,2.79078e-05,2.68547e-05,2.6756e-05,2.69627e-05,2.68431e-05,2.6482e-05,2.59484e-05,2.51875e-05,2.43146e-05,2.34843e-05,2.26529e-05,2.16418e-05
"GCAM 7.1","Reference","Pakistan","Emissions|VOC|Energy|Demand|Bunkers|International Shipping","Mt VOC/yr",0.0003757,0.000641965,0.00026093,6.16344e-05,6.04638e-05,5.77432e-05,4.01771e-05,3.05078e-05,2.78915e-05,2.68505e-05,2.67535e-05,2.69593e-05,2.6841e-05,2.6482e-05,2.59493e-05,2.51848e-05,2.43083e-05,2.34774e-05,2.2647e-05,2.16378e-05
"GCAM 7.1","CurrentMeasures","Pakistan","Emissions|VOC|Energy|Demand|Commercial","Mt VOC/yr",0.0028810679,0.0033093373,0.0058534257,0.0070094031,0.0066868475,0.0082188766,0.0102121482,0.0125354705,0.0149077514,0.0172133697,0.0187402624,0.0202811728,0.0213363303,0.021779704,0.021493777,0.020597378,0.019262829,0.017685256,0.01598165,0.014346773
"GCAM 7.1","Reference","Pakistan","Emissions|VOC|Energy|Demand|Commercial","Mt VOC/yr",0.0028810679,0.0033093373,0.0058534257,0.0070094031,0.006680144,0.008130978,0.010041084,0.0122699063,0.0145586612,0.0168011433,0.0183315737,0.0198760423,0.0209681596,0.021428731,0.021162707,0.020269158,0.018937685,0.017376123,0.01570063,0.014131878
"GCAM 7.1","CurrentMeasures","Pakistan","Emissions|VOC|Energy|Demand|Industry","Mt VOC/yr",0.155850977,0.1445867259,0.15334620159,0.284236978,0.32424612452,0.41868204341,0.52875141358,0.65246478645,0.778685731577,0.900938865156,1.0140826332232,1.1106145725681,1.1946630201658,1.26622033235821,1.32515249441152,1.37120861692325,1.40550292407869,1.42840633012577,1.44220290053225,1.4495822461171
"GCAM 7.1","Reference","Pakistan","Emissions|VOC|Energy|Demand|Industry","Mt VOC/yr",0.155850977,0.1445867259,0.15334620159,0.284236978,0.32422967868,0.4190389717,0.52940416404,0.65326568595,0.779457929429,0.901384541681,1.0143312670065,1.1107269018613,1.1951023561742,1.26694746855094,1.32630614790876,1.37288636519537,1.40764176230763,1.43082604322456,1.44480980258568,1.45167222022553
"GCAM 7.1","CurrentMeasures","Pakistan","Emissions|VOC|Energy|Demand|Residential","Mt VOC/yr",1.020472103295,1.126284625599,1.236135554212,1.39015578254,1.347487668796,1.206568097237,1.076815967586,0.957415301299,0.846796191371,0.747666143875,0.64037770379,0.55105666338,0.47674547446,0.41623809219,0.36470153986,0.32063477315,0.283290876397,0.250864644431,0.222394670967,0.198068450577
"GCAM 7.1","Reference","Pakistan","Emissions|VOC|Energy|Demand|Residential","Mt VOC/yr",1.020472103295,1.126284625599,1.236135554212,1.39015578254,1.34744257234,1.206293418406,1.07635786789,0.956775507509,0.84605955252,0.746845971433,0.639599962375,0.550338742235,0.47607810435,0.41560143249,0.36409152789,0.320030911605,0.282691292063,0.250288419845,0.221855958484,0.197641752446
"GCAM 7.1","CurrentMeasures","Pakistan","Emissions|VOC|Energy|Demand|Residential and Commercial","Mt VOC/yr",1.023353171195,1.129593962899,1.241988979912,1.39716518564,1.354174516296,1.214786973837,1.087028115786,0.969950771799,0.861703942771,0.764879513575,0.65911796619,0.57133783618,0.49808180476,0.43801779619,0.38619531686,0.34123215115,0.302553705397,0.268549900431,0.238376320967,0.212415223577
"GCAM 7.1","Reference","Pakistan","Emissions|VOC|Energy|Demand|Residential and Commercial","Mt VOC/yr",1.023353171195,1.129593962899,1.241988979912,1.39716518564,1.35412271634,1.214424396406,1.08639895189,0.969045413809,0.86061821372,0.763647114733,0.657931536075,0.570214784535,0.49704626395,0.43703016349,0.38525423489,0.340300069605,0.301628977063,0.267664542845,0.237556588484,0.211773630446
"GCAM 7.1","CurrentMeasures","Pakistan","Emissions|VOC|Energy|Demand|Residential and Commercial and AFOFI","Mt VOC/yr",1.024487289195,1.129916772899,1.242107072912,1.39727540504,1.354290521456,1.214907271677,1.087149159616,0.970069603989,0.861819794881,0.764989161935,0.65922239168,0.57143901964,0.49817948341,0.43811042466,0.38628173028,0.34131165879,0.302626288047,0.268616005311,0.238436344427,0.212469764557
"GCAM 7.1","Reference","Pakistan","Emissions|VOC|Energy|Demand|Residential and Commercial and AFOFI","Mt VOC/yr",1.024487289195,1.129916772899,1.242107072912,1.39727540504,1.35423872259,1.214544683816,1.08651994861,0.969164125679,0.86073385805,0.763756465193,0.658035595165,0.570315587835,0.49714359475,0.43712248443,0.38534037374,0.340379321205,0.301701311663,0.267730407425,0.237616385314,0.211827971866
"GCAM 7.1","CurrentMeasures","Pakistan","Emissions|VOC|Energy|Demand|Transportation","Mt VOC/yr",0.39336891704,0.50474148951,0.955745547508,1.132096259665,1.10966303652,0.998190610358,0.895745779784,0.7871140671488,0.7305328549316,0.7178707122144,0.7312505060804,0.7495217278658,0.769429904421,0.7934835789578,0.814359242046,0.829614984706,0.839018392777,0.843108647334,0.841010448344,0.834431209696
"GCAM 7.1","Reference","Pakistan","Emissions|VOC|Energy|Demand|Transportation","Mt VOC/yr",0.39336891704,0.50474148951,0.955745547508,1.132096259665,1.1358862865,1.05853729055,1.008197990023,0.9487413045878,0.9121992832238,0.9000934722334,0.9194727474226,0.9412644712854,0.964086666893,0.993757843516,1.020250516288,1.040010971034,1.05258006807,1.058471211469,1.056505351339,1.050389599895
"GCAM 7.1","CurrentMeasures","Pakistan","Emissions|VOC|Energy|Demand|Transportation|Light-Duty Vehicle","Mt VOC/yr",0.07613039348,0.09185706889,0.173482935208,0.199970682285,0.189483759256,0.16807476917,0.15389578304,0.129654766412,0.10911578956,0.088119984099,0.071619612959,0.057760429217,0.045862343579,0.036551166568,0.028948904162,0.022846849848,0.018033305423,0.014267468166,0.011291835858,0.00958175039
"GCAM 7.1","Reference","Pakistan","Emissions|VOC|Energy|Demand|Transportation|Light-Duty Vehicle","Mt VOC/yr",0.07613039348,0.09185706889,0.173482935208,0.199970682285,0.200802802374,0.1875288508,0.182633920247,0.166269973956,0.1417220173,0.11613003013,0.096060152632,0.078619252307,0.063430543253,0.05149125055,0.041637975408,0.033624410256,0.027219557608,0.022128913241,0.018033074071,0.015359851143
"GCAM 7.1","CurrentMeasures","Pakistan","Emissions|VOC|Energy|Demand|Transportation|Truck","Mt VOC/yr",0.0232171,0.06132927,0.12364271,0.1787992,0.18215011,0.1717325,0.16315038,0.143547141,0.147989014,0.15017403,0.152941975,0.158850677,0.166126021,0.172847892,0.177880002,0.180859672,0.182113827,0.182219695,0.181291937,0.178925738
"GCAM 7.1","Reference","Pakistan","Emissions|VOC|Energy|Demand|Transportation|Truck","Mt VOC/yr",0.0232171,0.06132927,0.12364271,0.1787992,0.18215281,0.17172902,0.16308785,0.143218059,0.147288431,0.148998288,0.151381049,0.157064288,0.164274011,0.17098288,0.175989496,0.178875118,0.17997414,0.179931321,0.178909602,0.176644853
"GCAM 7.1","CurrentMeasures","Pakistan","Emissions|VOC|Energy|Supply","Mt VOC/yr",0.10507089175,0.110027790474,0.12796314589,0.1676434797,0.17018386196854,0.19135977581394,0.20898395126428,0.22817848923737,0.24473235520484,0.24878791831676,0.24348492168045,0.245031077567808,0.246845395853198,0.250614936561466,0.25018262971261,0.247301866635154,0.240569788408105,0.232479511804896,0.225253781856415,0.218141468881205
"GCAM 7.1","Reference","Pakistan","Emissions|VOC|Energy|Supply","Mt VOC/yr",0.10507089175,0.110027790474,0.12796314589,0.1676434797,0.17402717483484,0.19841584932233,0.21872334198122,0.24031749128953,0.25720513585528,0.26192124527007,0.25547511468848,0.257638773760074,0.261510183643847,0.264498678072801,0.263685479572433,0.261116900189297,0.253647308129504,0.244893084140744,0.235952196097972,0.227808270495788
"GCAM 7.1","CurrentMeasures","Pakistan","Emissions|VOC|Energy|Supply|Electricity","Mt VOC/yr",0.00309137175,0.003505550474,0.00386652589,0.0331126997,0.026570273468,0.0287856139476,0.030149201479,0.032050429228,0.031532589532,0.028898936126,0.024404402713,0.02189156852,0.01867004908,0.01639919123,0.01327174021,0.01072972452,0.00818098595,0.00646221481,0.00556830426,0.00516848312
"GCAM 7.1","Reference","Pakistan","Emissions|VOC|Energy|Supply|Electricity","Mt VOC/yr",0.00309137175,0.003505550474,0.00386652589,0.0331126997,0.028297563902,0.0317314121994,0.03421224444,0.037213807815,0.037276572222,0.034485236898,0.029121083591,0.02640517001,0.02296367999,0.01988599389,0.01597236205,0.01276376061,0.00969593897,0.00762875048,0.00654062036,0.00619748288
"GCAM 7.1","CurrentMeasures","Pakistan","Emissions|VOC|Energy|Supply|Fugitive","Mt VOC/yr",0.10197952,0.10652224,0.12409662,0.13453078,0.14361354,0.162573884,0.17883406,0.196126593,0.21319748,0.219885763,0.219076321,0.2231342159,0.22816895,0.234208164,0.236902156,0.236562133,0.232377126,0.226002927,0.219668123,0.212952408
"GCAM 7.1","Reference","Pakistan","Emissions|VOC|Energy|Supply|Fugitive","Mt VOC/yr",0.10197952,0.10652224,0.12409662,0.13453078,0.14572956,0.166684146,0.184510378,0.203102166,0.219926214,0.227432732,0.226349783,0.2312282157,0.23853997,0.244604925,0.247704168,0.248342904,0.243939457,0.237249676,0.229393849,0.221589513
"GCAM 7.1","CurrentMeasures","Pakistan","Emissions|VOC|Energy|Supply|Hydrogen","Mt VOC/yr",0,0,0,0,6.35364e-09,1.3913497e-07,4.1622385e-07,9.8563435e-07,1.44154183e-06,1.84504406e-06,2.08352445e-06,2.2933442e-06,2.4587416e-06,2.5853299e-06,2.674181e-06,2.759654e-06,2.920101e-06,3.287104e-06,3.670299e-06,4.071289e-06
"GCAM 7.1","Reference","Pakistan","Emissions|VOC|Energy|Supply|Hydrogen","Mt VOC/yr",0,0,0,0,6.37759e-09,1.4162107e-07,4.2171657e-07,9.9294773e-07,1.45038094e-06,1.84652445e-06,2.08038844e-06,2.28832426e-06,2.4538006e-06,2.5785746e-06,2.665519e-06,2.747375e-06,2.903883e-06,3.267785e-06,3.649058e-06,4.066008e-06
"GCAM 7.1","CurrentMeasures","Pakistan","Emissions|VOC|Energy|Supply|Liquids","Mt VOC/yr",0,0,0,0,4.21469e-08,1.3873137e-07,2.7356143e-07,4.8137502e-07,8.4413101e-07,1.3741467e-06,2.114443e-06,2.999803608e-06,3.938031598e-06,4.996001566e-06,6.05932161e-06,7.249461154e-06,8.756357105e-06,1.1082890896e-05,1.3684297415e-05,1.6506472205e-05
"GCAM 7.1","Reference","Pakistan","Emissions|VOC|Energy|Supply|Liquids","Mt VOC/yr",0,0,0,0,4.455525e-08,1.4950186e-07,2.9782465e-07,5.245268e-07,8.9925234e-07,1.42984762e-06,2.16770904e-06,3.099725814e-06,4.079853247e-06,5.180608201e-06,6.284003433e-06,7.488204297e-06,9.008276504e-06,1.1389875744e-05,1.4077679972e-05,1.7208607788e-05
"GCAM 7.1","CurrentMeasures","Pakistan","Emissions|VOC|Industrial Processes","Mt VOC/yr",0.00319446785,0.003172653,0.0018455114586,0.0024172,0.0024657453,0.0026641639,0.0028059579,0.0027923258,0.0026515338,0.0025651014,0.00247185979,0.00242182678,0.00239089555,0.0023658338,0.00236744003,0.00237190408,0.00237263413,0.0023810174,0.00239043549,0.00240298137
"GCAM 7.1","Reference","Pakistan","Emissions|VOC|Industrial Processes","Mt VOC/yr",0.00319446785,0.003172653,0.0018455114586,0.0024172,0.0024644334,0.0026604389,0.0028017545,0.0027892884,0.0026475548,0.0025623561,0.00246474967,0.002417163067,0.00238185501,0.00235636565,0.00235858531,0.0023629703,0.00236389116,0.00237268082,0.00238164745,0.00239501599
"GCAM 7.1","CurrentMeasures","Pakistan","Emissions|VOC|Industrial Processes|Chemicals","Mt VOC/yr",0.00214443,0.00224661,0.00183246,0.0024172,0.0024657453,0.0026641639,0.0028059579,0.0027923258,0.0026515338,0.0025651014,0.00247185979,0.00242182678,0.00239089555,0.0023658338,0.00236744003,0.00237190408,0.00237263413,0.0023810174,0.00239043549,0.00240298137
"GCAM 7.1","Reference","Pakistan","Emissions|VOC|Industrial Processes|Chemicals","Mt VOC/yr",0.00214443,0.00224661,0.00183246,0.0024172,0.0024644334,0.0026604389,0.0028017545,0.0027892884,0.0026475548,0.0025623561,0.00246474967,0.002417163067,0.00238185501,0.00235636565,0.00235858531,0.0023629703,0.00236389116,0.00237268082,0.00238164745,0.00239501599
"GCAM 7.1","CurrentMeasures","Pakistan","Emissions|VOC|Industrial Processes|Chemicals|Ammonia","Mt VOC/yr",0.00214443,0.00224661,0.00183246,0.0024172,0.0024657453,0.0026641639,0.0028059579,0.0027923258,0.0026515338,0.0025651014,0.00247185979,0.00242182678,0.00239089555,0.0023658338,0.00236744003,0.00237190408,0.00237263413,0.0023810174,0.00239043549,0.00240298137
"GCAM 7.1","Reference","Pakistan","Emissions|VOC|Industrial Processes|Chemicals|Ammonia","Mt VOC/yr",0.00214443,0.00224661,0.00183246,0.0024172,0.0024644334,0.0026604389,0.0028017545,0.0027892884,0.0026475548,0.0025623561,0.00246474967,0.002417163067,0.00238185501,0.00235636565,0.00235858531,0.0023629703,0.00236389116,0.00237268082,0.00238164745,0.00239501599
"GCAM 7.1","CurrentMeasures","Pakistan","Emissions|VOC|Industrial Processes|Iron and Steel","Mt VOC/yr",0.00105003785,0.000926043,1.30514586e-05,0,0,0,0,0,0,0,0,0,0,0,0,0,0,0,0,0
"GCAM 7.1","Reference","Pakistan","Emissions|VOC|Industrial Processes|Iron and Steel","Mt VOC/yr",0.00105003785,0.000926043,1.30514586e-05,0,0,0,0,0,0,0,0,0,0,0,0,0,0,0,0,0
"GCAM 7.1","CurrentMeasures","Pakistan","Emissions|VOC|Product Use","Mt VOC/yr",0.24542177,0.28731639,0.32005445,0.35895546,0.4009339,0.496169,0.6053573,0.7272096,0.855695,0.9823004,1.0959632,1.1900594,1.2573372,1.2936742,1.3007052,1.2813802,1.2796123,1.3586596,1.4322386,1.4998964
"GCAM 7.1","Reference","Pakistan","Emissions|VOC|Product Use","Mt VOC/yr",0.24542177,0.28731639,0.32005445,0.35895546,0.4008681,0.4958679,0.604906,0.7266452,0.8550156,0.9816559,1.0952436,1.189494,1.2567513,1.2932529,1.3004791,1.2813082,1.2796432,1.3589371,1.4327421,1.5004723
"GCAM 7.1","CurrentMeasures","Pakistan","Emissions|VOC|Waste","Mt VOC/yr",0.096367899,0.110364183,0.122778504,0.124640173,0.133315044,0.141493574,0.148118674,0.152157092,0.15328466,0.151956247,0.148323044,0.142882107,0.135699239,0.127500786,0.11859138,0.109485214,0.103662663,0.1050967,0.10620942,0.107045791
"GCAM 7.1","Reference","Pakistan","Emissions|VOC|Waste","Mt VOC/yr",0.096367899,0.110364183,0.122778504,0.124640173,0.133315044,0.141493574,0.148118674,0.152157092,0.15328466,0.151956247,0.148323044,0.142882107,0.135699239,0.127500786,0.11859138,0.109485214,0.103662663,0.1050967,0.10620942,0.107045791
"GCAM 7.1","CurrentMeasures","Pakistan","Final Energy","EJ/yr",2.7182891039,3.06030819,3.4812996976,4.292282586502,4.4470348260283,4.9453202086197,5.60218089953738,6.40462407729286,7.437804275916,8.6796058058555,10.121956201862,11.731990751921,13.4389872465391,15.1518822255235,16.8319780766075,18.3927824448405,19.8246207196201,21.1406775621923,22.340284226739,23.4584945615372
"GCAM 7.1","Reference","Pakistan","Final Energy","EJ/yr",2.7182891039,3.06030819,3.4812996976,4.292282586502,4.4583812541424,4.9681768019337,5.64362238480903,6.46509826939571,7.5022135354906,8.7451252892582,10.18864243381,11.801225455938,13.5076910002489,15.2283137991827,16.9176010549995,18.4890334563784,19.9319761937888,21.2596487724905,22.4696305542603,23.6008706543717
"GCAM 7.1","CurrentMeasures","Pakistan","Final Energy (w/o bunkers)","EJ/yr",2.6740504039,3.01121589,3.4377292976,4.268865886502,4.4225277504283,4.9163986716197,5.56831987556241,6.3620139674689,7.3838878174392,8.6117353057662,10.037517088255,11.627480572493,13.3111370213301,14.9978083906625,16.6487816416885,18.1783727771725,19.5773381172971,20.8588520270683,22.022791630909,23.1044972051002
"GCAM 7.1","Reference","Pakistan","Final Energy (w/o bunkers)","EJ/yr",2.6740504039,3.01121589,3.4377292976,4.268865886502,4.4338735800424,4.9392550269337,5.60976090046047,6.4224874764158,7.4483057281983,8.6772571468502,10.104204270753,11.696718134236,13.3798431771739,15.0742388986007,16.7344029340815,18.2746300236424,19.6847099724708,20.9778434950085,22.1521578020333,23.2468872279137
"GCAM 7.1","CurrentMeasures","Pakistan","Final Energy|Agriculture","EJ/yr",0.00431155,0.0018,0.000669815,0.000627902,0.0006692981003,0.0007240267457,0.00076883699161,0.0008071875719,0.0008495506822,0.000881015599,0.000922754905,0.000983579539,0.001047094154,0.001097008976,0.001134025075,0.001157450198,0.001171381685,0.001180985892,0.001184756286,0.001187090943
"GCAM 7.1","Reference","Pakistan","Final Energy|Agriculture","EJ/yr",0.00431155,0.0018,0.000669815,0.000627902,0.0006693040744,0.0007239588467,0.00076855795667,0.0008064977037,0.0008483305213,0.000879237562,0.00092037062,0.000980854107,0.001044273154,0.001094205947,0.001131226498,0.001154570829,0.001168338963,0.001177762879,0.0011814174,0.001183837163
"GCAM 7.1","CurrentMeasures","Pakistan","Final Energy|Agriculture|Electricity","EJ/yr",0,0,0,0,5.56573e-07,4.388317e-06,1.3572286e-05,2.9523753e-05,5.0014262e-05,8.432405e-05,0.00011293998,0.0001337485,0.00014752642,0.00015662424,0.0001638068,0.0001689656,0.0001726107,0.0001754579,0.0001773568,0.0001792604
"GCAM 7.1","Reference","Pakistan","Final Energy|Agriculture|Electricity","EJ/yr",0,0,0,0,5.57503e-07,4.4457e-06,1.3837281e-05,3.0251163e-05,5.1396418e-05,8.671852e-05,0.00011608289,0.00013731352,0.0001513025,0.0001604789,0.000167738,0.0001730403,0.0001769071,0.0001799836,0.0001820381,0.0001837408
"GCAM 7.1","CurrentMeasures","Pakistan","Final Energy|Agriculture|Gases","EJ/yr",0,0,0,0,0,0,0,0,0,0,0,0,0,0,0,0,0,0,0,0
"GCAM 7.1","Reference","Pakistan","Final Energy|Agriculture|Gases","EJ/yr",0,0,0,0,0,0,0,0,0,0,0,0,0,0,0,0,0,0,0,0
"GCAM 7.1","CurrentMeasures","Pakistan","Final Energy|Agriculture|Heat","EJ/yr",0,0,0,0,0,0,0,0,0,0,0,0,0,0,0,0,0,0,0,0
"GCAM 7.1","Reference","Pakistan","Final Energy|Agriculture|Heat","EJ/yr",0,0,0,0,0,0,0,0,0,0,0,0,0,0,0,0,0,0,0,0
"GCAM 7.1","CurrentMeasures","Pakistan","Final Energy|Agriculture|Hydrogen","EJ/yr",0,0,0,0,1.0496273e-06,7.3665287e-06,1.917800561e-05,3.35959589e-05,4.53853102e-05,5.9284049e-05,7.1472625e-05,8.1849739e-05,9.0257134e-05,9.6528936e-05,0.000101557875,0.000105426398,0.000108664185,0.000111709392,0.000114308986,0.000116562543
"GCAM 7.1","Reference","Pakistan","Final Energy|Agriculture|Hydrogen","EJ/yr",0,0,0,0,1.0487714e-06,7.3535467e-06,1.914517567e-05,3.35373307e-05,4.52708033e-05,5.9068442e-05,7.113253e-05,8.1403287e-05,8.9641454e-05,9.5803447e-05,0.000100761498,0.000104601429,0.000107839463,0.000110883779,0.0001134647,0.000115731563
"GCAM 7.1","CurrentMeasures","Pakistan","Final Energy|Agriculture|Liquids","EJ/yr",0.00431155,0.0018,0.000669815,0.000627902,0.0006676919,0.0007122719,0.0007360867,0.00074406786,0.00075415111,0.0007374075,0.0007383423,0.0007679813,0.0008093106,0.0008438558,0.0008686604,0.0008830582,0.0008901068,0.0008938186,0.0008930905,0.000891268
"GCAM 7.1","Reference","Pakistan","Final Energy|Agriculture|Liquids","EJ/yr",0.00431155,0.0018,0.000669815,0.000627902,0.0006676978,0.0007121596,0.0007355755,0.00074270921,0.0007516633,0.0007334506,0.0007331552,0.0007621373,0.0008033292,0.0008379236,0.000862727,0.0008769291,0.0008835924,0.0008868955,0.0008859146,0.0008843648
"GCAM 7.1","CurrentMeasures","Pakistan","Final Energy|Agriculture|Solids","EJ/yr",0,0,0,0,0,0,0,0,0,0,0,0,0,0,0,0,0,0,0,0
"GCAM 7.1","Reference","Pakistan","Final Energy|Agriculture|Solids","EJ/yr",0,0,0,0,0,0,0,0,0,0,0,0,0,0,0,0,0,0,0,0
"GCAM 7.1","CurrentMeasures","Pakistan","Final Energy|Agriculture|Solids|Biomass","EJ/yr",0,0,0,0,0,0,0,0,0,0,0,0,0,0,0,0,0,0,0,0
"GCAM 7.1","Reference","Pakistan","Final Energy|Agriculture|Solids|Biomass","EJ/yr",0,0,0,0,0,0,0,0,0,0,0,0,0,0,0,0,0,0,0,0
"GCAM 7.1","CurrentMeasures","Pakistan","Final Energy|Agriculture|Solids|Coal","EJ/yr",0,0,0,0,0,0,0,0,0,0,0,0,0,0,0,0,0,0,0,0
"GCAM 7.1","Reference","Pakistan","Final Energy|Agriculture|Solids|Coal","EJ/yr",0,0,0,0,0,0,0,0,0,0,0,0,0,0,0,0,0,0,0,0
"GCAM 7.1","CurrentMeasures","Pakistan","Final Energy|Bunkers","EJ/yr",0.0442387,0.0490923,0.0435704,0.0234167,0.0245070756,0.028921537,0.033861023974967,0.04261010982396,0.0539164584768,0.0678705000893,0.084439113607,0.104510179428,0.127850225209,0.154073834861,0.183196434919,0.214409667668,0.247282602323,0.281825535124,0.31749259583,0.353997356437
"GCAM 7.1","Reference","Pakistan","Final Energy|Bunkers","EJ/yr",0.0442387,0.0490923,0.0435704,0.0234167,0.0245076741,0.028921775,0.03386148434856,0.04261079297991,0.0539078072923,0.067868142408,0.084438163057,0.104507321702,0.127847823075,0.154074900582,0.183198120918,0.214403432736,0.247266221318,0.281805277482,0.317472752227,0.353983426458
"GCAM 7.1","CurrentMeasures","Pakistan","Final Energy|Bunkers|Electricity","EJ/yr",0,0,0,0,0,0,3.386397e-09,1.847796e-08,1.647178e-07,1.7201793e-06,4.162497e-06,9.120828e-06,1.7520509e-05,2.9341661e-05,4.3559919e-05,5.8226968e-05,7.2847223e-05,8.8093624e-05,0.00010413063,0.000122236637
"GCAM 7.1","Reference","Pakistan","Final Energy|Bunkers|Electricity","EJ/yr",0,0,0,0,0,0,3.65657e-09,2.006591e-08,1.783353e-07,1.857948e-06,4.489267e-06,9.788202e-06,1.8746075e-05,3.1327382e-05,4.6501618e-05,6.2349536e-05,7.8337618e-05,9.4964582e-05,0.000112327827,0.000130394958
"GCAM 7.1","CurrentMeasures","Pakistan","Final Energy|Bunkers|Freight","EJ/yr",0.0064436,0.014056,0.0097164,0.0023319,0.0023559756,0.002545037,0.00267832204605,0.00287566291596,0.0031504075398,0.0034524121193,0.003753207597,0.004104413398,0.004467377609,0.004835575361,0.005211041319,0.005576609268,0.005932780823,0.006292745924,0.00664861283,0.007002466437
"GCAM 7.1","Reference","Pakistan","Final Energy|Bunkers|Freight","EJ/yr",0.0064436,0.014056,0.0097164,0.0023319,0.0023560741,0.002545075,0.00267838236962,0.00287574513051,0.0031495400883,0.003452147558,0.003753042037,0.004104153072,0.004467181375,0.004835538882,0.005211105518,0.005576308136,0.005932016418,0.006291833382,0.006647745227,0.007001846458
"GCAM 7.1","CurrentMeasures","Pakistan","Final Energy|Bunkers|Hydrogen","EJ/yr",0,0,0,0,0,0,4.058857e-08,1.81346e-07,1.593759e-06,1.983991e-05,4.799111e-05,0.0001020086,0.0001908847,0.0003109832,0.000454665,0.0006020407,0.0007539951,0.0009129415,0.0010797052,0.0012562898
"GCAM 7.1","Reference","Pakistan","Final Energy|Bunkers|Hydrogen","EJ/yr",0,0,0,0,0,0,4.069199e-08,1.82914e-07,1.608957e-06,2.008446e-05,4.853379e-05,0.0001029535,0.000191587,0.0003122732,0.0004565493,0.0006052732,0.0007593037,0.0009202529,0.0010881144,0.0012643615
"GCAM 7.1","CurrentMeasures","Pakistan","Final Energy|Bunkers|International Aviation","EJ/yr",0.0377951,0.0350363,0.033854,0.0210848,0.0221511,0.0263765,0.031182701928917,0.039734446908,0.050766050937,0.06441808797,0.08068590601,0.10040576603,0.1233828476,0.1492382595,0.1779853936,0.2088330584,0.2413498215,0.2755327892,0.310843983,0.34699489
"GCAM 7.1","Reference","Pakistan","Final Energy|Bunkers|International Aviation","EJ/yr",0.0377951,0.0350363,0.033854,0.0210848,0.0221516,0.0263767,0.03118310197894,0.0397350478494,0.050758267204,0.06441599485,0.08068512102,0.10040316863,0.1233806417,0.1492393617,0.1779870154,0.2088271246,0.2413342049,0.2755134441,0.310825007,0.34698158
"GCAM 7.1","CurrentMeasures","Pakistan","Final Energy|Bunkers|International Aviation|Passenger","EJ/yr",0.0377951,0.0350363,0.033854,0.0210848,0.0221511,0.0263765,0.031182701928917,0.039734446908,0.050766050937,0.06441808797,0.08068590601,0.10040576603,0.1233828476,0.1492382595,0.1779853936,0.2088330584,0.2413498215,0.2755327892,0.310843983,0.34699489
"GCAM 7.1","Reference","Pakistan","Final Energy|Bunkers|International Aviation|Passenger","EJ/yr",0.0377951,0.0350363,0.033854,0.0210848,0.0221516,0.0263767,0.03118310197894,0.0397350478494,0.050758267204,0.06441599485,0.08068512102,0.10040316863,0.1233806417,0.1492393617,0.1779870154,0.2088271246,0.2413342049,0.2755134441,0.310825007,0.34698158
"GCAM 7.1","CurrentMeasures","Pakistan","Final Energy|Bunkers|International Shipping","EJ/yr",0.0064436,0.014056,0.0097164,0.0023319,0.0023559756,0.002545037,0.00267832204605,0.00287566291596,0.0031504075398,0.0034524121193,0.003753207597,0.004104413398,0.004467377609,0.004835575361,0.005211041319,0.005576609268,0.005932780823,0.006292745924,0.00664861283,0.007002466437
"GCAM 7.1","Reference","Pakistan","Final Energy|Bunkers|International Shipping","EJ/yr",0.0064436,0.014056,0.0097164,0.0023319,0.0023560741,0.002545075,0.00267838236962,0.00287574513051,0.0031495400883,0.003452147558,0.003753042037,0.004104153072,0.004467181375,0.004835538882,0.005211105518,0.005576308136,0.005932016418,0.006291833382,0.006647745227,0.007001846458
"GCAM 7.1","CurrentMeasures","Pakistan","Final Energy|Bunkers|International Shipping|Freight","EJ/yr",0.0064436,0.014056,0.0097164,0.0023319,0.0023559756,0.002545037,0.00267832204605,0.00287566291596,0.0031504075398,0.0034524121193,0.003753207597,0.004104413398,0.004467377609,0.004835575361,0.005211041319,0.005576609268,0.005932780823,0.006292745924,0.00664861283,0.007002466437
"GCAM 7.1","Reference","Pakistan","Final Energy|Bunkers|International Shipping|Freight","EJ/yr",0.0064436,0.014056,0.0097164,0.0023319,0.0023560741,0.002545075,0.00267838236962,0.00287574513051,0.0031495400883,0.003452147558,0.003753042037,0.004104153072,0.004467181375,0.004835538882,0.005211105518,0.005576308136,0.005932016418,0.006291833382,0.006647745227,0.007001846458
"GCAM 7.1","CurrentMeasures","Pakistan","Final Energy|Bunkers|Liquids","EJ/yr",0.0442387,0.0490923,0.0435704,0.0234167,0.0245070756,0.028921537,0.03386098,0.04260991,0.0539147,0.06784894,0.08438696,0.10439905,0.12764182,0.15373351,0.18269821,0.2137494,0.24645576,0.2808245,0.31630876,0.35261883
"GCAM 7.1","Reference","Pakistan","Final Energy|Bunkers|Liquids","EJ/yr",0.0442387,0.0490923,0.0435704,0.0234167,0.0245076741,0.028921775,0.03386144,0.04261059,0.05390602,0.0678462,0.08438514,0.10439458,0.12763749,0.1537313,0.18269507,0.21373581,0.24642858,0.28079006,0.31627231,0.35258867
"GCAM 7.1","CurrentMeasures","Pakistan","Final Energy|Bunkers|Passenger","EJ/yr",0.0377951,0.0350363,0.033854,0.0210848,0.0221511,0.0263765,0.031182701928917,0.039734446908,0.050766050937,0.06441808797,0.08068590601,0.10040576603,0.1233828476,0.1492382595,0.1779853936,0.2088330584,0.2413498215,0.2755327892,0.310843983,0.34699489
"GCAM 7.1","Reference","Pakistan","Final Energy|Bunkers|Passenger","EJ/yr",0.0377951,0.0350363,0.033854,0.0210848,0.0221516,0.0263767,0.03118310197894,0.0397350478494,0.050758267204,0.06441599485,0.08068512102,0.10040316863,0.1233806417,0.1492393617,0.1779870154,0.2088271246,0.2413342049,0.2755134441,0.310825007,0.34698158
"GCAM 7.1","CurrentMeasures","Pakistan","Final Energy|Commercial","EJ/yr",0.116007915,0.136890825,0.163478466,0.201937325,0.21569923568,0.2728086605,0.3477607342,0.450886353,0.592516418,0.777244714,1.009783134,1.302521062,1.646898797,2.029218855,2.44375118,2.86045141,3.26867307,3.66298764,4.03048546,4.37859739
"GCAM 7.1","Reference","Pakistan","Final Energy|Commercial","EJ/yr",0.116007915,0.136890825,0.163478466,0.201937325,0.21568076238,0.2729278018,0.3481730501,0.451913531,0.594167414,0.780292664,1.013955975,1.308374535,1.653739564,2.038488671,2.45569059,2.87563643,3.28720199,3.68420528,4.05300702,4.39827966
"GCAM 7.1","CurrentMeasures","Pakistan","Final Energy|Commercial|Electricity","EJ/yr",0.072682785,0.086030985,0.091521196,0.125375435,0.13906621,0.172922011,0.216908574,0.27855419,0.36496365,0.48327983,0.63782103,0.84039207,1.08889451,1.37957895,1.70558387,2.04319234,2.3812208,2.71798059,3.04210276,3.3632469
"GCAM 7.1","Reference","Pakistan","Final Energy|Commercial|Electricity","EJ/yr",0.072682785,0.086030985,0.091521196,0.125375435,0.139236126,0.174641606,0.220403321,0.28456629,0.3739373,0.49565904,0.6537529,0.86087462,1.11488679,1.41075147,1.7430141,2.08810407,2.43401515,2.77771018,3.10708843,3.42149731
"GCAM 7.1","CurrentMeasures","Pakistan","Final Energy|Commercial|Gases","EJ/yr",0.02725092,0.03394842,0.03131127,0.02687409,0.02870316,0.0387104,0.0514392,0.0694207,0.0968527,0.1312482,0.1798901,0.2353323,0.2959733,0.3549477,0.4169012,0.476969,0.5362846,0.5901498,0.6364998,0.6696536
"GCAM 7.1","Reference","Pakistan","Final Energy|Commercial|Gases","EJ/yr",0.02725092,0.03394842,0.03131127,0.02687409,0.02856129,0.03775889,0.0496799,0.0666073,0.0925821,0.1258096,0.1723125,0.2252208,0.2813078,0.3377413,0.3962766,0.4525476,0.5077872,0.5576169,0.5999082,0.6359087
"GCAM 7.1","CurrentMeasures","Pakistan","Final Energy|Commercial|Heat","EJ/yr",0,0,0,0,0,0,0,0,0,0,0,0,0,0,0,0,0,0,0,0
"GCAM 7.1","Reference","Pakistan","Final Energy|Commercial|Heat","EJ/yr",0,0,0,0,0,0,0,0,0,0,0,0,0,0,0,0,0,0,0,0
"GCAM 7.1","CurrentMeasures","Pakistan","Final Energy|Commercial|Hydrogen","EJ/yr",0,0,0,0,8.56568e-06,0.0001498495,0.0003107602,0.000587463,0.001110468,0.001988584,0.002908404,0.004050692,0.005453987,0.006947205,0.00860411,0.01037707,0.01222267,0.01402725,0.0157736,0.01730499
"GCAM 7.1","Reference","Pakistan","Final Energy|Commercial|Hydrogen","EJ/yr",0,0,0,0,8.54638e-06,0.0001460058,0.0003001291,0.000564941,0.001065014,0.001911624,0.002793975,0.003889115,0.005214574,0.006647901,0.00822489,0.00989776,0.01162574,0.0133103,0.01493449,0.01649695
"GCAM 7.1","CurrentMeasures","Pakistan","Final Energy|Commercial|Liquids","EJ/yr",0.01607421,0.01691142,0.040646,0.0496878,0.0479213,0.0610264,0.0791022,0.102324,0.1295896,0.1607281,0.1891636,0.222746,0.256577,0.287745,0.312662,0.329913,0.338945,0.34083,0.3361093,0.3283919
"GCAM 7.1","Reference","Pakistan","Final Energy|Commercial|Liquids","EJ/yr",0.01607421,0.01691142,0.040646,0.0496878,0.0478748,0.0603813,0.0777897,0.100175,0.126583,0.1569124,0.1850966,0.21839,0.2523304,0.283348,0.308175,0.325087,0.3337739,0.3355679,0.3310759,0.3243767
"GCAM 7.1","CurrentMeasures","Pakistan","Final Energy|Commercial|Solids","EJ/yr",0,0,0,0,0,0,0,0,0,0,0,0,0,0,0,0,0,0,0,0
"GCAM 7.1","Reference","Pakistan","Final Energy|Commercial|Solids","EJ/yr",0,0,0,0,0,0,0,0,0,0,0,0,0,0,0,0,0,0,0,0
"GCAM 7.1","CurrentMeasures","Pakistan","Final Energy|Commercial|Solids|Biomass","EJ/yr",0,0,0,0,0,0,0,0,0,0,0,0,0,0,0,0,0,0,0,0
"GCAM 7.1","Reference","Pakistan","Final Energy|Commercial|Solids|Biomass","EJ/yr",0,0,0,0,0,0,0,0,0,0,0,0,0,0,0,0,0,0,0,0
"GCAM 7.1","CurrentMeasures","Pakistan","Final Energy|Commercial|Solids|Coal","EJ/yr",0,0,0,0,0,0,0,0,0,0,0,0,0,0,0,0,0,0,0,0
"GCAM 7.1","Reference","Pakistan","Final Energy|Commercial|Solids|Coal","EJ/yr",0,0,0,0,0,0,0,0,0,0,0,0,0,0,0,0,0,0,0,0
"GCAM 7.1","CurrentMeasures","Pakistan","Final Energy|Commercial|Water","EJ/yr",0.051235595,0.060937795,0.065345086,0.086193035,0.08620391,0.094466211,0.103389174,0.11204559,0.11867495,0.12449053,0.12678603,0.13088007,0.13597251,0.14134695,0.14777087,0.15445734,0.1603598,0.16655359,0.17270576,0.1786649
"GCAM 7.1","Reference","Pakistan","Final Energy|Commercial|Water","EJ/yr",0.051235595,0.060937795,0.065345086,0.086193035,0.086208126,0.094557506,0.103542221,0.11230059,0.118896,0.12457214,0.1265606,0.13084662,0.13593379,0.14126447,0.1477901,0.15447607,0.16034715,0.16657618,0.17274043,0.17868831
"GCAM 7.1","CurrentMeasures","Pakistan","Final Energy|Commercial|Water|Groundwater Extraction","EJ/yr",0.035368006,0.041584114,0.043858788,0.06231223,0.0627419,0.06864063,0.07459896,0.0798065,0.08284997,0.08470991,0.08313219,0.08263713,0.08233524,0.0820183,0.08241552,0.08314873,0.08369253,0.08438599,0.08508346,0.0857284
"GCAM 7.1","Reference","Pakistan","Final Energy|Commercial|Water|Groundwater Extraction","EJ/yr",0.035368006,0.041584114,0.043858788,0.06231223,0.06274101,0.06868393,0.07467883,0.07995737,0.08297825,0.08473477,0.08291983,0.08258472,0.0822697,0.08191566,0.08240382,0.08313698,0.08367182,0.08437738,0.08507433,0.08571161
"GCAM 7.1","CurrentMeasures","Pakistan","Final Energy|Commercial|Water|Transfer","EJ/yr",0.007112,0.00881461,0.00973411,0.0106768,0.0103347,0.0110837,0.0119969,0.0129621,0.0137826,0.0145534,0.0150798,0.0157126,0.0164801,0.0172234,0.0179789,0.0186481,0.0190923,0.0195912,0.0200771,0.0205329
"GCAM 7.1","Reference","Pakistan","Final Energy|Commercial|Water|Transfer","EJ/yr",0.007112,0.00881461,0.00973411,0.0106768,0.0103372,0.0111069,0.0120318,0.0130109,0.0138257,0.0145798,0.0150762,0.0157222,0.016493,0.017233,0.0179916,0.0186597,0.0190949,0.0196003,0.0200889,0.0205424
"GCAM 7.1","CurrentMeasures","Pakistan","Final Energy|Electricity","EJ/yr",0.2608839601,0.301210203,0.3526295684,0.4969891295,0.575348806599,0.761603013067,0.998915306145397,1.32487006678476,1.7394914080478,2.2382666420113,2.814551426597,3.488815457878,4.238016665915,5.044699054291,5.875153455699,6.675708370208,7.429046426653,8.143247223154,8.80949666645,9.465918787977
"GCAM 7.1","Reference","Pakistan","Final Energy|Electricity","EJ/yr",0.2608839601,0.301210203,0.3526295684,0.4969891295,0.575190142356,0.768249416685,1.01291011569957,1.35129331215761,1.7828165605963,2.300009029928,2.892800806567,3.582806554512,4.349438814667,5.168329227192,6.011540286748,6.826420149566,7.594516328968,8.321576181002,8.997743875737,9.637505007958
"GCAM 7.1","CurrentMeasures","Pakistan","Final Energy|Gases","EJ/yr",0.65867665,0.80130459,0.75987107,0.8845756,0.923162454,1.0672312083,1.2256561893,1.3846357676,1.5739666355,1.7941358042,2.0652595884,2.34125118786,2.605680888142,2.826585057077,3.0255023648035,3.1892472368047,3.32850473169076,3.43918537217459,3.5251756113236,3.5772453977912
"GCAM 7.1","Reference","Pakistan","Final Energy|Gases","EJ/yr",0.65867665,0.80130459,0.75987107,0.8845756,0.922048684,1.058415238,1.2099408369,1.3601221729,1.5382323435,1.7507803401,2.0116367381,2.27770670762,2.524123569886,2.736489220502,2.9251312844145,3.0784706203195,3.20804066440543,3.31075331472704,3.3893379072483,3.4551402224914
"GCAM 7.1","CurrentMeasures","Pakistan","Final Energy|Heat","EJ/yr",0,0,0,0,0,0,0,0,0,0,0,0,0,0,0,0,0,0,0,0
"GCAM 7.1","Reference","Pakistan","Final Energy|Heat","EJ/yr",0,0,0,0,0,0,0,0,0,0,0,0,0,0,0,0,0,0,0,0
"GCAM 7.1","CurrentMeasures","Pakistan","Final Energy|Hydrogen","EJ/yr",0,0,0,0,0.0001336192713,0.0039956023187,0.01486335059718,0.0396778928549,0.0673042443522,0.096713378419,0.125683612447,0.156909620469,0.1898030433221,0.2226976085555,0.256577886599,0.291124115407,0.327066812701,0.364907766621,0.404546462028,0.443998451339
"GCAM 7.1","Reference","Pakistan","Final Energy|Hydrogen","EJ/yr",0,0,0,0,0.0001335128064,0.0040516957067,0.01496254204866,0.0397687056917,0.0675133456453,0.097150730362,0.126365376237,0.157898462472,0.1907988401499,0.2239777264697,0.258215929306,0.293225606194,0.329779832069,0.36834938688,0.408718002438,0.449354082398
"GCAM 7.1","CurrentMeasures","Pakistan","Final Energy|Industry","EJ/yr",0.8080597437,0.843902218,0.8942056036,1.216415924502,1.340567843954,1.670826676514,2.0817886171508,2.572814856997,3.141284430077,3.7948420831072,4.50101424047,5.239265392624,5.9783868772761,6.6726545132865,7.3073831046135,7.8549886589745,8.31264107421206,8.70143976727629,9.036092056523,9.3240126137572
"GCAM 7.1","Reference","Pakistan","Final Energy|Industry","EJ/yr",0.8080597437,0.843902218,0.8942056036,1.216415924502,1.340351254403,1.669998488687,2.0802399577538,2.5701542196221,3.136678674587,3.7890046840882,4.493080330413,5.230105593709,5.9663998450199,6.6594273466537,7.2932580360835,7.8401618066134,8.29707226610783,8.68543430252954,9.0191162876333,9.3060159417507
"GCAM 7.1","CurrentMeasures","Pakistan","Final Energy|Industry|Chemicals","EJ/yr",0.1367618,0.1319418,0.14746691,0.1756031,0.181252647,0.1979465313,0.2129820423,0.2225212596,0.2276650585,0.2351070365,0.2406281579,0.25023931266,0.262252362232,0.275399887727,0.2910276174675,0.3079254651455,0.32616309852606,0.34659313970729,0.368390125211,0.3916051024222
"GCAM 7.1","Reference","Pakistan","Final Energy|Industry|Chemicals","EJ/yr",0.1367618,0.1319418,0.14746691,0.1756031,0.181171661,0.197709837,0.2127076649,0.2223198629,0.227405346,0.2349494777,0.2401760505,0.24997654442,0.261704949436,0.274858429852,0.2905559235475,0.3074717950884,0.32574354496183,0.34622013682854,0.3679973148453,0.3912761773807
"GCAM 7.1","CurrentMeasures","Pakistan","Final Energy|Industry|Chemicals|Ammonia","EJ/yr",0.102311,0.114235,0.119497,0.14262,0.14548502,0.1577515263,0.1677129503,0.1708784716,0.1682017975,0.1673476195,0.1639768896,0.16321415104,0.163245148302,0.16299352372,0.16395113013,0.16485215269,0.1654428387,0.1665414351,0.1676665064,0.1689980174
"GCAM 7.1","Reference","Pakistan","Final Energy|Industry|Chemicals|Ammonia","EJ/yr",0.102311,0.114235,0.119497,0.14262,0.14540662,0.157525303,0.1674531489,0.1706949909,0.167965689,0.1672057047,0.1635418612,0.1629717267,0.162737390556,0.16249431792,0.1635279289,0.16445127235,0.1650771799,0.1662224584,0.1673321597,0.1687259924
"GCAM 7.1","CurrentMeasures","Pakistan","Final Energy|Industry|Chemicals|Ammonia|Gases","EJ/yr",0.102311,0.114235,0.119497,0.14262,0.14548502,0.1572797683,0.1658400243,0.1653701776,0.1572943265,0.1521208255,0.1464770642,0.14331109614,0.141268450352,0.13965444922,0.13970018833,0.13995047759,0.13999058,0.140485224,0.141040939,0.141781262
"GCAM 7.1","Reference","Pakistan","Final Energy|Industry|Chemicals|Ammonia|Gases","EJ/yr",0.102311,0.114235,0.119497,0.14262,0.14540662,0.157059128,0.1655904999,0.1651897419,0.157059053,0.1519587107,0.1460577182,0.1430362181,0.140735101806,0.13909581852,0.1391776563,0.13942335745,0.13947473,0.139993359,0.140522429,0.141311144
"GCAM 7.1","CurrentMeasures","Pakistan","Final Energy|Industry|Chemicals|Ammonia|Hydrogen","EJ/yr",0,0,0,0,0,0.000471758,0.001872926,0.005508294,0.010907471,0.015226794,0.0174998254,0.0199030549,0.02197669795,0.0233390745,0.0242509418,0.0249016751,0.0254522587,0.0260562111,0.0266255674,0.0272167554
"GCAM 7.1","Reference","Pakistan","Final Energy|Industry|Chemicals|Ammonia|Hydrogen","EJ/yr",0,0,0,0,0,0.000466175,0.001862649,0.005505249,0.010906636,0.015246994,0.017484143,0.0199355086,0.02200228875,0.0233984994,0.0243502726,0.0250279149,0.0256024499,0.0262290994,0.0268097307,0.0274148484
"GCAM 7.1","CurrentMeasures","Pakistan","Final Energy|Industry|Chemicals|Ammonia|Liquids","EJ/yr",0,0,0,0,0,0,0,0,0,0,0,0,0,0,0,0,0,0,0,0
"GCAM 7.1","Reference","Pakistan","Final Energy|Industry|Chemicals|Ammonia|Liquids","EJ/yr",0,0,0,0,0,0,0,0,0,0,0,0,0,0,0,0,0,0,0,0
"GCAM 7.1","CurrentMeasures","Pakistan","Final Energy|Industry|Chemicals|Ammonia|Solids","EJ/yr",0,0,0,0,0,0,0,0,0,0,0,0,0,0,0,0,0,0,0,0
"GCAM 7.1","Reference","Pakistan","Final Energy|Industry|Chemicals|Ammonia|Solids","EJ/yr",0,0,0,0,0,0,0,0,0,0,0,0,0,0,0,0,0,0,0,0
"GCAM 7.1","CurrentMeasures","Pakistan","Final Energy|Industry|Chemicals|Ammonia|Solids|Coal","EJ/yr",0,0,0,0,0,0,0,0,0,0,0,0,0,0,0,0,0,0,0,0
"GCAM 7.1","Reference","Pakistan","Final Energy|Industry|Chemicals|Ammonia|Solids|Coal","EJ/yr",0,0,0,0,0,0,0,0,0,0,0,0,0,0,0,0,0,0,0,0
"GCAM 7.1","CurrentMeasures","Pakistan","Final Energy|Industry|Chemicals|Electricity","EJ/yr",0,0,0,0,0,0,0,0,0,0,0,0,0,0,0,0,0,0,0,0
"GCAM 7.1","Reference","Pakistan","Final Energy|Industry|Chemicals|Electricity","EJ/yr",0,0,0,0,0,0,0,0,0,0,0,0,0,0,0,0,0,0,0,0
"GCAM 7.1","CurrentMeasures","Pakistan","Final Energy|Industry|Chemicals|Gases","EJ/yr",0.102311,0.114235,0.12691361,0.1509894,0.154604217,0.1675610133,0.1773509463,0.1781981356,0.1716751875,0.1681960665,0.1644599875,0.16358956186,0.164168185712,0.165346003877,0.1683676040035,0.1717832900047,0.17531315219076,0.17968973727459,0.1845043048236,0.1897631179912
"GCAM 7.1","Reference","Pakistan","Final Energy|Industry|Chemicals|Gases","EJ/yr",0.102311,0.114235,0.12691361,0.1509894,0.154522951,0.167323692,0.1770636059,0.1779463239,0.17133355,0.1679259057,0.1639336135,0.16320714762,0.163483084146,0.164592662602,0.1676002875145,0.1709707181195,0.17449208780543,0.17888769252704,0.1836649225483,0.1889670488914
"GCAM 7.1","CurrentMeasures","Pakistan","Final Energy|Industry|Chemicals|Heat","EJ/yr",0,0,0,0,0,0,0,0,0,0,0,0,0,0,0,0,0,0,0,0
"GCAM 7.1","Reference","Pakistan","Final Energy|Industry|Chemicals|Heat","EJ/yr",0,0,0,0,0,0,0,0,0,0,0,0,0,0,0,0,0,0,0,0
"GCAM 7.1","CurrentMeasures","Pakistan","Final Energy|Industry|Chemicals|Hydrogen","EJ/yr",0,0,0,0,0,0.000471758,0.001872926,0.005508294,0.010907471,0.015226794,0.0182027474,0.0216097259,0.02508518095,0.0280930785,0.0307153158,0.0331602751,0.0357967263,0.03888973641,0.04236655151,0.046272241631
"GCAM 7.1","Reference","Pakistan","Final Energy|Industry|Chemicals|Hydrogen","EJ/yr",0,0,0,0,0,0.000466175,0.001862649,0.005505249,0.010906636,0.015246994,0.018187251,0.0216429426,0.02510612975,0.0281464134,0.0308084686,0.0332852769,0.035957849,0.0390924657,0.04260082842,0.046538501225
"GCAM 7.1","CurrentMeasures","Pakistan","Final Energy|Industry|Chemicals|Liquids","EJ/yr",0.0344508,0.0177068,0.0205533,0.0246137,0.02664843,0.02991376,0.03375817,0.03881483,0.0450824,0.051684176,0.057965423,0.0650400249,0.07299899557,0.08196080535,0.091944697664,0.1029819000408,0.1150532200353,0.1280136660227,0.1415192688774,0.1555697428
"GCAM 7.1","Reference","Pakistan","Final Energy|Industry|Chemicals|Liquids","EJ/yr",0.0344508,0.0177068,0.0205533,0.0246137,0.02664871,0.02991997,0.03378141,0.03886829,0.04516516,0.051776578,0.058055186,0.0651264542,0.07311573554,0.08211935385,0.092147167433,0.1032158000689,0.1152936081564,0.1282399786015,0.141731563877,0.1557706272643
"GCAM 7.1","CurrentMeasures","Pakistan","Final Energy|Industry|Chemicals|Other Sector","EJ/yr",0.0344508,0.0177068,0.02796991,0.0329831,0.035767627,0.040195005,0.045269092,0.051642788,0.059463261,0.067759417,0.0766512683,0.08702516162,0.09900721393,0.112406364007,0.1270764873375,0.1430733124555,0.16072025982606,0.18005170460729,0.200723618811,0.2226070850222
"GCAM 7.1","Reference","Pakistan","Final Energy|Industry|Chemicals|Other Sector","EJ/yr",0.0344508,0.0177068,0.02796991,0.0329831,0.035765041,0.040184534,0.045254516,0.051624872,0.059439657,0.067743773,0.0766341893,0.08700481772,0.09896755888,0.112364111932,0.1270279946475,0.1430205227384,0.16066636506183,0.17999767842854,0.2006651551453,0.2225501849807
"GCAM 7.1","CurrentMeasures","Pakistan","Final Energy|Industry|Chemicals|Other Sector|Electricity","EJ/yr",0,0,0,0,0,0,0,0,0,0,0,0,0,0,0,0,0,0,0,0
"GCAM 7.1","Reference","Pakistan","Final Energy|Industry|Chemicals|Other Sector|Electricity","EJ/yr",0,0,0,0,0,0,0,0,0,0,0,0,0,0,0,0,0,0,0,0
"GCAM 7.1","CurrentMeasures","Pakistan","Final Energy|Industry|Chemicals|Other Sector|Gases","EJ/yr",0,0,0.00741661,0.0083694,0.009119197,0.010281245,0.011510922,0.012827958,0.014380861,0.016075241,0.0179829233,0.02027846572,0.02289973536,0.025691554657,0.0286674156735,0.0318328124147,0.03532257219076,0.03920451327459,0.0434633658236,0.0479818559912
"GCAM 7.1","Reference","Pakistan","Final Energy|Industry|Chemicals|Other Sector|Gases","EJ/yr",0,0,0.00741661,0.0083694,0.009116331,0.010264564,0.011473106,0.012756582,0.014274497,0.015967195,0.0178758953,0.02017092952,0.02274798234,0.025496844082,0.0284226312145,0.0315473606695,0.03501735780543,0.03889433352704,0.0431424935483,0.0476559048914
"GCAM 7.1","CurrentMeasures","Pakistan","Final Energy|Industry|Chemicals|Other Sector|Heat","EJ/yr",0,0,0,0,0,0,0,0,0,0,0,0,0,0,0,0,0,0,0,0
"GCAM 7.1","Reference","Pakistan","Final Energy|Industry|Chemicals|Other Sector|Heat","EJ/yr",0,0,0,0,0,0,0,0,0,0,0,0,0,0,0,0,0,0,0,0
"GCAM 7.1","CurrentMeasures","Pakistan","Final Energy|Industry|Chemicals|Other Sector|Hydrogen","EJ/yr",0,0,0,0,0,0,0,0,0,0,0.000702922,0.001706671,0.003108483,0.004754004,0.006464374,0.0082586,0.0103444676,0.01283352531,0.01574098411,0.019055486231
"GCAM 7.1","Reference","Pakistan","Final Energy|Industry|Chemicals|Other Sector|Hydrogen","EJ/yr",0,0,0,0,0,0,0,0,0,0,0.000703108,0.001707434,0.003103841,0.004747914,0.006458196,0.008257362,0.0103553991,0.0128633663,0.01579109772,0.019123652825
"GCAM 7.1","CurrentMeasures","Pakistan","Final Energy|Industry|Chemicals|Other Sector|Solids","EJ/yr",0,0,0,0,0,0,0,0,0,0,0,0,0,0,0,0,0,0,0,0
"GCAM 7.1","Reference","Pakistan","Final Energy|Industry|Chemicals|Other Sector|Solids","EJ/yr",0,0,0,0,0,0,0,0,0,0,0,0,0,0,0,0,0,0,0,0
"GCAM 7.1","CurrentMeasures","Pakistan","Final Energy|Industry|Chemicals|Other Sector|Solids|Coal","EJ/yr",0,0,0,0,0,0,0,0,0,0,0,0,0,0,0,0,0,0,0,0
"GCAM 7.1","Reference","Pakistan","Final Energy|Industry|Chemicals|Other Sector|Solids|Coal","EJ/yr",0,0,0,0,0,0,0,0,0,0,0,0,0,0,0,0,0,0,0,0
"GCAM 7.1","CurrentMeasures","Pakistan","Final Energy|Industry|Chemicals|Solids","EJ/yr",0,0,0,0,0,0,0,0,0,0,0,0,0,0,0,0,0,0,0,0
"GCAM 7.1","Reference","Pakistan","Final Energy|Industry|Chemicals|Solids","EJ/yr",0,0,0,0,0,0,0,0,0,0,0,0,0,0,0,0,0,0,0,0
"GCAM 7.1","CurrentMeasures","Pakistan","Final Energy|Industry|Chemicals|Solids|Coal","EJ/yr",0,0,0,0,0,0,0,0,0,0,0,0,0,0,0,0,0,0,0,0
"GCAM 7.1","Reference","Pakistan","Final Energy|Industry|Chemicals|Solids|Coal","EJ/yr",0,0,0,0,0,0,0,0,0,0,0,0,0,0,0,0,0,0,0,0
"GCAM 7.1","CurrentMeasures","Pakistan","Final Energy|Industry|Electricity","EJ/yr",0.0605354451,0.062167528,0.0732599224,0.1042820745,0.112796670326,0.16248895449,0.228149513083,0.3231907131938,0.445579454198,0.578994164022,0.72693977724,0.89982358502,1.092043622786,1.29566004959,1.50415296498,1.70413132264,1.88978989733,2.06730451073,2.23882286492,2.40593035854
"GCAM 7.1","Reference","Pakistan","Final Energy|Industry|Electricity","EJ/yr",0.0605354451,0.062167528,0.0732599224,0.1042820745,0.112959692653,0.164625078585,0.234065659942,0.3362733795587,0.468642000483,0.61255594756,0.77055488399,0.95305890657,1.154990990092,1.36775043791,1.58527704263,1.79480656953,1.99066187085,2.17880944322,2.36079155681,2.5321473262
"GCAM 7.1","CurrentMeasures","Pakistan","Final Energy|Industry|Gases","EJ/yr",0.37675168,0.38659404,0.34772215,0.41476244,0.447900017,0.5222743993,0.5987080513,0.6619543736,0.7214510065,0.7981698022,0.8860220164,0.97890688286,1.067900236142,1.141243234077,1.2013007438035,1.2435025348047,1.27015515769076,1.28941568717459,1.3064217693236,1.3189479887912
"GCAM 7.1","Reference","Pakistan","Final Energy|Industry|Gases","EJ/yr",0.37675168,0.38659404,0.34772215,0.41476244,0.447659431,0.520519388,0.5946485989,0.6542364929,0.7087688055,0.7819922381,0.8662352671,0.95610167762,1.040025490886,1.109252671502,1.1653942504145,1.2041374893195,1.22809786940543,1.24526556072704,1.2599908812483,1.2721726524914
"GCAM 7.1","CurrentMeasures","Pakistan","Final Energy|Industry|Heat","EJ/yr",0,0,0,0,0,0,0,0,0,0,0,0,0,0,0,0,0,0,0,0
"GCAM 7.1","Reference","Pakistan","Final Energy|Industry|Heat","EJ/yr",0,0,0,0,0,0,0,0,0,0,0,0,0,0,0,0,0,0,0,0
"GCAM 7.1","CurrentMeasures","Pakistan","Final Energy|Industry|Hydrogen","EJ/yr",0,0,0,0,4.437097e-05,0.00090457129,0.003110016873,0.00814492341,0.015644375773,0.02271880716,0.028881158712,0.03600879533,0.0434747987881,0.0503288818195,0.056634187724,0.062439277309,0.068151442416,0.074139022729,0.080336289842,0.086687426996
"GCAM 7.1","Reference","Pakistan","Final Energy|Industry|Hydrogen","EJ/yr",0,0,0,0,4.437167e-05,0.00089432216,0.003083255951,0.008108015527,0.015584547955,0.02267369316,0.028778676617,0.035927156485,0.0433118846959,0.0501575718227,0.056461570508,0.062263665565,0.067976027906,0.073961154201,0.080125809338,0.086455038335
"GCAM 7.1","CurrentMeasures","Pakistan","Final Energy|Industry|Iron and Steel","EJ/yr",0.0160932167,0.014705148,0.0098782536,0.015413504502,0.010416597478,0.033432118674,0.0823413569548,0.1534153319632,0.246083195106,0.3661512354452,0.506610725308,0.659992676984,0.81560383246,0.95973736775,1.086549896772,1.1887371296,1.26748607232,1.32678888566,1.3670076904,1.38912395698
"GCAM 7.1","Reference","Pakistan","Final Energy|Industry|Iron and Steel","EJ/yr",0.0160932167,0.014705148,0.0098782536,0.015413504502,0.01041723023,0.033426534062,0.0822933832608,0.1533718499264,0.246032194509,0.3664843848482,0.507147699746,0.660580778374,0.815502411222,0.959575721464,1.086365927198,1.18882996512,1.26807011936,1.32778943824,1.36812298326,1.39012599058
"GCAM 7.1","CurrentMeasures","Pakistan","Final Energy|Industry|Iron and Steel|Electricity","EJ/yr",0.0004772151,0.001767228,0.0042932224,0.0083815745,0.00566434632,0.00919451504,0.01386188896,0.02050265057,0.02945283221,0.03985028412,0.05114033797,0.0626667907,0.0736090755,0.0830264505,0.090642047,0.0960781439,0.0995895539,0.1016201377,0.1023104908,0.1018345097
"GCAM 7.1","Reference","Pakistan","Final Energy|Industry|Iron and Steel|Electricity","EJ/yr",0.0004772151,0.001767228,0.0042932224,0.0083815745,0.00566469845,0.00920228712,0.0138813581,0.02054228789,0.02951247206,0.03995717278,0.05127420157,0.0628137068,0.0737212068,0.0831502272,0.0907736717,0.096233969,0.0997807774,0.1018380534,0.1025322275,0.1020348826
"GCAM 7.1","CurrentMeasures","Pakistan","Final Energy|Industry|Iron and Steel|Gases","EJ/yr",2.20508e-05,0.00056671,0.0010047112,0.003418616201,0.002310335929,0.011643101367,0.0326024906474,0.0626484196466,0.101406261853,0.1514593356126,0.209916204669,0.274251493692,0.33932769948,0.398640661625,0.450277532886,0.49101281585,0.52177240821,0.54509649348,0.5613915903,0.57026607164
"GCAM 7.1","Reference","Pakistan","Final Energy|Industry|Iron and Steel|Gases","EJ/yr",2.20508e-05,0.00056671,0.0010047112,0.003418616201,0.00231047194,0.011632171521,0.0325612326804,0.0626101851182,0.1013711998745,0.1516983727341,0.210350701238,0.274755049687,0.339328014711,0.398440555632,0.449963606249,0.49082497256,0.52190924948,0.54555520842,0.56198325988,0.57083237649
"GCAM 7.1","CurrentMeasures","Pakistan","Final Energy|Industry|Iron and Steel|Hydrogen","EJ/yr",0,0,0,0,0,0.0001325568,0.0005141962,0.0011725731,0.00222289749,0.0039025421,0.005918968,0.0081287429,0.010387394,0.012487921,0.014391404,0.015995564,0.017319942,0.018424301,0.019311649,0.019966894
"GCAM 7.1","Reference","Pakistan","Final Energy|Industry|Iron and Steel|Hydrogen","EJ/yr",0,0,0,0,0,0.0001311148,0.0005082503,0.0011613418,0.0022057447,0.0038893176,0.0059089437,0.0081224292,0.010370188,0.012475618,0.014390643,0.016015451,0.017364703,0.018492218,0.019395406,0.020055905
"GCAM 7.1","CurrentMeasures","Pakistan","Final Energy|Industry|Iron and Steel|Liquids","EJ/yr",2.20508e-05,0.00056671,0.00152674,0.003098340101,0.002093891629,0.004504554167,0.0088946154474,0.0151613826466,0.023357076853,0.0335598756126,0.045198104669,0.057728403692,0.07016741948,0.081303121625,0.090796022886,0.09807883585,0.10337020821,0.10718164348,0.1096198203,0.11066877164
"GCAM 7.1","Reference","Pakistan","Final Energy|Industry|Iron and Steel|Liquids","EJ/yr",2.20508e-05,0.00056671,0.00152674,0.003098340101,0.00209401454,0.004505374321,0.0088947874804,0.0151685821182,0.0233713868745,0.0336296297341,0.045305681238,0.057850919687,0.070204644711,0.081312315632,0.090789606249,0.09809735256,0.10344731948,0.10731463842,0.10977394988,0.11081296649
"GCAM 7.1","CurrentMeasures","Pakistan","Final Energy|Industry|Iron and Steel|Solids","EJ/yr",0.0155719,0.0118045,0.00305358,0.0005149737,0.0003480236,0.0079573913,0.0264681657,0.053930306,0.0896441267,0.137379198,0.19443711,0.257217246,0.322112244,0.384279213,0.44044289,0.48757177,0.52543396,0.55446631,0.57437414,0.58638771
"GCAM 7.1","Reference","Pakistan","Final Energy|Industry|Iron and Steel|Solids","EJ/yr",0.0155719,0.0118045,0.00305358,0.0005149737,0.0003480453,0.0079555863,0.0264477547,0.053889453,0.089571391,0.137309892,0.194308172,0.257038673,0.321878357,0.384197005,0.4404484,0.48765822,0.52556807,0.55458932,0.57443814,0.58638986
"GCAM 7.1","CurrentMeasures","Pakistan","Final Energy|Industry|Iron and Steel|Solids|Biomass","EJ/yr",0,0,0,0,0,0.000356078,0.001434694,0.003374595,0.0063724896,0.010945976,0.016002102,0.021078473,0.0259723,0.0304756,0.03447308,0.03773292,0.04025661,0.0420919,0.04324155,0.04386317
"GCAM 7.1","Reference","Pakistan","Final Energy|Industry|Iron and Steel|Solids|Biomass","EJ/yr",0,0,0,0,0,0.00035632,0.001434948,0.003375002,0.0063730519,0.010944826,0.015992297,0.021062526,0.0259587,0.03047915,0.0344867,0.03775177,0.0402745,0.04210462,0.04324928,0.04387041
"GCAM 7.1","CurrentMeasures","Pakistan","Final Energy|Industry|Iron and Steel|Solids|Coal","EJ/yr",0.0155719,0.0118045,0.00305358,0.0005149737,0.0003480236,0.0076013133,0.0250334717,0.050555711,0.0832716371,0.126433222,0.178435008,0.236138773,0.296139944,0.353803613,0.40596981,0.44983885,0.48517735,0.51237441,0.53113259,0.54252454
"GCAM 7.1","Reference","Pakistan","Final Energy|Industry|Iron and Steel|Solids|Coal","EJ/yr",0.0155719,0.0118045,0.00305358,0.0005149737,0.0003480453,0.0075992663,0.0250128067,0.050514451,0.0831983391,0.126365066,0.178315875,0.235976147,0.295919657,0.353717855,0.4059617,0.44990645,0.48529357,0.5124847,0.53118886,0.54251945
"GCAM 7.1","CurrentMeasures","Pakistan","Final Energy|Industry|Liquids","EJ/yr",0.0716023216,0.05858485,0.0856031512,0.071106236302,0.071547790058,0.096495705534,0.1368425417948,0.1904184047932,0.256563931106,0.3371863885252,0.425449664408,0.521939838644,0.618433723447,0.70697112578,0.785730353026,0.8502112076308,0.9012897556453,0.9429529239927,0.9755767882574,0.99886966203
"GCAM 7.1","Reference","Pakistan","Final Energy|Industry|Liquids","EJ/yr",0.0716023216,0.05858485,0.0856031512,0.071106236302,0.07156214878,0.096493971042,0.1367602547608,0.1901953970364,0.256008881949,0.3365871114682,0.424680205776,0.520872998674,0.616482947232,0.704564958029,0.782984077541,0.8473256059589,0.8984038170364,0.9400295253215,0.972411584497,0.9954863199243
"GCAM 7.1","CurrentMeasures","Pakistan","Final Energy|Industry|Non-Ferrous Metals|Aluminum","EJ/yr",0,0,0,0,0,0,0,0,0,0,0,0,0,0,0,0,0,0,0,0
"GCAM 7.1","Reference","Pakistan","Final Energy|Industry|Non-Ferrous Metals|Aluminum","EJ/yr",0,0,0,0,0,0,0,0,0,0,0,0,0,0,0,0,0,0,0,0
"GCAM 7.1","CurrentMeasures","Pakistan","Final Energy|Industry|Non-Ferrous Metals|Aluminum|Electricity","EJ/yr",0,0,0,0,0,0,0,0,0,0,0,0,0,0,0,0,0,0,0,0
"GCAM 7.1","Reference","Pakistan","Final Energy|Industry|Non-Ferrous Metals|Aluminum|Electricity","EJ/yr",0,0,0,0,0,0,0,0,0,0,0,0,0,0,0,0,0,0,0,0
"GCAM 7.1","CurrentMeasures","Pakistan","Final Energy|Industry|Non-Ferrous Metals|Aluminum|Liquids","EJ/yr",0,0,0,0,0,0,0,0,0,0,0,0,0,0,0,0,0,0,0,0
"GCAM 7.1","Reference","Pakistan","Final Energy|Industry|Non-Ferrous Metals|Aluminum|Liquids","EJ/yr",0,0,0,0,0,0,0,0,0,0,0,0,0,0,0,0,0,0,0,0
"GCAM 7.1","CurrentMeasures","Pakistan","Final Energy|Industry|Non-Ferrous Metals|Aluminum|Solids","EJ/yr",0,0,0,0,0,0,0,0,0,0,0,0,0,0,0,0,0,0,0,0
"GCAM 7.1","Reference","Pakistan","Final Energy|Industry|Non-Ferrous Metals|Aluminum|Solids","EJ/yr",0,0,0,0,0,0,0,0,0,0,0,0,0,0,0,0,0,0,0,0
"GCAM 7.1","CurrentMeasures","Pakistan","Final Energy|Industry|Non-Ferrous Metals|Aluminum|Solids|Coal","EJ/yr",0,0,0,0,0,0,0,0,0,0,0,0,0,0,0,0,0,0,0,0
"GCAM 7.1","Reference","Pakistan","Final Energy|Industry|Non-Ferrous Metals|Aluminum|Solids|Coal","EJ/yr",0,0,0,0,0,0,0,0,0,0,0,0,0,0,0,0,0,0,0,0
"GCAM 7.1","CurrentMeasures","Pakistan","Final Energy|Industry|Non-Metallic Minerals","EJ/yr",0.073380587,0.13587524,0.13587524,0.13587524,0.152242183,0.2039694524,0.2639226455,0.33154406823,0.40087131853,0.46707473156,0.528639300952,0.585212822568,0.636882179393,0.6826936061875,0.722492584811,0.75492376544,0.780486535979,0.799981059638,0.814138694392,0.824014311905
"GCAM 7.1","Reference","Pakistan","Final Energy|Industry|Non-Metallic Minerals","EJ/yr",0.073380587,0.13587524,0.13587524,0.13587524,0.152255207,0.2042943222,0.26455704146,0.33254260861,0.40217070154,0.46867490548,0.530467328138,0.587154589419,0.6389746525699,0.6848975561447,0.724851103036,0.757527387,0.783370302746,0.803075425567,0.817366240893,0.82684122232
"GCAM 7.1","CurrentMeasures","Pakistan","Final Energy|Industry|Non-Metallic Minerals|Cement","EJ/yr",0.073380587,0.13587524,0.13587524,0.13587524,0.152242183,0.2039694524,0.2639226455,0.33154406823,0.40087131853,0.46707473156,0.528639300952,0.585212822568,0.636882179393,0.6826936061875,0.722492584811,0.75492376544,0.780486535979,0.799981059638,0.814138694392,0.824014311905
"GCAM 7.1","Reference","Pakistan","Final Energy|Industry|Non-Metallic Minerals|Cement","EJ/yr",0.073380587,0.13587524,0.13587524,0.13587524,0.152255207,0.2042943222,0.26455704146,0.33254260861,0.40217070154,0.46867490548,0.530467328138,0.587154589419,0.6389746525699,0.6848975561447,0.724851103036,0.757527387,0.783370302746,0.803075425567,0.817366240893,0.82684122232
"GCAM 7.1","CurrentMeasures","Pakistan","Final Energy|Industry|Non-Metallic Minerals|Cement|Electricity","EJ/yr",0.00799443,0.0150483,0.0150483,0.0150483,0.01694137,0.02301105,0.03022514,0.03871526,0.047734363,0.056405776,0.0646130364,0.0724489485,0.079930518,0.0868885609,0.093230579,0.098770712,0.103578457,0.107735221,0.111291233,0.114355223
"GCAM 7.1","Reference","Pakistan","Final Energy|Industry|Non-Metallic Minerals|Cement|Electricity","EJ/yr",0.00799443,0.0150483,0.0150483,0.0150483,0.01694285,0.02304901,0.03029972,0.03883358,0.04788965,0.056598998,0.0648364944,0.0726893899,0.0801928735,0.0871688625,0.093534853,0.09911172,0.103962306,0.108152808,0.111732674,0.114745437
"GCAM 7.1","CurrentMeasures","Pakistan","Final Energy|Industry|Non-Metallic Minerals|Cement|Gases","EJ/yr",0.00523088,0.00966614,0.00966614,0.00966614,0.01080224,0.01397706,0.01718068,0.01982262,0.02211812,0.02418609,0.0262101155,0.0280088745,0.0294014139,0.0301499861,0.0305436554,0.0304026491,0.0298874225,0.0293036979,0.0287761233,0.0281482652
"GCAM 7.1","Reference","Pakistan","Final Energy|Industry|Non-Metallic Minerals|Cement|Gases","EJ/yr",0.00523088,0.00966614,0.00966614,0.00966614,0.01079687,0.0139413,0.01709723,0.019685,0.021921462,0.024018082,0.0260668,0.0278791092,0.0291840411,0.0298719247,0.0302015809,0.0300316236,0.0295388113,0.0290050246,0.0285160812,0.0279184762
"GCAM 7.1","CurrentMeasures","Pakistan","Final Energy|Industry|Non-Metallic Minerals|Cement|Hydrogen","EJ/yr",0,0,0,0,0,8.68134e-05,0.0002206075,0.00045114623,0.00072931553,0.00089257306,0.000958255502,0.001089027248,0.001200664193,0.0012235673475,0.001221706911,0.00121262284,0.001218338779,0.001232485638,0.001240240892,0.001228115705
"GCAM 7.1","Reference","Pakistan","Final Energy|Industry|Non-Metallic Minerals|Cement|Hydrogen","EJ/yr",0,0,0,0,0,8.61132e-05,0.00021851146,0.00044851661,0.00072653154,0.00089738198,0.000963466538,0.001093872299,0.0011981697499,0.0012240618547,0.001224463536,0.0012189923,0.001228061246,0.001244341967,0.001252437993,0.00123724272
"GCAM 7.1","CurrentMeasures","Pakistan","Final Energy|Industry|Non-Metallic Minerals|Cement|Liquids","EJ/yr",0.00588478,0.0108744,0.0108744,0.0108744,0.00863271,0.012147394,0.015612147,0.01921056,0.022416973,0.024624291,0.0250767897,0.02645307419,0.0271597621,0.0272760564,0.0271392378,0.0264162293,0.0252402948,0.0242329824,0.0231541295,0.0219186757
"GCAM 7.1","Reference","Pakistan","Final Energy|Industry|Non-Metallic Minerals|Cement|Liquids","EJ/yr",0.00588478,0.0108744,0.0108744,0.0108744,0.00864801,0.0122037,0.015708542,0.019354482,0.022566399,0.024813634,0.0252665302,0.02663168788,0.027328937,0.0274508135,0.0273236595,0.0265952668,0.0254087723,0.0243973676,0.0233173872,0.0220613423
"GCAM 7.1","CurrentMeasures","Pakistan","Final Energy|Industry|Non-Metallic Minerals|Cement|Solids","EJ/yr",0.054270497,0.1002864,0.1002864,0.1002864,0.115865863,0.154747135,0.200684071,0.253344482,0.307872547,0.3609660015,0.41178110385,0.45721289813,0.4991898212,0.53715543544,0.5703574057,0.5981215522,0.6205620229,0.6374766727,0.6496769677,0.6583640323
"GCAM 7.1","Reference","Pakistan","Final Energy|Industry|Non-Metallic Minerals|Cement|Solids","EJ/yr",0.054270497,0.1002864,0.1002864,0.1002864,0.115867477,0.155014199,0.201233038,0.25422103,0.309066659,0.3623468095,0.413334037,0.45886053014,0.50107063122,0.53918189359,0.5725665461,0.6005697843,0.6232323519,0.6402758834,0.6525476605,0.6608787241
"GCAM 7.1","CurrentMeasures","Pakistan","Final Energy|Industry|Non-Metallic Minerals|Cement|Solids|Biomass","EJ/yr",0.000653897,0.0012083,0.0012083,0.0012083,0.001406463,0.001931035,0.002560071,0.003296882,0.004060197,0.0047455615,0.00528738885,0.00567086113,0.0059302372,0.00609224944,0.0061979137,0.0062534922,0.0062635729,0.0062324727,0.0061724877,0.0061002223
"GCAM 7.1","Reference","Pakistan","Final Energy|Industry|Non-Metallic Minerals|Cement|Solids|Biomass","EJ/yr",0.000653897,0.0012083,0.0012083,0.0012083,0.001406577,0.001935899,0.002570838,0.00331553,0.004087599,0.0047785195,0.005323364,0.00570730714,0.00596687222,0.00612789759,0.0062334151,0.0062900343,0.0063016419,0.0062717334,0.0062127705,0.0061378341
"GCAM 7.1","CurrentMeasures","Pakistan","Final Energy|Industry|Non-Metallic Minerals|Cement|Solids|Coal","EJ/yr",0.0536166,0.0990781,0.0990781,0.0990781,0.1144594,0.1528161,0.198124,0.2500476,0.30381235,0.35622044,0.406493715,0.451542037,0.493259584,0.531063186,0.564159492,0.59186806,0.61429845,0.6312442,0.64350448,0.65226381
"GCAM 7.1","Reference","Pakistan","Final Energy|Industry|Non-Metallic Minerals|Cement|Solids|Coal","EJ/yr",0.0536166,0.0990781,0.0990781,0.0990781,0.1144609,0.1530783,0.1986622,0.2509055,0.30497906,0.35756829,0.408010673,0.453153223,0.495103759,0.533053996,0.566333131,0.59427975,0.61693071,0.63400415,0.64633489,0.65474089
"GCAM 7.1","CurrentMeasures","Pakistan","Final Energy|Industry|Other Sector","EJ/yr",0.58182414,0.56138003,0.6009852,0.88952408,0.996656416476,1.23547857414,1.522542572396,1.8653341972038,2.266664857941,2.726509079602,3.22513605631,3.743820580412,4.2636485031911,4.754823651622,5.207313005563,5.603402298789,5.938505367387,6.228076682271,6.48655554652,6.71926924245
"GCAM 7.1","Reference","Pakistan","Final Energy|Industry|Other Sector","EJ/yr",0.58182414,0.56138003,0.6009852,0.88952408,0.996507156173,1.234567795425,1.520681868133,1.8619198981857,2.261070432538,2.71889591606,3.215289252029,3.732393681496,4.250217831792,4.740095639193,5.191485082302,5.586332659405,5.91988829904,6.208349301894,6.465629748635,6.69777255147
"GCAM 7.1","CurrentMeasures","Pakistan","Final Energy|Industry|Other Sector|Electricity","EJ/yr",0.0520638,0.045352,0.0539184,0.0808522,0.090190954006,0.13028338945,0.184062484123,0.2639728026238,0.368392258988,0.482738103902,0.61118640287,0.76470784582,0.938504029286,1.12574503819,1.32028033898,1.50928246674,1.68662188643,1.85794915203,2.02522114112,2.18974062584
"GCAM 7.1","Reference","Pakistan","Final Energy|Industry|Other Sector|Electricity","EJ/yr",0.0520638,0.045352,0.0539184,0.0808522,0.090352144203,0.132373781465,0.189884581842,0.2768975116687,0.391239878423,0.51599977678,0.65444418802,0.81755580987,1.001076909792,1.19743134821,1.40096851793,1.59946088053,1.78691878745,1.96881858182,2.14652665531,2.3153670066
"GCAM 7.1","CurrentMeasures","Pakistan","Final Energy|Industry|Other Sector|Gases","EJ/yr",0.2692098,0.2626929,0.2111424,0.2541069,0.28249356,0.340736326,0.404176425,0.463933618,0.527657699,0.6057876457,0.6953519134,0.7873084465,0.87433063653,0.9457472441,1.0023894844,1.0413165957,1.064954583,1.080422252,1.0931413412,1.1010366056
"GCAM 7.1","Reference","Pakistan","Final Energy|Industry|Other Sector|Gases","EJ/yr",0.2692098,0.2626929,0.2111424,0.2541069,0.28233961,0.339254396,0.400487763,0.456605169,0.5155137935,0.5900482504,0.6762348536,0.7650154208,0.84735836564,0.9147880842,0.967592382,1.0031351476,1.0240669703,1.0373728436,1.0478098775,1.0552871274
"GCAM 7.1","CurrentMeasures","Pakistan","Final Energy|Industry|Other Sector|Heat","EJ/yr",0,0,0,0,0,0,0,0,0,0,0,0,0,0,0,0,0,0,0,0
"GCAM 7.1","Reference","Pakistan","Final Energy|Industry|Other Sector|Heat","EJ/yr",0,0,0,0,0,0,0,0,0,0,0,0,0,0,0,0,0,0,0,0
"GCAM 7.1","CurrentMeasures","Pakistan","Final Energy|Industry|Other Sector|Hydrogen","EJ/yr",0,0,0,0,4.437097e-05,0.00021344309,0.000502287173,0.00101291008,0.001784691753,0.002696898,0.00380118781,0.005181299282,0.0068015596451,0.008524314972,0.010305761013,0.012070815369,0.013816435337,0.015592499681,0.01741784844,0.01922017566
"GCAM 7.1","Reference","Pakistan","Final Energy|Industry|Other Sector|Hydrogen","EJ/yr",0,0,0,0,4.437167e-05,0.00021091916,0.000493845191,0.000992908117,0.001745635715,0.00263999958,0.003719015379,0.005067912386,0.006637397196,0.008311478568,0.010037995372,0.011743945365,0.01342541466,0.015132128534,0.016877136925,0.01862338939
"GCAM 7.1","CurrentMeasures","Pakistan","Final Energy|Industry|Other Sector|Liquids","EJ/yr",0.03122264,0.02887023,0.051644,0.02910118,0.0318624225,0.038286896,0.0459751187,0.0545832125,0.0643012194,0.0758587103,0.08729314237,0.09846684217,0.108779846817,0.11779048078,0.12557286179,0.13172142659,0.13585362439,0.13842813861,0.13989197928,0.14044640025
"GCAM 7.1","Reference","Pakistan","Final Energy|Industry|Other Sector|Liquids","EJ/yr",0.03122264,0.02887023,0.051644,0.02910118,0.0318609423,0.0382327552,0.0458142826,0.0541938578,0.0635347362,0.074668897,0.0857021071,0.09650888722,0.10650561527,0.115241919415,0.12276003811,0.12859221397,0.13234486762,0.13452233228,0.13560542366,0.13600900738
"GCAM 7.1","CurrentMeasures","Pakistan","Final Energy|Industry|Other Sector|Solids","EJ/yr",0.2293279,0.2244649,0.2842804,0.5254638,0.592065109,0.7259585196,0.8878262574,1.081831654,1.3045289888,1.5594277217,1.82750340986,2.08815614664,2.335232430913,2.55701657358,2.74876455938,2.90901099439,3.03725883823,3.13568463995,3.21088323648,3.2688254351
"GCAM 7.1","Reference","Pakistan","Final Energy|Industry|Other Sector|Solids","EJ/yr",0.2293279,0.2244649,0.2842804,0.5254638,0.591910088,0.7244959436,0.8840013955,1.0732304516,1.2890363887,1.5355389923,1.79518908793,2.04824565122,2.288639543894,2.5043228088,2.69012614889,2.84340047194,2.96313225901,3.05250341566,3.11881065524,3.1724860207
"GCAM 7.1","CurrentMeasures","Pakistan","Final Energy|Industry|Other Sector|Solids|Biomass","EJ/yr",0.1456449,0.1625068,0.1807549,0.2042397,0.229465749,0.2803363415,0.3409923275,0.4117882467,0.4910467474,0.5793752827,0.66608695816,0.7433372057,0.809196283035,0.86181919599,0.90338684052,0.93457177035,0.95579707823,0.96853746705,0.97541909948,0.9784774659
"GCAM 7.1","Reference","Pakistan","Final Energy|Industry|Other Sector|Solids|Biomass","EJ/yr",0.1456449,0.1625068,0.1807549,0.2042397,0.229410418,0.2798398408,0.3397161683,0.408946887,0.4859722686,0.571558409,0.6556114243,0.73060033483,0.794600775467,0.84568179807,0.88585996114,0.91543066556,0.93466623861,0.94533206216,0.95023802104,0.9526106491
"GCAM 7.1","CurrentMeasures","Pakistan","Final Energy|Industry|Other Sector|Solids|Coal","EJ/yr",0.083683,0.0619581,0.1035255,0.3212241,0.36259936,0.4456221781,0.5468339299,0.6700434073,0.8134822414,0.980052439,1.1614164517,1.34481894094,1.526036147878,1.69519737759,1.84537771886,1.97443922404,2.08146176,2.1671471729,2.235464137,2.2903479692
"GCAM 7.1","Reference","Pakistan","Final Energy|Industry|Other Sector|Solids|Coal","EJ/yr",0.083683,0.0619581,0.1035255,0.3212241,0.36249967,0.4446561028,0.5442852272,0.6642835646,0.8030641201,0.9639805833,1.13957766363,1.31764531639,1.494038768427,1.65864101073,1.80426618775,1.92796980638,2.0284660204,2.1071713535,2.1685726342,2.2198753716
"GCAM 7.1","CurrentMeasures","Pakistan","Final Energy|Industry|Pulp and Paper","EJ/yr",0,0,0,0,0,0,0,0,0,0,0,0,0,0,0,0,0,0,0,0
"GCAM 7.1","Reference","Pakistan","Final Energy|Industry|Pulp and Paper","EJ/yr",0,0,0,0,0,0,0,0,0,0,0,0,0,0,0,0,0,0,0,0
"GCAM 7.1","CurrentMeasures","Pakistan","Final Energy|Industry|Pulp and Paper|Electricity","EJ/yr",0,0,0,0,0,0,0,0,0,0,0,0,0,0,0,0,0,0,0,0
"GCAM 7.1","Reference","Pakistan","Final Energy|Industry|Pulp and Paper|Electricity","EJ/yr",0,0,0,0,0,0,0,0,0,0,0,0,0,0,0,0,0,0,0,0
"GCAM 7.1","CurrentMeasures","Pakistan","Final Energy|Industry|Pulp and Paper|Gases","EJ/yr",0,0,0,0,0,0,0,0,0,0,0,0,0,0,0,0,0,0,0,0
"GCAM 7.1","Reference","Pakistan","Final Energy|Industry|Pulp and Paper|Gases","EJ/yr",0,0,0,0,0,0,0,0,0,0,0,0,0,0,0,0,0,0,0,0
"GCAM 7.1","CurrentMeasures","Pakistan","Final Energy|Industry|Pulp and Paper|Heat","EJ/yr",0,0,0,0,0,0,0,0,0,0,0,0,0,0,0,0,0,0,0,0
"GCAM 7.1","Reference","Pakistan","Final Energy|Industry|Pulp and Paper|Heat","EJ/yr",0,0,0,0,0,0,0,0,0,0,0,0,0,0,0,0,0,0,0,0
"GCAM 7.1","CurrentMeasures","Pakistan","Final Energy|Industry|Pulp and Paper|Liquids","EJ/yr",0,0,0,0,0,0,0,0,0,0,0,0,0,0,0,0,0,0,0,0
"GCAM 7.1","Reference","Pakistan","Final Energy|Industry|Pulp and Paper|Liquids","EJ/yr",0,0,0,0,0,0,0,0,0,0,0,0,0,0,0,0,0,0,0,0
"GCAM 7.1","CurrentMeasures","Pakistan","Final Energy|Industry|Pulp and Paper|Solids","EJ/yr",0,0,0,0,0,0,0,0,0,0,0,0,0,0,0,0,0,0,0,0
"GCAM 7.1","Reference","Pakistan","Final Energy|Industry|Pulp and Paper|Solids","EJ/yr",0,0,0,0,0,0,0,0,0,0,0,0,0,0,0,0,0,0,0,0
"GCAM 7.1","CurrentMeasures","Pakistan","Final Energy|Industry|Pulp and Paper|Solids|Coal","EJ/yr",0,0,0,0,0,0,0,0,0,0,0,0,0,0,0,0,0,0,0,0
"GCAM 7.1","Reference","Pakistan","Final Energy|Industry|Pulp and Paper|Solids|Coal","EJ/yr",0,0,0,0,0,0,0,0,0,0,0,0,0,0,0,0,0,0,0,0
"GCAM 7.1","CurrentMeasures","Pakistan","Final Energy|Industry|Solids","EJ/yr",0.299170297,0.3365558,0.38762038,0.6262651737,0.7082789956,0.8886630459,1.1149784941,1.389106442,1.7020456625,2.0577729212,2.43372162371,2.80258629077,3.156534496113,3.47845122202,3.75956485508,3.99470431659,4.18325482113,4.32762762265,4.43493434418,4.5135771774
"GCAM 7.1","Reference","Pakistan","Final Energy|Industry|Solids","EJ/yr",0.299170297,0.3365558,0.38762038,0.6262651737,0.7081256103,0.8874657289,1.1116821882,1.3813409346,1.6876744387,2.0351956938,2.40283129693,2.76414485436,3.111588532114,3.42770170739,3.70314109499,3.93162847624,4.11193268091,4.24736861906,4.34579645574,4.4197546048
"GCAM 7.1","CurrentMeasures","Pakistan","Final Energy|Industry|Solids|Biomass","EJ/yr",0.146298797,0.1637151,0.1819632,0.205448,0.230872212,0.2826234545,0.3449870925,0.4184597237,0.501479434,0.5950668202,0.68737644901,0.77008653983,0.841098820235,0.89838704543,0.94405783422,0.97855818255,1.00231726113,1.01686183975,1.02483313718,1.0284408582
"GCAM 7.1","Reference","Pakistan","Final Energy|Industry|Solids|Biomass","EJ/yr",0.146298797,0.1637151,0.1819632,0.205448,0.230816995,0.2821320598,0.3437219543,0.415637419,0.4964329195,0.5872817545,0.6769270853,0.75737016797,0.826526347687,0.88228884566,0.92658007624,0.95947246986,0.98124238051,0.99370841556,0.99970007154,1.0026188932
"GCAM 7.1","CurrentMeasures","Pakistan","Final Energy|Industry|Solids|Coal","EJ/yr",0.1528715,0.1728407,0.20565718,0.4208171737,0.4774067836,0.6060395914,0.7699914016,0.9706467183,1.2005662285,1.462706101,1.7463451747,2.03249975094,2.315435675878,2.58006417659,2.81550702086,3.01614613404,3.18093756,3.3107657829,3.410101207,3.4851363192
"GCAM 7.1","Reference","Pakistan","Final Energy|Industry|Solids|Coal","EJ/yr",0.1528715,0.1728407,0.20565718,0.4208171737,0.4773086153,0.6053336691,0.7679602339,0.9657035156,1.1912415192,1.4479139393,1.72590421163,2.00677468639,2.285062184427,2.54541286173,2.77656101875,2.97215600638,3.1306903004,3.2536602035,3.3460963842,3.4171357116
"GCAM 7.1","CurrentMeasures","Pakistan","Final Energy|Liquids","EJ/yr",0.5099048578,0.513538268,0.7499935662,0.894156674302,0.931475262558,1.051953810034,1.1906835833948,1.3157214140532,1.504187783516,1.7327421350252,2.000851825708,2.326862009944,2.689155401047,3.06459960658,3.438752729426,3.7980769598308,4.1391311154453,4.4694382355927,4.7869599557574,5.09042325103
"GCAM 7.1","Reference","Pakistan","Final Energy|Liquids","EJ/yr",0.5099048578,0.513538268,0.7499935662,0.894156674302,0.94429087068,1.078382556642,1.2374777499608,1.3825663860464,1.575859157049,1.8027808860682,2.073834143976,2.403747308974,2.772522510432,3.157507345629,3.543651749541,3.9158575140589,4.2705663734364,4.6157757138215,4.949266034097,5.2720944907243
"GCAM 7.1","CurrentMeasures","Pakistan","Final Energy|Non-Energy Use","EJ/yr",0.0871589,0.0811717,0.09071841,0.11436282,0.1238582,0.14055358,0.15985955,0.1831179,0.2113765,0.2443965,0.2822544,0.3260303,0.3750146,0.4279825,0.4841401,0.5420743,0.6012923,0.6621596,0.7244686,0.7870214
"GCAM 7.1","Reference","Pakistan","Final Energy|Non-Energy Use","EJ/yr",0.0871589,0.0811717,0.09071841,0.11436282,0.12384963,0.14051832,0.15981123,0.1830625,0.2113052,0.2443429,0.2821828,0.3259587,0.3748978,0.4278812,0.4840593,0.5420183,0.6012578,0.6621902,0.7245553,0.7871401
"GCAM 7.1","CurrentMeasures","Pakistan","Final Energy|Non-Energy Use|Chemicals|Gases","EJ/yr",0.0621266,0.0679021,0.0732209,0.0976188,0.102877,0.110909,0.118225,0.124464,0.130842,0.138068,0.147133,0.15624,0.165198,0.173944,0.183569,0.193484,0.204003,0.214841,0.225688,0.235348
"GCAM 7.1","Reference","Pakistan","Final Energy|Non-Energy Use|Chemicals|Gases","EJ/yr",0.0621266,0.0679021,0.0732209,0.0976188,0.102863,0.110831,0.118098,0.124311,0.13067,0.137989,0.147023,0.156078,0.164764,0.173508,0.183086,0.193013,0.203577,0.214431,0.225209,0.234893
"GCAM 7.1","CurrentMeasures","Pakistan","Final Energy|Non-Energy Use|Chemicals|Liquids","EJ/yr",0,0,0,0,0.00276241,0.00679616,0.0118542,0.0177317,0.0237334,0.0306335,0.0371905,0.045121,0.054186,0.0646996,0.07583,0.087851,0.100325,0.113322,0.126676,0.140955
"GCAM 7.1","Reference","Pakistan","Final Energy|Non-Energy Use|Chemicals|Liquids","EJ/yr",0,0,0,0,0.00276951,0.00684942,0.0119507,0.0178548,0.0238717,0.0306985,0.0372843,0.0452619,0.0545681,0.0650869,0.0762626,0.0882735,0.100705,0.11369,0.127108,0.141369
"GCAM 7.1","CurrentMeasures","Pakistan","Final Energy|Non-Energy Use|Gases","EJ/yr",0.0621266,0.0679021,0.0732209,0.0976188,0.102877,0.110909,0.118225,0.124464,0.130842,0.138068,0.147133,0.15624,0.165198,0.173944,0.183569,0.193484,0.204003,0.214841,0.225688,0.235348
"GCAM 7.1","Reference","Pakistan","Final Energy|Non-Energy Use|Gases","EJ/yr",0.0621266,0.0679021,0.0732209,0.0976188,0.102863,0.110831,0.118098,0.124311,0.13067,0.137989,0.147023,0.156078,0.164764,0.173508,0.183086,0.193013,0.203577,0.214431,0.225209,0.234893
"GCAM 7.1","CurrentMeasures","Pakistan","Final Energy|Non-Energy Use|Liquids","EJ/yr",0.0250323,0.0132696,0.01749751,0.01674402,0.0209812,0.02964458,0.04163455,0.0586539,0.0805345,0.1063285,0.1351214,0.1697903,0.2098166,0.2540385,0.3005711,0.3485903,0.3972893,0.4473186,0.4987806,0.5516734
"GCAM 7.1","Reference","Pakistan","Final Energy|Non-Energy Use|Liquids","EJ/yr",0.0250323,0.0132696,0.01749751,0.01674402,0.02098663,0.02968732,0.04171323,0.0587515,0.0806352,0.1063539,0.1351598,0.1698807,0.2101338,0.2543732,0.3009733,0.3490053,0.3976808,0.4477592,0.4993463,0.5522471
"GCAM 7.1","CurrentMeasures","Pakistan","Final Energy|Non-Energy Use|Non-Metallic Minerals","EJ/yr",0.0179161,0.0071999,0.0128929,0.0082464,0.00838436,0.00896842,0.00952345,0.0100512,0.0105736,0.0110831,0.0115377,0.0120263,0.0124286,0.0126979,0.0128301,0.0128113,0.0126843,0.0125136,0.0122986,0.0120424
"GCAM 7.1","Reference","Pakistan","Final Energy|Non-Energy Use|Non-Metallic Minerals","EJ/yr",0.0179161,0.0071999,0.0128929,0.0082464,0.00838457,0.0089683,0.00952323,0.010051,0.0105719,0.0110835,0.0115383,0.0120268,0.0124287,0.0126983,0.0128307,0.0128118,0.0126848,0.0125142,0.0122993,0.0120431
"GCAM 7.1","CurrentMeasures","Pakistan","Final Energy|Non-Energy Use|Non-Metallic Minerals|Liquids","EJ/yr",0.0179161,0.0071999,0.0128929,0.0082464,0.00838436,0.00896842,0.00952345,0.0100512,0.0105736,0.0110831,0.0115377,0.0120263,0.0124286,0.0126979,0.0128301,0.0128113,0.0126843,0.0125136,0.0122986,0.0120424
"GCAM 7.1","Reference","Pakistan","Final Energy|Non-Energy Use|Non-Metallic Minerals|Liquids","EJ/yr",0.0179161,0.0071999,0.0128929,0.0082464,0.00838457,0.0089683,0.00952323,0.010051,0.0105719,0.0110835,0.0115383,0.0120268,0.0124287,0.0126983,0.0128307,0.0128118,0.0126848,0.0125142,0.0122993,0.0120431
"GCAM 7.1","CurrentMeasures","Pakistan","Final Energy|Non-Energy Use|Other Sector","EJ/yr",0.0071162,0.0060697,0.00460461,0.00849762,0.00983443,0.01388,0.0202569,0.030871,0.0462275,0.0646119,0.0863932,0.112643,0.143202,0.176641,0.211911,0.247928,0.28428,0.321483,0.359806,0.398676
"GCAM 7.1","Reference","Pakistan","Final Energy|Non-Energy Use|Other Sector","EJ/yr",0.0071162,0.0060697,0.00460461,0.00849762,0.00983255,0.0138696,0.0202393,0.0308457,0.0461916,0.0645719,0.0863372,0.112592,0.143137,0.176588,0.21188,0.24792,0.284291,0.321555,0.359939,0.398835
"GCAM 7.1","CurrentMeasures","Pakistan","Final Energy|Non-Energy Use|Other Sector|Gases","EJ/yr",0,0,0,0,0,0,0,0,0,0,0,0,0,0,0,0,0,0,0,0
"GCAM 7.1","Reference","Pakistan","Final Energy|Non-Energy Use|Other Sector|Gases","EJ/yr",0,0,0,0,0,0,0,0,0,0,0,0,0,0,0,0,0,0,0,0
"GCAM 7.1","CurrentMeasures","Pakistan","Final Energy|Non-Energy Use|Other Sector|Liquids","EJ/yr",0.0071162,0.0060697,0.00460461,0.00849762,0.00983443,0.01388,0.0202569,0.030871,0.0462275,0.0646119,0.0863932,0.112643,0.143202,0.176641,0.211911,0.247928,0.28428,0.321483,0.359806,0.398676
"GCAM 7.1","Reference","Pakistan","Final Energy|Non-Energy Use|Other Sector|Liquids","EJ/yr",0.0071162,0.0060697,0.00460461,0.00849762,0.00983255,0.0138696,0.0202393,0.0308457,0.0461916,0.0645719,0.0863372,0.112592,0.143137,0.176588,0.21188,0.24792,0.284291,0.321555,0.359939,0.398835
"GCAM 7.1","CurrentMeasures","Pakistan","Final Energy|Residential","EJ/yr",1.2823119952,1.467944647,1.665559503,1.944899315,1.913830123294,1.9251647502,1.9830585075,2.0935121202,2.2641135514,2.479902578,2.746456486,3.042561031,3.344274275,3.629666981,3.884942821,4.091678814,4.257304764,4.377564326,4.454819542,4.520751174
"GCAM 7.1","Reference","Pakistan","Final Energy|Residential","EJ/yr",1.2823119952,1.467944647,1.665559503,1.944899315,1.913507507585,1.9237630279,1.9812889193,2.0914713794,2.2614649396,2.477589062,2.74271463,3.036904957,3.334587624,3.618226488,3.870896952,4.07475113,4.237232147,4.354513136,4.429124086,4.497387955
"GCAM 7.1","CurrentMeasures","Pakistan","Final Energy|Residential and Commercial","EJ/yr",1.3983199102,1.604835472,1.829037969,2.14683664,2.129529358974,2.1979734107,2.3308192417,2.5443984732,2.8566299694,3.257147292,3.75623962,4.345082093,4.991173072,5.658885836,6.328694001,6.952130224,7.525977834,8.040551966,8.485305002,8.899348564
"GCAM 7.1","Reference","Pakistan","Final Energy|Residential and Commercial","EJ/yr",1.3983199102,1.604835472,1.829037969,2.14683664,2.129188269965,2.1966908297,2.3294619694,2.5433849104,2.8556323536,3.257881726,3.756670605,4.345279492,4.988327188,5.656715159,6.326587542,6.95038756,7.524434137,8.038718416,8.482131106,8.895667615
"GCAM 7.1","CurrentMeasures","Pakistan","Final Energy|Residential and Commercial|Electricity","EJ/yr",0.182999415,0.214665075,0.250624146,0.357070755,0.4240075593,0.544596413,0.691602395,0.886949346,1.14084002,1.46013945,1.83643174,2.28488605,2.78733755,3.33051965,3.88642862,4.41576673,4.90785356,5.36502137,5.7776066,6.18501512
"GCAM 7.1","Reference","Pakistan","Final Energy|Residential and Commercial|Electricity","EJ/yr",0.182999415,0.214665075,0.250624146,0.357070755,0.4249064996,0.552218846,0.705870121,0.909275861,1.171594055,1.49866779,1.88221126,2.33831741,2.85088435,3.40066752,3.96457797,4.5034424,5.0051807,5.47010404,5.88813571,6.28153694
"GCAM 7.1","CurrentMeasures","Pakistan","Final Energy|Residential and Commercial|Gases","EJ/yr",0.18652807,0.25011335,0.28381092,0.32357766,0.32379233,0.38956645,0.46462664,0.55714059,0.67920931,0.8099989,0.9764886,1.1419829,1.299715,1.4304887,1.5521045,1.6568372,1.752688,1.8276291,1.880725,1.9059925
"GCAM 7.1","Reference","Pakistan","Final Energy|Residential and Commercial|Gases","EJ/yr",0.18652807,0.25011335,0.28381092,0.32357766,0.32258143,0.38146794,0.45073809,0.53675043,0.65163245,0.7777635,0.9369794,1.0948936,1.2391126,1.3643133,1.4782654,1.5745343,1.6616988,1.7289966,1.7752435,1.8126404
"GCAM 7.1","CurrentMeasures","Pakistan","Final Energy|Residential and Commercial|Heat","EJ/yr",0,0,0,0,0,0,0,0,0,0,0,0,0,0,0,0,0,0,0,0
"GCAM 7.1","Reference","Pakistan","Final Energy|Residential and Commercial|Heat","EJ/yr",0,0,0,0,0,0,0,0,0,0,0,0,0,0,0,0,0,0,0,0
"GCAM 7.1","CurrentMeasures","Pakistan","Final Energy|Residential and Commercial|Hydrogen","EJ/yr",0,0,0,0,8.8198674e-05,0.0013981397,0.0026056257,0.0043880442,0.0072748114,0.011513444,0.014875236,0.018572707,0.022687749,0.026572411,0.030442061,0.034293405,0.0380351,0.041377616,0.044399603,0.046926969
"GCAM 7.1","Reference","Pakistan","Final Energy|Residential and Commercial|Hydrogen","EJ/yr",0,0,0,0,8.8092365e-05,0.0013665777,0.0025253604,0.0042329754,0.0069967216,0.011079237,0.014306042,0.017853351,0.021744306,0.025470961,0.029139936,0.032739976,0.036198297,0.039280483,0.042065732,0.044769543
"GCAM 7.1","CurrentMeasures","Pakistan","Final Energy|Residential and Commercial|Liquids","EJ/yr",0.0391390862,0.032357718,0.06341779,0.075892216,0.073005583,0.090538879,0.114900605,0.145307999,0.178497286,0.215520573,0.246555919,0.284074251,0.321636021,0.356455398,0.383292035,0.401311443,0.409784362,0.410252538,0.403402612,0.394082479
"GCAM 7.1","Reference","Pakistan","Final Energy|Residential and Commercial|Liquids","EJ/yr",0.0391390862,0.032357718,0.06341779,0.075892216,0.073019814,0.0900253,0.113679446,0.143118886,0.175291437,0.21116259,0.241999831,0.279293563,0.317367199,0.351954806,0.378683526,0.396239794,0.404216026,0.404511736,0.397917885,0.389698486
"GCAM 7.1","CurrentMeasures","Pakistan","Final Energy|Residential and Commercial|Solids","EJ/yr",0.989653339,1.107699329,1.231185113,1.390296009,1.308635688,1.171873529,1.057083976,0.950612494,0.850808542,0.759974925,0.681888125,0.615566185,0.559796752,0.514849677,0.476426785,0.443921446,0.417616812,0.396271342,0.379171187,0.367331496
"GCAM 7.1","Reference","Pakistan","Final Energy|Residential and Commercial|Solids","EJ/yr",0.989653339,1.107699329,1.231185113,1.390296009,1.308592434,1.171612166,1.056648952,0.950006758,0.85011769,0.759208609,0.681174072,0.614921568,0.559218733,0.514308572,0.47592071,0.44343109,0.417140314,0.395825557,0.378768279,0.367022246
"GCAM 7.1","CurrentMeasures","Pakistan","Final Energy|Residential and Commercial|Solids|Biomass","EJ/yr",0.989653339,1.107699329,1.231185113,1.390296009,1.308635688,1.171873529,1.057083976,0.950612494,0.850808542,0.759974925,0.681888125,0.615566185,0.559796752,0.514849677,0.476426785,0.443921446,0.417616812,0.396271342,0.379171187,0.367331496
"GCAM 7.1","Reference","Pakistan","Final Energy|Residential and Commercial|Solids|Biomass","EJ/yr",0.989653339,1.107699329,1.231185113,1.390296009,1.308592434,1.171612166,1.056648952,0.950006758,0.85011769,0.759208609,0.681174072,0.614921568,0.559218733,0.514308572,0.47592071,0.44343109,0.417140314,0.395825557,0.378768279,0.367022246
"GCAM 7.1","CurrentMeasures","Pakistan","Final Energy|Residential and Commercial|Solids|Coal","EJ/yr",0,0,0,0,0,0,0,0,0,0,0,0,0,0,0,0,0,0,0,0
"GCAM 7.1","Reference","Pakistan","Final Energy|Residential and Commercial|Solids|Coal","EJ/yr",0,0,0,0,0,0,0,0,0,0,0,0,0,0,0,0,0,0,0,0
"GCAM 7.1","CurrentMeasures","Pakistan","Final Energy|Residential|Electricity","EJ/yr",0.11031663,0.12863409,0.15910295,0.23169532,0.2849413493,0.371674402,0.474693821,0.608395156,0.77587637,0.97685962,1.19861071,1.44449398,1.69844304,1.9509407,2.18084475,2.37257439,2.52663276,2.64704078,2.73550384,2.82176822
"GCAM 7.1","Reference","Pakistan","Final Energy|Residential|Electricity","EJ/yr",0.11031663,0.12863409,0.15910295,0.23169532,0.2856703736,0.37757724,0.4854668,0.624709571,0.797656755,1.00300875,1.22845836,1.47744279,1.73599756,1.98991605,2.22156387,2.41533833,2.57116555,2.69239386,2.78104728,2.86003963
"GCAM 7.1","CurrentMeasures","Pakistan","Final Energy|Residential|Gases","EJ/yr",0.15927715,0.21616493,0.25249965,0.29670357,0.29508917,0.35085605,0.41318744,0.48771989,0.58235661,0.6787507,0.7965985,0.9066506,1.0037417,1.075541,1.1352033,1.1798682,1.2164034,1.2374793,1.2442252,1.2363389
"GCAM 7.1","Reference","Pakistan","Final Energy|Residential|Gases","EJ/yr",0.15927715,0.21616493,0.25249965,0.29670357,0.29402014,0.34370905,0.40105819,0.47014313,0.55905035,0.6519539,0.7646669,0.8696728,0.9578048,1.026572,1.0819888,1.1219867,1.1539116,1.1713797,1.1753353,1.1767317
"GCAM 7.1","CurrentMeasures","Pakistan","Final Energy|Residential|Heat","EJ/yr",0,0,0,0,0,0,0,0,0,0,0,0,0,0,0,0,0,0,0,0
"GCAM 7.1","Reference","Pakistan","Final Energy|Residential|Heat","EJ/yr",0,0,0,0,0,0,0,0,0,0,0,0,0,0,0,0,0,0,0,0
"GCAM 7.1","CurrentMeasures","Pakistan","Final Energy|Residential|Hydrogen","EJ/yr",0,0,0,0,7.9632994e-05,0.0012482902,0.0022948655,0.0038005812,0.0061643434,0.00952486,0.011966832,0.014522015,0.017233762,0.019625206,0.021837951,0.023916335,0.02581243,0.027350366,0.028626003,0.029621979
"GCAM 7.1","Reference","Pakistan","Final Energy|Residential|Hydrogen","EJ/yr",0,0,0,0,7.9545985e-05,0.0012205719,0.0022252313,0.0036680344,0.0059317076,0.009167613,0.011512067,0.013964236,0.016529732,0.01882306,0.020915046,0.022842216,0.024572557,0.025970183,0.027131242,0.028272593
"GCAM 7.1","CurrentMeasures","Pakistan","Final Energy|Residential|Liquids","EJ/yr",0.0230648762,0.015446298,0.02277179,0.026204416,0.025084283,0.029512479,0.035798405,0.042983999,0.048907686,0.054792473,0.057392319,0.061328251,0.065059021,0.068710398,0.070630035,0.071398443,0.070839362,0.069422538,0.067293312,0.065690579
"GCAM 7.1","Reference","Pakistan","Final Energy|Residential|Liquids","EJ/yr",0.0230648762,0.015446298,0.02277179,0.026204416,0.025145014,0.029644,0.035889746,0.042943886,0.048708437,0.05425019,0.056903231,0.060903563,0.065036799,0.068606806,0.070508526,0.071152794,0.070442126,0.068943836,0.066841985,0.065321786
"GCAM 7.1","CurrentMeasures","Pakistan","Final Energy|Residential|Solids","EJ/yr",0.989653339,1.107699329,1.231185113,1.390296009,1.308635688,1.171873529,1.057083976,0.950612494,0.850808542,0.759974925,0.681888125,0.615566185,0.559796752,0.514849677,0.476426785,0.443921446,0.417616812,0.396271342,0.379171187,0.367331496
"GCAM 7.1","Reference","Pakistan","Final Energy|Residential|Solids","EJ/yr",0.989653339,1.107699329,1.231185113,1.390296009,1.308592434,1.171612166,1.056648952,0.950006758,0.85011769,0.759208609,0.681174072,0.614921568,0.559218733,0.514308572,0.47592071,0.44343109,0.417140314,0.395825557,0.378768279,0.367022246
"GCAM 7.1","CurrentMeasures","Pakistan","Final Energy|Residential|Solids|Biomass","EJ/yr",0.989653339,1.107699329,1.231185113,1.390296009,1.308635688,1.171873529,1.057083976,0.950612494,0.850808542,0.759974925,0.681888125,0.615566185,0.559796752,0.514849677,0.476426785,0.443921446,0.417616812,0.396271342,0.379171187,0.367331496
"GCAM 7.1","Reference","Pakistan","Final Energy|Residential|Solids|Biomass","EJ/yr",0.989653339,1.107699329,1.231185113,1.390296009,1.308592434,1.171612166,1.056648952,0.950006758,0.85011769,0.759208609,0.681174072,0.614921568,0.559218733,0.514308572,0.47592071,0.44343109,0.417140314,0.395825557,0.378768279,0.367022246
"GCAM 7.1","CurrentMeasures","Pakistan","Final Energy|Residential|Solids|Coal","EJ/yr",0,0,0,0,0,0,0,0,0,0,0,0,0,0,0,0,0,0,0,0
"GCAM 7.1","Reference","Pakistan","Final Energy|Residential|Solids|Coal","EJ/yr",0,0,0,0,0,0,0,0,0,0,0,0,0,0,0,0,0,0,0,0
"GCAM 7.1","CurrentMeasures","Pakistan","Final Energy|Solids","EJ/yr",1.288823636,1.444255129,1.618805493,2.0165611827,2.0169146836,2.0605365749,2.1720624701,2.339718936,2.5528542045,2.8177478462,3.11560974871,3.41815247577,3.716331248113,3.99330089902,4.23599164008,4.43862576259,4.60087163313,4.72389896465,4.81410553118,4.8809086734
"GCAM 7.1","Reference","Pakistan","Final Energy|Solids","EJ/yr",1.288823636,1.444255129,1.618805493,2.0165611827,2.0167180443,2.0590778949,2.1683311402,2.3313476926,2.5377921287,2.7944043028,3.08400536893,3.37906642236,3.670807265114,3.94201027939,4.17906180499,4.37505956624,4.52907299491,4.64319417606,4.72456473474,4.7867768508
"GCAM 7.1","CurrentMeasures","Pakistan","Final Energy|Solids|Biomass","EJ/yr",1.135952136,1.271414429,1.413148313,1.595744009,1.5395079,1.4544969835,1.4020710685,1.3690722177,1.352287976,1.3550417452,1.36926457401,1.38565272483,1.400895572235,1.41323672243,1.42048461922,1.42247962855,1.41993407313,1.41313318175,1.40400432418,1.3957723542
"GCAM 7.1","Reference","Pakistan","Final Energy|Solids|Biomass","EJ/yr",1.135952136,1.271414429,1.413148313,1.595744009,1.539409429,1.4537442258,1.4003709063,1.365644177,1.3465506095,1.3464903635,1.3581011573,1.37229173597,1.385745080687,1.39659741766,1.40250078624,1.40290355986,1.39838269451,1.38953397256,1.37846835054,1.3696411392
"GCAM 7.1","CurrentMeasures","Pakistan","Final Energy|Solids|Coal","EJ/yr",0.1528715,0.1728407,0.20565718,0.4208171737,0.4774067836,0.6060395914,0.7699914016,0.9706467183,1.2005662285,1.462706101,1.7463451747,2.03249975094,2.315435675878,2.58006417659,2.81550702086,3.01614613404,3.18093756,3.3107657829,3.410101207,3.4851363192
"GCAM 7.1","Reference","Pakistan","Final Energy|Solids|Coal","EJ/yr",0.1528715,0.1728407,0.20565718,0.4208171737,0.4773086153,0.6053336691,0.7679602339,0.9657035156,1.1912415192,1.4479139393,1.72590421163,2.00677468639,2.285062184427,2.54541286173,2.77656101875,2.97215600638,3.1306903004,3.2536602035,3.3460963842,3.4171357116
"GCAM 7.1","CurrentMeasures","Pakistan","Final Energy|Transportation","EJ/yr",0.3762003,0.4795065,0.6230975,0.7906226,0.8279030494,0.90632097766,0.99508362972,1.0608755497,1.17374736728,1.31446841506,1.49708607288,1.71611920733,1.9655153779,2.2371885324,2.527430411,2.828022144,3.1362555274,3.4535197079,3.7757412161,4.0929275364
"GCAM 7.1","Reference","Pakistan","Final Energy|Transportation","EJ/yr",0.3762003,0.4795065,0.6230975,0.7906226,0.8398151216,0.9313234297,1.03947918535,1.12507934869,1.24384116949,1.3851485992,1.57135016472,1.79439349442,2.049174071,2.329120987,2.6293668295,2.9409077862,3.2607774304,3.5903228136,3.925173691,4.256879734
"GCAM 7.1","CurrentMeasures","Pakistan","Final Energy|Transportation (w/ bunkers)","EJ/yr",0.420439,0.5285988,0.6666679,0.8140393,0.852410125,0.93524251466,1.02894465369497,1.10348565952396,1.2276638257568,1.3823389151493,1.581525186487,1.820629386758,2.093365603109,2.391262367261,2.710626845919,3.042431811668,3.383538129723,3.735345243024,4.09323381193,4.446924892837
"GCAM 7.1","Reference","Pakistan","Final Energy|Transportation (w/ bunkers)","EJ/yr",0.420439,0.5285988,0.6666679,0.8140393,0.8643227957,0.9602452047,1.07334066969856,1.16769014166991,1.2977489767823,1.453016741608,1.655788327777,1.898900816122,2.177021894075,2.483195887582,2.812564950418,3.155311218936,3.508043651718,3.872128091082,4.242646443227,4.610863160458
"GCAM 7.1","CurrentMeasures","Pakistan","Final Energy|Transportation (w/ bunkers)|Electricity","EJ/yr",0.0173491,0.0243776,0.0287455,0.0356363,0.0385440204,0.05451325726,0.079149825776397,0.11470048383796,0.1530219195878,0.1990487039393,0.251066969377,0.303972074358,0.358487966709,0.418362730461,0.484408063919,0.555641351968,0.631230358623,0.710745884524,0.79288984473,0.874794049037
"GCAM 7.1","Reference","Pakistan","Final Energy|Transportation (w/ bunkers)|Electricity","EJ/yr",0.0173491,0.0243776,0.0287455,0.0356363,0.0373233926,0.0514010464,0.07296049747657,0.10571382043591,0.1425291086953,0.188698573848,0.239918579687,0.291292924422,0.343412172075,0.399750790382,0.461517536118,0.527998139736,0.598496851018,0.672482714182,0.748634570827,0.823637000958
"GCAM 7.1","CurrentMeasures","Pakistan","Final Energy|Transportation (w/ bunkers)|Gases","EJ/yr",0.0332703,0.0966951,0.0551171,0.0486167,0.048593107,0.044481359,0.044096498,0.041076804,0.042464319,0.047899102,0.055615972,0.064121405,0.072867652,0.080909123,0.088528121,0.095423502,0.101658574,0.107299585,0.112340842,0.116956909
"GCAM 7.1","Reference","Pakistan","Final Energy|Transportation (w/ bunkers)|Gases","EJ/yr",0.0332703,0.0966951,0.0551171,0.0486167,0.048944823,0.04559691,0.046456148,0.04482425,0.047161088,0.053035602,0.061399071,0.07063343,0.080221479,0.089415249,0.098385634,0.106785831,0.114666995,0.122060154,0.128894526,0.13543417
"GCAM 7.1","CurrentMeasures","Pakistan","Final Energy|Transportation (w/ bunkers)|Hydrogen","EJ/yr",0,0,0,0,0,0.0016855248,0.00912853001857,0.027111329286,0.044339671869,0.06242184321,0.08185574511,0.1022462684,0.1235502384,0.1456997868,0.16940008,0.1942860067,0.2207716061,0.2492794185,0.2796962602,0.3102674928
"GCAM 7.1","Reference","Pakistan","Final Energy|Transportation (w/ bunkers)|Hydrogen","EJ/yr",0,0,0,0,0,0.0017834423,0.00933478052199,0.027394177434,0.044886805287,0.06333873176,0.08320952509,0.1040365517,0.125653008,0.1482533902,0.1725136613,0.1981173632,0.2254976677,0.2549968659,0.2864129964,0.3180137695
"GCAM 7.1","CurrentMeasures","Pakistan","Final Energy|Transportation (w/ bunkers)|Liquids","EJ/yr",0.3698196,0.4075261,0.5828053,0.7297863,0.7652729976,0.8345623736,0.8965697999,0.9205970424,0.9878379153,1.072969266,1.1929865,1.350289639,1.538459746,1.746290727,1.968290581,2.197080951,2.429877591,2.668020355,2.908306865,3.144906442
"GCAM 7.1","Reference","Pakistan","Final Energy|Transportation (w/ bunkers)|Liquids","EJ/yr",0.3698196,0.4075261,0.5828053,0.7297863,0.7780545801,0.861463806,0.9445892437,0.9897578938,1.0631719748,1.147943834,1.271261152,1.43293791,1.627735235,1.845776458,2.080148119,2.322409885,2.569382138,2.822588357,3.07870435,3.33377822
"GCAM 7.1","CurrentMeasures","Pakistan","Final Energy|Transportation (w/ bunkers)|Solids","EJ/yr",0,0,0,0,0,0,0,0,0,0,0,0,0,0,0,0,0,0,0,0
"GCAM 7.1","Reference","Pakistan","Final Energy|Transportation (w/ bunkers)|Solids","EJ/yr",0,0,0,0,0,0,0,0,0,0,0,0,0,0,0,0,0,0,0,0
"GCAM 7.1","CurrentMeasures","Pakistan","Final Energy|Transportation (w/ bunkers)|Solids|Coal","EJ/yr",0,0,0,0,0,0,0,0,0,0,0,0,0,0,0,0,0,0,0,0
"GCAM 7.1","Reference","Pakistan","Final Energy|Transportation (w/ bunkers)|Solids|Coal","EJ/yr",0,0,0,0,0,0,0,0,0,0,0,0,0,0,0,0,0,0,0,0
"GCAM 7.1","CurrentMeasures","Pakistan","Final Energy|Transportation|Bus","EJ/yr",0.0594878,0.0982294,0.0987613,0.1167239,0.1325395,0.15936494,0.18158595,0.1916628,0.2226001,0.2666533,0.3199886,0.3758147,0.4293662,0.4728038,0.5086664,0.5358141,0.5547626,0.5666436,0.572372,0.5736605
"GCAM 7.1","Reference","Pakistan","Final Energy|Transportation|Bus","EJ/yr",0.0594878,0.0982294,0.0987613,0.1167239,0.1312277,0.156854966,0.1777377,0.18693693,0.2180406,0.2622365,0.3156974,0.3717636,0.4256255,0.4693811,0.5055318,0.5329166,0.5520519,0.5640799,0.5699272,0.5712683
"GCAM 7.1","CurrentMeasures","Pakistan","Final Energy|Transportation|Bus|Electricity","EJ/yr",0,0,0,0,0,0.000553244,0.00358079,0.0100469,0.015435,0.0201748,0.0242746,0.0285354,0.032635,0.0359777,0.0387432,0.0408538,0.0423408,0.0432766,0.0437394,0.0438726
"GCAM 7.1","Reference","Pakistan","Final Energy|Transportation|Bus|Electricity","EJ/yr",0,0,0,0,0,0.000545018,0.00350907,0.00981213,0.0151396,0.0198652,0.0239781,0.0282605,0.0323883,0.0357573,0.0385472,0.0406801,0.0421857,0.0431352,0.043608,0.043737
"GCAM 7.1","CurrentMeasures","Pakistan","Final Energy|Transportation|Bus|Gases","EJ/yr",0.0181045,0.052618,0.0299927,0.0264555,0.026294,0.0242064,0.0264623,0.025774,0.0288547,0.0342671,0.0411935,0.0483859,0.055259,0.0607874,0.0653663,0.0688324,0.0712747,0.0728198,0.073584,0.0737474
"GCAM 7.1","Reference","Pakistan","Final Energy|Transportation|Bus|Gases","EJ/yr",0.0181045,0.052618,0.0299927,0.0264555,0.0260306,0.0238158,0.0258894,0.025126,0.0282504,0.0336906,0.040629,0.0478483,0.054743,0.0603128,0.0649261,0.0684244,0.0708943,0.0724601,0.0732377,0.0734118
"GCAM 7.1","CurrentMeasures","Pakistan","Final Energy|Transportation|Bus|Hydrogen","EJ/yr",0,0,0,0,0,0.000817496,0.00490826,0.0127028,0.0180461,0.0218496,0.0262985,0.0309194,0.0353652,0.0389827,0.0419799,0.0442669,0.0458861,0.0469102,0.0474216,0.0475655
"GCAM 7.1","Reference","Pakistan","Final Energy|Transportation|Bus|Hydrogen","EJ/yr",0,0,0,0,0,0.000804648,0.00480463,0.0123908,0.0176791,0.0214909,0.0259493,0.0305898,0.0350592,0.038703,0.0417235,0.0440311,0.0456669,0.0467036,0.0472245,0.0473715
"GCAM 7.1","CurrentMeasures","Pakistan","Final Energy|Transportation|Bus|Liquids","EJ/yr",0.0413833,0.0456114,0.0687686,0.0902684,0.1062455,0.1337878,0.1466346,0.1431391,0.1602643,0.1903618,0.228222,0.267974,0.306107,0.337056,0.362577,0.381861,0.395261,0.403637,0.407627,0.408475
"GCAM 7.1","Reference","Pakistan","Final Energy|Transportation|Bus|Liquids","EJ/yr",0.0413833,0.0456114,0.0687686,0.0902684,0.1051971,0.1316895,0.1435346,0.139608,0.1569715,0.1871898,0.225141,0.265065,0.303435,0.334608,0.360335,0.379781,0.393305,0.401781,0.405857,0.406748
"GCAM 7.1","CurrentMeasures","Pakistan","Final Energy|Transportation|Domestic Aviation","EJ/yr",0.0023487,0.0021772,0.0021038,0.0013103,0.00149103,0.00198688,0.00248961939,0.00335558462,0.0045024781,0.005950966,0.007650753,0.009757293,0.012262912,0.01526615,0.01886843,0.02305117,0.02779028,0.03311906,0.03894861,0.04519849
"GCAM 7.1","Reference","Pakistan","Final Energy|Transportation|Domestic Aviation","EJ/yr",0.0023487,0.0021772,0.0021038,0.0013103,0.00148597,0.00197689,0.00247388246,0.00333345334,0.0044793554,0.0059298602,0.007629051,0.009733481,0.012237298,0.01523832,0.01883887,0.02301694,0.02775028,0.03307579,0.03890461,0.04515492
"GCAM 7.1","CurrentMeasures","Pakistan","Final Energy|Transportation|Domestic Aviation|Electricity","EJ/yr",0,0,0,0,0,0,2.45316e-06,8.30738e-06,2.80709e-05,8.99388e-05,0.000220515,0.000484592,0.000918394,0.00152053,0.00225894,0.00306902,0.00394085,0.0049178,0.00600529,0.00726279
"GCAM 7.1","Reference","Pakistan","Final Energy|Transportation|Domestic Aviation|Electricity","EJ/yr",0,0,0,0,0,0,2.59133e-06,8.90322e-06,3.03197e-05,9.74452e-05,0.000238453,0.000520763,0.000982737,0.00162102,0.00240496,0.00327377,0.00421752,0.00527231,0.0064402,0.00770567
"GCAM 7.1","CurrentMeasures","Pakistan","Final Energy|Transportation|Domestic Aviation|Hydrogen","EJ/yr",0,0,0,0,0,0,1.02623e-06,4.36724e-06,1.85172e-05,7.16372e-05,0.000177498,0.000388381,0.000733518,0.00119672,0.00176229,0.00238105,0.00306943,0.00384176,0.00469842,0.00563
"GCAM 7.1","Reference","Pakistan","Final Energy|Transportation|Domestic Aviation|Hydrogen","EJ/yr",0,0,0,0,0,0,1.02113e-06,4.36012e-06,1.85457e-05,7.2135e-05,0.000178478,0.000389378,0.000730361,0.0011904,0.00175071,0.00236487,0.00304936,0.00381678,0.00466461,0.00559175
"GCAM 7.1","CurrentMeasures","Pakistan","Final Energy|Transportation|Domestic Aviation|Liquids","EJ/yr",0.0023487,0.0021772,0.0021038,0.0013103,0.00149103,0.00198688,0.00248614,0.00334291,0.00445589,0.00578939,0.00725274,0.00888432,0.010611,0.0125489,0.0148472,0.0176011,0.02078,0.0243595,0.0282449,0.0323057
"GCAM 7.1","Reference","Pakistan","Final Energy|Transportation|Domestic Aviation|Liquids","EJ/yr",0.0023487,0.0021772,0.0021038,0.0013103,0.00148597,0.00197689,0.00247027,0.00332019,0.00443049,0.00576028,0.00721212,0.00882334,0.0105242,0.0124269,0.0146832,0.0173783,0.0204834,0.0239867,0.0277998,0.0318575
"GCAM 7.1","CurrentMeasures","Pakistan","Final Energy|Transportation|Domestic Shipping","EJ/yr",0.0064436,0.014056,0.0097164,0.0023319,0.0023559756,0.002545037,0.00267832204605,0.00287566291596,0.0031504075398,0.0034524121193,0.003753207597,0.004104413398,0.004467377609,0.004835575361,0.005211041319,0.005576609268,0.005932780823,0.006292745924,0.00664861283,0.007002466437
"GCAM 7.1","Reference","Pakistan","Final Energy|Transportation|Domestic Shipping","EJ/yr",0.0064436,0.014056,0.0097164,0.0023319,0.0023560741,0.002545075,0.00267838236962,0.00287574513051,0.0031495400883,0.003452147558,0.003753042037,0.004104153072,0.004467181375,0.004835538882,0.005211105518,0.005576308136,0.005932016418,0.006291833382,0.006647745227,0.007001846458
"GCAM 7.1","CurrentMeasures","Pakistan","Final Energy|Transportation|Domestic Shipping|Electricity","EJ/yr",0,0,0,0,0,0,2.50705e-09,7.26396e-09,2.47128e-08,7.69093e-08,1.64587e-07,2.56798e-07,3.32909e-07,3.99161e-07,4.67319e-07,5.26568e-07,5.87723e-07,6.54424e-07,7.2763e-07,8.16637e-07
"GCAM 7.1","Reference","Pakistan","Final Energy|Transportation|Domestic Shipping|Electricity","EJ/yr",0,0,0,0,0,0,2.72852e-09,8.07451e-09,2.77653e-08,8.6698e-08,1.85147e-07,2.86872e-07,3.70375e-07,4.42682e-07,5.18218e-07,5.86936e-07,6.59718e-07,7.37482e-07,8.20827e-07,9.04958e-07
"GCAM 7.1","CurrentMeasures","Pakistan","Final Energy|Transportation|Domestic Shipping|Hydrogen","EJ/yr",0,0,0,0,0,0,3.9539e-08,1.45652e-07,6.82827e-07,2.89521e-06,6.38301e-06,1.01066e-05,1.32247e-05,1.56662e-05,1.8364e-05,2.06827e-05,2.34331e-05,2.65915e-05,3.01252e-05,3.38198e-05
"GCAM 7.1","Reference","Pakistan","Final Energy|Transportation|Domestic Shipping|Hydrogen","EJ/yr",0,0,0,0,0,0,3.96411e-08,1.47056e-07,6.92323e-07,2.96086e-06,6.51689e-06,1.02862e-05,1.3321e-05,1.57962e-05,1.85173e-05,2.09112e-05,2.37767e-05,2.70359e-05,3.06144e-05,3.42715e-05
"GCAM 7.1","CurrentMeasures","Pakistan","Final Energy|Transportation|Domestic Shipping|Liquids","EJ/yr",0.0064436,0.014056,0.0097164,0.0023319,0.0023559756,0.002545037,0.00267828,0.00287551,0.0031497,0.00344944,0.00374666,0.00409405,0.00445382,0.00481951,0.00519221,0.0055554,0.00590876,0.0062655,0.00661776,0.00696783
"GCAM 7.1","Reference","Pakistan","Final Energy|Transportation|Domestic Shipping|Liquids","EJ/yr",0.0064436,0.014056,0.0097164,0.0023319,0.0023560741,0.002545075,0.00267834,0.00287559,0.00314882,0.0034491,0.00374634,0.00409358,0.00445349,0.0048193,0.00519207,0.00555481,0.00590758,0.00626406,0.00661631,0.00696667
"GCAM 7.1","CurrentMeasures","Pakistan","Final Energy|Transportation|Electricity","EJ/yr",0.0173491,0.0243776,0.0287455,0.0356363,0.0385440204,0.05451325726,0.07914982239,0.11470046536,0.15302175487,0.19904698376,0.25106280688,0.30396295353,0.3584704462,0.4183333888,0.484364504,0.555583125,0.6311575114,0.7106577909,0.7927857141,0.8746718124
"GCAM 7.1","Reference","Pakistan","Final Energy|Transportation|Electricity","EJ/yr",0.0173491,0.0243776,0.0287455,0.0356363,0.0373233926,0.0514010464,0.07296049382,0.10571380037,0.14252893036,0.1886967159,0.23991409042,0.29128313622,0.343393426,0.399719463,0.4614710345,0.5279357902,0.5984185134,0.6723877496,0.748522243,0.823506606
"GCAM 7.1","CurrentMeasures","Pakistan","Final Energy|Transportation|Freight","EJ/yr",0.132199,0.1456814,0.2196453,0.288315,0.31321098,0.37167398346,0.43667253333,0.49802512078,0.57912307768,0.6669367769,0.767360689,0.893028169,1.041622911,1.207143933,1.387064777,1.576211745,1.772831774,1.97829893,2.19049771,2.39996901
"GCAM 7.1","Reference","Pakistan","Final Energy|Transportation|Freight","EJ/yr",0.132199,0.1456814,0.2196453,0.288315,0.31321685,0.3716676379,0.43655321159,0.49736303505,0.57763148473,0.6644191813,0.763706711,0.888427083,1.036330958,1.201266641,1.380497884,1.568614828,1.763837918,1.96773531,2.17841269,2.38709573
"GCAM 7.1","CurrentMeasures","Pakistan","Final Energy|Transportation|Freight|Electricity","EJ/yr",2.19e-05,0,0,0,0,0.00029006566,0.00243412013,0.01110526348,0.02393432227,0.047210026,0.070496365,0.093457435,0.11590842,0.13904607,0.16477287,0.1927866,0.22288697,0.25511436,0.28931902,0.32430578
"GCAM 7.1","Reference","Pakistan","Final Energy|Transportation|Freight|Electricity","EJ/yr",2.19e-05,0,0,0,0,0.0002957686,0.00250781689,0.01152804235,0.0249278794,0.0492031983,0.073408437,0.097144227,0.1202893,0.14407987,0.17056965,0.19959846,0.23100173,0.2646939,0.30037712,0.33592034
"GCAM 7.1","CurrentMeasures","Pakistan","Final Energy|Transportation|Freight|Gases","EJ/yr",0,0,0,0,0,0,0,0,0,0,0,0,0,0,0,0,0,0,0,0
"GCAM 7.1","Reference","Pakistan","Final Energy|Transportation|Freight|Gases","EJ/yr",0,0,0,0,0,0,0,0,0,0,0,0,0,0,0,0,0,0,0,0
"GCAM 7.1","CurrentMeasures","Pakistan","Final Energy|Transportation|Freight|Hydrogen","EJ/yr",0,0,0,0,0,0.0004287518,0.0032732682,0.0129723273,0.02419756541,0.0377192309,0.051620584,0.066053624,0.081278141,0.097785043,0.116097347,0.135977375,0.157784024,0.18185317,0.20802351,0.23463624
"GCAM 7.1","Reference","Pakistan","Final Energy|Transportation|Freight|Hydrogen","EJ/yr",0,0,0,0,0,0.0004282943,0.0032735527,0.0129767347,0.02419252533,0.037719733,0.051580784,0.065939326,0.080937888,0.097256111,0.115395924,0.135149318,0.156897298,0.18090279,0.20693976,0.23342042
"GCAM 7.1","CurrentMeasures","Pakistan","Final Energy|Transportation|Freight|Solids","EJ/yr",0,0,0,0,0,0,0,0,0,0,0,0,0,0,0,0,0,0,0,0
"GCAM 7.1","Reference","Pakistan","Final Energy|Transportation|Freight|Solids","EJ/yr",0,0,0,0,0,0,0,0,0,0,0,0,0,0,0,0,0,0,0,0
"GCAM 7.1","CurrentMeasures","Pakistan","Final Energy|Transportation|Freight|Solids|Coal","EJ/yr",0,0,0,0,0,0,0,0,0,0,0,0,0,0,0,0,0,0,0,0
"GCAM 7.1","Reference","Pakistan","Final Energy|Transportation|Freight|Solids|Coal","EJ/yr",0,0,0,0,0,0,0,0,0,0,0,0,0,0,0,0,0,0,0,0
"GCAM 7.1","CurrentMeasures","Pakistan","Final Energy|Transportation|Gases","EJ/yr",0.0332703,0.0966951,0.0551171,0.0486167,0.048593107,0.044481359,0.044096498,0.041076804,0.042464319,0.047899102,0.055615972,0.064121405,0.072867652,0.080909123,0.088528121,0.095423502,0.101658574,0.107299585,0.112340842,0.116956909
"GCAM 7.1","Reference","Pakistan","Final Energy|Transportation|Gases","EJ/yr",0.0332703,0.0966951,0.0551171,0.0486167,0.048944823,0.04559691,0.046456148,0.04482425,0.047161088,0.053035602,0.061399071,0.07063343,0.080221479,0.089415249,0.098385634,0.106785831,0.114666995,0.122060154,0.128894526,0.13543417
"GCAM 7.1","CurrentMeasures","Pakistan","Final Energy|Transportation|Hydrogen","EJ/yr",0,0,0,0,0,0.0016855248,0.00912848943,0.02711114794,0.04433807811,0.0624020033,0.081807754,0.1021442598,0.1233593537,0.1453888036,0.168945415,0.193683966,0.220017611,0.248366477,0.278616555,0.309011203
"GCAM 7.1","Reference","Pakistan","Final Energy|Transportation|Hydrogen","EJ/yr",0,0,0,0,0,0.0017834423,0.00933473983,0.02739399452,0.04488519633,0.0633186473,0.0831609913,0.1039335982,0.125461421,0.147941117,0.172057112,0.19751209,0.224738364,0.254076613,0.285324882,0.316749408
"GCAM 7.1","CurrentMeasures","Pakistan","Final Energy|Transportation|Light-Duty Vehicle","EJ/yr",0.1614889,0.2049615,0.2682779,0.3414877,0.3368060215,0.3284099114,0.3270814886,0.3163836275,0.3088944103,0.30638451846,0.31837717328,0.33594267423,0.3596961242,0.3934249528,0.433834331,0.479047963,0.5280512854,0.5799404759,0.6327804841,0.6848723244
"GCAM 7.1","Reference","Pakistan","Final Energy|Transportation|Light-Duty Vehicle","EJ/yr",0.1614889,0.2049615,0.2682779,0.3414877,0.349015819,0.3529893509,0.3690274656,0.3754805948,0.37115709926,0.3676504038,0.38074624302,0.39929113622,0.424632347,0.461744299,0.5065794955,0.5568247162,0.6113638234,0.6691441186,0.727932846,0.786573582
"GCAM 7.1","CurrentMeasures","Pakistan","Final Energy|Transportation|Light-Duty Vehicle|Electricity","EJ/yr",0.0173074,0.0243776,0.0287455,0.0356363,0.0384381015,0.0518171514,0.0682582286,0.0853333925,0.1017469403,0.11646811996,0.13641718088,0.15654572653,0.1778261202,0.2027443288,0.230130754,0.259405575,0.2900083614,0.3213872909,0.3525150141,0.3814470024
"GCAM 7.1","Reference","Pakistan","Final Energy|Transportation|Light-Duty Vehicle|Electricity","EJ/yr",0.0173074,0.0243776,0.0287455,0.0356363,0.037307009,0.0493721199,0.0639624966,0.0796006428,0.09576707926,0.1111247364,0.13142179342,0.15155366322,0.172384673,0.196420104,0.2226632065,0.2506575272,0.2798714134,0.3097434396,0.339264263,0.367068776
"GCAM 7.1","CurrentMeasures","Pakistan","Final Energy|Transportation|Light-Duty Vehicle|Gases","EJ/yr",0.0120118,0.0349105,0.0198993,0.0175524,0.01762533,0.01588728,0.01360107,0.011469082,0.009694479,0.009242468,0.009112927,0.009285357,0.009785166,0.010604565,0.011672104,0.012860872,0.014166533,0.015556098,0.016972423,0.018428631
"GCAM 7.1","Reference","Pakistan","Final Energy|Transportation|Light-Duty Vehicle|Gases","EJ/yr",0.0120118,0.0349105,0.0198993,0.0175524,0.01810639,0.0169818,0.01562234,0.014381174,0.013010677,0.012611738,0.01258027,0.012865681,0.013528325,0.01465063,0.016099748,0.017706084,0.019466129,0.021330884,0.023217506,0.02516811
"GCAM 7.1","CurrentMeasures","Pakistan","Final Energy|Transportation|Light-Duty Vehicle|Hydrogen","EJ/yr",0,0,0,0,0,0.0003195,0.0006658,0.000966205,0.001323129,0.0016368905,0.0020741654,0.0025697807,0.003122378,0.003778449,0.004531103,0.005381436,0.006325071,0.007357677,0.008460177,0.009517741
"GCAM 7.1","Reference","Pakistan","Final Energy|Transportation|Light-Duty Vehicle|Hydrogen","EJ/yr",0,0,0,0,0,0.000393871,0.000863339,0.001321559,0.001839845,0.0022954294,0.0029170296,0.003601782,0.004349869,0.005235545,0.006250031,0.007394965,0.008665061,0.010052825,0.011529717,0.012959516
"GCAM 7.1","CurrentMeasures","Pakistan","Final Energy|Transportation|Light-Duty Vehicle|Liquids","EJ/yr",0.1321697,0.1456734,0.2196331,0.288299,0.28074259,0.26038598,0.24455639,0.218614948,0.196129862,0.17903704,0.1707729,0.16754181,0.16896246,0.17629761,0.18750037,0.20140008,0.21755132,0.23563941,0.25483287,0.27547895
"GCAM 7.1","Reference","Pakistan","Final Energy|Transportation|Light-Duty Vehicle|Liquids","EJ/yr",0.1321697,0.1456734,0.2196331,0.288299,0.29360242,0.28624156,0.28857929,0.280177219,0.260539498,0.2416185,0.23382715,0.23127001,0.23436948,0.24543802,0.26156651,0.28106614,0.30336122,0.32801697,0.35392136,0.38137718
"GCAM 7.1","CurrentMeasures","Pakistan","Final Energy|Transportation|Liquids","EJ/yr",0.3255809,0.3584338,0.5392349,0.7063696,0.740765922,0.8056408366,0.8627088199,0.8779871324,0.9339232153,1.005120326,1.10859954,1.245890589,1.410817926,1.592557217,1.785592371,1.983331551,2.183421831,2.387195855,2.591998105,2.792287612
"GCAM 7.1","Reference","Pakistan","Final Energy|Transportation|Liquids","EJ/yr",0.3255809,0.3584338,0.5392349,0.7063696,0.753546906,0.832542031,0.9107278037,0.9471473038,1.0092659548,1.080097634,1.186876012,1.32854333,1.500097745,1.692045158,1.897453049,2.108674075,2.322953558,2.541798297,2.76243204,2.98118955
"GCAM 7.1","CurrentMeasures","Pakistan","Final Energy|Transportation|Passenger","EJ/yr",0.2440013,0.3338251,0.4034522,0.5023076,0.5146920694,0.5346469942,0.55841109639,0.56285042892,0.5946242896,0.64753163816,0.72972538388,0.82309103833,0.9238924669,1.0300445994,1.140365634,1.251810399,1.3634237534,1.4752207779,1.5852435061,1.6929585264
"GCAM 7.1","Reference","Pakistan","Final Energy|Transportation|Passenger","EJ/yr",0.2440013,0.3338251,0.4034522,0.5023076,0.5265982716,0.5596557918,0.60292597376,0.62771631364,0.66620968476,0.7207294179,0.80764345372,0.90596641142,1.012843113,1.127854346,1.2488689455,1.3722929582,1.4969395124,1.6225875036,1.746761001,1.869784004
"GCAM 7.1","CurrentMeasures","Pakistan","Final Energy|Transportation|Passenger|Electricity","EJ/yr",0.0173272,0.0243776,0.0287455,0.0356363,0.0385440204,0.0542231916,0.07671570226,0.10359520188,0.1290874326,0.15183695776,0.18056644188,0.21050551853,0.2425620262,0.2792873188,0.319591634,0.362796525,0.4082705414,0.4555434309,0.5034666941,0.5503660324
"GCAM 7.1","Reference","Pakistan","Final Energy|Transportation|Passenger|Electricity","EJ/yr",0.0173272,0.0243776,0.0287455,0.0356363,0.0373233926,0.0511052778,0.07045267693,0.09418575802,0.11760105096,0.1394935176,0.16650565342,0.19413890922,0.223104126,0.255639593,0.2909013845,0.3283373302,0.3674167834,0.4076938496,0.448145123,0.487586266
"GCAM 7.1","CurrentMeasures","Pakistan","Final Energy|Transportation|Passenger|Gases","EJ/yr",0.0332703,0.0966951,0.0551171,0.0486167,0.048593107,0.044481359,0.044096498,0.041076804,0.042464319,0.047899102,0.055615972,0.064121405,0.072867652,0.080909123,0.088528121,0.095423502,0.101658574,0.107299585,0.112340842,0.116956909
"GCAM 7.1","Reference","Pakistan","Final Energy|Transportation|Passenger|Gases","EJ/yr",0.0332703,0.0966951,0.0551171,0.0486167,0.048944823,0.04559691,0.046456148,0.04482425,0.047161088,0.053035602,0.061399071,0.07063343,0.080221479,0.089415249,0.098385634,0.106785831,0.114666995,0.122060154,0.128894526,0.13543417
"GCAM 7.1","CurrentMeasures","Pakistan","Final Energy|Transportation|Passenger|Hydrogen","EJ/yr",0,0,0,0,0,0.001256773,0.00585522123,0.01413882064,0.0201405127,0.0246827724,0.03018717,0.0360906358,0.0420812127,0.0476037606,0.052848068,0.057706591,0.062233587,0.066513307,0.070593045,0.074374963
"GCAM 7.1","Reference","Pakistan","Final Energy|Transportation|Passenger|Hydrogen","EJ/yr",0,0,0,0,0,0.001355148,0.00606118713,0.01441725982,0.020692671,0.0255989143,0.0315802073,0.0379942722,0.044523533,0.050685006,0.056661188,0.062362772,0.067841066,0.073173823,0.078385122,0.083328988
"GCAM 7.1","CurrentMeasures","Pakistan","Final Energy|Transportation|Passenger|Liquids","EJ/yr",0.1934038,0.2127524,0.3195896,0.4180546,0.427554942,0.4346856706,0.4317436749,0.4040396024,0.4029320253,0.423112806,0.4633558,0.512373479,0.566381576,0.622244397,0.679397811,0.735883781,0.791261051,0.845864455,0.898842925,0.951260622
"GCAM 7.1","Reference","Pakistan","Final Energy|Transportation|Passenger|Liquids","EJ/yr",0.1934038,0.2127524,0.3195896,0.4180546,0.440330056,0.461598456,0.4799559617,0.4742890458,0.4807548748,0.502601384,0.548158522,0.6031998,0.664993975,0.732114498,0.802920739,0.874807025,0.947014668,1.019659677,1.09133623,1.16343458
"GCAM 7.1","CurrentMeasures","Pakistan","Final Energy|Transportation|Rail","EJ/yr",0.0038617,0.0042103,0.0063478,0.0083324,0.0087095375,0.0101581549,0.011274283,0.012657733,0.01459646,0.016709917,0.018949095,0.02148378,0.0241693,0.02709249,0.03030975,0.03375978,0.03754502,0.04185022,0.04668284,0.05239752
"GCAM 7.1","Reference","Pakistan","Final Energy|Transportation|Rail","EJ/yr",0.0038617,0.0042103,0.0063478,0.0083324,0.0086929836,0.0101301119,0.011241429,0.012630614,0.014587335,0.016724109,0.018982736,0.02153507,0.02423823,0.02718365,0.03042896,0.03391618,0.03774948,0.04210909,0.04699778,0.05271507
"GCAM 7.1","CurrentMeasures","Pakistan","Final Energy|Transportation|Rail|Electricity","EJ/yr",4.17e-05,0,0,0,1.64275e-05,0.0001241015,0.000414356,0.000773071,0.00111651,0.001559336,0.0021143,0.00287658,0.00388263,0.00519781,0.00689273,0.00898295,0.01152047,0.01459476,0.01823876,0.02257172
"GCAM 7.1","Reference","Pakistan","Final Energy|Transportation|Rail|Electricity","EJ/yr",4.17e-05,0,0,0,1.63836e-05,0.0001250783,0.000420693,0.000788676,0.001140301,0.001592191,0.0021567,0.00292915,0.00394877,0.00528093,0.00699925,0.00912311,0.01170471,0.01482827,0.01852399,0.02286104
"GCAM 7.1","CurrentMeasures","Pakistan","Final Energy|Transportation|Rail|Hydrogen","EJ/yr",0,0,0,0,0,6.14094e-05,0.000255467,0.000463182,0.00060428,0.000726531,0.000868845,0.00103864,0.00122462,0.00142199,0.00164232,0.00186535,0.00209995,0.00235429,0.00262185,0.00293157
"GCAM 7.1","Reference","Pakistan","Final Energy|Transportation|Rail|Hydrogen","EJ/yr",0,0,0,0,0,6.13966e-05,0.000255958,0.000465418,0.000607594,0.000731568,0.000874556,0.00104469,0.00122903,0.00142745,0.00164875,0.00187363,0.00211081,0.00236762,0.00263663,0.00294562
"GCAM 7.1","CurrentMeasures","Pakistan","Final Energy|Transportation|Rail|Liquids","EJ/yr",0.00382,0.0042103,0.0063478,0.0083324,0.00869311,0.009972644,0.01060446,0.01142148,0.01287567,0.01442405,0.01596595,0.01756856,0.01906205,0.02047269,0.0217747,0.02291148,0.0239246,0.02490117,0.02582223,0.02689423
"GCAM 7.1","Reference","Pakistan","Final Energy|Transportation|Rail|Liquids","EJ/yr",0.00382,0.0042103,0.0063478,0.0083324,0.0086766,0.009943637,0.010564778,0.01137652,0.01283944,0.01440035,0.01595148,0.01756123,0.01906043,0.02047527,0.02178096,0.02291944,0.02393396,0.0249132,0.02583716,0.02690841
"GCAM 7.1","CurrentMeasures","Pakistan","Final Energy|Transportation|Rail|Solids","EJ/yr",0,0,0,0,0,0,0,0,0,0,0,0,0,0,0,0,0,0,0,0
"GCAM 7.1","Reference","Pakistan","Final Energy|Transportation|Rail|Solids","EJ/yr",0,0,0,0,0,0,0,0,0,0,0,0,0,0,0,0,0,0,0,0
"GCAM 7.1","CurrentMeasures","Pakistan","Final Energy|Transportation|Rail|Solids|Coal","EJ/yr",0,0,0,0,0,0,0,0,0,0,0,0,0,0,0,0,0,0,0,0
"GCAM 7.1","Reference","Pakistan","Final Energy|Transportation|Rail|Solids|Coal","EJ/yr",0,0,0,0,0,0,0,0,0,0,0,0,0,0,0,0,0,0,0,0
"GCAM 7.1","CurrentMeasures","Pakistan","Final Energy|Transportation|Solids","EJ/yr",0,0,0,0,0,0,0,0,0,0,0,0,0,0,0,0,0,0,0,0
"GCAM 7.1","Reference","Pakistan","Final Energy|Transportation|Solids","EJ/yr",0,0,0,0,0,0,0,0,0,0,0,0,0,0,0,0,0,0,0,0
"GCAM 7.1","CurrentMeasures","Pakistan","Final Energy|Transportation|Solids|Coal","EJ/yr",0,0,0,0,0,0,0,0,0,0,0,0,0,0,0,0,0,0,0,0
"GCAM 7.1","Reference","Pakistan","Final Energy|Transportation|Solids|Coal","EJ/yr",0,0,0,0,0,0,0,0,0,0,0,0,0,0,0,0,0,0,0,0
"GCAM 7.1","CurrentMeasures","Pakistan","Final Energy|Transportation|Truck","EJ/yr",0.1490132,0.1699281,0.2476067,0.3227683,0.3483569604,0.40640109136,0.47265228873,0.53681580458,0.62315391888,0.7187697136,0.8321204516,0.9731207601,1.1400208417,1.3286011396,1.5357515,1.756349131,1.988106342,2.231966352,2.484957282,2.736798702
"GCAM 7.1","Reference","Pakistan","Final Energy|Transportation|Truck","EJ/yr",0.1490132,0.1699281,0.2476067,0.3227683,0.349392649,0.4093721109,0.47899870829,0.54669775655,0.63557677983,0.7326077262,0.8482947347,0.9920702072,1.162440696,1.355573618,1.567987704,1.79423335,2.031861947,2.281913915,2.541411255,2.801167862
"GCAM 7.1","CurrentMeasures","Pakistan","Final Energy|Transportation|Truck|Electricity","EJ/yr",0,0,0,0,8.94914e-05,0.00201876036,0.00689399463,0.01853879448,0.03469523367,0.060754789,0.088036211,0.115520655,0.143208302,0.17289302,0.20633888,0.24327178,0.28334703,0.32648134,0.37228725,0.4195177
"GCAM 7.1","Reference","Pakistan","Final Energy|Transportation|Truck|Electricity","EJ/yr",0,0,0,0,0,0.0013588302,0.00506564289,0.01550344835,0.0304516304,0.0560171433,0.082119044,0.10801906,0.133688946,0.160640109,0.190856418,0.224201283,0.26043917,0.29940853,0.34068579,0.38213412
"GCAM 7.1","CurrentMeasures","Pakistan","Final Energy|Transportation|Truck|Gases","EJ/yr",0.003154,0.0091666,0.0052251,0.0046088,0.004673777,0.004387679,0.004033128,0.003833722,0.00391514,0.004389534,0.005309545,0.006450148,0.007823486,0.009517158,0.011489717,0.01373023,0.016217341,0.018923687,0.021784419,0.024780878
"GCAM 7.1","Reference","Pakistan","Final Energy|Transportation|Truck|Gases","EJ/yr",0.003154,0.0091666,0.0052251,0.0046088,0.004807833,0.00479931,0.004944408,0.005317076,0.005900011,0.006733264,0.008189801,0.009919449,0.011950154,0.014451819,0.017359786,0.020655347,0.024306566,0.02826917,0.03243932,0.03685426
"GCAM 7.1","CurrentMeasures","Pakistan","Final Energy|Transportation|Truck|Hydrogen","EJ/yr",0,0,0,0,0,0.0004871194,0.0032979362,0.0129745937,0.02434605191,0.0381173446,0.0523887456,0.0672280581,0.0829136377,0.1000089446,0.119029802,0.13978923,0.16263706,0.18790255,0.215414508,0.243366392
"GCAM 7.1","Reference","Pakistan","Final Energy|Transportation|Truck|Hydrogen","EJ/yr",0,0,0,0,0,0.0005235267,0.0034097917,0.0132118574,0.02474011163,0.0387286149,0.0532416277,0.0683079482,0.084092961,0.101384722,0.120684121,0.141847525,0.165246233,0.191135788,0.219269425,0.247881022
"GCAM 7.1","CurrentMeasures","Pakistan","Final Energy|Transportation|Truck|Liquids","EJ/yr",0.1458592,0.1607615,0.2423816,0.3181595,0.343593692,0.3995075326,0.4584272299,0.5014686944,0.5601974933,0.615508046,0.68638595,0.783921899,0.906075416,1.046182017,1.198893101,1.359557891,1.525904911,1.698658775,1.875471105,2.049133732
"GCAM 7.1","Reference","Pakistan","Final Energy|Transportation|Truck|Liquids","EJ/yr",0.1458592,0.1607615,0.2423816,0.3181595,0.344584816,0.402690444,0.4655788657,0.5126653748,0.5744850268,0.631128704,0.704744262,0.80582375,0.932708635,1.079096968,1.239087379,1.407529195,1.581869978,1.763100427,1.94901672,2.13429846
"GCAM 7.1","CurrentMeasures","Pakistan","Investment|Energy Supply","billion USD_2010/yr",0,0,41.991095414485,556.291315858668,66.7657831935831,106.001645704295,119.641639011733,154.679336087715,183.320349810729,191.514944424085,194.154562954024,270.002413133755,325.087533284305,377.030622270714,424.198985708993,448.379508979988,457.66957679517,496.882519550125,519.741484765542,551.030236879871
"GCAM 7.1","Reference","Pakistan","Investment|Energy Supply","billion USD_2010/yr",0,0,41.991095414485,556.291315858668,68.6886224295482,109.509883123864,129.137312611991,166.869311521146,200.595955955546,214.038181969726,218.570647842266,298.964873913702,357.667731248847,413.89375134732,468.505715882688,498.570621128493,512.39832278099,551.240882557145,572.692291445171,597.566330787319
"GCAM 7.1","CurrentMeasures","Pakistan","Investment|Energy Supply|Electricity","billion USD_2010/yr",0,0,0,113.363268541318,4.77380445995639,12.6229218723576,14.0504163404287,20.8626632401599,25.4403931786536,25.3452684211147,22.5839297330584,37.0742025722027,46.2942390416702,55.0312050854963,63.3861933026336,66.4193482237579,66.9921260572056,75.4787961739612,79.6159490881322,85.9185198769605
"GCAM 7.1","Reference","Pakistan","Investment|Energy Supply|Electricity","billion USD_2010/yr",0,0,0,113.363268541318,4.62851322422792,11.9885665042244,14.3645571690521,20.8729402576202,26.0372927542028,26.7945418631768,24.6741412410356,38.771688109663,47.9298291742611,56.929800051336,66.2330235422995,70.4066798863879,72.045593487954,79.8515068609045,83.7449596841396,87.9118010105416
"GCAM 7.1","CurrentMeasures","Pakistan","Investment|Energy Supply|Electricity|Biomass","billion USD_2010/yr",0,0,0,0.486977092975221,0.0361837465867808,0.0996502810810465,0.131282205883129,0.245199351770381,0.341030646983526,0.350499558491385,0.27614097231487,0.518774513168564,0.669602586614217,0.814054109051069,0.973515045861848,1.02192552110911,1.03900986482873,1.27281581759678,1.36612771374332,1.54561048407191
"GCAM 7.1","Reference","Pakistan","Investment|Energy Supply|Electricity|Biomass","billion USD_2010/yr",0,0,0,0.486977092975221,0.0537349719316095,0.124536189930773,0.159996327112934,0.27772291148993,0.383177819827238,0.386111437210758,0.292638056204081,0.563906993600353,0.714678849118278,0.868164711289069,1.05215309357927,1.10613323836868,1.12343206266174,1.34660775779997,1.42012607545001,1.4711971962017
"GCAM 7.1","CurrentMeasures","Pakistan","Investment|Energy Supply|Electricity|Biomass|w/o CCS","billion USD_2010/yr",0,0,0,0.486977092975221,0.0361837465867808,0.0996502810810465,0.131282205883129,0.245199351770381,0.341030646983526,0.350499558491385,0.27614097231487,0.518774513168564,0.669602586614217,0.814054109051069,0.973515045861848,1.02192552110911,1.03900986482873,1.27281581759678,1.36612771374332,1.54561048407191
"GCAM 7.1","Reference","Pakistan","Investment|Energy Supply|Electricity|Biomass|w/o CCS","billion USD_2010/yr",0,0,0,0.486977092975221,0.0537349719316095,0.124536189930773,0.159996327112934,0.27772291148993,0.383177819827238,0.386111437210758,0.292638056204081,0.563906993600353,0.714678849118278,0.868164711289069,1.05215309357927,1.10613323836868,1.12343206266174,1.34660775779997,1.42012607545001,1.4711971962017
"GCAM 7.1","CurrentMeasures","Pakistan","Investment|Energy Supply|Electricity|Coal","billion USD_2010/yr",0,0,0,7.23686884882795,0.575146448912132,1.40010914431187,1.68015053829012,2.88375794006252,3.69251236728595,3.53350063918552,2.70346270170699,4.85517754891933,5.98648277454323,6.95587907796726,7.93499088678626,7.98262331696571,7.77981688704025,9.14857873591621,9.39842143462351,10.2330347930282
"GCAM 7.1","Reference","Pakistan","Investment|Energy Supply|Electricity|Coal","billion USD_2010/yr",0,0,0,7.23686884882795,0.887671539586296,1.88737997448607,2.27627473725335,3.72184933092951,4.82528084931999,4.60880227882907,3.44549345908937,6.43179034795647,7.87897371032173,9.23915811856153,10.7756881955821,10.9424153556534,10.7281030019141,12.4216618594059,12.6096189291824,12.6374020998617
"GCAM 7.1","CurrentMeasures","Pakistan","Investment|Energy Supply|Electricity|Coal|w/o CCS","billion USD_2010/yr",0,0,0,7.23686884882795,0.575146448912132,1.40010914431187,1.68015053829012,2.88375794006252,3.69251236728595,3.53350063918552,2.70346270170699,4.85517754891933,5.98648277454323,6.95587907796726,7.93499088678626,7.98262331696571,7.77981688704025,9.14857873591621,9.39842143462351,10.2330347930282
"GCAM 7.1","Reference","Pakistan","Investment|Energy Supply|Electricity|Coal|w/o CCS","billion USD_2010/yr",0,0,0,7.23686884882795,0.887671539586296,1.88737997448607,2.27627473725335,3.72184933092951,4.82528084931999,4.60880227882907,3.44549345908937,6.43179034795647,7.87897371032173,9.23915811856153,10.7756881955821,10.9424153556534,10.7281030019141,12.4216618594059,12.6096189291824,12.6374020998617
"GCAM 7.1","CurrentMeasures","Pakistan","Investment|Energy Supply|Electricity|Fossil","billion USD_2010/yr",0,0,0,94.6393728832552,0.989519286504385,2.39628725487236,2.76941517140403,4.5871796713873,5.77153460240035,5.37600493747604,4.00710729385697,7.11366559173126,8.59453583634422,9.743175369843,10.9135716156381,10.7212710368021,10.2401456912862,11.8629317725605,12.0416557319718,12.7898231017981
"GCAM 7.1","Reference","Pakistan","Investment|Energy Supply|Electricity|Fossil","billion USD_2010/yr",0,0,0,94.6393728832552,1.52572442760055,3.21722198597517,3.7376550621357,5.90309917523114,7.51913806915204,7.00846410993345,5.10241321832851,9.40976304459122,11.2653078448365,12.8976324219829,14.7724142293147,14.6550311765536,14.0883009677513,16.0751531978471,16.1217048755249,16.0807327432974
"GCAM 7.1","CurrentMeasures","Pakistan","Investment|Energy Supply|Electricity|Fossil|w/o CCS","billion USD_2010/yr",0,0,0,94.6393728832552,0.989519286504385,2.39628725487236,2.76941517140403,4.5871796713873,5.77153460240035,5.37600493747604,4.00710729385697,7.11366559173126,8.59453583634422,9.743175369843,10.9135716156381,10.7212710368021,10.2401456912862,11.8629317725605,12.0416557319718,12.7898231017981
"GCAM 7.1","Reference","Pakistan","Investment|Energy Supply|Electricity|Fossil|w/o CCS","billion USD_2010/yr",0,0,0,94.6393728832552,1.52572442760055,3.21722198597517,3.7376550621357,5.90309917523114,7.51913806915204,7.00846410993345,5.10241321832851,9.40976304459122,11.2653078448365,12.8976324219829,14.7724142293147,14.6550311765536,14.0883009677513,16.0751531978471,16.1217048755249,16.0807327432974
"GCAM 7.1","CurrentMeasures","Pakistan","Investment|Energy Supply|Electricity|Gas","billion USD_2010/yr",0,0,0,49.4553567025875,0.30456620073687,0.707124677826556,0.726822852185179,1.07198183870167,1.28343191150412,1.13462739858106,0.841644667000163,1.51133867964936,1.80611122572332,1.98801507706241,2.20953215022713,2.11805688883781,1.99318227398901,2.31025433662147,2.36637812727718,2.5183132854244
"GCAM 7.1","Reference","Pakistan","Investment|Energy Supply|Electricity|Gas","billion USD_2010/yr",0,0,0,49.4553567025875,0.46828153007849,0.939173179990397,0.968888617192476,1.36387167136117,1.65344865781829,1.47445355845664,1.06704121039187,1.98687123753531,2.3298697026524,2.59539843485937,2.95069078562042,2.86088743792218,2.71548825637909,3.10433316282922,3.14022160032771,3.08133172736627
"GCAM 7.1","CurrentMeasures","Pakistan","Investment|Energy Supply|Electricity|Gas|w/o CCS","billion USD_2010/yr",0,0,0,49.4553567025875,0.30456620073687,0.707124677826556,0.726822852185179,1.07198183870167,1.28343191150412,1.13462739858106,0.841644667000163,1.51133867964936,1.80611122572332,1.98801507706241,2.20953215022713,2.11805688883781,1.99318227398901,2.31025433662147,2.36637812727718,2.5183132854244
"GCAM 7.1","Reference","Pakistan","Investment|Energy Supply|Electricity|Gas|w/o CCS","billion USD_2010/yr",0,0,0,49.4553567025875,0.46828153007849,0.939173179990397,0.968888617192476,1.36387167136117,1.65344865781829,1.47445355845664,1.06704121039187,1.98687123753531,2.3298697026524,2.59539843485937,2.95069078562042,2.86088743792218,2.71548825637909,3.10433316282922,3.14022160032771,3.08133172736627
"GCAM 7.1","CurrentMeasures","Pakistan","Investment|Energy Supply|Electricity|Geothermal","billion USD_2010/yr",0,0,0,0,0.0409136134980564,0.200515566703933,0.302891799401829,0.502859324417424,0.565723367671882,0.487586801373094,0.358696248089279,0.599700929313597,0.701945299652966,0.803814305925862,0.904701494601233,0.898201233234738,0.836660351200036,0.958719593918242,0.99552034350444,1.08711675465504
"GCAM 7.1","Reference","Pakistan","Investment|Energy Supply|Electricity|Geothermal","billion USD_2010/yr",0,0,0,0,0.0624583772774945,0.258621378232904,0.376678221947444,0.576202858660436,0.641704025943146,0.552131184841476,0.404720762163681,0.715233575481634,0.845473977328575,0.980573297811234,1.11991200123385,1.09779159657901,1.04883148836593,1.19393858669541,1.23430269029456,1.2544931234949
"GCAM 7.1","CurrentMeasures","Pakistan","Investment|Energy Supply|Electricity|Non-Biomass Renewables","billion USD_2010/yr",0,0,0,1.56669091071817,3.23585905090535,8.88785554709714,9.70191602257788,13.5943254244712,16.2537446034738,16.7029725386431,16.1011163663523,25.5342466546158,32.2672519379263,39.0075441000908,45.3669873219067,48.633217589481,49.9571212982567,55.7301110103085,59.5539618126042,64.5264360369322
"GCAM 7.1","Reference","Pakistan","Investment|Energy Supply|Electricity|Non-Biomass Renewables","billion USD_2010/yr",0,0,0,1.56669091071817,3.04905382469577,8.60494366116045,10.3685492604302,14.516947001916,17.8887021340751,19.1457108208159,19.0774582982506,28.4199643296402,35.4835259446613,42.6115721154296,49.7576971979881,53.9774034026733,56.1695034368024,61.6460847229579,65.3842901572213,69.5138684890168
"GCAM 7.1","CurrentMeasures","Pakistan","Investment|Energy Supply|Electricity|Nuclear","billion USD_2010/yr",0,0,0,16.6702276543692,0.512242375959871,1.23912878930704,1.44780294056368,2.43595879253102,3.07408332579597,2.91579138650414,2.19956510053423,3.90751581268702,4.76284868078542,5.46643150651143,6.13211931922698,6.04293407636574,5.75584920283404,6.61293757349544,6.65420382981288,7.05665025415822
"GCAM 7.1","Reference","Pakistan","Investment|Energy Supply|Electricity|Nuclear","billion USD_2010/yr",0,0,0,16.6702276543692,0,0.0418646671579883,0.0983565193732685,0.175171168983151,0.246274731148395,0.254255495216677,0.201631668252443,0.37805374183129,0.466316535645052,0.552430802634393,0.650759021417369,0.66811206879241,0.664357020738622,0.78366118229954,0.818838575943335,0.84600258202568
"GCAM 7.1","CurrentMeasures","Pakistan","Investment|Energy Supply|Electricity|Oil","billion USD_2010/yr",0,0,0,37.9471473318397,0.109806636855383,0.289053432733938,0.362441780928723,0.631439892623116,0.795590323610281,0.707876899709455,0.461999925149821,0.747149363162565,0.801941836077675,0.799281214813337,0.769048578624722,0.62059083099856,0.467146530256899,0.404098700022835,0.276856170071084,0.0384750233454959
"GCAM 7.1","Reference","Pakistan","Investment|Energy Supply|Electricity|Oil","billion USD_2010/yr",0,0,0,37.9471473318397,0.16977135793576,0.3906688314987,0.492491707689874,0.817378172940467,1.04040856201376,0.925208272647737,0.589878548847266,0.99110145909943,1.05646443186236,1.06307586856202,1.04603524811222,0.851728382977983,0.644709709458098,0.549158175611998,0.371864346014777,0.361998916069419
"GCAM 7.1","CurrentMeasures","Pakistan","Investment|Energy Supply|Electricity|Oil|w/o CCS","billion USD_2010/yr",0,0,0,37.9471473318397,0.109806636855383,0.289053432733938,0.362441780928723,0.631439892623116,0.795590323610281,0.707876899709455,0.461999925149821,0.747149363162565,0.801941836077675,0.799281214813337,0.769048578624722,0.62059083099856,0.467146530256899,0.404098700022835,0.276856170071084,0.0384750233454959
"GCAM 7.1","Reference","Pakistan","Investment|Energy Supply|Electricity|Oil|w/o CCS","billion USD_2010/yr",0,0,0,37.9471473318397,0.16977135793576,0.3906688314987,0.492491707689874,0.817378172940467,1.04040856201376,0.925208272647737,0.589878548847266,0.99110145909943,1.05646443186236,1.06307586856202,1.04603524811222,0.851728382977983,0.644709709458098,0.549158175611998,0.371864346014777,0.361998916069419
"GCAM 7.1","CurrentMeasures","Pakistan","Investment|Energy Supply|Electricity|Solar","billion USD_2010/yr",0,0,0,0.667523154181928,2.99370378753185,7.71011625997362,7.98239350986003,10.8496002625705,13.0449964019285,13.8097750647508,14.0246052320325,21.9887155898319,28.0638111556573,34.2428976624631,40.044656033525,43.4562020288103,45.1603000838585,50.2626442305674,53.9834400793773,58.5715819136675
"GCAM 7.1","Reference","Pakistan","Investment|Energy Supply|Electricity|Solar","billion USD_2010/yr",0,0,0,0.667523154181928,2.62611309980789,6.87875209980855,8.30036705490628,11.3901929175804,14.1977996311745,15.8270893272633,16.7355526689679,24.1891985373799,30.4922934817075,36.9173002434721,43.2898187017803,47.681275918896,50.3131317342584,55.0522631194742,58.7202021581167,62.8863545995779
"GCAM 7.1","CurrentMeasures","Pakistan","Investment|Energy Supply|Electricity|Solar|CSP","billion USD_2010/yr",0,0,0,0,0.000750442869657355,0.0190581215894337,0.0550833908630859,0.172116952276489,0.316456225884682,0.392833541191914,0.351730252654602,0.660007071199841,0.85950548250521,1.03000641602027,1.19004365972083,1.25061902432331,1.2711743562821,1.51780191700202,1.57383128086969,1.7186281783758
"GCAM 7.1","Reference","Pakistan","Investment|Energy Supply|Electricity|Solar|CSP","billion USD_2010/yr",0,0,0,0,0.000440373890169714,0.00794891305469431,0.0215858445879346,0.0624442349330661,0.116958312560143,0.148286471301121,0.13474156291071,0.272600377598038,0.358256510209749,0.437775457994436,0.516865746082216,0.548404155236614,0.560139410277665,0.659795690204632,0.678371477996961,0.685003925468569
"GCAM 7.1","CurrentMeasures","Pakistan","Investment|Energy Supply|Electricity|Solar|PV","billion USD_2010/yr",0,0,0,0.667523154181928,2.99295334466219,7.69105813838418,7.92731011899694,10.677483310294,12.7285401760438,13.4169415235589,13.6728749793779,21.3287085186321,27.2043056731521,33.2128912464429,38.8546123738042,42.205583004487,43.8891257275764,48.7448423135654,52.4096087985076,56.8529537352917
"GCAM 7.1","Reference","Pakistan","Investment|Energy Supply|Electricity|Solar|PV","billion USD_2010/yr",0,0,0,0.667523154181928,2.62567272591772,6.87080318675386,8.27878121031835,11.3277486826473,14.0808413186144,15.6788028559621,16.6008111060572,23.9165981597819,30.1340369714977,36.4795247854777,42.7729529556981,47.1328717636593,49.7529923239807,54.3924674292696,58.0418306801197,62.2013506741093
"GCAM 7.1","CurrentMeasures","Pakistan","Investment|Energy Supply|Electricity|Solar|PV|Residential","billion USD_2010/yr",0,0,0,0,1.35329038223999,1.96046972993547,2.87652913765526,3.96259758543188,5.37489534280685,7.24000135540307,9.37557677491209,13.3856291533028,17.594958453202,22.0068304287521,25.9372180585043,29.7128378353011,32.3748839645809,35.4452322222336,38.741777232725,41.9521752713963
"GCAM 7.1","Reference","Pakistan","Investment|Energy Supply|Electricity|Solar|PV|Residential","billion USD_2010/yr",0,0,0,0,1.52208415946622,2.83120122791795,4.40013020018449,6.16840013379035,8.27937982261099,10.8474160039234,13.4169267339133,18.0409521342294,23.1683352251506,28.3556089572618,33.1666026326258,37.6957455846341,40.9251199281479,44.3353103797026,47.8554361821711,52.0316509753318
"GCAM 7.1","CurrentMeasures","Pakistan","Investment|Energy Supply|Electricity|Wind","billion USD_2010/yr",0,0,0,0.89916775653624,0.20124164987545,0.977223720419592,1.41663071331602,2.24186583748323,2.64302483387339,2.4056106725192,1.71781488623049,2.94583013547027,3.50149548261603,3.96083213170176,4.41762979378045,4.2788143274359,3.96016086319814,4.50874718582284,4.57500138972251,4.86773736860972
"GCAM 7.1","Reference","Pakistan","Investment|Energy Supply|Electricity|Wind","billion USD_2010/yr",0,0,0,0.89916775653624,0.36048234761038,1.467570183119,1.69150398357643,2.5505512256752,3.04919847695743,2.76649030871114,1.93718486711897,3.51553221677862,4.1457584856252,4.71369857414621,5.34796649497393,5.19833588719832,4.80754021417807,5.39988301678827,5.42978530881008,5.37302076594402
"GCAM 7.1","CurrentMeasures","Pakistan","Investment|Energy Supply|Electricity|Wind|Offshore","billion USD_2010/yr",0,0,0,0,0.00104027943049099,0.0111452842415896,0.0270120753381692,0.062267585573994,0.0953394977171201,0.102917290794917,0.074282486060501,0.123756058812634,0.141091608890569,0.151518582736739,0.161213567376469,0.153015847736367,0.14350457172695,0.16224560542053,0.158216635643779,0.164880760569367
"GCAM 7.1","Reference","Pakistan","Investment|Energy Supply|Electricity|Wind|Offshore","billion USD_2010/yr",0,0,0,0,0.00198586541717024,0.0198376188232018,0.0393674049545689,0.0864354594447195,0.133216504791416,0.142925078606757,0.100271080079449,0.170708686633352,0.193218535616926,0.209985456322322,0.229023645583962,0.219980815492311,0.208357768405535,0.231375675923617,0.222522368975003,0.21244791444896
"GCAM 7.1","CurrentMeasures","Pakistan","Investment|Energy Supply|Electricity|Wind|Onshore","billion USD_2010/yr",0,0,0,0.89916775653624,0.200201370444959,0.966078436178003,1.38961863797785,2.17959825190924,2.54768533615627,2.30269338172428,1.64353240016999,2.82207407665763,3.36040387372547,3.80931354896503,4.25641622640398,4.12579847969953,3.81665629147119,4.34650158040231,4.41678475407873,4.70285660804035
"GCAM 7.1","Reference","Pakistan","Investment|Energy Supply|Electricity|Wind|Onshore","billion USD_2010/yr",0,0,0,0.89916775653624,0.35849648219321,1.4477325642958,1.65213657862186,2.46411576623048,2.91598197216601,2.62356523010438,1.83691378703952,3.34482353014527,3.95253995000827,4.50371311782389,5.11894284938997,4.97835507170601,4.59918244577253,5.16850734086465,5.20726293983507,5.16057285149506
"GCAM 7.1","CurrentMeasures","Pakistan","Investment|Energy Supply|Extraction|Coal","billion USD_2010/yr",0,0,0.308281220525705,0.618112565668167,0.669519614503694,0.769975441363265,0.863801814149748,0.985946023608255,1.10963299143309,1.17911364960737,1.1688103852031,1.17015858462147,1.20890927603007,1.31201001506208,1.41581247510102,1.51076464221823,1.6165708508535,1.72760272893171,1.8304776409958,1.91769139073487
"GCAM 7.1","Reference","Pakistan","Investment|Energy Supply|Extraction|Coal","billion USD_2010/yr",0,0,0.308281220525705,0.618112565668167,0.679239039321332,0.79073096543472,0.893947979873131,1.02541542122678,1.14976834948236,1.22381317924613,1.21389426180583,1.21807429200114,1.29385983098056,1.40672504887351,1.52367086971186,1.65149034685137,1.7736739143572,1.89998086901875,2.0139030581934,2.099610581029
"GCAM 7.1","CurrentMeasures","Pakistan","Investment|Energy Supply|Extraction|Fossil","billion USD_2010/yr",0,0,20.9955477072425,21.0131506059278,22.5380237073889,25.9855774632602,29.123640044858,32.168142273037,36.0461862371741,38.4737661121082,43.0472752997908,48.3770930072316,53.5116848113572,57.8498485646907,61.0043299723643,63.2805821423139,64.0492637837984,63.8356745978794,63.7112669662326,63.7040057372408
"GCAM 7.1","Reference","Pakistan","Investment|Energy Supply|Extraction|Fossil","billion USD_2010/yr",0,0,20.9955477072425,21.0131506059278,22.8604350676563,26.5714397838176,29.9372780305427,33.1709595779847,36.9431592662138,39.801736005862,44.5192191734206,50.2108511073724,55.4196110772011,59.7596502099192,62.970792678286,65.2187641048258,65.8891927988156,65.5984749326844,65.0859906931885,65.0963937674696
"GCAM 7.1","CurrentMeasures","Pakistan","Investment|Energy Supply|Extraction|Gas","billion USD_2010/yr",0,0,15.4082331196618,15.608810667,16.3434263184921,19.2616251495567,22.1732897588202,25.097729156071,28.3220232230478,31.1368122286184,34.4875580933564,39.0139165451468,43.2789030499604,46.6478709374721,48.6193148407783,49.47688148461,48.9959627600402,47.787439219605,46.7141971324144,45.6886625516925
"GCAM 7.1","Reference","Pakistan","Investment|Energy Supply|Extraction|Gas","billion USD_2010/yr",0,0,15.4082331196618,15.608810667,16.6117752768886,19.7360711508835,22.8035884810857,25.8371170956739,29.1748852271827,32.21363660682,35.5998794393102,40.449877128183,44.7424457363176,48.0648592153255,50.032182715237,50.8430719534488,50.2726574521615,48.9814952242403,47.5102959673961,46.3662075412407
"GCAM 7.1","CurrentMeasures","Pakistan","Investment|Energy Supply|Extraction|Oil","billion USD_2010/yr",0,0,5.27903336705494,4.78622737325959,5.52507777439309,5.95397687234024,6.08654847188807,6.08446709335776,6.61453002269315,6.15784023388251,7.39090682123134,8.19301787746336,9.02387248536669,9.88996761215647,10.969202656485,12.2929360154856,13.4367301729047,14.3206326493427,15.1665921928224,16.0976517948135
"GCAM 7.1","Reference","Pakistan","Investment|Energy Supply|Extraction|Oil","billion USD_2010/yr",0,0,5.27903336705494,4.78622737325959,5.56942075144642,6.04463766749938,6.23974156958388,6.30842706108406,6.61850568954879,6.36428621979591,7.70544547230458,8.54289968718828,9.38330550990292,10.2880659457201,11.4149390933371,12.7242018045257,13.8428614322969,14.7169988394253,15.5617916675991,16.6305756451999
"GCAM 7.1","CurrentMeasures","Pakistan","Primary Energy","EJ/yr",3.20765869128632,3.58976552978294,4.07514146491954,4.91135850179301,5.07849071622895,5.68174897558811,6.48383158661952,7.49749877026875,8.80666824035598,10.3852140559295,12.2170244245405,14.3031467965119,16.5082549449115,18.7726420829071,20.9960845660163,23.0575406433135,24.9246120792499,26.6753563292655,28.304365215807,29.8520978869722
"GCAM 7.1","Reference","Pakistan","Primary Energy","EJ/yr",3.20765869128632,3.58976552978294,4.07514146491954,4.91135850179301,5.12388966845698,5.77023379320162,6.62113135755041,7.69628099775511,9.06108880580627,10.703066721043,12.6102723955134,14.7859670444084,17.0853943226398,19.4558007765048,21.7953133423626,23.9718064228084,25.9386660843275,27.7919266862223,29.5148222092708,31.1379744291536
"GCAM 7.1","CurrentMeasures","Pakistan","Primary Energy|Biomass","EJ/yr",1.135952136,1.271414429,1.42315393541921,1.609264336328,1.54639349552553,1.4668547373934,1.42222512592568,1.40343181842238,1.40564313937286,1.43239209853168,1.47354266354671,1.52847737906285,1.59115923852094,1.66247811540606,1.73841489847153,1.81482830805278,1.89080320775756,1.97289177830659,2.05333706902593,2.13965484284022
"GCAM 7.1","Reference","Pakistan","Primary Energy|Biomass","EJ/yr",1.135952136,1.271414429,1.42315393541921,1.609264336328,1.5476749718483,1.46828865046864,1.42353224707324,1.40398595255721,1.40505115306919,1.43004539524979,1.46944339788672,1.52338810776865,1.58539348259906,1.65651071953287,1.73261434245413,1.80835313075537,1.88246503970205,1.96174918211582,2.03817275799502,2.12050268199017
"GCAM 7.1","CurrentMeasures","Pakistan","Primary Energy|Biomass|1st Generation","EJ/yr",0,0,0,0,0.000177559177306025,0.00035712598306918,0.00067991904130411,0.00123094992244023,0.00222901917699527,0.00389349034503535,0.0064875430092918,0.010051691660374,0.0149546328483194,0.0218032730232739,0.0305620530387762,0.0416355744418888,0.0545053428056955,0.0683829178144844,0.0824648605740821,0.0961032803002819
"GCAM 7.1","Reference","Pakistan","Primary Energy|Biomass|1st Generation","EJ/yr",0,0,0,0,0.000183243390817671,0.000369644208958967,0.000706266897062335,0.00127841928266438,0.00228223720513112,0.00394027280578572,0.00655093354969754,0.0102061191818537,0.0152140618726243,0.022171719027971,0.0310315578355295,0.0421170742443858,0.0549789763478549,0.0689436436583723,0.0831969422278085,0.0975537183503232
"GCAM 7.1","CurrentMeasures","Pakistan","Primary Energy|Biomass|Energy Crops","EJ/yr",0.153833596,0.172170799,0.201345425419213,0.229558926328005,0.249158056348226,0.306810351410335,0.377714496884378,0.465987028499935,0.567645630195864,0.683765208186641,0.799556884537421,0.916170197402474,1.02876847567262,1.13720841238279,1.24173208443276,1.33856571761089,1.42705061595186,1.5156548734921,1.59822828045185,1.68201322253994
"GCAM 7.1","Reference","Pakistan","Primary Energy|Biomass|Energy Crops","EJ/yr",0.153833596,0.172170799,0.201345425419213,0.229558926328005,0.250433848457477,0.308231746259685,0.378995270176175,0.466493693274545,0.567000425864059,0.681371722444007,0.795394228337025,0.910926498586793,1.02274329072644,1.1308725705049,1.23546202361861,1.33160904051098,1.41823881435419,1.50395155145745,1.58233188776721,1.66141062363985
"GCAM 7.1","CurrentMeasures","Pakistan","Primary Energy|Biomass|Modern","EJ/yr",0.153833596,0.172170799,0.201345425419213,0.229558926328005,0.249158056348226,0.306810351410335,0.377714496884378,0.465987028499935,0.567645630195864,0.683765208186641,0.799556884537421,0.916170197402474,1.02876847567262,1.13720841238279,1.24173208443276,1.33856571761089,1.42705061595186,1.5156548734921,1.59822828045185,1.68201322253994
"GCAM 7.1","Reference","Pakistan","Primary Energy|Biomass|Modern","EJ/yr",0.153833596,0.172170799,0.201345425419213,0.229558926328005,0.250433848457477,0.308231746259685,0.378995270176175,0.466493693274545,0.567000425864059,0.681371722444007,0.795394228337025,0.910926498586793,1.02274329072644,1.1308725705049,1.23546202361861,1.33160904051098,1.41823881435419,1.50395155145745,1.58233188776721,1.66141062363985
"GCAM 7.1","CurrentMeasures","Pakistan","Primary Energy|Biomass|Modern|w/o CCS","EJ/yr",0.153833596,0.172170799,0.201345425419213,0.229558926328005,0.249158056348226,0.306810351410335,0.377714496884378,0.465987028499935,0.567645630195864,0.683765208186641,0.799556884537421,0.916170197402474,1.02876847567262,1.13720841238279,1.24173208443276,1.33856571761089,1.42705061595186,1.5156548734921,1.59822828045185,1.68201322253994
"GCAM 7.1","Reference","Pakistan","Primary Energy|Biomass|Modern|w/o CCS","EJ/yr",0.153833596,0.172170799,0.201345425419213,0.229558926328005,0.250433848457477,0.308231746259685,0.378995270176175,0.466493693274545,0.567000425864059,0.681371722444007,0.795394228337025,0.910926498586793,1.02274329072644,1.1308725705049,1.23546202361861,1.33160904051098,1.41823881435419,1.50395155145745,1.58233188776721,1.66141062363985
"GCAM 7.1","CurrentMeasures","Pakistan","Primary Energy|Biomass|Traditional","EJ/yr",0.98211854,1.09924363,1.22180851,1.37970541,1.29705788,1.15968726,1.04383071,0.93621384,0.83576849,0.7447334,0.667498236,0.60225549,0.54743613,0.50346643,0.466120761,0.434627016,0.409247249,0.388853987,0.372643928,0.36153834
"GCAM 7.1","Reference","Pakistan","Primary Energy|Biomass|Traditional","EJ/yr",0.98211854,1.09924363,1.22180851,1.37970541,1.29705788,1.15968726,1.04383071,0.93621384,0.83576849,0.7447334,0.667498236,0.60225549,0.54743613,0.50346643,0.466120761,0.434627016,0.409247249,0.388853987,0.372643928,0.36153834
"GCAM 7.1","CurrentMeasures","Pakistan","Primary Energy|Biomass|w/o CCS","EJ/yr",1.135952136,1.271414429,1.42315393541921,1.609264336328,1.54639349552553,1.4668547373934,1.42222512592568,1.40343181842238,1.40564313937286,1.43239209853168,1.47354266354671,1.52847737906285,1.59115923852094,1.66247811540606,1.73841489847153,1.81482830805278,1.89080320775756,1.97289177830659,2.05333706902593,2.13965484284022
"GCAM 7.1","Reference","Pakistan","Primary Energy|Biomass|w/o CCS","EJ/yr",1.135952136,1.271414429,1.42315393541921,1.609264336328,1.5476749718483,1.46828865046864,1.42353224707324,1.40398595255721,1.40505115306919,1.43004539524979,1.46944339788672,1.52338810776865,1.58539348259906,1.65651071953287,1.73261434245413,1.80835313075537,1.88246503970205,1.96174918211582,2.03817275799502,2.12050268199017
"GCAM 7.1","CurrentMeasures","Pakistan","Primary Energy|Coal","EJ/yr",0.156261865092279,0.175184949573542,0.210639051763761,0.658321210297647,0.745704755643252,0.920903062366941,1.15527254760897,1.4654423399402,1.84342293119884,2.29855272194163,2.82179629963824,3.42539409385977,4.0929244995967,4.82436466080229,5.58360150821964,6.29928129930413,6.95485449223091,7.59807361634004,8.20837942271343,8.78274767049596
"GCAM 7.1","Reference","Pakistan","Primary Energy|Coal","EJ/yr",0.156261865092279,0.175184949573542,0.210639051763761,0.658321210297647,0.766504291451269,0.966494748134162,1.22676444694558,1.57313152279186,1.99819307123099,2.51470507143023,3.11775814879521,3.81438148076186,4.60261989983746,5.48277415764525,6.41582903103342,7.31178165854565,8.12566530014448,8.93189506140928,9.69539733971565,10.3654274497335
"GCAM 7.1","CurrentMeasures","Pakistan","Primary Energy|Coal|w/o CCS","EJ/yr",0.156261865092279,0.175184949573542,0.210639051763761,0.658321210297647,0.745704755643252,0.920903062366941,1.15527254760897,1.4654423399402,1.84342293119884,2.29855272194163,2.82179629963824,3.42539409385977,4.0929244995967,4.82436466080229,5.58360150821964,6.29928129930413,6.95485449223091,7.59807361634004,8.20837942271343,8.78274767049596
"GCAM 7.1","Reference","Pakistan","Primary Energy|Coal|w/o CCS","EJ/yr",0.156261865092279,0.175184949573542,0.210639051763761,0.658321210297647,0.766504291451269,0.966494748134162,1.22676444694558,1.57313152279186,1.99819307123099,2.51470507143023,3.11775814879521,3.81438148076186,4.60261989983746,5.48277415764525,6.41582903103342,7.31178165854565,8.12566530014448,8.93189506140928,9.69539733971565,10.3654274497335
"GCAM 7.1","CurrentMeasures","Pakistan","Primary Energy|Fossil","EJ/yr",1.95166193920296,2.19151881973019,2.50715376300589,3.11156564797112,3.2573162708195,3.76968098657337,4.41235715555116,5.17584037315597,6.15547349371002,7.32081303612898,8.67193932239654,10.2566442446143,11.8932291939264,13.5720418126085,15.1821868658161,16.630159871908,17.8740474298517,19.0757398273322,20.2253810942619,21.3176945145863
"GCAM 7.1","Reference","Pakistan","Primary Energy|Fossil","EJ/yr",1.95166193920296,2.19151881973019,2.50715376300589,3.11156564797112,3.33061625519967,3.91150431143895,4.63052962938691,5.49132945552168,6.56849957363303,7.84854037176313,9.33885374303755,11.1012177266836,12.9303870440904,14.8276542058959,16.6801203382231,18.3634625719523,19.8125695134655,21.2306762178282,22.5839526801741,23.8893942216909
"GCAM 7.1","CurrentMeasures","Pakistan","Primary Energy|Fossil|w/o CCS","EJ/yr",1.95166193920296,2.19151881973019,2.50715376300589,3.11156564797112,3.2573162708195,3.76968098657337,4.41235715555116,5.17584037315597,6.15547349371002,7.32081303612898,8.67193932239654,10.2566442446143,11.8932291939264,13.5720418126085,15.1821868658161,16.630159871908,17.8740474298517,19.0757398273322,20.2253810942619,21.3176945145863
"GCAM 7.1","Reference","Pakistan","Primary Energy|Fossil|w/o CCS","EJ/yr",1.95166193920296,2.19151881973019,2.50715376300589,3.11156564797112,3.33061625519967,3.91150431143895,4.63052962938691,5.49132945552168,6.56849957363303,7.84854037176313,9.33885374303755,11.1012177266836,12.9303870440904,14.8276542058959,16.6801203382231,18.3634625719523,19.8125695134655,21.2306762178282,22.5839526801741,23.8893942216909
"GCAM 7.1","CurrentMeasures","Pakistan","Primary Energy|Gas","EJ/yr",1.07810622274722,1.13098887964837,1.17466876304084,1.34217653472669,1.38600394083384,1.58671775061437,1.83700575200773,2.13310759076165,2.51183301605558,2.96807574902924,3.52898095591971,4.15778476144074,4.76796613814197,5.34581728367601,5.85709415423053,6.28567901081686,6.61750861981403,6.93659919228418,7.25321839161871,7.56997708347841
"GCAM 7.1","Reference","Pakistan","Primary Energy|Gas","EJ/yr",1.07810622274722,1.13098887964837,1.17466876304084,1.34217653472669,1.41220684848369,1.63160480006358,1.89814210183678,2.21542029482748,2.62098036003871,3.11824533875881,3.72919860598472,4.41688577397538,5.07710210145028,5.70739030007215,6.272837520568,6.75147680054413,7.1290351276296,7.49794054487878,7.86168825645154,8.23896856994161
"GCAM 7.1","CurrentMeasures","Pakistan","Primary Energy|Gas|w/o CCS","EJ/yr",1.07810622274722,1.13098887964837,1.17466876304084,1.34217653472669,1.38600394083384,1.58671775061437,1.83700575200773,2.13310759076165,2.51183301605558,2.96807574902924,3.52898095591971,4.15778476144074,4.76796613814197,5.34581728367601,5.85709415423053,6.28567901081686,6.61750861981403,6.93659919228418,7.25321839161871,7.56997708347841
"GCAM 7.1","Reference","Pakistan","Primary Energy|Gas|w/o CCS","EJ/yr",1.07810622274722,1.13098887964837,1.17466876304084,1.34217653472669,1.41220684848369,1.63160480006358,1.89814210183678,2.21542029482748,2.62098036003871,3.11824533875881,3.72919860598472,4.41688577397538,5.07710210145028,5.70739030007215,6.272837520568,6.75147680054413,7.1290351276296,7.49794054487878,7.86168825645154,8.23896856994161
"GCAM 7.1","CurrentMeasures","Pakistan","Primary Energy|Geothermal","EJ/yr",0,0,0,0,0.000757842167566271,0.0041954796873464,0.00936492963308177,0.0172523190985774,0.0260908113239374,0.0356680487177549,0.0458073110323562,0.0545198625203625,0.0613429558176372,0.0662417696571184,0.0702371632131121,0.0736210658104177,0.0742182824366585,0.0742614982062192,0.0742791552679032,0.0743142973655458
"GCAM 7.1","Reference","Pakistan","Primary Energy|Geothermal","EJ/yr",0,0,0,0,0.00115671615653805,0.00554873548449236,0.0118237973232601,0.0207228996908287,0.0304507355605832,0.0406889589489205,0.0513127909769534,0.059370031569821,0.0656796109848467,0.0706328706503243,0.0739361477702802,0.0740292164899723,0.07420309214299,0.074246230290236,0.0742696532428645,0.0743053543204013
"GCAM 7.1","CurrentMeasures","Pakistan","Primary Energy|Hydro","EJ/yr",0.111103005630245,0.114519802307458,0.124678805875626,0.120773663993384,0.143074299006358,0.134578340078365,0.135125438303096,0.131086546307026,0.131399301451706,0.142694403970689,0.166205698123217,0.178456353179526,0.187719908737386,0.197037527122563,0.204857967073295,0.211443833312788,0.218276808219619,0.224756730499889,0.231158075742005,0.237597927696608
"GCAM 7.1","Reference","Pakistan","Primary Energy|Hydro","EJ/yr",0.111103005630245,0.114519802307458,0.124678805875626,0.120773663993384,0.124609815260722,0.116723654856586,0.116099711071606,0.113096548044609,0.113489880378037,0.123838132684005,0.145697811547859,0.155434675827001,0.163564240323309,0.171803783369807,0.178382206524741,0.18413476747011,0.190104982482988,0.195738116532751,0.201322074642868,0.206930318308687
"GCAM 7.1","CurrentMeasures","Pakistan","Primary Energy|Non-Biomass Renewables","EJ/yr",0.111103005630245,0.114519802307458,0.128253992309076,0.135281213753464,0.213665288150439,0.375498526266397,0.565751965272735,0.81310434820532,1.11022925048831,1.45706861110104,1.84761098644132,2.22885387020932,2.65569712903469,3.07456886845314,3.50447402401447,3.93886451084675,4.38934276923969,4.75527520501412,5.05493919371934,5.33191372069519
"GCAM 7.1","Reference","Pakistan","Primary Energy|Non-Biomass Renewables","EJ/yr",0.111103005630245,0.114519802307458,0.128253992309076,0.135281213753464,0.192190007685283,0.34433690136491,0.524906954108929,0.763095740227259,1.05245426872398,1.38968915267279,1.76553541734393,2.12328589865776,2.52765192526567,2.92286072124587,3.32436630526952,3.73398845136016,4.16512062548017,4.50692198500256,4.78615825134367,5.00813855169691
"GCAM 7.1","CurrentMeasures","Pakistan","Primary Energy|Nuclear","EJ/yr",0.00894161045312416,0.0123124787452897,0.0165797741853617,0.0552473037404263,0.0611156617334868,0.0697147253549356,0.0834973398699427,0.105122230485085,0.135322356784794,0.174940310167822,0.223931452155959,0.289171302625375,0.368169383429513,0.463553286439422,0.571008777714268,0.673687952505949,0.770418672400964,0.871449518612609,0.970707858799831,1.0628348088505
"GCAM 7.1","Reference","Pakistan","Primary Energy|Nuclear","EJ/yr",0.00894161045312416,0.0123124787452897,0.0165797741853617,0.0552473037404263,0.0534084337237299,0.0461039299291144,0.0421625269813389,0.0378698494489594,0.0350838103800647,0.0347918013572299,0.0364398372452116,0.0380753112983264,0.0419618706846638,0.0487751298301955,0.0582123564158544,0.0660022687406404,0.0785109056797975,0.0925793012757024,0.106538519758089,0.119938973775547
"GCAM 7.1","CurrentMeasures","Pakistan","Primary Energy|Oil","EJ/yr",0.717293851363461,0.88534499050828,1.12184594820129,1.11106790294678,1.1256075743424,1.26206017359206,1.42007885593446,1.57729044245413,1.80021754645561,2.05418456515812,2.32116206683858,2.6734653893138,3.03233855618772,3.40185986813016,3.7414912033659,4.045199561787,4.30168431780677,4.54106701870799,4.76378327992979,4.9649697606119
"GCAM 7.1","Reference","Pakistan","Primary Energy|Oil","EJ/yr",0.717293851363461,0.88534499050828,1.12184594820129,1.11106790294678,1.15190511526471,1.3134047632412,1.50562308060454,1.70277763790234,1.94932614236333,2.21558996157409,2.49189698825762,2.86995047194639,3.25066504280263,3.63748974817849,3.99145378662168,4.30020411286248,4.55786908569137,4.80084061154015,5.02686708400687,5.2849982020158
"GCAM 7.1","CurrentMeasures","Pakistan","Primary Energy|Oil|w/o CCS","EJ/yr",0.717293851363461,0.88534499050828,1.12184594820129,1.11106790294678,1.1256075743424,1.26206017359206,1.42007885593446,1.57729044245413,1.80021754645561,2.05418456515812,2.32116206683858,2.6734653893138,3.03233855618772,3.40185986813016,3.7414912033659,4.045199561787,4.30168431780677,4.54106701870799,4.76378327992979,4.9649697606119
"GCAM 7.1","Reference","Pakistan","Primary Energy|Oil|w/o CCS","EJ/yr",0.717293851363461,0.88534499050828,1.12184594820129,1.11106790294678,1.15190511526471,1.3134047632412,1.50562308060454,1.70277763790234,1.94932614236333,2.21558996157409,2.49189698825762,2.86995047194639,3.25066504280263,3.63748974817849,3.99145378662168,4.30020411286248,4.55786908569137,4.80084061154015,5.02686708400687,5.2849982020158
"GCAM 7.1","CurrentMeasures","Pakistan","Primary Energy|Solar","EJ/yr",0,0,0.00074528083960089,0.00322908775298385,0.051617572568959,0.187560637311994,0.325402646969084,0.500401633344285,0.706311327427743,0.944383741125204,1.19619409894518,1.44804008463488,1.74793793536982,2.05063107590677,2.36686958181489,2.69017362260986,3.01754574114817,3.29161933247885,3.52206842144233,3.73831830933629
"GCAM 7.1","Reference","Pakistan","Primary Energy|Solar","EJ/yr",0,0,0.00074528083960089,0.00322908775298385,0.0426929415323443,0.151998265045981,0.273397324472442,0.430004902161033,0.617056779263481,0.831566477739478,1.05538757423883,1.28284291557777,1.54502097935659,1.80365288242974,2.06999154689669,2.34691152103259,2.62830620387276,2.86439157627705,3.06490485078335,3.23745259360802
"GCAM 7.1","CurrentMeasures","Pakistan","Primary Energy|Wind","EJ/yr",0,0,0.00282990559384896,0.0112784620070958,0.0182155744075557,0.0491640691886927,0.0958589503674727,0.164363849455431,0.246427810284926,0.334322417287392,0.43940387834056,0.547837569874558,0.658696329109847,0.760658495766688,0.862509311913167,0.963625989113684,1.07930193743524,1.16463764382916,1.22743354126711,1.28168318629675
"GCAM 7.1","Reference","Pakistan","Primary Energy|Wind","EJ/yr",0,0,0.00282990559384896,0.0112784620070958,0.0237305347356793,0.0700662459778507,0.123586121241621,0.199271390330789,0.291456873521883,0.39359558330039,0.513137240580289,0.625638275683165,0.753387094600918,0.876771184795998,1.00205640407781,1.12891294636749,1.27250634698143,1.37254606190252,1.44566167267459,1.4894502854598
"GCAM 7.1","CurrentMeasures","Pakistan","Resource|Extraction|Coal","EJ/yr",0.0776789,0.0564084,0.0719829,0.144328,0.156331,0.179787,0.201695,0.230216,0.259096,0.27532,0.272914,0.273229,0.282277,0.306351,0.330588,0.35276,0.377465,0.403391,0.427412,0.447776
"GCAM 7.1","Reference","Pakistan","Resource|Extraction|Coal","EJ/yr",0.0776789,0.0564084,0.0719829,0.144328,0.1586,0.184634,0.208734,0.239432,0.268468,0.285757,0.283441,0.284417,0.302113,0.328467,0.355773,0.385619,0.414148,0.44364,0.470241,0.490253
"GCAM 7.1","CurrentMeasures","Pakistan","Resource|Extraction|Fossil","EJ/yr",5.1002249,5.7269384,7.9159609,8.949372,15.391969,15.97754,18.13363,20.870681,28.04818,38.873599,54.076996,67.18038,79.500203,97.741238,120.049038,141.007923,153.096366,157.742708,160.265476,163.08597
"GCAM 7.1","Reference","Pakistan","Resource|Extraction|Fossil","EJ/yr",5.1002249,5.7269384,7.9159609,8.949372,15.417504,16.025137,18.201355,20.957806,28.149075,39.008321,54.297268,67.477933,79.849672,98.143034,120.470267,141.426239,153.491718,158.12887,160.637293,163.508026
"GCAM 7.1","CurrentMeasures","Pakistan","Resource|Extraction|Gas","EJ/yr",1.07253,1.14331,1.00218,1.01523,1.06301,1.25282,1.4422,1.63241,1.84213,2.0252,2.24315,2.53755,2.81495,3.03408,3.16231,3.21808,3.1868,3.1082,3.03839,2.97169
"GCAM 7.1","Reference","Pakistan","Resource|Extraction|Gas","EJ/yr",1.07253,1.14331,1.00218,1.01523,1.08047,1.28368,1.48319,1.6805,1.8976,2.09524,2.31549,2.63095,2.91015,3.12624,3.2542,3.30694,3.26984,3.18586,3.09017,3.01576
"GCAM 7.1","CurrentMeasures","Pakistan","Resource|Extraction|Oil","EJ/yr",3.950016,4.52722,6.841798,7.789814,14.172628,14.544933,16.489735,19.008055,25.946954,36.573079,51.560932,64.369601,76.402976,94.400807,116.55614,137.437083,149.532101,154.231117,156.799674,159.666504
"GCAM 7.1","Reference","Pakistan","Resource|Extraction|Oil","EJ/yr",3.950016,4.52722,6.841798,7.789814,14.178434,14.556823,16.509431,19.037874,25.983007,36.627324,51.698337,64.562566,76.637409,94.688327,116.860294,137.73368,149.80773,154.49937,157.076882,160.002013
"GCAM 7.1","CurrentMeasures","Pakistan","Secondary Energy|Electricity","EJ/yr",0.337044169,0.339792713,0.40070267,0.56093396,0.65422421932,0.96707475507,1.32028808707,1.88505589507,2.56994605607,3.17019583465,3.5668267764,4.263693524,5.090821787,5.96262768,6.88799161,7.80568927,8.65728813,9.46849512,10.2230941,10.96523166
"GCAM 7.1","Reference","Pakistan","Secondary Energy|Electricity","EJ/yr",0.337044169,0.339792713,0.40070267,0.56093396,0.65308026022,0.9730031838,1.3400819806,1.9086426126,2.6089564126,3.217873047,3.6014472743,4.3345034,5.175154978,6.05220535,6.99450792,7.92332841,8.78740482,9.61087547,10.37413635,11.08905206
"GCAM 7.1","CurrentMeasures","Pakistan","Secondary Energy|Electricity|Biomass","EJ/yr",0,0,0.00200182,0.00270709,0.00155017,0.003331982,0.005713706,0.01064839,0.01738543,0.02405955,0.02845816,0.0383047,0.0510058,0.0664502,0.0850234,0.1047349,0.1249865,0.1496971,0.1752296,0.2033667
"GCAM 7.1","Reference","Pakistan","Secondary Energy|Electricity|Biomass","EJ/yr",0,0,0.00200182,0.00270709,0.00194655,0.004077773,0.00685415,0.01224617,0.01957272,0.02655949,0.0306998,0.0410311,0.0539499,0.0696674,0.0888073,0.1088701,0.1292249,0.1536358,0.1782192,0.2040544
"GCAM 7.1","CurrentMeasures","Pakistan","Secondary Energy|Electricity|Biomass|w/o CCS","EJ/yr",0,0,0.00200182,0.00270709,0.00155017,0.003331982,0.005713706,0.01064839,0.01738543,0.02405955,0.02845816,0.0383047,0.0510058,0.0664502,0.0850234,0.1047349,0.1249865,0.1496971,0.1752296,0.2033667
"GCAM 7.1","Reference","Pakistan","Secondary Energy|Electricity|Biomass|w/o CCS","EJ/yr",0,0,0.00200182,0.00270709,0.00194655,0.004077773,0.00685415,0.01224617,0.01957272,0.02655949,0.0306998,0.0410311,0.0539499,0.0696674,0.0888073,0.1088701,0.1292249,0.1536358,0.1782192,0.2040544
"GCAM 7.1","CurrentMeasures","Pakistan","Secondary Energy|Electricity|Coal","EJ/yr",0.000464359,0.000316813,0.000532858,0.104867,0.118155,0.153163054,0.194740852,0.26981084,0.3667744,0.45831562,0.52634249,0.66296193,0.83795152,1.0462374,1.28813213,1.52948734,1.7573084,2.00542225,2.2537406,2.4939075
"GCAM 7.1","Reference","Pakistan","Secondary Energy|Electricity|Coal","EJ/yr",0.000464359,0.000316813,0.000532858,0.104867,0.12703,0.176004792,0.234836651,0.33445555,0.46487192,0.58857958,0.67915524,0.86392852,1.09705123,1.37582405,1.70589401,2.039648,2.3511327,2.6883941,3.0209065,3.3128062
"GCAM 7.1","CurrentMeasures","Pakistan","Secondary Energy|Electricity|Coal|w/o CCS","EJ/yr",0.000464359,0.000316813,0.000532858,0.104867,0.118155,0.153163054,0.194740852,0.26981084,0.3667744,0.45831562,0.52634249,0.66296193,0.83795152,1.0462374,1.28813213,1.52948734,1.7573084,2.00542225,2.2537406,2.4939075
"GCAM 7.1","Reference","Pakistan","Secondary Energy|Electricity|Coal|w/o CCS","EJ/yr",0.000464359,0.000316813,0.000532858,0.104867,0.12703,0.176004792,0.234836651,0.33445555,0.46487192,0.58857958,0.67915524,0.86392852,1.09705123,1.37582405,1.70589401,2.039648,2.3511327,2.6883941,3.0209065,3.3128062
"GCAM 7.1","CurrentMeasures","Pakistan","Secondary Energy|Electricity|Fossil","EJ/yr",0.216999559,0.212960213,0.253866858,0.3676994,0.37676215,0.471143254,0.573066852,0.75995024,0.9954689,1.19681532,1.31958949,1.62233673,1.96549862,2.3527549,2.75070893,3.12237394,3.4230974,3.75329515,4.0928031,4.4475179
"GCAM 7.1","Reference","Pakistan","Secondary Energy|Electricity|Fossil","EJ/yr",0.216999559,0.212960213,0.253866858,0.3676994,0.40448851,0.537037292,0.682685951,0.92860705,1.24101972,1.50735528,1.66365984,2.06975422,2.51987473,3.01828415,3.55100371,4.052478,4.4668973,4.9195094,5.3737478,5.8366698
"GCAM 7.1","CurrentMeasures","Pakistan","Secondary Energy|Electricity|Fossil|w/o CCS","EJ/yr",0.216999559,0.212960213,0.253866858,0.3676994,0.37676215,0.471143254,0.573066852,0.75995024,0.9954689,1.19681532,1.31958949,1.62233673,1.96549862,2.3527549,2.75070893,3.12237394,3.4230974,3.75329515,4.0928031,4.4475179
"GCAM 7.1","Reference","Pakistan","Secondary Energy|Electricity|Fossil|w/o CCS","EJ/yr",0.216999559,0.212960213,0.253866858,0.3676994,0.40448851,0.537037292,0.682685951,0.92860705,1.24101972,1.50735528,1.66365984,2.06975422,2.51987473,3.01828415,3.55100371,4.052478,4.4668973,4.9195094,5.3737478,5.8366698
"GCAM 7.1","CurrentMeasures","Pakistan","Secondary Energy|Electricity|Gas","EJ/yr",0.1486164,0.0931684,0.126017,0.1971782,0.2024672,0.2456739,0.2860633,0.3558625,0.4464643,0.5236343,0.5780085,0.702894,0.8390831,0.9905132,1.1326437,1.263386,1.3560815,1.4634878,1.586002,1.740597
"GCAM 7.1","Reference","Pakistan","Secondary Energy|Electricity|Gas","EJ/yr",0.1486164,0.0931684,0.126017,0.1971782,0.2163729,0.2781011,0.3377734,0.431118,0.5527372,0.657173,0.7281013,0.8950666,1.07287,1.261146,1.447736,1.6206532,1.7514313,1.8992863,2.060602,2.2455923
"GCAM 7.1","CurrentMeasures","Pakistan","Secondary Energy|Electricity|Gas|w/o CCS","EJ/yr",0.1486164,0.0931684,0.126017,0.1971782,0.2024672,0.2456739,0.2860633,0.3558625,0.4464643,0.5236343,0.5780085,0.702894,0.8390831,0.9905132,1.1326437,1.263386,1.3560815,1.4634878,1.586002,1.740597
"GCAM 7.1","Reference","Pakistan","Secondary Energy|Electricity|Gas|w/o CCS","EJ/yr",0.1486164,0.0931684,0.126017,0.1971782,0.2163729,0.2781011,0.3377734,0.431118,0.5527372,0.657173,0.7281013,0.8950666,1.07287,1.261146,1.447736,1.6206532,1.7514313,1.8992863,2.060602,2.2455923
"GCAM 7.1","CurrentMeasures","Pakistan","Secondary Energy|Electricity|Geothermal","EJ/yr",0,0,0,0,0.000761106,0.00467659,0.0108368,0.0214183,0.0335685,0.0438354,0.0500714,0.0574304,0.0634861,0.0674291,0.0709235,0.0742166,0.0746175,0.07459,0.074567,0.0745512
"GCAM 7.1","Reference","Pakistan","Secondary Energy|Electricity|Geothermal","EJ/yr",0,0,0,0,0.0011619,0.00621201,0.0138721,0.0259768,0.0395152,0.0501944,0.0557376,0.0625479,0.0679577,0.0718307,0.0746884,0.0746506,0.074617,0.0745934,0.0745728,0.0745582
"GCAM 7.1","CurrentMeasures","Pakistan","Secondary Energy|Electricity|Hydro","EJ/yr",0.111103,0.11452,0.124679,0.120773,0.143679,0.149969,0.156259,0.162549,0.168839,0.175129,0.181419,0.187709,0.193999,0.200289,0.206579,0.212869,0.219159,0.225449,0.231739,0.238029
"GCAM 7.1","Reference","Pakistan","Secondary Energy|Electricity|Hydro","EJ/yr",0.111103,0.11452,0.124679,0.120773,0.125156,0.130635,0.136114,0.141593,0.147072,0.152551,0.15803,0.16351,0.168989,0.174468,0.179947,0.185426,0.190905,0.196384,0.201863,0.207342
"GCAM 7.1","CurrentMeasures","Pakistan","Secondary Energy|Electricity|Non-Biomass Renewables","EJ/yr",0.111103,0.11452,0.128254192,0.13528047,0.21449363932,0.41483851907,0.64488992907,0.98425326507,1.38374422607,1.73558216465,1.9756319264,2.300653994,2.696142667,3.07507754,3.47990429,3.90450343,4.34049223,4.69690387,4.9881684,5.25651706
"GCAM 7.1","Reference","Pakistan","Secondary Energy|Electricity|Non-Biomass Renewables","EJ/yr",0.111103,0.11452,0.128254192,0.13528047,0.19294720022,0.3801929328,0.6010048996,0.9204345926,1.3032705026,1.641827077,1.8685457343,2.18504568,2.559785848,2.91695948,3.29868264,3.69880651,4.11629492,4.44929717,4.72039835,4.93380586
"GCAM 7.1","CurrentMeasures","Pakistan","Secondary Energy|Electricity|Nuclear","EJ/yr",0.00894161,0.0123125,0.0165798,0.055247,0.06141826,0.077761,0.0966176,0.130204,0.1733475,0.2137388,0.2431472,0.3023981,0.3781747,0.46834504,0.57235499,0.674077,0.768712,0.868599,0.966893,1.05783
"GCAM 7.1","Reference","Pakistan","Secondary Energy|Electricity|Nuclear","EJ/yr",0.00894161,0.0123125,0.0165798,0.055247,0.053698,0.051695186,0.04953698,0.0473548,0.04509347,0.0421312,0.0385419,0.0386724,0.0415445,0.04729432,0.05601427,0.0631738,0.0749877,0.0884331,0.101771,0.114522
"GCAM 7.1","CurrentMeasures","Pakistan","Secondary Energy|Electricity|Oil","EJ/yr",0.0679188,0.119475,0.127317,0.0656542,0.05613995,0.0723063,0.0922627,0.1342769,0.1822302,0.2148654,0.2152385,0.2564808,0.288464,0.3160043,0.3299331,0.3295006,0.3097075,0.2843851,0.2530605,0.2130134
"GCAM 7.1","Reference","Pakistan","Secondary Energy|Electricity|Oil","EJ/yr",0.0679188,0.119475,0.127317,0.0656542,0.06108561,0.0829314,0.1100759,0.1630335,0.2234106,0.2616027,0.2564033,0.3107591,0.3499535,0.3813141,0.3973737,0.3921768,0.3643333,0.331829,0.2922393,0.2782713
"GCAM 7.1","CurrentMeasures","Pakistan","Secondary Energy|Electricity|Oil|w/o CCS","EJ/yr",0.0679188,0.119475,0.127317,0.0656542,0.05613995,0.0723063,0.0922627,0.1342769,0.1822302,0.2148654,0.2152385,0.2564808,0.288464,0.3160043,0.3299331,0.3295006,0.3097075,0.2843851,0.2530605,0.2130134
"GCAM 7.1","Reference","Pakistan","Secondary Energy|Electricity|Oil|w/o CCS","EJ/yr",0.0679188,0.119475,0.127317,0.0656542,0.06108561,0.0829314,0.1100759,0.1630335,0.2234106,0.2616027,0.2564033,0.3107591,0.3499535,0.3813141,0.3973737,0.3921768,0.3643333,0.331829,0.2922393,0.2782713
"GCAM 7.1","CurrentMeasures","Pakistan","Secondary Energy|Electricity|Solar","EJ/yr",0,0,0.000745282,0.00322907,0.05176473846,0.20556743641,0.36767973241,0.59910580641,0.86977950641,1.11400226641,1.273927755,1.491251866,1.77279174,2.0518561,2.35336306,2.67125224,2.99019053,3.2588046,3.484466,3.6956975
"GCAM 7.1","Reference","Pakistan","Secondary Energy|Electricity|Solar","EJ/yr",0,0,0.000745282,0.00322907,0.04279878912,0.1651025337,0.3069169175,0.5061469325,0.7442853925,0.9621533725,1.1077335153,1.313005395,1.559475948,1.79812844,2.05403311,2.32589691,2.59999138,2.83123176,3.02722414,3.19499787
"GCAM 7.1","CurrentMeasures","Pakistan","Secondary Energy|Electricity|Solar|CSP","EJ/yr",0,0,0,0,6.54705e-06,0.000199226,0.000825796,0.00296973,0.00719089,0.0127003,0.0178147,0.0274783,0.0399357,0.0536885,0.0680053,0.0820917,0.0969824,0.111105,0.122944,0.134296
"GCAM 7.1","Reference","Pakistan","Secondary Energy|Electricity|Solar|CSP","EJ/yr",0,0,0,0,3.84192e-06,8.42062e-05,0.000329743,0.00110756,0.00266765,0.00474732,0.00670523,0.0106958,0.0159039,0.0218825,0.0283739,0.0348871,0.0417435,0.0480964,0.0533854,0.0574894
"GCAM 7.1","CurrentMeasures","Pakistan","Secondary Energy|Electricity|Solar|PV","EJ/yr",0,0,0.000745282,0.00322907,0.05175819141,0.20536821041,0.36685393641,0.59613607641,0.86258861641,1.10130196641,1.256113055,1.463773566,1.73285604,1.9981676,2.28535776,2.58916054,2.89320813,3.1476996,3.361522,3.5614015
"GCAM 7.1","Reference","Pakistan","Secondary Energy|Electricity|Solar|PV","EJ/yr",0,0,0.000745282,0.00322907,0.0427949472,0.1650183275,0.3065871745,0.5050393725,0.7416177425,0.9574060525,1.1010282853,1.302309595,1.543572048,1.77624594,2.02565921,2.29100981,2.55824788,2.78313536,2.97383874,3.13750847
"GCAM 7.1","CurrentMeasures","Pakistan","Secondary Energy|Electricity|Solar|PV|Commercial","EJ/yr",0,0,0,0,0.0152812,0.0274332,0.0469267,0.0716671,0.103864,0.145536,0.193251,0.280357,0.372121,0.46695,0.552151,0.634607,0.691463,0.759538,0.830178,0.898972
"GCAM 7.1","Reference","Pakistan","Secondary Energy|Electricity|Solar|PV|Commercial","EJ/yr",0,0,0,0,0.0171872,0.0396175,0.0717822,0.111561,0.15999,0.218051,0.276552,0.377861,0.489994,0.601661,0.70605,0.805106,0.874079,0.950039,1.02547,1.11496
"GCAM 7.1","CurrentMeasures","Pakistan","Secondary Energy|Electricity|Solar|PV|Residential","EJ/yr",0,0,0,0,0.0152812,0.0274332,0.0469267,0.0716671,0.103864,0.145536,0.193251,0.280357,0.372121,0.46695,0.552151,0.634607,0.691463,0.759538,0.830178,0.898972
"GCAM 7.1","Reference","Pakistan","Secondary Energy|Electricity|Solar|PV|Residential","EJ/yr",0,0,0,0,0.0171872,0.0396175,0.0717822,0.111561,0.15999,0.218051,0.276552,0.377861,0.489994,0.601661,0.70605,0.805106,0.874079,0.950039,1.02547,1.11496
"GCAM 7.1","CurrentMeasures","Pakistan","Secondary Energy|Electricity|Wind","EJ/yr",0,0,0.00282991,0.0112784,0.01828879486,0.05462549266,0.11011439666,0.20118015866,0.31155721966,0.40261549824,0.4702137714,0.564262728,0.665865827,0.75550334,0.84903873,0.94616559,1.0565252,1.13806027,1.1973964,1.24823936
"GCAM 7.1","Reference","Pakistan","Secondary Energy|Electricity|Wind","EJ/yr",0,0,0.00282991,0.0112784,0.0238305111,0.0782433891,0.1441018821,0.2467178601,0.3723979101,0.4769283045,0.547044619,0.645982385,0.7633632,0.87253234,0.99001413,1.112833,1.25078154,1.34708801,1.41673841,1.45690779
"GCAM 7.1","CurrentMeasures","Pakistan","Secondary Energy|Electricity|Wind|Offshore","EJ/yr",0,0,0,0,6.34142e-06,8.370482e-05,0.00029362382,0.00082723982,0.00171413082,0.0027338294,0.003440776,0.004598107,0.005684041,0.00658984,0.00751738,0.00861928,0.00904753,0.00948366,0.00971611,0.00988382
"GCAM 7.1","Reference","Pakistan","Secondary Energy|Electricity|Wind|Offshore","EJ/yr",0,0,0,0,1.21056e-05,0.0001498056,0.0004557416,0.0011964696,0.0024357096,0.003848504,0.004769514,0.006349558,0.00782673,0.00907193,0.01042233,0.0120753,0.01279625,0.01350992,0.01387372,0.01383169
"GCAM 7.1","CurrentMeasures","Pakistan","Secondary Energy|Electricity|Wind|Onshore","EJ/yr",0,0,0.00282991,0.0112784,0.01828245344,0.05454178784,0.10982077284,0.20035291884,0.30984308884,0.39988166884,0.4667729954,0.559664621,0.660181786,0.7489135,0.84152135,0.93754631,1.04747767,1.12857661,1.18768029,1.23835554
"GCAM 7.1","Reference","Pakistan","Secondary Energy|Electricity|Wind|Onshore","EJ/yr",0,0,0.00282991,0.0112784,0.0238184055,0.0780935835,0.1436461405,0.2455213905,0.3699622005,0.4730798005,0.542275105,0.639632827,0.75553647,0.86346041,0.9795918,1.1007577,1.23798529,1.33357809,1.40286469,1.4430761
"GCAM 7.1","CurrentMeasures","Pakistan","Secondary Energy|Gases","EJ/yr",1.07811,1.13099,1.17467,1.34218,1.3876841457,1.633154834,1.902140663,2.242370128,2.664578971,3.106004635,3.56941618,4.16438783,4.75668503,5.31947904,5.8254418,6.26362832,6.60081412,6.92296862,7.23915002,7.5643714
"GCAM 7.1","Reference","Pakistan","Secondary Energy|Gases","EJ/yr",1.07811,1.13099,1.17467,1.34218,1.4140489159,1.6864010296,1.983986139,2.357929,2.823897749,3.304978277,3.78556102,4.44217223,5.08283912,5.69277735,6.2553126,6.74582013,7.12982827,7.50399997,7.8699797,8.2570036
"GCAM 7.1","CurrentMeasures","Pakistan","Secondary Energy|Gases|Biomass","EJ/yr",0,0,0,0,1.29097e-05,3.9501e-05,0.000106363,0.000257898,0.000464721,0.000826055,0.00119088,0.00163293,0.00234173,0.00346224,0.0046201,0.00606012,0.00747112,0.00862462,0.00964102,0.0112294
"GCAM 7.1","Reference","Pakistan","Secondary Energy|Gases|Biomass","EJ/yr",0,0,0,0,1.33419e-05,4.28656e-05,0.000117049,0.00028438,0.000516439,0.000893927,0.00128762,0.00178533,0.00264672,0.00388725,0.0051957,0.00679773,0.00834827,0.00963197,0.0108177,0.0125976
"GCAM 7.1","CurrentMeasures","Pakistan","Secondary Energy|Gases|Coal","EJ/yr",0,0,0,0,0.000131236,0.000395333,0.0010743,0.00264223,0.00481425,0.00882858,0.0137053,0.0198949,0.0299533,0.0462368,0.0638517,0.0867282,0.110303,0.130544,0.148969,0.176232
"GCAM 7.1","Reference","Pakistan","Secondary Energy|Gases|Coal","EJ/yr",0,0,0,0,0.000135574,0.000428164,0.00117909,0.00290462,0.00533131,0.00952435,0.0147834,0.0217069,0.0338024,0.0518301,0.0716869,0.0971124,0.12301,0.145468,0.166732,0.197176
"GCAM 7.1","CurrentMeasures","Pakistan","Secondary Energy|Gases|Fossil","EJ/yr",1.07811,1.13099,1.17467,1.34218,1.387671236,1.633115333,1.9020343,2.24211223,2.66411425,3.10517858,3.5682253,4.1627549,4.7543433,5.3160168,5.8208217,6.2575682,6.593343,6.914344,7.229509,7.553142
"GCAM 7.1","Reference","Pakistan","Secondary Energy|Gases|Fossil","EJ/yr",1.07811,1.13099,1.17467,1.34218,1.414035574,1.686358164,1.98386909,2.35764462,2.82338131,3.30408435,3.7842734,4.4403869,5.0801924,5.6888901,6.2501169,6.7390224,7.12148,7.494368,7.859162,8.244406
"GCAM 7.1","CurrentMeasures","Pakistan","Secondary Energy|Gases|Gas","EJ/yr",1.07811,1.13099,1.17467,1.34218,1.38754,1.63272,1.90096,2.23947,2.6593,3.09635,3.55452,4.14286,4.72439,5.26978,5.75697,6.17084,6.48304,6.7838,7.08054,7.37691
"GCAM 7.1","Reference","Pakistan","Secondary Energy|Gases|Gas","EJ/yr",1.07811,1.13099,1.17467,1.34218,1.4139,1.68593,1.98269,2.35474,2.81805,3.29456,3.76949,4.41868,5.04639,5.63706,6.17843,6.64191,6.99847,7.3489,7.69243,8.04723
"GCAM 7.1","CurrentMeasures","Pakistan","Secondary Energy|Heat","EJ/yr",0,0,0,0,0,0,0,0,0,0,0,0,0,0,0,0,0,0,0,0
"GCAM 7.1","Reference","Pakistan","Secondary Energy|Heat","EJ/yr",0,0,0,0,0,0,0,0,0,0,0,0,0,0,0,0,0,0,0,0
"GCAM 7.1","CurrentMeasures","Pakistan","Secondary Energy|Heat|Biomass","EJ/yr",0,0,0,0,0,0,0,0,0,0,0,0,0,0,0,0,0,0,0,0
"GCAM 7.1","Reference","Pakistan","Secondary Energy|Heat|Biomass","EJ/yr",0,0,0,0,0,0,0,0,0,0,0,0,0,0,0,0,0,0,0,0
"GCAM 7.1","CurrentMeasures","Pakistan","Secondary Energy|Heat|Coal","EJ/yr",0,0,0,0,0,0,0,0,0,0,0,0,0,0,0,0,0,0,0,0
"GCAM 7.1","Reference","Pakistan","Secondary Energy|Heat|Coal","EJ/yr",0,0,0,0,0,0,0,0,0,0,0,0,0,0,0,0,0,0,0,0
"GCAM 7.1","CurrentMeasures","Pakistan","Secondary Energy|Heat|Fossil","EJ/yr",0,0,0,0,0,0,0,0,0,0,0,0,0,0,0,0,0,0,0,0
"GCAM 7.1","Reference","Pakistan","Secondary Energy|Heat|Fossil","EJ/yr",0,0,0,0,0,0,0,0,0,0,0,0,0,0,0,0,0,0,0,0
"GCAM 7.1","CurrentMeasures","Pakistan","Secondary Energy|Heat|Gas","EJ/yr",0,0,0,0,0,0,0,0,0,0,0,0,0,0,0,0,0,0,0,0
"GCAM 7.1","Reference","Pakistan","Secondary Energy|Heat|Gas","EJ/yr",0,0,0,0,0,0,0,0,0,0,0,0,0,0,0,0,0,0,0,0
"GCAM 7.1","CurrentMeasures","Pakistan","Secondary Energy|Heat|Oil","EJ/yr",0,0,0,0,0,0,0,0,0,0,0,0,0,0,0,0,0,0,0,0
"GCAM 7.1","Reference","Pakistan","Secondary Energy|Heat|Oil","EJ/yr",0,0,0,0,0,0,0,0,0,0,0,0,0,0,0,0,0,0,0,0
"GCAM 7.1","CurrentMeasures","Pakistan","Secondary Energy|Hydrogen","EJ/yr",0,0,0,0,0.0001381311813,0.00413070058251,0.01527007327035,0.04059264143784,0.06859856724814,0.09835646285736,0.12773495921116,0.15940637125763,0.1927147137548,0.22599283361,0.260251982913,0.29519361921,0.33153223461,0.36976504923,0.40978515611,0.44954630825
"GCAM 7.1","Reference","Pakistan","Secondary Energy|Hydrogen","EJ/yr",0,0,0,0,0.0001380229823,0.00419243585465,0.01538096687476,0.04070309401285,0.06883914365484,0.09884213925635,0.12848354599138,0.16048232944758,0.193806295382,0.227385785915,0.26202164795,0.29744695033,0.33442195203,0.37341411279,0.41419470191,0.45519094576
"GCAM 7.1","CurrentMeasures","Pakistan","Secondary Energy|Hydrogen|Biomass","EJ/yr",0,0,0,0,5.94223e-06,0.00013580092,0.0004261722,0.00106993852,0.00167526626,0.00231670061,0.00284924204,0.0034403928,0.0040750038,0.0047535957,0.005476548,0.00630706,0.007224698,0.008188834,0.009204155,0.010276859
"GCAM 7.1","Reference","Pakistan","Secondary Energy|Hydrogen|Biomass","EJ/yr",0,0,0,0,5.96463e-06,0.00013822772,0.00043178368,0.00107783625,0.00168545671,0.00231841245,0.00284470667,0.00343255256,0.0040662928,0.0047408045,0.005458551,0.006278821,0.007184425,0.008140519,0.009150602,0.010264141
"GCAM 7.1","CurrentMeasures","Pakistan","Secondary Energy|Hydrogen|Electricity","EJ/yr",0,0,0,0,9.17807e-06,0.00030803675031,0.00130721601888,0.0043554336409,0.00802362545814,0.01274716674736,0.01754919807116,0.02322452575763,0.0294085029548,0.03577674591,0.042482919913,0.04960462121,0.05674030661,0.06362785223,0.07040257411,0.07662311925
"GCAM 7.1","Reference","Pakistan","Secondary Energy|Hydrogen|Electricity","EJ/yr",0,0,0,0,9.22115e-06,0.00031426641595,0.00132150199031,0.00436813889865,0.00800820520484,0.01265265430635,0.01734832092138,0.02292203818758,0.028938252582,0.035219765415,0.04181061995,0.04878246733,0.05573636103,0.06245736479,0.06905951991,0.07546973476
"GCAM 7.1","CurrentMeasures","Pakistan","Secondary Energy|Hydrogen|Fossil","EJ/yr",0,0,0,0,0.00012298299,0.0035782474,0.013015592258,0.033481837191,0.0554533575,0.0777895513,0.0997033315,0.1223112887,0.145655863,0.1684233,0.19178062,0.21554893,0.24091694,0.26820659,0.2971561,0.32564125
"GCAM 7.1","Reference","Pakistan","Secondary Energy|Hydrogen|Fossil","EJ/yr",0,0,0,0,0.00012280906,0.00362424766,0.013059716711,0.033385162223,0.0552605397,0.0776307434,0.0995963314,0.1222627137,0.145301884,0.16802042,0.19136886,0.21521848,0.24080318,0.26837207,0.29757213,0.3270143
"GCAM 7.1","CurrentMeasures","Pakistan","Secondary Energy|Hydrogen|Gas","EJ/yr",0,0,0,0,0.00012298299,0.0035782474,0.013015592258,0.033481837191,0.0554533575,0.0777895513,0.0997033315,0.1223112887,0.145655863,0.1684233,0.19178062,0.21554893,0.24091694,0.26820659,0.2971561,0.32564125
"GCAM 7.1","Reference","Pakistan","Secondary Energy|Hydrogen|Gas","EJ/yr",0,0,0,0,0.00012280906,0.00362424766,0.013059716711,0.033385162223,0.0552605397,0.0776307434,0.0995963314,0.1222627137,0.145301884,0.16802042,0.19136886,0.21521848,0.24080318,0.26837207,0.29757213,0.3270143
"GCAM 7.1","CurrentMeasures","Pakistan","Secondary Energy|Hydrogen|Other","EJ/yr",0,0,0,0,2.78913e-08,0.0001086155122,0.00052109279347,0.00168543208594,0.00344631803,0.0055030442,0.0076331876,0.010430164,0.013575344,0.017039192,0.020511895,0.023733008,0.02665029,0.029741773,0.033022327,0.03700508
"GCAM 7.1","Reference","Pakistan","Secondary Energy|Hydrogen|Other","EJ/yr",0,0,0,0,2.81423e-08,0.0001156940587,0.00056796449345,0.0018719566412,0.00388494204,0.0062403291,0.008694187,0.011865025,0.015499866,0.019404796,0.023383617,0.027167182,0.030697986,0.034444159,0.03841245,0.04244277
"GCAM 7.1","CurrentMeasures","Pakistan","Secondary Energy|Liquids","EJ/yr",0.696281,0.860856,1.09037,1.09793,1.1089013403,1.2561771127,1.4174359349,1.5934793809,1.8306827219,2.0683325888,2.2840960173,2.61997685841,2.97336632875,3.34265914401,3.69325046293,4.02019274817,4.30809979204,4.5867251745,4.8545795821,5.1052894784
"GCAM 7.1","Reference","Pakistan","Secondary Energy|Liquids","EJ/yr",0.696281,0.860856,1.09037,1.09793,1.1339216443,1.3080831127,1.5067724537,1.7267836368,1.9932883468,2.2401790163,2.4509766758,2.81354374425,3.18740982542,3.57234920743,3.93798371187,4.27033760999,4.55970699871,4.8429174159,5.1157206795,5.427537167
"GCAM 7.1","CurrentMeasures","Pakistan","Secondary Energy|Liquids|Biomass","EJ/yr",0,0,0,0,0.0003043403,0.0008633361,0.0016622855,0.002969901,0.0052749318,0.0088138636,0.0137931104,0.02020931511,0.02844034123,0.03945257267,0.05290530632,0.06964966261,0.08882487964,0.1091975546,0.129731648,0.1496922497
"GCAM 7.1","Reference","Pakistan","Secondary Energy|Liquids|Biomass","EJ/yr",0,0,0,0,0.0003196443,0.0009189265,0.0017796725,0.0031732116,0.005528987,0.0090622773,0.0140352123,0.02066586565,0.02911622478,0.04033955105,0.0540190654,0.07083604331,0.09006359531,0.1106510723,0.1315335778,0.1528820555
"GCAM 7.1","CurrentMeasures","Pakistan","Secondary Energy|Liquids|Coal","EJ/yr",0,0,0,0,0,2.06991e-05,8.01602e-05,0.0002234859,0.000588262,0.0013527166,0.0028614156,0.0052557608,0.00844076512,0.01286926209,0.01840390148,0.0260822145,0.0363947176,0.0495401523,0.0655552363,0.084549445
"GCAM 7.1","Reference","Pakistan","Secondary Energy|Liquids|Coal","EJ/yr",0,0,0,0,0,2.42368e-05,9.51236e-05,0.0002641226,0.0006610634,0.0014472431,0.0029750643,0.0055381473,0.00898555023,0.01375616546,0.01970179704,0.02774468171,0.0383984864,0.0520604488,0.0688704229,0.090309595
"GCAM 7.1","CurrentMeasures","Pakistan","Secondary Energy|Liquids|Fossil","EJ/yr",0,0,0,0,0,6.68766e-05,0.0002210494,0.0005194799,0.0012464901,0.0026112252,0.0052474069,0.0093331433,0.01442017752,0.02093049134,0.02875927661,0.03919658556,0.0528537124,0.0701472199,0.0913015341,0.1160046287
"GCAM 7.1","Reference","Pakistan","Secondary Energy|Liquids|Fossil","EJ/yr",0,0,0,0,0,7.61862e-05,0.0002547812,0.0005984252,0.0013703598,0.002765639,0.0054152635,0.0097524786,0.01510905064,0.02199716638,0.03026934647,0.04105716668,0.0550364034,0.0728849436,0.0949251017,0.1227845115
"GCAM 7.1","CurrentMeasures","Pakistan","Secondary Energy|Liquids|Gas","EJ/yr",0,0,0,0,0,4.61775e-05,0.0001408892,0.000295994,0.0006582281,0.0012585086,0.0023859913,0.0040773825,0.0059794124,0.00806122925,0.01035537513,0.01311437106,0.0164589948,0.0206070676,0.0257462978,0.0314551837
"GCAM 7.1","Reference","Pakistan","Secondary Energy|Liquids|Gas","EJ/yr",0,0,0,0,0,5.19494e-05,0.0001596576,0.0003343026,0.0007092964,0.0013183959,0.0024401992,0.0042143313,0.00612350041,0.00824100092,0.01056754943,0.01331248497,0.016637917,0.0208244948,0.0260546788,0.0324749165
"GCAM 7.1","CurrentMeasures","Pakistan","Secondary Energy|Liquids|Hydrogen","EJ/yr",0,0,0,0,0,1.66059e-05,2.05463e-05,2.74122e-05,4.56275e-05,6.73337e-05,9.54461e-05,0.000127083,0.000155867,0.00019348,0.000228313,0.000275404,0.000316919,0.000354045,0.000384813,0.000406818
"GCAM 7.1","Reference","Pakistan","Secondary Energy|Liquids|Hydrogen","EJ/yr",0,0,0,0,0,1.76904e-05,2.20692e-05,2.93517e-05,4.67569e-05,6.78398e-05,9.58645e-05,0.000132223,0.000160895,0.000199181,0.000234543,0.000279522,0.000321177,0.000362335,0.000396912,0.000435877
"GCAM 7.1","CurrentMeasures","Pakistan","Secondary Energy|Liquids|Oil","EJ/yr",0.696281,0.860856,1.09037,1.09793,1.108597,1.2552469,1.4155526,1.58999,1.8241613,2.0569075,2.2650555,2.5904344,2.93050581,3.28227608,3.61158588,3.9113465,4.1664212,4.4073804,4.6335464,4.8395926
"GCAM 7.1","Reference","Pakistan","Secondary Energy|Liquids|Oil","EJ/yr",0.696281,0.860856,1.09037,1.09793,1.133602,1.307088,1.504738,1.723012,1.986389,2.2283511,2.4315262,2.7831254,3.14318455,3.51001249,3.8536953,4.1584444,4.414607,4.6593814,4.889262,5.1518706
"GCAM 7.1","CurrentMeasures","Pakistan","Secondary Energy|Solids","EJ/yr",0.293549496,0.330338399,0.382988783,0.6267251727,0.7086420146,0.8872060439,1.1116454601,1.383250961,1.6925434785,2.0438280771,2.41410665481,2.77695487599,3.125037957713,3.44141496452,3.71715884918,3.94733388729,4.13138598573,4.27151079655,4.37490714608,4.4502300853
"GCAM 7.1","Reference","Pakistan","Secondary Energy|Solids","EJ/yr",0.293549496,0.330338399,0.382988783,0.6267251727,0.7084457663,0.8857517359,1.1079254062,1.3749035256,1.6775225367,2.0205433226,2.38257995223,2.73795239283,3.079603727314,3.39022066789,3.66032895279,3.88387494754,4.05970836831,4.19093307396,4.28550132834,4.3562353802
"GCAM 7.1","CurrentMeasures","Pakistan","Secondary Energy|Solids|Biomass","EJ/yr",0.140677996,0.157497699,0.177331603,0.205907999,0.231235231,0.2811664525,0.3416540585,0.4126042427,0.49197725,0.5811219761,0.66776148011,0.74445512505,0.809602281835,0.86135078793,0.90165182832,0.93118775325,0.95044842573,0.96074501365,0.96480593908,0.9650937661
"GCAM 7.1","Reference","Pakistan","Secondary Energy|Solids|Biomass","EJ/yr",0.140677996,0.157497699,0.177331603,0.205907999,0.231137151,0.2804180668,0.3399651723,0.40920001,0.4862810175,0.5726293833,0.6566757406,0.73117770644,0.794541542887,0.84480780616,0.88376793404,0.91171894116,0.92901806791,0.93727287046,0.93940494414,0.9390996686
"GCAM 7.1","CurrentMeasures","Pakistan","Secondary Energy|Solids|Coal","EJ/yr",0.1528715,0.1728407,0.20565718,0.4208171737,0.4774067836,0.6060395914,0.7699914016,0.9706467183,1.2005662285,1.462706101,1.7463451747,2.03249975094,2.315435675878,2.58006417659,2.81550702086,3.01614613404,3.18093756,3.3107657829,3.410101207,3.4851363192
"GCAM 7.1","Reference","Pakistan","Secondary Energy|Solids|Coal","EJ/yr",0.1528715,0.1728407,0.20565718,0.4208171737,0.4773086153,0.6053336691,0.7679602339,0.9657035156,1.1912415192,1.4479139393,1.72590421163,2.00677468639,2.285062184427,2.54541286173,2.77656101875,2.97215600638,3.1306903004,3.2536602035,3.3460963842,3.4171357116
"GCAM 7.1","CurrentMeasures","Pakistan","Trade|Agriculture","million t DM/yr",-0.00778722540660937,-2.49986461654245,-3.0390762791224,-10.1955126186281,-12.9632599974345,-16.6829541215574,-20.1609301392115,-24.5030513957759,-30.5813552002775,-37.9587640277652,-47.7351062772486,-57.876163591059,-67.2091127671969,-75.7417363856042,-83.426492260975,-89.9821974535246,-95.8515418370715,-100.99848268542,-105.45755590512,-109.32540378919
"GCAM 7.1","Reference","Pakistan","Trade|Agriculture","million t DM/yr",-0.00778722540660937,-2.49986461654245,-3.0390762791224,-10.1955126186281,-12.9655474327248,-16.671526955316,-20.1310354977996,-24.4352285995026,-30.5160823461521,-37.9496833759445,-47.8874446422129,-57.9682091438518,-67.2625114611416,-75.8098701581655,-83.4622970150723,-90.0076841651251,-95.8829248364911,-101.028039902845,-105.488686650863,-109.372240234758
"GCAM 7.1","CurrentMeasures","Pakistan","Trade|Agriculture|Crops","million t DM/yr",-0.00180031560909999,-2.48039589302115,-3.016624231459,-10.2226330859956,-12.9874147178918,-16.704134393797,-20.1783023857504,-24.5127015062532,-30.5775889259613,-37.9383270256932,-47.693672244645,-57.814977619992,-67.1307566183423,-75.647944490159,-83.3195399932272,-89.8642057228306,-95.7236350590507,-100.861834934437,-105.313367716485,-109.174673774434
"GCAM 7.1","Reference","Pakistan","Trade|Agriculture|Crops","million t DM/yr",-0.00180031560909999,-2.48039589302115,-3.016624231459,-10.2226330859956,-12.9896979352831,-16.6927743054686,-20.148538933326,-24.445129460138,-30.5125185595748,-37.9292562486171,-47.8456517623718,-57.9068650139975,-67.1840836914186,-75.7159840869647,-83.3553119125092,-89.8896698998914,-95.7549730209243,-100.891355054436,-105.344468574824,-109.221480725481
"GCAM 7.1","CurrentMeasures","Pakistan","Trade|Agriculture|Crops|Cereals","million t DM/yr",3.38355390188932,4.14524641938345,5.63449091137774,4.00335522078662,3.43801759207883,2.9113068421357,2.63235722490391,2.08519731179444,0.696355497359739,-1.373125479901,-5.11007652848774,-8.91243480473874,-12.1779894776161,-15.1536536545361,-17.6556228503754,-19.7418098762978,-21.6769258078394,-23.367290105214,-24.8211863913846,-26.0950211162327
"GCAM 7.1","Reference","Pakistan","Trade|Agriculture|Crops|Cereals","million t DM/yr",3.38355390188932,4.14524641938345,5.63449091137774,4.00335522078662,3.43659779168197,2.91931278823056,2.65277902157611,2.1299134119738,0.738304126889361,-1.36718139188808,-5.20293006408023,-8.96604875656108,-12.2070536382252,-15.1898874217069,-17.6721729937055,-19.7536834918458,-21.6930989798248,-23.3799415241545,-24.8323069480803,-26.1037806682701
"GCAM 7.1","CurrentMeasures","Pakistan","Trade|Agriculture|Crops|Oil Crops","million t DM/yr",-2.43727843845771,-5.23936302420779,-9.30220504353539,-11.1443933756174,-12.5454249929168,-14.7285954892354,-16.965973950911,-19.5654911856491,-22.6069014124943,-25.8908100108161,-29.3949464086207,-33.043142450096,-36.6169916308193,-39.9655427891902,-43.2007784798412,-46.1189381367762,-48.7628873936025,-51.1389475877933,-53.2698015446904,-55.2138243288178
"GCAM 7.1","Reference","Pakistan","Trade|Agriculture|Crops|Oil Crops","million t DM/yr",-2.43727843845771,-5.23936302420779,-9.30220504353539,-11.1443933756174,-12.5458431249925,-14.7276179344647,-16.9627605947752,-19.55696547419,-22.5987445555446,-25.8907284808814,-29.4179940125115,-33.0572226592479,-36.6277346473571,-39.9800647968224,-43.2130752528934,-46.1299629461214,-48.7743245062271,-51.1527930976925,-53.2879540865168,-55.2524449241319
"GCAM 7.1","CurrentMeasures","Pakistan","Trade|Agriculture|Crops|Other Crops","million t DM/yr",-0.77026564932064,-0.957498558313148,-1.87542269857889,-2.69579483254436,-3.17410921288299,-3.81013892711439,-4.36409228812856,-5.00957816005101,-5.81544525851597,-6.75094898500121,-7.9337344582073,-9.16420223843722,-10.3310880813727,-11.4315167897325,-12.4243473678646,-13.3012212022926,-14.0933401929678,-14.8094037745925,-15.4391488695032,-15.9852102927221
"GCAM 7.1","Reference","Pakistan","Trade|Agriculture|Crops|Other Crops","million t DM/yr",-0.77026564932064,-0.957498558313148,-1.87542269857889,-2.69579483254436,-3.17439138769142,-3.8096490544072,-4.36243365241204,-5.00512457791219,-5.81143668581396,-6.75074574024693,-7.94408523296683,-9.17009920929861,-10.3348839334645,-11.436033380116,-12.426357170481,-13.3025035907059,-14.0947309715713,-14.8106056291025,-15.4400509906154,-15.9849620653822
"GCAM 7.1","CurrentMeasures","Pakistan","Trade|Agriculture|Crops|Sugar Crops","million t DM/yr",-0.177810129720072,-0.428780729883657,2.52651259927754,-0.385800098620443,-0.705898104170871,-1.07670681958288,-1.4805933716148,-2.0228294723475,-2.85159775231079,-3.92344254997494,-5.2549148493293,-6.69519812672007,-8.00468742853424,-9.09723125670026,-10.0387912951459,-10.702236507464,-11.190481664641,-11.5461934668376,-11.7832309109072,-11.8806180366619
"GCAM 7.1","Reference","Pakistan","Trade|Agriculture|Crops|Sugar Crops","million t DM/yr",-0.177810129720072,-0.428780729883657,2.52651259927754,-0.385800098620443,-0.706061214281196,-1.07482010482728,-1.47612370771488,-2.01295282000956,-2.84064144510559,-3.92060063560066,-5.28064245281324,-6.7134943888899,-8.01441147237171,-9.10999848831938,-10.0437064954294,-10.7035198712183,-11.1928185633011,-11.548014803486,-11.7841565496113,-11.8802930676969
"GCAM 7.1","CurrentMeasures","Pakistan","Trade|Agriculture|Livestock","million t DM/yr",-0.00598690979750969,-0.0194687235212995,-0.0224520476634044,0.0271204673675473,0.0241547204573677,0.0211802722396445,0.0173722465389523,0.00965011047734051,-0.00376627431620781,-0.0204370020719412,-0.0414340326035171,-0.0611859710669584,-0.0783561488545392,-0.0937918954452244,-0.10695226774777,-0.117991730693954,-0.127906778020774,-0.136647750982556,-0.144188188634426,-0.150730014755346
"GCAM 7.1","Reference","Pakistan","Trade|Agriculture|Livestock","million t DM/yr",-0.00598690979750969,-0.0194687235212995,-0.0224520476634044,0.0271204673675473,0.0241505025583064,0.0212473501525821,0.0175034355264178,0.0099008606353839,-0.00356378657734406,-0.0204271273273959,-0.041792879841141,-0.0613441298542718,-0.0784277697230963,-0.0938860712007046,-0.106985102563067,-0.118014265233749,-0.127951815566792,-0.136684848409402,-0.144218076039561,-0.15075950927643
"GCAM 7.1","CurrentMeasures","Pakistan","Trade|Agriculture|Livestock|Non-Ruminant","million t DM/yr",-0.000204211845261199,-0.00799562258225921,-0.00333072879935372,0.00622005789618339,0.0048888775136721,0.00367951188768964,0.00292350541913301,0.00190565849711621,0.000211472163858794,-0.00194790499555345,-0.00477855233176987,-0.00734310952818127,-0.00946014031128574,-0.011317460667672,-0.0127906336241684,-0.0139014116349758,-0.0147939164460949,-0.0155120944556737,-0.0160918869478593,-0.0165599989835829
"GCAM 7.1","Reference","Pakistan","Trade|Agriculture|Livestock|Non-Ruminant","million t DM/yr",-0.000204211845261199,-0.00799562258225921,-0.00333072879935372,0.00622005789618339,0.00488715957181795,0.00368858737595707,0.00294291816087147,0.00194448398059313,0.000242338820666786,-0.00194606087717894,-0.00483460770196961,-0.00736795853555666,-0.00947275893269706,-0.0113330885984873,-0.0127967488171504,-0.0139056341801524,-0.0148004684039551,-0.0155171415164882,-0.0160958668458814,-0.0165625710434211
"GCAM 7.1","CurrentMeasures","Pakistan","Trade|Agriculture|Livestock|Non-Ruminant|Meat","million t DM/yr",-0.000204211845261199,-0.00799562258225921,-0.00333072879935372,0.00622005789618339,0.0048888775136721,0.00367951188768964,0.00292350541913301,0.00190565849711621,0.000211472163858794,-0.00194790499555345,-0.00477855233176987,-0.00734310952818127,-0.00946014031128574,-0.011317460667672,-0.0127906336241684,-0.0139014116349758,-0.0147939164460949,-0.0155120944556737,-0.0160918869478593,-0.0165599989835829
"GCAM 7.1","Reference","Pakistan","Trade|Agriculture|Livestock|Non-Ruminant|Meat","million t DM/yr",-0.000204211845261199,-0.00799562258225921,-0.00333072879935372,0.00622005789618339,0.00488715957181795,0.00368858737595707,0.00294291816087147,0.00194448398059313,0.000242338820666786,-0.00194606087717894,-0.00483460770196961,-0.00736795853555666,-0.00947275893269706,-0.0113330885984873,-0.0127967488171504,-0.0139056341801524,-0.0148004684039551,-0.0155171415164882,-0.0160958668458814,-0.0165625710434211
"GCAM 7.1","CurrentMeasures","Pakistan","Trade|Agriculture|Livestock|Non-Ruminant|Meat|Pig","million t DM/yr",0,-6.90679848880179e-05,-3.11157330515686e-05,-0.000153894618145609,-0.000166967127762554,-0.000184741107228017,-0.000203003167120023,-0.000221337930154015,-0.000239463308139084,-0.000257333740439584,-0.000274487319760088,-0.000290764099188224,-0.000305596994216491,-0.000318750446664849,-0.000330022826486187,-0.000339328343972959,-0.000347044570775887,-0.000353489946656876,-0.000358742506321658,-0.000362961711994993
"GCAM 7.1","Reference","Pakistan","Trade|Agriculture|Livestock|Non-Ruminant|Meat|Pig","million t DM/yr",0,-6.90679848880179e-05,-3.11157330515686e-05,-0.000153894618145609,-0.000166967127762554,-0.000184740622540404,-0.000203002197744796,-0.000221335991403562,-0.000239461369388631,-0.000257333740439584,-0.000274491197260994,-0.000290766037938677,-0.000305597963591718,-0.000318751900727689,-0.0003300233111738,-0.000339328828660573,-0.000347045055463501,-0.000353489946656876,-0.000358742991009271,-0.000362961711994993
"GCAM 7.1","CurrentMeasures","Pakistan","Trade|Agriculture|Livestock|Non-Ruminant|Meat|Poultry","million t DM/yr",-0.000204211845261199,-0.0079265545973712,-0.00329961306630215,0.006373952514329,0.00505584464143465,0.00386425299491766,0.00312650858625303,0.00212699642727022,0.000450935471997878,-0.00169057125511386,-0.00450406501200978,-0.00705234542899305,-0.00915454331706924,-0.0109987102210072,-0.0124606107976822,-0.0135620832910029,-0.014446871875319,-0.0151586045090169,-0.0157331444415376,-0.016197037271588
"GCAM 7.1","Reference","Pakistan","Trade|Agriculture|Livestock|Non-Ruminant|Meat|Poultry","million t DM/yr",-0.000204211845261199,-0.0079265545973712,-0.00329961306630215,0.006373952514329,0.0050541266995805,0.00387332799849747,0.00314592035861627,0.00216581997199669,0.000481800190055417,-0.00168872713673936,-0.00456011650470862,-0.00707719249761798,-0.00916716096910535,-0.0110143366977596,-0.0124667255059766,-0.0135663053514919,-0.0144534233484916,-0.0151636515698313,-0.0157371238548721,-0.0161996093314261
"GCAM 7.1","CurrentMeasures","Pakistan","Trade|Agriculture|Livestock|Ruminant","million t DM/yr",-0.00578269795224849,-0.0114731009390403,-0.0191213188640507,0.0209004094713639,0.0192658429436956,0.0175007603519549,0.0144487411198193,0.00774445198022431,-0.00397774648006661,-0.0184890970763877,-0.0366554802717473,-0.0538428615387771,-0.0688960085432534,-0.0824744347775523,-0.0941616341236017,-0.104090319058978,-0.113112861574679,-0.121135656526882,-0.128096301686567,-0.134170015771763
"GCAM 7.1","Reference","Pakistan","Trade|Agriculture|Livestock|Ruminant","million t DM/yr",-0.00578269795224849,-0.0114731009390403,-0.0191213188640507,0.0209004094713639,0.0192633429864885,0.0175587627766251,0.0145605173655463,0.00795637665479078,-0.00380612539801084,-0.018481066450217,-0.0369582721391714,-0.0539761713187151,-0.0689550107903992,-0.0825529826022173,-0.0941883537459171,-0.104108631053596,-0.113151347162837,-0.121167706892914,-0.12812220919368,-0.134196938233009
"GCAM 7.1","CurrentMeasures","Pakistan","Trade|Agriculture|Livestock|Ruminant|Dairy","million t DM/yr",-0.00861196069524471,-0.0208876863481216,-0.0667328029418925,-0.0248064798112285,-0.0282540675478489,-0.0336938613640146,-0.0395898246496338,-0.0465207945140741,-0.0550348170520837,-0.0648506711471093,-0.0765871686665738,-0.0885062175811568,-0.099743461725264,-0.110298953353481,-0.119709690709275,-0.127918768548827,-0.135352688800563,-0.141986774236388,-0.14775485748717,-0.152749585933342
"GCAM 7.1","Reference","Pakistan","Trade|Agriculture|Livestock|Ruminant|Dairy","million t DM/yr",-0.00861196069524471,-0.0208876863481216,-0.0667328029418925,-0.0248064798112285,-0.0282553347215519,-0.0336829532192512,-0.0395656569037508,-0.0464688273286024,-0.0549872392518102,-0.0648477318266641,-0.0766998556806208,-0.0885622083697268,-0.09977265897502,-0.110339111002586,-0.119725393212276,-0.127930094730276,-0.135375262781582,-0.142005180914198,-0.14777041629006,-0.152766411909935
"GCAM 7.1","CurrentMeasures","Pakistan","Trade|Agriculture|Livestock|Ruminant|Meat","million t DM/yr",0.00282926274299621,0.00941458540908137,0.0476114840778418,0.0457068892825925,0.0475199104915444,0.0511946217159695,0.0540385657694531,0.0542652464942984,0.0510570705720171,0.0463615740707216,0.0399316883948265,0.0346633560423797,0.0308474531820106,0.0278245185759288,0.0255480565856737,0.0238284494898492,0.0222398272258833,0.0208511177095057,0.0196585558006028,0.0185795701615787
"GCAM 7.1","Reference","Pakistan","Trade|Agriculture|Livestock|Ruminant|Meat","million t DM/yr",0.00282926274299621,0.00941458540908137,0.0476114840778418,0.0457068892825925,0.0475186777080404,0.0512417159958762,0.0541261742692971,0.0544252039833932,0.0511811138537994,0.0463666653764471,0.0397415835414493,0.0345860370510117,0.0308176481846207,0.0277861284003689,0.025537039466359,0.0238214636766797,0.022223915618745,0.0208374740212847,0.0196482070963805,0.0185694736769262
"GCAM 7.1","CurrentMeasures","Pakistan","Trade|Forestry|Roundwood","million m3/yr",0.00114594782608696,0.000219912173913044,0.000185555652173913,0.00017573652173913,0.000171042608695652,0.000149712173913044,0.000128945217391304,0.000109488695652174,9.24191304347826e-05,7.77974782608696e-05,6.48406956521739e-05,5.38185217391304e-05,4.49467826086957e-05,3.81671304347826e-05,3.28173043478261e-05,2.86493043478261e-05,2.52559130434783e-05,2.24328695652174e-05,2.00872173913043e-05,1.80951304347826e-05
"GCAM 7.1","Reference","Pakistan","Trade|Forestry|Roundwood","million m3/yr",0.00114594782608696,0.000219912173913044,0.000185555652173913,0.00017573652173913,0.000171045217391304,0.000149707826086957,0.000128951304347826,0.000109484347826087,9.24469565217391e-05,7.78506086956522e-05,6.49286086956522e-05,5.38546956521739e-05,4.49784347826087e-05,3.8193652173913e-05,3.28384347826087e-05,2.86685217391304e-05,2.52748695652174e-05,2.24480869565217e-05,2.01007826086957e-05,1.81064347826087e-05
"GCAM 7.1","CurrentMeasures","Pakistan","Trade|Forestry|Roundwood|Industrial Roundwood","million m3/yr",0.00114594782608696,0.000219912173913044,0.000185555652173913,0.00017573652173913,0.000171042608695652,0.000149712173913044,0.000128945217391304,0.000109488695652174,9.24191304347826e-05,7.77974782608696e-05,6.48406956521739e-05,5.38185217391304e-05,4.49467826086957e-05,3.81671304347826e-05,3.28173043478261e-05,2.86493043478261e-05,2.52559130434783e-05,2.24328695652174e-05,2.00872173913043e-05,1.80951304347826e-05
"GCAM 7.1","Reference","Pakistan","Trade|Forestry|Roundwood|Industrial Roundwood","million m3/yr",0.00114594782608696,0.000219912173913044,0.000185555652173913,0.00017573652173913,0.000171045217391304,0.000149707826086957,0.000128951304347826,0.000109484347826087,9.24469565217391e-05,7.78506086956522e-05,6.49286086956522e-05,5.38546956521739e-05,4.49784347826087e-05,3.8193652173913e-05,3.28384347826087e-05,2.86685217391304e-05,2.52748695652174e-05,2.24480869565217e-05,2.01007826086957e-05,1.81064347826087e-05
"GCAM 7.1","CurrentMeasures","Pakistan","Trade|Goods [Value]","billion USD_2010/yr",1.51589699997068e-05,1.5158970000595e-05,-8.03425410002001e-05,-4.54769099995644e-05,2.66453525910038e-15,-1.77635683940025e-15,0,0,0,0,0,0,0,0,0,0,0,0,0,0
"GCAM 7.1","Reference","Pakistan","Trade|Goods [Value]","billion USD_2010/yr",1.51589699997068e-05,1.5158970000595e-05,-8.03425410002001e-05,-4.54769099995644e-05,1.51589700010391e-05,7.5794849998978e-05,0,0,0,0,0,0,0,0,0,0,0,0,0,0
"GCAM 7.1","CurrentMeasures","Pakistan","Trade|Primary Energy|Biomass [Volume]","EJ/yr",0.00736314651422301,0.026977425072272,0.026039766139855,0.037789598794103,0.018215222772702,-0.000972068154754036,-0.028907807841245,-0.0766368234069529,-0.143290782069476,-0.214955797299679,-0.269319747952007,-0.322798517706744,-0.381653858031051,-0.442150051457953,-0.506112623718836,-0.565330075421011,-0.623189271445464,-0.684686054093951,-0.745103707776181,-0.812258271630028
"GCAM 7.1","Reference","Pakistan","Trade|Primary Energy|Biomass [Volume]","EJ/yr",0.00736314651422301,0.026977425072272,0.026039766139855,0.037789598794103,0.017396642891707,-0.00216915561553294,-0.03040292099134,-0.077863407243647,-0.144215450506031,-0.214430174350881,-0.266698163941263,-0.319145332849324,-0.377300490516051,-0.437354369848231,-0.501347244131125,-0.55999235334692,-0.616307155422824,-0.675397251524884,-0.732325828824074,-0.795534367267045
"GCAM 7.1","CurrentMeasures","Pakistan","Trade|Primary Energy|Coal [Volume]","EJ/yr",-0.0785831,-0.1187766,-0.1386561,-0.513994,-0.590501,-0.776983,-1.013395,-1.352684,-1.764954,-2.20951,-2.644136,-3.220911,-3.866123,-4.550919,-5.271872,-5.96371,-6.587485,-7.202269,-7.786888,-8.338104
"GCAM 7.1","Reference","Pakistan","Trade|Primary Energy|Coal [Volume]","EJ/yr",-0.0785831,-0.1187766,-0.1386561,-0.513994,-0.609139,-0.824676,-1.096476,-1.485028,-1.965262,-2.471723,-2.948159,-3.619213,-4.371947,-5.194093,-6.085617,-6.949461,-7.725082,-8.49891,-9.233459,-9.879647
"GCAM 7.1","CurrentMeasures","Pakistan","Trade|Primary Energy|Gas [Volume]","EJ/yr",-0.00557999999999992,0.0123200000000001,-0.17249,-0.32695,-0.3247,-0.3837,-0.46998,-0.63189,-0.85493,-1.12142,-1.38278,-1.69811,-2.02573,-2.37437,-2.7526,-3.1285,-3.49078,-3.89004,-4.27863,-4.66407
"GCAM 7.1","Reference","Pakistan","Trade|Primary Energy|Gas [Volume]","EJ/yr",-0.00557999999999992,0.0123200000000001,-0.17249,-0.32695,-0.33359,-0.40605,-0.51065,-0.69881,-0.95772,-1.24983,-1.52603,-1.88139,-2.2531,-2.64974,-3.08186,-3.51003,-3.92214,-4.37625,-4.83742,-5.29114
"GCAM 7.1","CurrentMeasures","Pakistan","Trade|Primary Energy|Oil [Volume]","EJ/yr",-0.566718,-0.733985,-0.918692,-0.926876,-0.913622,-1.051817,-1.215995,-1.401085,-1.629976,-1.897031,-2.072408,-2.382329,-2.702344,-3.030653,-3.32435,-3.576057,-3.786809,-3.991483,-4.181216,-4.346166
"GCAM 7.1","Reference","Pakistan","Trade|Primary Energy|Oil [Volume]","EJ/yr",-0.566718,-0.733985,-0.918692,-0.926876,-0.938306,-1.102957,-1.303949,-1.532246,-1.800113,-2.068926,-2.234803,-2.570284,-2.910201,-3.252053,-3.558226,-3.81519,-4.02769,-4.23623,-4.429218,-4.645857
"GCAM 7.1","CurrentMeasures","Pakistan","Capacity|Electricity|Other","GW",0,0,0,0,0,0,0,0,0,0,0,0,0,0,0,0,0,0,0,0
"GCAM 7.1","Reference","Pakistan","Capacity|Electricity|Other","GW",0,0,0,0,0,0,0,0,0,0,0,0,0,0,0,0,0,0,0,0
"GCAM 7.1","CurrentMeasures","Pakistan","Emissions|BC|Energy|Demand|Other Sector","Mt BC/yr",0,0,0,0,0,0,0,0,0,0,0,0,0,0,0,0,0,0,0,0
"GCAM 7.1","Reference","Pakistan","Emissions|BC|Energy|Demand|Other Sector","Mt BC/yr",0,0,0,0,0,0,0,0,0,0,0,0,0,0,0,0,0,0,0,0
"GCAM 7.1","CurrentMeasures","Pakistan","Emissions|BC|Energy|Supply|Other","Mt BC/yr",0,0,0,0,0,0,0,0,0,0,0,0,0,0,0,0,0,0,0,0
"GCAM 7.1","Reference","Pakistan","Emissions|BC|Energy|Supply|Other","Mt BC/yr",0,0,0,0,0,0,0,0,0,0,0,0,0,0,0,0,0,0,0,0
"GCAM 7.1","CurrentMeasures","Pakistan","Emissions|BC|Industrial Processes|Other Sector","Mt BC/yr",0,0,0,0,0,0,0,0,0,0,0,0,0,0,0,0,0,0,0,0
"GCAM 7.1","Reference","Pakistan","Emissions|BC|Industrial Processes|Other Sector","Mt BC/yr",0,0,0,0,0,0,0,0,0,0,0,0,0,0,0,0,0,0,0,0
"GCAM 7.1","CurrentMeasures","Pakistan","Emissions|BC|Other","Mt BC/yr",0,0,0,0,0,0,0,0,0,0,0,0,0,0,0,0,0,0,0,0
"GCAM 7.1","Reference","Pakistan","Emissions|BC|Other","Mt BC/yr",0,0,0,0,0,0,0,0,0,0,0,0,0,0,0,0,0,0,0,0
"GCAM 7.1","CurrentMeasures","Pakistan","Emissions|BC|Other Capture and Removal","Mt BC/yr",0,0,0,0,0,0,0,0,0,0,0,0,0,0,0,0,0,0,0,0
"GCAM 7.1","Reference","Pakistan","Emissions|BC|Other Capture and Removal","Mt BC/yr",0,0,0,0,0,0,0,0,0,0,0,0,0,0,0,0,0,0,0,0
"GCAM 7.1","CurrentMeasures","Pakistan","Emissions|C2F6|AFOLU|Land|Other","kt C2F6/yr",0,0,0,0,0,0,0,0,0,0,0,0,0,0,0,0,0,0,0,0
"GCAM 7.1","Reference","Pakistan","Emissions|C2F6|AFOLU|Land|Other","kt C2F6/yr",0,0,0,0,0,0,0,0,0,0,0,0,0,0,0,0,0,0,0,0
"GCAM 7.1","CurrentMeasures","Pakistan","Emissions|C2F6|Energy|Demand|Other Sector","kt C2F6/yr",0,0,0,0,0,0,0,0,0,0,0,0,0,0,0,0,0,0,0,0
"GCAM 7.1","Reference","Pakistan","Emissions|C2F6|Energy|Demand|Other Sector","kt C2F6/yr",0,0,0,0,0,0,0,0,0,0,0,0,0,0,0,0,0,0,0,0
"GCAM 7.1","CurrentMeasures","Pakistan","Emissions|C2F6|Energy|Supply|Other","kt C2F6/yr",0,0,0,0,0,0,0,0,0,0,0,0,0,0,0,0,0,0,0,0
"GCAM 7.1","Reference","Pakistan","Emissions|C2F6|Energy|Supply|Other","kt C2F6/yr",0,0,0,0,0,0,0,0,0,0,0,0,0,0,0,0,0,0,0,0
"GCAM 7.1","CurrentMeasures","Pakistan","Emissions|C2F6|Industrial Processes|Other Sector","kt C2F6/yr",0,0,0,0,0,0,0,0,0,0,0,0,0,0,0,0,0,0,0,0
"GCAM 7.1","Reference","Pakistan","Emissions|C2F6|Industrial Processes|Other Sector","kt C2F6/yr",0,0,0,0,0,0,0,0,0,0,0,0,0,0,0,0,0,0,0,0
"GCAM 7.1","CurrentMeasures","Pakistan","Emissions|C2F6|Other","kt C2F6/yr",0,0,0,0,0,0,0,0,0,0,0,0,0,0,0,0,0,0,0,0
"GCAM 7.1","Reference","Pakistan","Emissions|C2F6|Other","kt C2F6/yr",0,0,0,0,0,0,0,0,0,0,0,0,0,0,0,0,0,0,0,0
"GCAM 7.1","CurrentMeasures","Pakistan","Emissions|C2F6|Other Capture and Removal","kt C2F6/yr",0,0,0,0,0,0,0,0,0,0,0,0,0,0,0,0,0,0,0,0
"GCAM 7.1","Reference","Pakistan","Emissions|C2F6|Other Capture and Removal","kt C2F6/yr",0,0,0,0,0,0,0,0,0,0,0,0,0,0,0,0,0,0,0,0
"GCAM 7.1","CurrentMeasures","Pakistan","Emissions|CH4|Energy|Demand|Other Sector","Mt CH4/yr",0,0,0,0,0,0,0,0,0,0,0,0,0,0,0,0,0,0,0,0
"GCAM 7.1","Reference","Pakistan","Emissions|CH4|Energy|Demand|Other Sector","Mt CH4/yr",0,0,0,0,0,0,0,0,0,0,0,0,0,0,0,0,0,0,0,0
"GCAM 7.1","CurrentMeasures","Pakistan","Emissions|CH4|Energy|Supply|Other","Mt CH4/yr",0,0,0,0,0,0,0,0,0,0,0,0,0,0,0,0,0,0,0,0
"GCAM 7.1","Reference","Pakistan","Emissions|CH4|Energy|Supply|Other","Mt CH4/yr",0,0,0,0,0,0,0,0,0,0,0,0,0,0,0,0,0,0,0,0
"GCAM 7.1","CurrentMeasures","Pakistan","Emissions|CH4|Industrial Processes|Other Sector","Mt CH4/yr",0,0,0,0,0,0,0,0,0,0,0,0,0,0,0,0,0,0,0,0
"GCAM 7.1","Reference","Pakistan","Emissions|CH4|Industrial Processes|Other Sector","Mt CH4/yr",0,0,0,0,0,0,0,0,0,0,0,0,0,0,0,0,0,0,0,0
"GCAM 7.1","CurrentMeasures","Pakistan","Emissions|CH4|Other","Mt CH4/yr",0,0,0,0,0,0,0,0,0,0,0,0,0,0,0,0,0,0,0,0
"GCAM 7.1","Reference","Pakistan","Emissions|CH4|Other","Mt CH4/yr",0,0,0,0,0,0,0,0,0,0,0,0,0,0,0,0,0,0,0,0
"GCAM 7.1","CurrentMeasures","Pakistan","Emissions|CH4|Other Capture and Removal","Mt CH4/yr",0,0,0,0,0,0,0,0,0,0,0,0,0,0,0,0,0,0,0,0
"GCAM 7.1","Reference","Pakistan","Emissions|CH4|Other Capture and Removal","Mt CH4/yr",0,0,0,0,0,0,0,0,0,0,0,0,0,0,0,0,0,0,0,0
"GCAM 7.1","CurrentMeasures","Pakistan","Emissions|CO|Energy|Demand|Other Sector","Mt CO/yr",0,0,0,0,0,0,0,0,0,0,0,0,0,0,0,0,0,0,0,0
"GCAM 7.1","Reference","Pakistan","Emissions|CO|Energy|Demand|Other Sector","Mt CO/yr",0,0,0,0,0,0,0,0,0,0,0,0,0,0,0,0,0,0,0,0
"GCAM 7.1","CurrentMeasures","Pakistan","Emissions|CO|Energy|Supply|Other","Mt CO/yr",0,0,0,0,0,0,0,0,0,0,0,0,0,0,0,0,0,0,0,0
"GCAM 7.1","Reference","Pakistan","Emissions|CO|Energy|Supply|Other","Mt CO/yr",0,0,0,0,0,0,0,0,0,0,0,0,0,0,0,0,0,0,0,0
"GCAM 7.1","CurrentMeasures","Pakistan","Emissions|CO|Industrial Processes|Other Sector","Mt CO/yr",0,0,0,0,0,0,0,0,0,0,0,0,0,0,0,0,0,0,0,0
"GCAM 7.1","Reference","Pakistan","Emissions|CO|Industrial Processes|Other Sector","Mt CO/yr",0,0,0,0,0,0,0,0,0,0,0,0,0,0,0,0,0,0,0,0
"GCAM 7.1","CurrentMeasures","Pakistan","Emissions|CO|Other","Mt CO/yr",0,0,0,0,0,0,0,0,0,0,0,0,0,0,0,0,0,0,0,0
"GCAM 7.1","Reference","Pakistan","Emissions|CO|Other","Mt CO/yr",0,0,0,0,0,0,0,0,0,0,0,0,0,0,0,0,0,0,0,0
"GCAM 7.1","CurrentMeasures","Pakistan","Emissions|CO|Other Capture and Removal","Mt CO/yr",0,0,0,0,0,0,0,0,0,0,0,0,0,0,0,0,0,0,0,0
"GCAM 7.1","Reference","Pakistan","Emissions|CO|Other Capture and Removal","Mt CO/yr",0,0,0,0,0,0,0,0,0,0,0,0,0,0,0,0,0,0,0,0
"GCAM 7.1","CurrentMeasures","Pakistan","Emissions|CO2|AFOLU|Land|Other","Mt CO2/yr",0,0,0,0,0,0,0,0,0,0,0,0,0,0,0,0,0,0,0,0
"GCAM 7.1","Reference","Pakistan","Emissions|CO2|AFOLU|Land|Other","Mt CO2/yr",0,0,0,0,0,0,0,0,0,0,0,0,0,0,0,0,0,0,0,0
"GCAM 7.1","CurrentMeasures","Pakistan","Emissions|CO2|Other","Mt CO2/yr",0,0,0,0,0,0,0,0,0,0,0,0,0,0,0,0,0,0,0,0
"GCAM 7.1","Reference","Pakistan","Emissions|CO2|Other","Mt CO2/yr",0,0,0,0,0,0,0,0,0,0,0,0,0,0,0,0,0,0,0,0
"GCAM 7.1","CurrentMeasures","Pakistan","Emissions|CO2|Other Capture and Removal","Mt CO2/yr",0,0,0,0,0,0,0,0,0,0,0,0,0,0,0,0,0,0,0,0
"GCAM 7.1","Reference","Pakistan","Emissions|CO2|Other Capture and Removal","Mt CO2/yr",0,0,0,0,0,0,0,0,0,0,0,0,0,0,0,0,0,0,0,0
"GCAM 7.1","CurrentMeasures","Pakistan","Emissions|Kyoto Gases|AFOLU|Land|Other","Mt CO2-equiv/yr",0,0,0,0,0,0,0,0,0,0,0,0,0,0,0,0,0,0,0,0
"GCAM 7.1","Reference","Pakistan","Emissions|Kyoto Gases|AFOLU|Land|Other","Mt CO2-equiv/yr",0,0,0,0,0,0,0,0,0,0,0,0,0,0,0,0,0,0,0,0
"GCAM 7.1","CurrentMeasures","Pakistan","Emissions|Kyoto Gases|Energy|Demand|Other Sector","Mt CO2-equiv/yr",0,0,0,0,0,0,0,0,0,0,0,0,0,0,0,0,0,0,0,0
"GCAM 7.1","Reference","Pakistan","Emissions|Kyoto Gases|Energy|Demand|Other Sector","Mt CO2-equiv/yr",0,0,0,0,0,0,0,0,0,0,0,0,0,0,0,0,0,0,0,0
"GCAM 7.1","CurrentMeasures","Pakistan","Emissions|Kyoto Gases|Energy|Supply|Other","Mt CO2-equiv/yr",0,0,0,0,0,0,0,0,0,0,0,0,0,0,0,0,0,0,0,0
"GCAM 7.1","Reference","Pakistan","Emissions|Kyoto Gases|Energy|Supply|Other","Mt CO2-equiv/yr",0,0,0,0,0,0,0,0,0,0,0,0,0,0,0,0,0,0,0,0
"GCAM 7.1","CurrentMeasures","Pakistan","Emissions|Kyoto Gases|Other Capture and Removal","Mt CO2-equiv/yr",0,0,0,0,0,0,0,0,0,0,0,0,0,0,0,0,0,0,0,0
"GCAM 7.1","Reference","Pakistan","Emissions|Kyoto Gases|Other Capture and Removal","Mt CO2-equiv/yr",0,0,0,0,0,0,0,0,0,0,0,0,0,0,0,0,0,0,0,0
"GCAM 7.1","CurrentMeasures","Pakistan","Emissions|N2O|Energy|Demand|Other Sector","kt N2O/yr",0,0,0,0,0,0,0,0,0,0,0,0,0,0,0,0,0,0,0,0
"GCAM 7.1","Reference","Pakistan","Emissions|N2O|Energy|Demand|Other Sector","kt N2O/yr",0,0,0,0,0,0,0,0,0,0,0,0,0,0,0,0,0,0,0,0
"GCAM 7.1","CurrentMeasures","Pakistan","Emissions|N2O|Energy|Supply|Other","kt N2O/yr",0,0,0,0,0,0,0,0,0,0,0,0,0,0,0,0,0,0,0,0
"GCAM 7.1","Reference","Pakistan","Emissions|N2O|Energy|Supply|Other","kt N2O/yr",0,0,0,0,0,0,0,0,0,0,0,0,0,0,0,0,0,0,0,0
"GCAM 7.1","CurrentMeasures","Pakistan","Emissions|N2O|Industrial Processes|Other Sector","kt N2O/yr",0,0,0,0,0,0,0,0,0,0,0,0,0,0,0,0,0,0,0,0
"GCAM 7.1","Reference","Pakistan","Emissions|N2O|Industrial Processes|Other Sector","kt N2O/yr",0,0,0,0,0,0,0,0,0,0,0,0,0,0,0,0,0,0,0,0
"GCAM 7.1","CurrentMeasures","Pakistan","Emissions|N2O|Other","kt N2O/yr",0,0,0,0,0,0,0,0,0,0,0,0,0,0,0,0,0,0,0,0
"GCAM 7.1","Reference","Pakistan","Emissions|N2O|Other","kt N2O/yr",0,0,0,0,0,0,0,0,0,0,0,0,0,0,0,0,0,0,0,0
"GCAM 7.1","CurrentMeasures","Pakistan","Emissions|N2O|Other Capture and Removal","kt N2O/yr",0,0,0,0,0,0,0,0,0,0,0,0,0,0,0,0,0,0,0,0
"GCAM 7.1","Reference","Pakistan","Emissions|N2O|Other Capture and Removal","kt N2O/yr",0,0,0,0,0,0,0,0,0,0,0,0,0,0,0,0,0,0,0,0
"GCAM 7.1","CurrentMeasures","Pakistan","Emissions|NH3|Energy|Demand|Other Sector","Mt NH3/yr",0,0,0,0,0,0,0,0,0,0,0,0,0,0,0,0,0,0,0,0
"GCAM 7.1","Reference","Pakistan","Emissions|NH3|Energy|Demand|Other Sector","Mt NH3/yr",0,0,0,0,0,0,0,0,0,0,0,0,0,0,0,0,0,0,0,0
"GCAM 7.1","CurrentMeasures","Pakistan","Emissions|NH3|Energy|Supply|Other","Mt NH3/yr",0,0,0,0,0,0,0,0,0,0,0,0,0,0,0,0,0,0,0,0
"GCAM 7.1","Reference","Pakistan","Emissions|NH3|Energy|Supply|Other","Mt NH3/yr",0,0,0,0,0,0,0,0,0,0,0,0,0,0,0,0,0,0,0,0
"GCAM 7.1","CurrentMeasures","Pakistan","Emissions|NH3|Industrial Processes|Other Sector","Mt NH3/yr",0,0,0,0,0,0,0,0,0,0,0,0,0,0,0,0,0,0,0,0
"GCAM 7.1","Reference","Pakistan","Emissions|NH3|Industrial Processes|Other Sector","Mt NH3/yr",0,0,0,0,0,0,0,0,0,0,0,0,0,0,0,0,0,0,0,0
"GCAM 7.1","CurrentMeasures","Pakistan","Emissions|NH3|Other","Mt NH3/yr",0,0,0,0,0,0,0,0,0,0,0,0,0,0,0,0,0,0,0,0
"GCAM 7.1","Reference","Pakistan","Emissions|NH3|Other","Mt NH3/yr",0,0,0,0,0,0,0,0,0,0,0,0,0,0,0,0,0,0,0,0
"GCAM 7.1","CurrentMeasures","Pakistan","Emissions|NH3|Other Capture and Removal","Mt NH3/yr",0,0,0,0,0,0,0,0,0,0,0,0,0,0,0,0,0,0,0,0
"GCAM 7.1","Reference","Pakistan","Emissions|NH3|Other Capture and Removal","Mt NH3/yr",0,0,0,0,0,0,0,0,0,0,0,0,0,0,0,0,0,0,0,0
"GCAM 7.1","CurrentMeasures","Pakistan","Emissions|NOx|Energy|Demand|Other Sector","Mt NO2/yr",0,0,0,0,0,0,0,0,0,0,0,0,0,0,0,0,0,0,0,0
"GCAM 7.1","Reference","Pakistan","Emissions|NOx|Energy|Demand|Other Sector","Mt NO2/yr",0,0,0,0,0,0,0,0,0,0,0,0,0,0,0,0,0,0,0,0
"GCAM 7.1","CurrentMeasures","Pakistan","Emissions|NOx|Energy|Supply|Other","Mt NO2/yr",0,0,0,0,0,0,0,0,0,0,0,0,0,0,0,0,0,0,0,0
"GCAM 7.1","Reference","Pakistan","Emissions|NOx|Energy|Supply|Other","Mt NO2/yr",0,0,0,0,0,0,0,0,0,0,0,0,0,0,0,0,0,0,0,0
"GCAM 7.1","CurrentMeasures","Pakistan","Emissions|NOx|Industrial Processes|Other Sector","Mt NO2/yr",0,0,0,0,0,0,0,0,0,0,0,0,0,0,0,0,0,0,0,0
"GCAM 7.1","Reference","Pakistan","Emissions|NOx|Industrial Processes|Other Sector","Mt NO2/yr",0,0,0,0,0,0,0,0,0,0,0,0,0,0,0,0,0,0,0,0
"GCAM 7.1","CurrentMeasures","Pakistan","Emissions|NOx|Other","Mt NO2/yr",0,0,0,0,0,0,0,0,0,0,0,0,0,0,0,0,0,0,0,0
"GCAM 7.1","Reference","Pakistan","Emissions|NOx|Other","Mt NO2/yr",0,0,0,0,0,0,0,0,0,0,0,0,0,0,0,0,0,0,0,0
"GCAM 7.1","CurrentMeasures","Pakistan","Emissions|NOx|Other Capture and Removal","Mt NO2/yr",0,0,0,0,0,0,0,0,0,0,0,0,0,0,0,0,0,0,0,0
"GCAM 7.1","Reference","Pakistan","Emissions|NOx|Other Capture and Removal","Mt NO2/yr",0,0,0,0,0,0,0,0,0,0,0,0,0,0,0,0,0,0,0,0
"GCAM 7.1","CurrentMeasures","Pakistan","Emissions|OC|Energy|Demand|Other Sector","Mt OC/yr",0,0,0,0,0,0,0,0,0,0,0,0,0,0,0,0,0,0,0,0
"GCAM 7.1","Reference","Pakistan","Emissions|OC|Energy|Demand|Other Sector","Mt OC/yr",0,0,0,0,0,0,0,0,0,0,0,0,0,0,0,0,0,0,0,0
"GCAM 7.1","CurrentMeasures","Pakistan","Emissions|OC|Energy|Supply|Other","Mt OC/yr",0,0,0,0,0,0,0,0,0,0,0,0,0,0,0,0,0,0,0,0
"GCAM 7.1","Reference","Pakistan","Emissions|OC|Energy|Supply|Other","Mt OC/yr",0,0,0,0,0,0,0,0,0,0,0,0,0,0,0,0,0,0,0,0
"GCAM 7.1","CurrentMeasures","Pakistan","Emissions|OC|Industrial Processes|Other Sector","Mt OC/yr",0,0,0,0,0,0,0,0,0,0,0,0,0,0,0,0,0,0,0,0
"GCAM 7.1","Reference","Pakistan","Emissions|OC|Industrial Processes|Other Sector","Mt OC/yr",0,0,0,0,0,0,0,0,0,0,0,0,0,0,0,0,0,0,0,0
"GCAM 7.1","CurrentMeasures","Pakistan","Emissions|OC|Other","Mt OC/yr",0,0,0,0,0,0,0,0,0,0,0,0,0,0,0,0,0,0,0,0
"GCAM 7.1","Reference","Pakistan","Emissions|OC|Other","Mt OC/yr",0,0,0,0,0,0,0,0,0,0,0,0,0,0,0,0,0,0,0,0
"GCAM 7.1","CurrentMeasures","Pakistan","Emissions|OC|Other Capture and Removal","Mt OC/yr",0,0,0,0,0,0,0,0,0,0,0,0,0,0,0,0,0,0,0,0
"GCAM 7.1","Reference","Pakistan","Emissions|OC|Other Capture and Removal","Mt OC/yr",0,0,0,0,0,0,0,0,0,0,0,0,0,0,0,0,0,0,0,0
"GCAM 7.1","CurrentMeasures","Pakistan","Emissions|Sulfur|Energy|Demand|Other Sector","Mt SO2/yr",0,0,0,0,0,0,0,0,0,0,0,0,0,0,0,0,0,0,0,0
"GCAM 7.1","Reference","Pakistan","Emissions|Sulfur|Energy|Demand|Other Sector","Mt SO2/yr",0,0,0,0,0,0,0,0,0,0,0,0,0,0,0,0,0,0,0,0
"GCAM 7.1","CurrentMeasures","Pakistan","Emissions|Sulfur|Energy|Supply|Other","Mt SO2/yr",0,0,0,0,0,0,0,0,0,0,0,0,0,0,0,0,0,0,0,0
"GCAM 7.1","Reference","Pakistan","Emissions|Sulfur|Energy|Supply|Other","Mt SO2/yr",0,0,0,0,0,0,0,0,0,0,0,0,0,0,0,0,0,0,0,0
"GCAM 7.1","CurrentMeasures","Pakistan","Emissions|Sulfur|Industrial Processes|Other Sector","Mt SO2/yr",0,0,0,0,0,0,0,0,0,0,0,0,0,0,0,0,0,0,0,0
"GCAM 7.1","Reference","Pakistan","Emissions|Sulfur|Industrial Processes|Other Sector","Mt SO2/yr",0,0,0,0,0,0,0,0,0,0,0,0,0,0,0,0,0,0,0,0
"GCAM 7.1","CurrentMeasures","Pakistan","Emissions|Sulfur|Other","Mt SO2/yr",0,0,0,0,0,0,0,0,0,0,0,0,0,0,0,0,0,0,0,0
"GCAM 7.1","Reference","Pakistan","Emissions|Sulfur|Other","Mt SO2/yr",0,0,0,0,0,0,0,0,0,0,0,0,0,0,0,0,0,0,0,0
"GCAM 7.1","CurrentMeasures","Pakistan","Emissions|Sulfur|Other Capture and Removal","Mt SO2/yr",0,0,0,0,0,0,0,0,0,0,0,0,0,0,0,0,0,0,0,0
"GCAM 7.1","Reference","Pakistan","Emissions|Sulfur|Other Capture and Removal","Mt SO2/yr",0,0,0,0,0,0,0,0,0,0,0,0,0,0,0,0,0,0,0,0
"GCAM 7.1","CurrentMeasures","Pakistan","Emissions|VOC|Energy|Demand|Other Sector","Mt VOC/yr",0,0,0,0,0,0,0,0,0,0,0,0,0,0,0,0,0,0,0,0
"GCAM 7.1","Reference","Pakistan","Emissions|VOC|Energy|Demand|Other Sector","Mt VOC/yr",0,0,0,0,0,0,0,0,0,0,0,0,0,0,0,0,0,0,0,0
"GCAM 7.1","CurrentMeasures","Pakistan","Emissions|VOC|Energy|Supply|Other","Mt VOC/yr",0,0,0,0,0,0,0,0,0,0,0,0,0,0,0,0,0,0,0,0
"GCAM 7.1","Reference","Pakistan","Emissions|VOC|Energy|Supply|Other","Mt VOC/yr",0,0,0,0,0,0,0,0,0,0,0,0,0,0,0,0,0,0,0,0
"GCAM 7.1","CurrentMeasures","Pakistan","Emissions|VOC|Industrial Processes|Other Sector","Mt VOC/yr",0,0,0,0,0,0,0,0,0,0,0,0,0,0,0,0,0,0,0,0
"GCAM 7.1","Reference","Pakistan","Emissions|VOC|Industrial Processes|Other Sector","Mt VOC/yr",0,0,0,0,0,0,0,0,0,0,0,0,0,0,0,0,0,0,0,0
"GCAM 7.1","CurrentMeasures","Pakistan","Emissions|VOC|Other","Mt VOC/yr",0,0,0,0,0,0,0,0,0,0,0,0,0,0,0,0,0,0,0,0
"GCAM 7.1","Reference","Pakistan","Emissions|VOC|Other","Mt VOC/yr",0,0,0,0,0,0,0,0,0,0,0,0,0,0,0,0,0,0,0,0
"GCAM 7.1","CurrentMeasures","Pakistan","Emissions|VOC|Other Capture and Removal","Mt VOC/yr",0,0,0,0,0,0,0,0,0,0,0,0,0,0,0,0,0,0,0,0
"GCAM 7.1","Reference","Pakistan","Emissions|VOC|Other Capture and Removal","Mt VOC/yr",0,0,0,0,0,0,0,0,0,0,0,0,0,0,0,0,0,0,0,0
"GCAM 7.1","CurrentMeasures","Pakistan","Final Energy|Agriculture|Other","EJ/yr",0,0,0,0,0,0,0,0,0,0,0,0,0,0,0,0,0,0,0,0
"GCAM 7.1","Reference","Pakistan","Final Energy|Agriculture|Other","EJ/yr",0,0,0,0,0,0,0,0,0,0,0,0,0,0,0,0,0,0,0,0
"GCAM 7.1","CurrentMeasures","Pakistan","Final Energy|Bunkers|Other","EJ/yr",0,0,0,0,0,0,0,0,0,0,0,0,0,0,0,0,0,0,0,0
"GCAM 7.1","Reference","Pakistan","Final Energy|Bunkers|Other","EJ/yr",0,0,0,0,0,0,0,0,0,0,0,0,0,0,0,0,0,0,0,0
"GCAM 7.1","CurrentMeasures","Pakistan","Final Energy|Commercial|Other","EJ/yr",0,0,0,0,0,0,0,0,0,0,0,0,0,0,0,0,0,0,0,0
"GCAM 7.1","Reference","Pakistan","Final Energy|Commercial|Other","EJ/yr",0,0,0,0,0,0,0,0,0,0,0,0,0,0,0,0,0,0,0,0
"GCAM 7.1","CurrentMeasures","Pakistan","Final Energy|Industry|Chemicals|Ammonia|Other","EJ/yr",0,0,0,0,0,0,0,0,0,0,0,0,0,0,0,0,0,0,0,0
"GCAM 7.1","Reference","Pakistan","Final Energy|Industry|Chemicals|Ammonia|Other","EJ/yr",0,0,0,0,0,0,0,0,0,0,0,0,0,0,0,0,0,0,0,0
"GCAM 7.1","CurrentMeasures","Pakistan","Final Energy|Industry|Chemicals|Other","EJ/yr",0,0,0,0,0,0,0,0,0,0,0,0,0,0,0,0,0,0,0,0
"GCAM 7.1","Reference","Pakistan","Final Energy|Industry|Chemicals|Other","EJ/yr",0,0,0,0,0,0,0,0,0,0,0,0,0,0,0,0,0,0,0,0
"GCAM 7.1","CurrentMeasures","Pakistan","Final Energy|Industry|Chemicals|Other Sector|Other","EJ/yr",0,0,0,0,0,0,0,0,0,0,0,0,0,0,0,0,0,0,0,0
"GCAM 7.1","Reference","Pakistan","Final Energy|Industry|Chemicals|Other Sector|Other","EJ/yr",0,0,0,0,0,0,0,0,0,0,0,0,0,0,0,0,0,0,0,0
"GCAM 7.1","CurrentMeasures","Pakistan","Final Energy|Industry|Chemicals|Other Sector|Solids|Biomass","EJ/yr",0,0,0,0,0,0,0,0,0,0,0,0,0,0,0,0,0,0,0,0
"GCAM 7.1","Reference","Pakistan","Final Energy|Industry|Chemicals|Other Sector|Solids|Biomass","EJ/yr",0,0,0,0,0,0,0,0,0,0,0,0,0,0,0,0,0,0,0,0
"GCAM 7.1","CurrentMeasures","Pakistan","Final Energy|Industry|Iron and Steel|Other","EJ/yr",0,0,0,0,0,0,0,0,0,0,0,0,0,0,0,0,0,0,0,0
"GCAM 7.1","Reference","Pakistan","Final Energy|Industry|Iron and Steel|Other","EJ/yr",0,0,0,0,0,0,0,0,0,0,0,0,0,0,0,0,0,0,0,0
"GCAM 7.1","CurrentMeasures","Pakistan","Final Energy|Industry|Non-Ferrous Metals|Other","EJ/yr",0,0,0,0,0,0,0,0,0,0,0,0,0,0,0,0,0,0,0,0
"GCAM 7.1","Reference","Pakistan","Final Energy|Industry|Non-Ferrous Metals|Other","EJ/yr",0,0,0,0,0,0,0,0,0,0,0,0,0,0,0,0,0,0,0,0
"GCAM 7.1","CurrentMeasures","Pakistan","Final Energy|Industry|Other Sector|Other","EJ/yr",0,0,0,0,0,0,0,0,0,0,0,0,0,0,0,0,0,0,0,0
"GCAM 7.1","Reference","Pakistan","Final Energy|Industry|Other Sector|Other","EJ/yr",0,0,0,0,0,0,0,0,0,0,0,0,0,0,0,0,0,0,0,0
"GCAM 7.1","CurrentMeasures","Pakistan","Final Energy|Industry|Pulp and Paper|Other","EJ/yr",0,0,0,0,0,0,0,0,0,0,0,0,0,0,0,0,0,0,0,0
"GCAM 7.1","Reference","Pakistan","Final Energy|Industry|Pulp and Paper|Other","EJ/yr",0,0,0,0,0,0,0,0,0,0,0,0,0,0,0,0,0,0,0,0
"GCAM 7.1","CurrentMeasures","Pakistan","Final Energy|Non-Energy Use|Other","EJ/yr",0,0,0,0,0,0,0,0,0,0,0,0,0,0,0,0,0,0,0,0
"GCAM 7.1","Reference","Pakistan","Final Energy|Non-Energy Use|Other","EJ/yr",0,0,0,0,0,0,0,0,0,0,0,0,0,0,0,0,0,0,0,0
"GCAM 7.1","CurrentMeasures","Pakistan","Final Energy|Non-Energy Use|Other Sector|Heat","EJ/yr",0,0,0,0,0,0,0,0,0,0,0,0,0,0,0,0,0,0,0,0
"GCAM 7.1","Reference","Pakistan","Final Energy|Non-Energy Use|Other Sector|Heat","EJ/yr",0,0,0,0,0,0,0,0,0,0,0,0,0,0,0,0,0,0,0,0
"GCAM 7.1","CurrentMeasures","Pakistan","Final Energy|Non-Energy Use|Other Sector|Hydrogen","EJ/yr",0,0,0,0,0,0,0,0,0,0,0,0,0,0,0,0,0,0,0,0
"GCAM 7.1","Reference","Pakistan","Final Energy|Non-Energy Use|Other Sector|Hydrogen","EJ/yr",0,0,0,0,0,0,0,0,0,0,0,0,0,0,0,0,0,0,0,0
"GCAM 7.1","CurrentMeasures","Pakistan","Final Energy|Non-Energy Use|Other Sector|Solids","EJ/yr",0,0,0,0,0,0,0,0,0,0,0,0,0,0,0,0,0,0,0,0
"GCAM 7.1","Reference","Pakistan","Final Energy|Non-Energy Use|Other Sector|Solids","EJ/yr",0,0,0,0,0,0,0,0,0,0,0,0,0,0,0,0,0,0,0,0
"GCAM 7.1","CurrentMeasures","Pakistan","Final Energy|Non-Energy Use|Other Sector|Solids|Biomass","EJ/yr",0,0,0,0,0,0,0,0,0,0,0,0,0,0,0,0,0,0,0,0
"GCAM 7.1","Reference","Pakistan","Final Energy|Non-Energy Use|Other Sector|Solids|Biomass","EJ/yr",0,0,0,0,0,0,0,0,0,0,0,0,0,0,0,0,0,0,0,0
"GCAM 7.1","CurrentMeasures","Pakistan","Final Energy|Non-Energy Use|Other Sector|Solids|Coal","EJ/yr",0,0,0,0,0,0,0,0,0,0,0,0,0,0,0,0,0,0,0,0
"GCAM 7.1","Reference","Pakistan","Final Energy|Non-Energy Use|Other Sector|Solids|Coal","EJ/yr",0,0,0,0,0,0,0,0,0,0,0,0,0,0,0,0,0,0,0,0
"GCAM 7.1","CurrentMeasures","Pakistan","Final Energy|Residential and Commercial|Other","EJ/yr",0,0,0,0,0,0,0,0,0,0,0,0,0,0,0,0,0,0,0,0
"GCAM 7.1","Reference","Pakistan","Final Energy|Residential and Commercial|Other","EJ/yr",0,0,0,0,0,0,0,0,0,0,0,0,0,0,0,0,0,0,0,0
"GCAM 7.1","CurrentMeasures","Pakistan","Final Energy|Residential|Other","EJ/yr",0,0,0,0,0,0,0,0,0,0,0,0,0,0,0,0,0,0,0,0
"GCAM 7.1","Reference","Pakistan","Final Energy|Residential|Other","EJ/yr",0,0,0,0,0,0,0,0,0,0,0,0,0,0,0,0,0,0,0,0
"GCAM 7.1","CurrentMeasures","Pakistan","Final Energy|Transportation (w/ bunkers)|Other","EJ/yr",0,0,0,0,0,0,0,0,0,0,0,0,0,0,0,0,0,0,0,0
"GCAM 7.1","Reference","Pakistan","Final Energy|Transportation (w/ bunkers)|Other","EJ/yr",0,0,0,0,0,0,0,0,0,0,0,0,0,0,0,0,0,0,0,0
"GCAM 7.1","CurrentMeasures","Pakistan","Final Energy|Transportation|Bus|Other","EJ/yr",0,0,0,0,0,0,0,0,0,0,0,0,0,0,0,0,0,0,0,0
"GCAM 7.1","Reference","Pakistan","Final Energy|Transportation|Bus|Other","EJ/yr",0,0,0,0,0,0,0,0,0,0,0,0,0,0,0,0,0,0,0,0
"GCAM 7.1","CurrentMeasures","Pakistan","Final Energy|Transportation|Domestic Aviation|Other","EJ/yr",0,0,0,0,0,0,0,0,0,0,0,0,0,0,0,0,0,0,0,0
"GCAM 7.1","Reference","Pakistan","Final Energy|Transportation|Domestic Aviation|Other","EJ/yr",0,0,0,0,0,0,0,0,0,0,0,0,0,0,0,0,0,0,0,0
"GCAM 7.1","CurrentMeasures","Pakistan","Final Energy|Transportation|Domestic Shipping|Other","EJ/yr",0,0,0,0,0,0,0,0,0,0,0,0,0,0,0,0,0,0,0,0
"GCAM 7.1","Reference","Pakistan","Final Energy|Transportation|Domestic Shipping|Other","EJ/yr",0,0,0,0,0,0,0,0,0,0,0,0,0,0,0,0,0,0,0,0
"GCAM 7.1","CurrentMeasures","Pakistan","Final Energy|Transportation|Freight|Other","EJ/yr",0,0,0,0,0,0,0,0,0,0,0,0,0,0,0,0,0,0,0,0
"GCAM 7.1","Reference","Pakistan","Final Energy|Transportation|Freight|Other","EJ/yr",0,0,0,0,0,0,0,0,0,0,0,0,0,0,0,0,0,0,0,0
"GCAM 7.1","CurrentMeasures","Pakistan","Final Energy|Transportation|Other","EJ/yr",0,0,0,0,0,0,0,0,0,0,0,0,0,0,0,0,0,0,0,0
"GCAM 7.1","Reference","Pakistan","Final Energy|Transportation|Other","EJ/yr",0,0,0,0,0,0,0,0,0,0,0,0,0,0,0,0,0,0,0,0
"GCAM 7.1","CurrentMeasures","Pakistan","Final Energy|Transportation|Passenger|Other","EJ/yr",0,0,0,0,0,0,0,0,0,0,0,0,0,0,0,0,0,0,0,0
"GCAM 7.1","Reference","Pakistan","Final Energy|Transportation|Passenger|Other","EJ/yr",0,0,0,0,0,0,0,0,0,0,0,0,0,0,0,0,0,0,0,0
"GCAM 7.1","CurrentMeasures","Pakistan","Final Energy|Transportation|Rail|Other","EJ/yr",0,0,0,0,0,0,0,0,0,0,0,0,0,0,0,0,0,0,0,0
"GCAM 7.1","Reference","Pakistan","Final Energy|Transportation|Rail|Other","EJ/yr",0,0,0,0,0,0,0,0,0,0,0,0,0,0,0,0,0,0,0,0
"GCAM 7.1","CurrentMeasures","Pakistan","Final Energy|Transportation|Truck|Other","EJ/yr",0,0,0,0,0,0,0,0,0,0,0,0,0,0,0,0,0,0,0,0
"GCAM 7.1","Reference","Pakistan","Final Energy|Transportation|Truck|Other","EJ/yr",0,0,0,0,0,0,0,0,0,0,0,0,0,0,0,0,0,0,0,0
"GCAM 7.1","CurrentMeasures","Pakistan","Secondary Energy|Electricity|Other","EJ/yr",0,0,0,0,0,0,0,0,0,0,0,0,0,0,0,0,0,0,0,0
"GCAM 7.1","Reference","Pakistan","Secondary Energy|Electricity|Other","EJ/yr",0,0,0,0,0,0,0,0,0,0,0,0,0,0,0,0,0,0,0,0
"GCAM 7.1","CurrentMeasures","Pakistan","Water Consumption|Electricity|Other","km3/yr",0,0,0,0,0,0,0,0,0,0,0,0,0,0,0,0,0,0,0,0
"GCAM 7.1","Reference","Pakistan","Water Consumption|Electricity|Other","km3/yr",0,0,0,0,0,0,0,0,0,0,0,0,0,0,0,0,0,0,0,0
"GCAM 7.1","CurrentMeasures","Pakistan","Water Withdrawal|Electricity|Other","km3/yr",0,0,0,0,0,0,0,0,0,0,0,0,0,0,0,0,0,0,0,0
"GCAM 7.1","Reference","Pakistan","Water Withdrawal|Electricity|Other","km3/yr",0,0,0,0,0,0,0,0,0,0,0,0,0,0,0,0,0,0,0,0
