"Model","Scenario","Region","Variable","Unit","2005","2010","2015","2021","2025","2030","2035","2040","2045","2050","2055","2060","2065","2070","2075","2080","2085","2090","2095","2100"
"GCAM 7.1","Reference","China","Capacity Additions|Electricity","GW/yr",0,0,0,1464.45285098919,416.883556632216,467.897781172634,468.44073569501,481.572941065959,487.811939036228,581.648715680402,549.715967034877,575.611841027321,567.29096445801,561.404642858843,551.576897723976,624.73686856038,626.773382527735,598.683043505356,575.250096332456,559.788729005693
"GCAM 7.1","Reference","Pakistan","Capacity Additions|Electricity","GW/yr",0,0,0,122.987352698865,10.2479154290915,17.2080369233883,20.1586572908834,26.9608724728602,32.6059877217907,33.8762204001876,32.4421795882652,46.348124568984,55.6199923029163,64.6849479334808,74.1542849334065,78.5452833096392,80.2797117754621,87.9215325801651,92.0576527903438,96.5849765657862
"GCAM 7.1","Reference","World","Capacity Additions|Electricity","GW/yr",0,0,0,1587.44020368805,427.131472061308,485.105818096023,488.599392985894,508.533813538819,520.417926758019,615.52493608059,582.158146623142,621.959965596306,622.910956760927,626.089590792323,625.731182657382,703.282151870019,707.053094303197,686.604576085521,667.3077491228,656.373705571479
"GCAM 7.1","Reference","China","Capacity Additions|Electricity|Biomass","GW/yr",0,0,0,32.934589951794,1.62189054310278,0.989990268430605,0.866172238251999,0.90693652530672,0.965017923511729,1.8157790619682,1.4395484185406,1.47976158250201,1.18089045991411,0.945266958355708,0.678092774127369,1.40328642064129,1.53413292581369,1.12314785328453,0.807320777453556,0.645760619102451
"GCAM 7.1","Reference","Pakistan","Capacity Additions|Electricity|Biomass","GW/yr",0,0,0,0.145383152940468,0.0163061150051612,0.0357798353170743,0.0466389963337609,0.0820953806297661,0.114776352288008,0.117092131919519,0.089508836913373,0.174295248644488,0.223065811515193,0.273579517209706,0.334688730600223,0.355182261039218,0.363553911657006,0.439488511289792,0.467010316936,0.487533451376735
"GCAM 7.1","Reference","World","Capacity Additions|Electricity|Biomass","GW/yr",0,0,0,33.0799731047344,1.63819665810794,1.02577010374768,0.91281123458576,0.989031905936486,1.07979427579974,1.93287119388772,1.52905725545398,1.6540568311465,1.4039562714293,1.21884647556541,1.01278150472759,1.75846868168051,1.89768683747069,1.56263636457432,1.27433109438956,1.13329407047919
"GCAM 7.1","Reference","China","Capacity Additions|Electricity|Biomass|w/o CCS","GW/yr",0,0,0,32.934589951794,1.62189054310278,0.989990268430605,0.866172238251999,0.90693652530672,0.965017923511729,1.8157790619682,1.4395484185406,1.47976158250201,1.18089045991411,0.945266958355708,0.678092774127369,1.40328642064129,1.53413292581369,1.12314785328453,0.807320777453556,0.645760619102451
"GCAM 7.1","Reference","Pakistan","Capacity Additions|Electricity|Biomass|w/o CCS","GW/yr",0,0,0,0.145383152940468,0.0163061150051612,0.0357798353170743,0.0466389963337609,0.0820953806297661,0.114776352288008,0.117092131919519,0.089508836913373,0.174295248644488,0.223065811515193,0.273579517209706,0.334688730600223,0.355182261039218,0.363553911657006,0.439488511289792,0.467010316936,0.487533451376735
"GCAM 7.1","Reference","World","Capacity Additions|Electricity|Biomass|w/o CCS","GW/yr",0,0,0,33.0799731047344,1.63819665810794,1.02577010374768,0.91281123458576,0.989031905936486,1.07979427579974,1.93287119388772,1.52905725545398,1.6540568311465,1.4039562714293,1.21884647556541,1.01278150472759,1.75846868168051,1.89768683747069,1.56263636457432,1.27433109438956,1.13329407047919
"GCAM 7.1","Reference","China","Capacity Additions|Electricity|Coal","GW/yr",0,0,0,419.669365602952,33.3064049261205,19.6249711590317,16.0529045765444,15.7753412588343,15.5849243951412,27.4561181850134,21.0209270189691,20.3985313091418,15.385888473534,11.6806205089512,7.94275756736015,15.6764480912318,16.3357804958468,11.3673938130097,7.72919863959616,5.8855803555449
"GCAM 7.1","Reference","Pakistan","Capacity Additions|Electricity|Coal","GW/yr",0,0,0,2.25072990569359,0.27921277314056,0.601505680044247,0.733823511024448,1.21382030835855,1.58883124248198,1.53226017565658,1.15420080593766,2.17104723353357,2.68001161359655,3.16005557915127,3.70604667178261,3.78438915672132,3.72692430169265,4.33467616470737,4.4151829364174,4.44495036426826
"GCAM 7.1","Reference","World","Capacity Additions|Electricity|Coal","GW/yr",0,0,0,421.920095508645,33.5856176992611,20.2264768390759,16.7867280875689,16.9891615671929,17.1737556376232,28.9883783606699,22.1751278249068,22.5695785426754,18.0659000871306,14.8406760881025,11.6488042391428,19.4608372479531,20.0627047975395,15.702069977717,12.1443815760136,10.3305307198132
"GCAM 7.1","Reference","China","Capacity Additions|Electricity|Coal|w/o CCS","GW/yr",0,0,0,419.669365602952,33.3064049261205,19.6249711590317,16.0529045765444,15.7753412588343,15.5849243951412,27.4561181850134,21.0209270189691,20.3985313091418,15.385888473534,11.6806205089512,7.94275756736015,15.6764480912318,16.3357804958468,11.3673938130097,7.72919863959616,5.8855803555449
"GCAM 7.1","Reference","Pakistan","Capacity Additions|Electricity|Coal|w/o CCS","GW/yr",0,0,0,2.25072990569359,0.27921277314056,0.601505680044247,0.733823511024448,1.21382030835855,1.58883124248198,1.53226017565658,1.15420080593766,2.17104723353357,2.68001161359655,3.16005557915127,3.70604667178261,3.78438915672132,3.72692430169265,4.33467616470737,4.4151829364174,4.44495036426826
"GCAM 7.1","Reference","World","Capacity Additions|Electricity|Coal|w/o CCS","GW/yr",0,0,0,421.920095508645,33.5856176992611,20.2264768390759,16.7867280875689,16.9891615671929,17.1737556376232,28.9883783606699,22.1751278249068,22.5695785426754,18.0659000871306,14.8406760881025,11.6488042391428,19.4608372479531,20.0627047975395,15.702069977717,12.1443815760136,10.3305307198132
"GCAM 7.1","Reference","China","Capacity Additions|Electricity|Fossil","GW/yr",0,0,0,770.399823287698,35.8526266821277,21.233110026919,17.3445736318858,16.9805120546179,16.7992789782071,29.6607289988589,22.8656428162277,22.4193003360142,16.9625722250547,12.9231993025088,8.85912153993646,17.5473267744663,18.435410446792,12.9806874742401,9.0003660321451,7.05210670094769
"GCAM 7.1","Reference","Pakistan","Capacity Additions|Electricity|Fossil","GW/yr",0,0,0,111.84040025206,1.09809486706994,2.37052146039625,2.73531278027252,4.26095143338226,5.39992537125365,4.95622567550438,3.53086018071065,6.4624716562953,7.58271085178757,8.45675651527897,9.49397361318309,9.18471076482348,8.61462358376159,9.64899608677634,9.52493402714477,9.45463137246928
"GCAM 7.1","Reference","World","Capacity Additions|Electricity|Fossil","GW/yr",0,0,0,882.240223539758,36.9507215491977,23.6036314873152,20.0798864121583,21.2414634880001,22.1992043494608,34.6169546743633,26.3965029969383,28.8817719923095,24.5452830768423,21.3799558177878,18.3530951531196,26.7320375392898,27.0500340305536,22.6296835610165,18.5253000592899,16.506738073417
"GCAM 7.1","Reference","China","Capacity Additions|Electricity|Fossil|w/o CCS","GW/yr",0,0,0,770.399823287698,35.8526266821277,21.233110026919,17.3445736318858,16.9805120546179,16.7992789782071,29.6607289988589,22.8656428162277,22.4193003360142,16.9625722250547,12.9231993025088,8.85912153993646,17.5473267744663,18.435410446792,12.9806874742401,9.0003660321451,7.05210670094769
"GCAM 7.1","Reference","Pakistan","Capacity Additions|Electricity|Fossil|w/o CCS","GW/yr",0,0,0,111.84040025206,1.09809486706994,2.37052146039625,2.73531278027252,4.26095143338226,5.39992537125365,4.95622567550438,3.53086018071065,6.4624716562953,7.58271085178757,8.45675651527897,9.49397361318309,9.18471076482348,8.61462358376159,9.64899608677634,9.52493402714477,9.45463137246928
"GCAM 7.1","Reference","World","Capacity Additions|Electricity|Fossil|w/o CCS","GW/yr",0,0,0,882.240223539758,36.9507215491977,23.6036314873152,20.0798864121583,21.2414634880001,22.1992043494608,34.6169546743633,26.3965029969383,28.8817719923095,24.5452830768423,21.3799558177878,18.3530951531196,26.7320375392898,27.0500340305536,22.6296835610165,18.5253000592899,16.506738073417
"GCAM 7.1","Reference","China","Capacity Additions|Electricity|Gas","GW/yr",0,0,0,319.012989653652,2.40625798751658,1.52532438866803,1.21687346603224,1.12630927313889,1.13102872168947,2.05445283004053,1.73743350496319,1.91453953848398,1.49703245665843,1.18300447759831,0.876602309535216,1.79515262577313,2.02313358513798,1.56115255789809,1.23599859385153,1.14033140765742
"GCAM 7.1","Reference","Pakistan","Capacity Additions|Electricity|Gas","GW/yr",0,0,0,60.1071383774608,0.59596410631759,1.2449165829438,1.32548019219772,1.90486811399647,2.33919170832282,2.10372568161174,1.53054695727178,2.86319205118208,3.37316105338053,3.7575907822252,4.27323998044044,4.1614088272708,3.94991311110561,4.51552174173251,4.56875859849139,4.48303906298671
"GCAM 7.1","Reference","World","Capacity Additions|Electricity|Gas","GW/yr",0,0,0,379.120128031113,3.00222209383417,2.77024097161183,2.54235365822995,3.03117738713536,3.47022043001229,4.15817851165227,3.26798046223498,4.77773158966606,4.87019351003896,4.94059525982352,5.14984228997565,5.95656145304393,5.9730466962436,6.0766742996306,5.80475719234292,5.62337047064414
"GCAM 7.1","Reference","China","Capacity Additions|Electricity|Gas|w/o CCS","GW/yr",0,0,0,319.012989653652,2.40625798751658,1.52532438866803,1.21687346603224,1.12630927313889,1.13102872168947,2.05445283004053,1.73743350496319,1.91453953848398,1.49703245665843,1.18300447759831,0.876602309535216,1.79515262577313,2.02313358513798,1.56115255789809,1.23599859385153,1.14033140765742
"GCAM 7.1","Reference","Pakistan","Capacity Additions|Electricity|Gas|w/o CCS","GW/yr",0,0,0,60.1071383774608,0.59596410631759,1.2449165829438,1.32548019219772,1.90486811399647,2.33919170832282,2.10372568161174,1.53054695727178,2.86319205118208,3.37316105338053,3.7575907822252,4.27323998044044,4.1614088272708,3.94991311110561,4.51552174173251,4.56875859849139,4.48303906298671
"GCAM 7.1","Reference","World","Capacity Additions|Electricity|Gas|w/o CCS","GW/yr",0,0,0,379.120128031113,3.00222209383417,2.77024097161183,2.54235365822995,3.03117738713536,3.47022043001229,4.15817851165227,3.26798046223498,4.77773158966606,4.87019351003896,4.94059525982352,5.14984228997565,5.95656145304393,5.9730466962436,6.0766742996306,5.80475719234292,5.62337047064414
"GCAM 7.1","Reference","China","Capacity Additions|Electricity|Geothermal","GW/yr",0,0,0,3.16,0.718239900097715,0.577267403020318,0.549742478266639,0.562524371358483,0.57151069403777,0.902754460127483,0.814869266134928,0.85834234431348,0.739176075025441,0.634303732443152,0.494950265771705,0.914887333204421,0.966254240501376,0.784387851074731,0.611530309967804,0.510857591473297
"GCAM 7.1","Reference","Pakistan","Capacity Additions|Electricity|Geothermal","GW/yr",0,0,0,0,0.0163578103531537,0.0710983828174005,0.107860509570663,0.170835583307774,0.195879027197517,0.172793061461194,0.129271553155716,0.232283700194196,0.278670892318205,0.327026966201103,0.377151021287298,0.372536080704077,0.358275942458973,0.410104625384755,0.425384048859344,0.4342746375668
"GCAM 7.1","Reference","World","Capacity Additions|Electricity|Geothermal","GW/yr",0,0,0,3.16,0.734597710450869,0.648365785837719,0.657602987837302,0.733359954666258,0.767389721235287,1.07554752158868,0.944140819290645,1.09062604450768,1.01784696734365,0.961330698644255,0.872101287059003,1.2874234139085,1.32453018296035,1.19449247645949,1.03691435882715,0.945132229040097
"GCAM 7.1","Reference","China","Capacity Additions|Electricity|Hydro","GW/yr",0,0,0,264.261423070427,264.261423070427,264.261423070427,264.261423070427,264.261423070427,264.261423070427,264.261423070427,264.261423070427,264.261423070427,264.261423070427,264.261423070427,264.261423070427,264.261423070427,264.261423070427,264.261423070427,264.261423070427,264.261423070427
"GCAM 7.1","Reference","Pakistan","Capacity Additions|Electricity|Hydro","GW/yr",0,0,0,6.81857692957334,7.06603143250297,7.37536367561304,7.6846959187231,7.99402816183317,8.30336040494324,8.61269264805331,8.92202489116338,9.23141359206558,9.54074583517565,9.85007807828572,10.1594103213958,10.4687425645059,10.7780748076159,11.087407050726,11.3967392938361,11.7060715369461
"GCAM 7.1","Reference","World","Capacity Additions|Electricity|Hydro","GW/yr",0,0,0,271.08,271.32745450293,271.63678674604,271.94611898915,272.25545123226,272.56478347537,272.87411571848,273.18344796159,273.492836662492,273.802168905602,274.111501148712,274.420833391822,274.730165634933,275.039497878043,275.348830121153,275.658162364263,275.967494607373
"GCAM 7.1","Reference","China","Capacity Additions|Electricity|Non-Biomass Renewables","GW/yr",0,0,0,580.629469248183,379.409039406986,443.919365590521,447.437668804549,460.407959545091,466.25468215283,542.478380964431,519.508386391758,545.938368068016,544.784458515787,544.233228626481,539.814416186328,601.450258595271,602.348949494147,581.515600012311,563.370094455979,550.530703377506
"GCAM 7.1","Reference","Pakistan","Capacity Additions|Electricity|Non-Biomass Renewables","GW/yr",0,0,0,7.97053285767177,9.13351444701639,14.7937240137867,17.3575758832889,22.5832129342703,27.0418992324199,28.7511788835461,28.7802187408182,39.6322683699793,47.7153938623972,55.8360814574195,64.1843312831081,68.8585823855865,71.1539817916597,77.6571064111411,81.8799849666651,86.4489401333828
"GCAM 7.1","Reference","World","Capacity Additions|Electricity|Non-Biomass Renewables","GW/yr",0,0,0,588.600002105855,388.542553854002,458.713089604308,464.795244687838,482.991172479361,493.29658138525,571.229559847977,548.288605132576,585.570636437995,592.499852378184,600.0693100839,603.998747469436,670.308840980857,673.502931285807,659.172706423452,645.250079422644,636.979643510888
"GCAM 7.1","Reference","China","Capacity Additions|Electricity|Nuclear","GW/yr",0,0,0,80.4889685015112,0,1.7553152867635,2.79232102032371,3.27753294094357,3.79295998167972,7.69382665514464,5.90238940835053,5.77441104078967,4.36304325725501,3.30294797149692,2.22526722358413,4.33599677000147,4.45488966098201,3.06360816551988,2.07231506687863,1.560158308137
"GCAM 7.1","Reference","Pakistan","Capacity Additions|Electricity|Nuclear","GW/yr",0,0,0,3.03103643619275,0,0.00801161388819097,0.0191296309882138,0.0346127245779098,0.049386765829183,0.0517237092175773,0.0415918298230145,0.0790892940650006,0.0988217772162994,0.118530443572626,0.141291306515079,0.146807898190017,0.147552488383759,0.17594157095787,0.185723479597991,0.193871608557397
"GCAM 7.1","Reference","World","Capacity Additions|Electricity|Nuclear","GW/yr",0,0,0,83.5200049377039,0,1.76332690065169,2.81145065131193,3.31214566552148,3.8423467475089,7.74555036436221,5.94398123817354,5.85350033485467,4.46186503447131,3.42147841506954,2.36655853009921,4.48280466819149,4.60244214936577,3.23954973647775,2.25803854647662,1.7540299166944
"GCAM 7.1","Reference","China","Capacity Additions|Electricity|Oil","GW/yr",0,0,0,31.7174680310941,0.139963768490629,0.0828144792192348,0.0747955893091329,0.0788615226446291,0.0833258613764374,0.150157983804987,0.107282292295332,0.106229488388394,0.0796512948622697,0.0595743159592845,0.039761663041095,0.0757260574613774,0.0764963658072484,0.0521411033323515,0.0351687986974114,0.0261949377453597
"GCAM 7.1","Reference","Pakistan","Capacity Additions|Electricity|Oil","GW/yr",0,0,0,49.4825319689059,0.22291798761179,0.524099197408203,0.676009077050358,1.14226301102724,1.47190242044886,1.32023981823607,0.846112417501206,1.42823237157965,1.52953818481049,1.53911015390249,1.51468696096005,1.23891278083136,0.937786170963326,0.798798180336468,0.540992492235973,0.526641945214299
"GCAM 7.1","Reference","World","Capacity Additions|Electricity|Oil","GW/yr",0,0,0,81.2,0.362881756102419,0.606913676627438,0.750804666359491,1.22112453367187,1.5552282818253,1.47039780204105,0.953394709796538,1.53446185996804,1.60918947967276,1.59868446986177,1.55444862400114,1.31463883829274,1.01428253677057,0.850939283668819,0.576161290933385,0.552836882959659
"GCAM 7.1","Reference","China","Capacity Additions|Electricity|Oil|w/o CCS","GW/yr",0,0,0,31.7174680310941,0.139963768490629,0.0828144792192348,0.0747955893091329,0.0788615226446291,0.0833258613764374,0.150157983804987,0.107282292295332,0.106229488388394,0.0796512948622697,0.0595743159592845,0.039761663041095,0.0757260574613774,0.0764963658072484,0.0521411033323515,0.0351687986974114,0.0261949377453597
"GCAM 7.1","Reference","Pakistan","Capacity Additions|Electricity|Oil|w/o CCS","GW/yr",0,0,0,49.4825319689059,0.22291798761179,0.524099197408203,0.676009077050358,1.14226301102724,1.47190242044886,1.32023981823607,0.846112417501206,1.42823237157965,1.52953818481049,1.53911015390249,1.51468696096005,1.23891278083136,0.937786170963326,0.798798180336468,0.540992492235973,0.526641945214299
"GCAM 7.1","Reference","World","Capacity Additions|Electricity|Oil|w/o CCS","GW/yr",0,0,0,81.2,0.362881756102419,0.606913676627438,0.750804666359491,1.22112453367187,1.5552282818253,1.47039780204105,0.953394709796538,1.53446185996804,1.60918947967276,1.59868446986177,1.55444862400114,1.31463883829274,1.01428253677057,0.850939283668819,0.576161290933385,0.552836882959659
"GCAM 7.1","Reference","China","Capacity Additions|Electricity|Solar","GW/yr",0,0,0,166.986257755658,86.7031988104946,145.191034449636,153.579162925539,167.275272522143,174.432812559427,225.17499193749,215.486648145679,243.288951815884,251.92990635679,258.417178980874,260.726380942936,307.019854178629,307.194894069227,295.248907941613,283.76654904018,274.599008219057
"GCAM 7.1","Reference","Pakistan","Capacity Additions|Electricity|Solar","GW/yr",0,0,0,0.453744350197113,1.75164657214019,6.04578888149361,7.9844805983262,11.9456110084448,15.5015013221787,17.1523294727837,17.716274391376,26.4396023153752,33.4360067044136,40.5073158785127,47.7450255555755,52.2378537230448,54.6400887458171,60.0886758341906,63.9083167382376,68.1836090560202
"GCAM 7.1","Reference","World","Capacity Additions|Electricity|Solar","GW/yr",0,0,0,167.440002105855,88.4548453826348,151.236823331129,161.563643523865,179.220883530588,189.934313881606,242.327321410274,233.202922537055,269.72855413126,285.365913061204,298.924494859387,308.471406498511,359.257707901673,361.834982815044,355.337583775804,347.674865778417,342.782617275077
"GCAM 7.1","Reference","China","Capacity Additions|Electricity|Solar|CSP","GW/yr",0,0,0,1.52000210585525,0.0120208739344388,0.0505117083559986,0.0920178017668436,0.170325908105718,0.277548311340759,0.72154064313453,0.693115997903629,0.777742657859433,0.654678125710634,0.535723159377284,0.374878177324027,0.753995238036973,0.834559503807238,0.595021186011177,0.419226542502261,0.331063907177159
"GCAM 7.1","Reference","Pakistan","Capacity Additions|Electricity|Solar|CSP","GW/yr",0,0,0,0,8.9059861034587e-05,0.00186292558950077,0.00569181002284033,0.0180306691221701,0.0361645103229618,0.0482089693328213,0.0454755663158766,0.0943675401361757,0.126420875017581,0.156621989310619,0.186642129238263,0.19919155517594,0.20441259723347,0.241634158494923,0.249025803428375,0.25175882465362
"GCAM 7.1","Reference","World","Capacity Additions|Electricity|Solar|CSP","GW/yr",0,0,0,1.52000210585525,0.0121099337954734,0.0523746339454993,0.097709611789684,0.188356577227888,0.313712821663721,0.769749612467351,0.738591564219505,0.872110197995609,0.781099000728215,0.692345148687903,0.56152030656229,0.953186793212912,1.03897210104071,0.8366553445061,0.668252345930636,0.582822731830779
"GCAM 7.1","Reference","China","Capacity Additions|Electricity|Solar|PV","GW/yr",0,0,0,165.466255649803,86.6911779365602,145.14052274128,153.487145123772,167.104946614037,174.155264248086,224.453451294356,214.793532147776,242.511209158025,251.27522823108,257.881455821497,260.351502765612,306.265858940592,306.36033456542,294.653886755602,283.347322497678,274.26794431188
"GCAM 7.1","Reference","Pakistan","Capacity Additions|Electricity|Solar|PV","GW/yr",0,0,0,0.453744350197113,1.75155751227915,6.04392595590411,7.97878878830336,11.9275803393227,15.4653368118557,17.1041205034509,17.6707988250602,26.345234775239,33.309585829396,40.3506938892021,47.5583834263372,52.0386621678689,54.4356761485837,59.8470416756957,63.6592909348092,67.9318502313666
"GCAM 7.1","Reference","World","Capacity Additions|Electricity|Solar|PV","GW/yr",0,0,0,165.92,88.4427354488393,151.184448697184,161.465933912076,179.03252695336,189.620601059942,241.557571797806,232.464330972836,268.856443933264,284.584814060476,298.232149710699,307.909886191949,358.30452110846,360.796010714003,354.500928431298,347.006613432487,342.199794543246
"GCAM 7.1","Reference","China","Capacity Additions|Electricity|Wind","GW/yr",0,0,0,146.221788422099,27.7261776259668,33.8896406674387,29.0473403303162,28.3087395811628,26.9889358289382,52.1392114963865,38.9454459095173,37.529650837391,27.8539530135443,20.9203228427371,14.331661907194,29.2540940130112,29.9263781139926,21.2208811491965,14.7305920354045,11.1594144965487
"GCAM 7.1","Reference","Pakistan","Capacity Additions|Electricity|Wind","GW/yr",0,0,0,0.698211577901318,0.299478632020086,1.30147307386269,1.5805388566689,2.47273818068448,3.04115847810046,2.81336370124792,2.01264790512309,3.7289687623443,4.45997043048978,5.15166053441999,5.90274438484955,5.77945001733173,5.37754229576767,6.07091890083976,6.14954488573205,6.12498490284967
"GCAM 7.1","Reference","World","Capacity Additions|Electricity|Wind","GW/yr",0,0,0,146.92,28.0256562579869,35.1911137413014,30.6278791869852,30.7814777618473,30.0300943070386,54.9525751976344,40.9580938146404,41.2586195997353,32.313923444034,26.0719833771571,20.2344062920435,35.033544030343,35.3039204097603,27.2918000500363,20.8801369211366,17.2843993993984
"GCAM 7.1","Reference","China","Capacity Additions|Electricity|Wind|Offshore","GW/yr",0,0,0,0,1.45356948041967,3.96377332677577,5.22418067733945,6.76067454495933,7.87407141229469,13.5280969497207,9.81788838407469,9.12706849847028,6.71882543279259,5.02082246941563,3.58560221509984,6.75832208007421,6.88492183507565,4.63822500933745,3.05604379736987,2.25720243865934
"GCAM 7.1","Reference","Pakistan","Capacity Additions|Electricity|Wind|Offshore","GW/yr",0,0,0,0,0.000749421024031973,0.0085245898599989,0.0189395709760975,0.0458562265636693,0.0767175943217504,0.0882112424946436,0.0655415289083473,0.116755308526948,0.137303470228697,0.153804154188639,0.171810415675054,0.167871894201611,0.161387139024887,0.181484617980225,0.176325910115056,0.169208465698178
"GCAM 7.1","Reference","World","Capacity Additions|Electricity|Wind|Offshore","GW/yr",0,0,0,0,1.4543189014437,3.97229791663577,5.24312024831555,6.806530771523,7.95078900661644,13.6163081922153,9.88342991298304,9.24382380699722,6.85612890302129,5.17462662360427,3.75741263077489,6.92619397427582,7.04630897410054,4.81970962731768,3.23236970748493,2.42641090435752
"GCAM 7.1","Reference","China","Capacity Additions|Electricity|Wind|Onshore","GW/yr",0,0,0,146.221788422099,26.2726081455471,29.9258673406629,23.8231596529768,21.5480650362035,19.1148644166435,38.6111145466658,29.1275575254426,28.4025823389208,21.1351275807517,15.8995003733215,10.7460596920941,22.495771932937,23.041456278917,16.582656139859,11.6745482380347,8.90221205788936
"GCAM 7.1","Reference","Pakistan","Capacity Additions|Electricity|Wind|Onshore","GW/yr",0,0,0,0.698211577901318,0.298729210996054,1.29294848400269,1.56159928569281,2.42688195412082,2.96444088377871,2.72515245875328,1.94710637621474,3.61221345381735,4.32266696026108,4.99785638023135,5.73093396917449,5.61157812313012,5.21615515674279,5.88943428285954,5.97321897561699,5.95577643715149
"GCAM 7.1","Reference","World","Capacity Additions|Electricity|Wind|Onshore","GW/yr",0,0,0,146.92,26.5713373565432,31.2188158246656,25.3847589386696,23.9749469903243,22.0793053004222,41.3362670054191,31.0746639016573,32.0147957927381,25.4577945410127,20.8973567535528,16.4769936612686,28.1073500560672,28.2576114356598,22.4720904227186,17.6477672136517,14.8579884950408
"GCAM 7.1","Reference","China","Capacity|Electricity","GW",2070.21947286543,2868.26182320663,4286.63614210054,7322.26425494593,8064.2525771321,9638.11682448756,10962.2117004591,12080.0737836142,13024.3073749955,13067.9185786479,13221.6428291209,13072.2761722912,12772.0681035511,12448.2923481466,12015.626476786,11509.1693570078,11122.4502666968,10628.9755456841,10152.86329005,9712.0676427356
"GCAM 7.1","Reference","Pakistan","Capacity|Electricity","GW",516.33053746385,627.97523579338,713.595605124848,614.936763494326,542.550147402627,572.021830919746,617.042236869941,701.65704882456,817.856880924259,921.302303704912,979.479836067293,1119.24480115972,1260.70152908253,1459.09889305427,1670.07282346129,1883.15672103826,2088.11313640343,2271.26317882012,2433.98155082114,2581.86411940871
"GCAM 7.1","Reference","World","Capacity|Electricity","GW",2586.55001032928,3496.23705900001,5000.23174722538,7937.20101844026,8606.80272453473,10210.1386554073,11579.253937329,12781.7308324388,13842.1642559198,13989.2208823528,14201.1226651882,14191.5209734509,14032.7696326336,13907.3912412008,13685.6993002473,13392.3260780461,13210.5634031003,12900.2387245042,12586.8448408711,12293.9317621443
"GCAM 7.1","Reference","China","Capacity|Electricity|Biomass","GW",5.02678904605964,32.7346128038497,61.6060278969441,164.67294975897,114.146546435688,101.279566280689,94.9115271749261,94.0839704969931,95.5824561380665,99.7599288386868,96.1598192461492,96.4533879983257,97.6024301889643,98.9965642210295,99.7088365186778,105.541938127775,110.454108690819,112.833090094448,113.5617641124,113.224508282489
"GCAM 7.1","Reference","Pakistan","Capacity|Electricity|Biomass","GW",0,0,0.53753442767882,0.726915764702338,0.351564470507584,0.607786391994035,0.967505304688777,1.67585222909327,2.63911592083906,3.55752395917627,4.09899178132152,5.46893846875343,7.19004218918165,9.28916679657844,11.8493296802788,14.5345916584877,17.264234614625,20.5378676821931,23.8379390874875,27.3050264213032
"GCAM 7.1","Reference","World","Capacity|Electricity|Biomass","GW",5.02678904605964,32.7346128038497,62.1435623246229,165.399865523672,114.498110906195,101.887352672683,95.8790324796149,95.7598227260864,98.2215720589056,103.317452797863,100.258811027471,101.922326467079,104.792472378146,108.285731017608,111.558166198957,120.076529786262,127.718343305444,133.370957776642,137.399703199887,140.529534703792
"GCAM 7.1","Reference","China","Capacity|Electricity|Biomass|w/o CCS","GW",5.02678904605964,32.7346128038497,61.6060278969441,164.67294975897,114.146546435688,101.279566280689,94.9115271749261,94.0839704969931,95.5824561380665,99.7599288386868,96.1598192461492,96.4533879983257,97.6024301889643,98.9965642210295,99.7088365186778,105.541938127775,110.454108690819,112.833090094448,113.5617641124,113.224508282489
"GCAM 7.1","Reference","Pakistan","Capacity|Electricity|Biomass|w/o CCS","GW",0,0,0.53753442767882,0.726915764702338,0.351564470507584,0.607786391994035,0.967505304688777,1.67585222909327,2.63911592083906,3.55752395917627,4.09899178132152,5.46893846875343,7.19004218918165,9.28916679657844,11.8493296802788,14.5345916584877,17.264234614625,20.5378676821931,23.8379390874875,27.3050264213032
"GCAM 7.1","Reference","World","Capacity|Electricity|Biomass|w/o CCS","GW",5.02678904605964,32.7346128038497,62.1435623246229,165.399865523672,114.498110906195,101.887352672683,95.8790324796149,95.7598227260864,98.2215720589056,103.317452797863,100.258811027471,101.922326467079,104.792472378146,108.285731017608,111.558166198957,120.076529786262,127.718343305444,133.370957776642,137.399703199887,140.529534703792
"GCAM 7.1","Reference","China","Capacity|Electricity|Coal","GW",775.481157351473,1260.77056398428,1597.02055402669,2098.34682801476,2369.60594517759,2463.21091982938,2483.04422883426,2453.34569042852,2374.14565305513,2379.71496760653,2327.73130644706,2296.56943606768,2259.42178275001,2234.50766412537,2215.68409600417,2198.31186889129,2028.83501253642,1946.34288894458,1863.16732715731,1764.33117514024
"GCAM 7.1","Reference","Pakistan","Capacity|Electricity|Coal","GW",0.049831753703652,0.0339982553749251,0.0571827214579929,11.253649528468,13.7181278769925,19.1611919759159,25.7030710070345,36.7710034622633,51.2601508715552,65.0111846072021,75.0891083510825,95.5918979736618,121.440915707379,152.338951809927,188.910036686029,225.900548408973,260.398547872573,297.749552966816,334.573903201097,366.899988180387
"GCAM 7.1","Reference","World","Capacity|Electricity|Coal","GW",775.530989105176,1260.80456223966,1597.07773674815,2109.60047754323,2383.32407305458,2482.3721118053,2508.7472998413,2490.11669389078,2425.40580392669,2444.72615221373,2402.82041479814,2392.16133404134,2380.86269845739,2386.8466159353,2404.5941326902,2424.21241730026,2289.233560409,2244.0924419114,2197.7412303584,2131.23116332063
"GCAM 7.1","Reference","China","Capacity|Electricity|Coal|w/o CCS","GW",775.481157351473,1260.77056398428,1597.02055402669,2098.34682801476,2369.60594517759,2463.21091982938,2483.04422883426,2453.34569042852,2374.14565305513,2379.71496760653,2327.73130644706,2296.56943606768,2259.42178275001,2234.50766412537,2215.68409600417,2198.31186889129,2028.83501253642,1946.34288894458,1863.16732715731,1764.33117514024
"GCAM 7.1","Reference","Pakistan","Capacity|Electricity|Coal|w/o CCS","GW",0.049831753703652,0.0339982553749251,0.0571827214579929,11.253649528468,13.7181278769925,19.1611919759159,25.7030710070345,36.7710034622633,51.2601508715552,65.0111846072021,75.0891083510825,95.5918979736618,121.440915707379,152.338951809927,188.910036686029,225.900548408973,260.398547872573,297.749552966816,334.573903201097,366.899988180387
"GCAM 7.1","Reference","World","Capacity|Electricity|Coal|w/o CCS","GW",775.530989105176,1260.80456223966,1597.07773674815,2109.60047754323,2383.32407305458,2482.3721118053,2508.7472998413,2490.11669389078,2425.40580392669,2444.72615221373,2402.82041479814,2392.16133404134,2380.86269845739,2386.8466159353,2404.5941326902,2424.21241730026,2289.233560409,2244.0924419114,2197.7412303584,2131.23116332063
"GCAM 7.1","Reference","China","Capacity|Electricity|Fossil","GW",1592.57474858962,1972.11752310016,2600.78795557866,3851.99911643849,3511.67701340307,3408.77603789077,3233.40180385874,3011.41541216129,2813.92632599373,2726.17206033906,2612.25328503827,2543.07372246882,2383.82793101346,2351.96623229955,2330.08087645616,2319.59322234949,2160.61877498083,2083.10245078986,1994.34211407819,1892.02982235877
"GCAM 7.1","Reference","Pakistan","Capacity|Electricity|Fossil","GW",482.51455521029,592.26997024261,671.91486311384,559.202001260301,465.707284046553,428.081811184163,394.287606206124,366.255002688487,347.442134763143,331.242598687085,307.467479959469,329.708464149899,331.002681449019,393.919361156857,459.922277633934,521.205640099409,570.480209822436,624.436956811055,678.830070350784,736.013778834689
"GCAM 7.1","Reference","World","Capacity|Electricity|Fossil","GW",2075.08930379991,2564.38749334277,3272.7028186925,4411.20111769879,3977.38429744962,3836.85784907494,3627.68941006487,3377.67041484978,3161.36846075688,3057.41465902614,2919.72076499774,2872.78218661872,2714.83061246247,2745.88559345641,2790.00315409009,2840.7988624489,2731.09898480327,2707.53940760091,2673.17218442897,2628.04360119346
"GCAM 7.1","Reference","China","Capacity|Electricity|Fossil|w/o CCS","GW",1592.57474858962,1972.11752310016,2600.78795557866,3851.99911643849,3511.67701340307,3408.77603789077,3233.40180385874,3011.41541216129,2813.92632599373,2726.17206033906,2612.25328503827,2543.07372246882,2383.82793101346,2351.96623229955,2330.08087645616,2319.59322234949,2160.61877498083,2083.10245078986,1994.34211407819,1892.02982235877
"GCAM 7.1","Reference","Pakistan","Capacity|Electricity|Fossil|w/o CCS","GW",482.51455521029,592.26997024261,671.91486311384,559.202001260301,465.707284046553,428.081811184163,394.287606206124,366.255002688487,347.442134763143,331.242598687085,307.467479959469,329.708464149899,331.002681449019,393.919361156857,459.922277633934,521.205640099409,570.480209822436,624.436956811055,678.830070350784,736.013778834689
"GCAM 7.1","Reference","World","Capacity|Electricity|Fossil|w/o CCS","GW",2075.08930379991,2564.38749334277,3272.7028186925,4411.20111769879,3977.38429744962,3836.85784907494,3627.68941006487,3377.67041484978,3161.36846075688,3057.41465902614,2919.72076499774,2872.78218661872,2714.83061246247,2745.88559345641,2790.00315409009,2840.7988624489,2731.09898480327,2707.53940760091,2673.17218442897,2628.04360119346
"GCAM 7.1","Reference","China","Capacity|Electricity|Gas","GW",128.505833772083,507.424337187578,868.076596029284,1595.06494826826,1049.40264184583,882.495342387642,699.519880173341,517.699595844437,407.180400823318,321.697168013539,268.742059565817,234.866867127012,120.782504650901,114.371430856546,111.724950051316,118.550140686038,129.091672028459,134.374272614085,129.22568606927,126.03313455201
"GCAM 7.1","Reference","Pakistan","Capacity|Electricity|Gas","GW",226.518253564487,142.005251393198,192.073174533234,300.535691887304,274.041329768324,254.789665498524,230.363617254998,206.920026685439,189.795874414292,175.254380407065,161.087002660782,166.836405328858,157.190490523892,184.625087212562,211.782059586525,236.936487479784,255.937939169379,277.435979760896,300.908248114018,327.848362866678
"GCAM 7.1","Reference","World","Capacity|Electricity|Gas","GW",355.02408733657,649.429588580776,1060.14977056252,1895.60064015556,1323.44397161416,1137.28500788617,929.883497428339,724.619622529876,596.976275237611,496.951548420604,429.829062226599,401.70327245587,277.972995174793,298.996518069108,323.507009637841,355.486628165821,385.029611197838,411.810252374981,430.133934183288,453.881497418688
"GCAM 7.1","Reference","China","Capacity|Electricity|Gas|w/o CCS","GW",128.505833772083,507.424337187578,868.076596029284,1595.06494826826,1049.40264184583,882.495342387642,699.519880173341,517.699595844437,407.180400823318,321.697168013539,268.742059565817,234.866867127012,120.782504650901,114.371430856546,111.724950051316,118.550140686038,129.091672028459,134.374272614085,129.22568606927,126.03313455201
"GCAM 7.1","Reference","Pakistan","Capacity|Electricity|Gas|w/o CCS","GW",226.518253564487,142.005251393198,192.073174533234,300.535691887304,274.041329768324,254.789665498524,230.363617254998,206.920026685439,189.795874414292,175.254380407065,161.087002660782,166.836405328858,157.190490523892,184.625087212562,211.782059586525,236.936487479784,255.937939169379,277.435979760896,300.908248114018,327.848362866678
"GCAM 7.1","Reference","World","Capacity|Electricity|Gas|w/o CCS","GW",355.02408733657,649.429588580776,1060.14977056252,1895.60064015556,1323.44397161416,1137.28500788617,929.883497428339,724.619622529876,596.976275237611,496.951548420604,429.829062226599,401.70327245587,277.972995174793,298.996518069108,323.507009637841,355.486628165821,385.029611197838,411.810252374981,430.133934183288,453.881497418688
"GCAM 7.1","Reference","China","Capacity|Electricity|Geothermal","GW",14.1751181371137,15.8667076279774,15.8252808089859,15.8,22.8983655919081,26.5816831172563,26.838387996423,24.5300430453999,22.4419984034508,15.9094079154793,15.9041805590469,15.9065837633103,15.9085265997975,15.9112648729623,15.9138694001371,15.9056841455456,15.9042945951016,15.9091263449739,15.9128149185944,15.9146437190269
"GCAM 7.1","Reference","Pakistan","Capacity|Electricity|Geothermal","GW",0,0,0,0,0.163578103531537,0.874558834429983,1.95299372076611,3.65715612430719,5.5631569947922,7.06662664177574,7.84703350826012,8.80582190681128,9.56743915111572,10.1127060661993,10.5150266749627,10.5097148473787,10.5049661608054,10.5016520759571,10.4987504918991,10.4966837643896
"GCAM 7.1","Reference","World","Capacity|Electricity|Geothermal","GW",14.1751181371137,15.8667076279774,15.8252808089859,15.8,23.0619436954396,27.4562419516863,28.7913817171891,28.1871991697071,28.005155398243,22.976034557255,23.751214067307,24.7124056701216,25.4759657509132,26.0239709391616,26.4288960750998,26.4153989929243,26.409260755907,26.410778420931,26.4115654104935,26.4113274834165
"GCAM 7.1","Reference","China","Capacity|Electricity|Hydro","GW",403.543360846475,723.080349885024,1132.71832939252,1321.30711535213,1321.30711535213,1321.30711535213,1321.30711535213,1321.30711535213,1321.30711535213,1321.30711535213,1321.30711535213,1321.30711535213,1321.30711535213,1321.30711535213,1321.30711535213,1321.30711535213,1321.30711535213,1321.30711535213,1321.30711535213,1321.30711535213
"GCAM 7.1","Reference","Pakistan","Capacity|Electricity|Hydro","GW",31.3631503981182,32.3277317767522,35.1955053282718,34.0928846478667,35.3301571625148,36.8768183780652,38.4234795936155,39.9701408091659,41.5168020247162,43.0634632402666,44.6101244558169,46.1570679603279,47.7037291758783,49.2503903914286,50.7970516069789,52.3437128225293,53.8903740380796,55.43703525363,56.9836964691803,58.5303576847307
"GCAM 7.1","Reference","World","Capacity|Electricity|Hydro","GW",434.906511244594,755.408081661777,1167.91383472079,1355.4,1356.63727251465,1358.1839337302,1359.73059494575,1361.2772561613,1362.82391737685,1364.3705785924,1365.91723980795,1367.46418331246,1369.01084452801,1370.55750574356,1372.10416695911,1373.65082817466,1375.19748939021,1376.74415060576,1378.29081182131,1379.83747303686
"GCAM 7.1","Reference","China","Capacity|Electricity|Non-Biomass Renewables","GW",420.191087510433,790.45073648588,1455.58097326857,2903.14734624092,4047.27162879534,5738.62012337337,7243.41596001414,8587.4004728662,9734.96959823449,9836.96241544873,10099.584629848,10006.5385347102,9857.51337000947,9558.425210797,9143.57006758241,8631.88137687455,8354.67880977701,7923.26169936007,7542.38408853841,7221.41436656378
"GCAM 7.1","Reference","Pakistan","Capacity|Electricity|Non-Biomass Renewables","GW",31.3631503981182,32.3277317767522,36.5950909686985,39.8526642883589,61.7610198430211,129.247219786479,208.523017502045,321.474810723772,456.735476995717,576.893458247807,659.786882469437,776.851376063281,915.687247232737,1048.90963001233,1190.61891508891,1339.52661845537,1491.00337040557,1615.24380318453,1718.60316696677,1804.24245990206
"GCAM 7.1","Reference","World","Capacity|Electricity|Non-Biomass Renewables","GW",451.554237908551,822.778468262632,1492.17606423727,2943.00001052928,4109.03264863836,5867.86734315985,7451.93897751619,8908.87528358997,10191.7050752302,10413.8558736965,10759.3715123174,10783.3899107735,10773.2006172422,10607.3348408093,10334.1889826713,9971.40799532992,9845.68218018258,9538.5055025446,9260.98725550518,9025.65682646584
"GCAM 7.1","Reference","China","Capacity|Electricity|Nuclear","GW",52.4268477193139,72.958950816743,168.661185356366,402.444842507556,391.157388498003,389.441096942725,390.482409411289,387.17392808974,379.828994629233,405.024174021453,413.645094988441,426.21052711384,433.124372339196,438.904340828988,442.266696228719,452.152819655994,496.698573248183,509.778305439694,502.575323320979,485.398945530563
"GCAM 7.1","Reference","Pakistan","Capacity|Electricity|Nuclear","GW",2.45283185544236,3.37753377401833,4.5481166146301,15.1551821809637,14.7302790425447,14.0850135571107,13.2641078570842,12.2513831832077,11.0401532445596,9.60872281084398,8.1264818570654,7.2160224777834,6.82155821159197,6.98073508851087,7.68230105817137,7.88987082499529,9.36532156079316,11.0445511423347,12.7103744160918,14.3028542506499
"GCAM 7.1","Reference","World","Capacity|Electricity|Nuclear","GW",54.8796795747563,76.3364845907614,173.209301970996,417.60002468852,405.887667540548,403.526110499836,403.746517268374,399.425311272948,390.869147873792,414.632896832297,421.771576845506,433.426549591623,439.945930550788,445.885075917499,449.948997286891,460.042690480989,506.063894808976,520.822856582028,515.285697737071,499.701799781213
"GCAM 7.1","Reference","China","Capacity|Electricity|Oil","GW",688.587757466063,203.922621928298,135.690805522682,158.58734015547,92.6684263796505,63.0697756737487,50.8376948511397,40.3701258883332,32.6002721152821,24.7599247189878,15.779919025398,11.6374192741292,3.62364361254042,3.08713731763136,2.67183040067337,2.73121277216615,2.69209041594846,2.38528923118705,1.94910085161187,1.66551266651368
"GCAM 7.1","Reference","Pakistan","Capacity|Electricity|Oil","GW",255.946469892099,450.230720594037,479.784505859149,247.41265984453,177.947826401237,154.130953709722,138.220917944091,122.563972540785,106.386109477296,90.9770336728185,71.2913689476038,67.280160847379,52.3712752177485,56.9553221343672,59.2301813613802,58.3686042106526,54.1437227804837,49.251424083343,43.3479190356688,41.2654277876244
"GCAM 7.1","Reference","World","Capacity|Electricity|Oil","GW",944.534227358162,654.153342522334,615.475311381831,406,270.616252780887,217.200729383471,189.058612795231,162.934098429119,138.986381592578,115.736958391806,87.0712879730018,78.9175801215082,55.9949188302889,60.0424594519986,61.9020117620536,61.0998169828188,56.8358131964321,51.63671331453,45.2970198872806,42.9309404541381
"GCAM 7.1","Reference","China","Capacity|Electricity|Oil|w/o CCS","GW",688.587757466063,203.922621928298,135.690805522682,158.58734015547,92.6684263796505,63.0697756737487,50.8376948511397,40.3701258883332,32.6002721152821,24.7599247189878,15.779919025398,11.6374192741292,3.62364361254042,3.08713731763136,2.67183040067337,2.73121277216615,2.69209041594846,2.38528923118705,1.94910085161187,1.66551266651368
"GCAM 7.1","Reference","Pakistan","Capacity|Electricity|Oil|w/o CCS","GW",255.946469892099,450.230720594037,479.784505859149,247.41265984453,177.947826401237,154.130953709722,138.220917944091,122.563972540785,106.386109477296,90.9770336728185,71.2913689476038,67.280160847379,52.3712752177485,56.9553221343672,59.2301813613802,58.3686042106526,54.1437227804837,49.251424083343,43.3479190356688,41.2654277876244
"GCAM 7.1","Reference","World","Capacity|Electricity|Oil|w/o CCS","GW",944.534227358162,654.153342522334,615.475311381831,406,270.616252780887,217.200729383471,189.058612795231,162.934098429119,138.986381592578,115.736958391806,87.0712879730018,78.9175801215082,55.9949188302889,60.0424594519986,61.9020117620536,61.0998169828188,56.8358131964321,51.63671331453,45.2970198872806,42.9309404541381
"GCAM 7.1","Reference","China","Capacity|Electricity|Solar","GW",0.212465507078365,1.77845246381723,100.03128689705,834.931288778291,1701.96327688324,3070.55091389541,4310.73754574055,5407.74638045679,6326.88454923912,6720.03511623868,6924.84248890893,6827.51240147861,6705.5748602245,6477.23585408208,6195.77862725891,5860.54937946293,5655.41994769807,5352.60026963915,5076.14865703126,4831.79198829272
"GCAM 7.1","Reference","Pakistan","Capacity|Electricity|Solar","GW",0,0,0.52362986371247,2.26872175098557,19.7851874723875,72.0416376800695,132.98164858194,218.18451751055,319.964524887063,412.87459947124,476.672099263407,567.549132568289,676.008812313881,781.044089902396,892.721466434807,1010.71191194306,1127.73310440652,1227.4370760256,1312.63455124316,1387.16305887109
"GCAM 7.1","Reference","World","Capacity|Electricity|Solar","GW",0.212465507078365,1.77845246381723,100.554916760763,837.200010529276,1721.74846435562,3142.59255157548,4443.71919432249,5625.93089796734,6646.84907412619,7132.90971570992,7401.51458817234,7395.0615340469,7381.58367253838,7258.27994398447,7088.50009369372,6871.26129140599,6783.15305210459,6580.03734566474,6388.78320827442,6218.95504716381
"GCAM 7.1","Reference","China","Capacity|Electricity|Solar|CSP","GW",0,0.00758103677349726,0.109925643913732,7.60001052927624,7.72021926862062,8.22533635218061,9.14551436984905,10.8487734509062,13.6242565643138,13.2396524663829,20.0506037060748,27.3229132011091,32.949516440547,36.6034889532627,37.5767876130954,37.9013335621198,39.3157686211559,37.4885539026733,35.1340380705896,33.0874455485883
"GCAM 7.1","Reference","Pakistan","Capacity|Electricity|Solar|CSP","GW",0,0,0,0,0.00089059861034587,0.0195198545053535,0.0764379547337568,0.256744645955458,0.618389749185075,1.10047944251329,1.55434450706171,2.47939065252846,3.68668130247587,5.07259450436036,6.57737069351337,8.08719655194456,9.67656686112049,11.149233044708,12.3752823288159,13.3266506822459
"GCAM 7.1","Reference","World","Capacity|Electricity|Solar|CSP","GW",0,0.00758103677349726,0.109925643913732,7.60001052927624,7.72110986723097,8.24485620668596,9.2219523245828,11.1055180968617,14.2426463134989,14.3401319088962,21.6049482131365,29.8023038536376,36.6361977430229,41.6760834576231,44.1541583066087,45.9885301140644,48.9923354822764,48.6377869473813,47.5093203994055,46.4140962308342
"GCAM 7.1","Reference","China","Capacity|Electricity|Solar|PV","GW",0.212465507078365,1.77087142704373,99.9213612531365,827.331278249014,1694.24305761462,3062.32557754323,4301.5920313707,5396.89760700589,6313.26029267481,6706.79546377229,6904.79188520286,6800.1894882775,6672.62534378395,6440.63236512881,6158.20183964581,5822.64804590081,5616.10417907691,5315.11171573647,5041.01461896067,4798.70454274414
"GCAM 7.1","Reference","Pakistan","Capacity|Electricity|Solar|PV","GW",0,0,0.52362986371247,2.26872175098557,19.7842968737771,72.0221178255642,132.905210627206,217.927772864594,319.346135137878,411.774120028727,475.117754756346,565.06974191576,672.322131011406,775.971495398036,886.144095741294,1002.62471539112,1118.0565375454,1216.28784298089,1300.25926891434,1373.83640818884
"GCAM 7.1","Reference","World","Capacity|Electricity|Solar|PV","GW",0.212465507078365,1.77087142704373,100.444991116849,829.6,1714.02735448839,3134.34769536879,4434.49724199791,5614.82537987048,6632.60642781269,7118.56958380102,7379.9096399592,7365.25923019326,7344.94747479536,7216.60386052685,7044.34593538711,6825.27276129193,6734.16071662231,6531.39955871736,6341.27388787501,6172.54095093298
"GCAM 7.1","Reference","China","Capacity|Electricity|Wind","GW",2.26014301976573,49.7252265090604,207.006076170013,731.108942110493,1001.10287096806,1320.18041100857,1584.53291092504,1833.81693401187,2064.33593523978,1779.71077594245,1837.5308450279,1841.81243411613,1814.72286783304,1743.97097648983,1610.57045557123,1434.11919791394,1362.04745213171,1233.44518802382,1129.01550123642,1052.40061919989
"GCAM 7.1","Reference","Pakistan","Capacity|Electricity|Wind","GW",0,0,0.875955776714215,3.49105788950659,6.48209710458729,19.4542048939142,35.1648956057227,59.6629962797492,89.6909930891451,113.888768894524,130.657625241953,154.339353627854,182.407266591862,208.502443652301,236.585370372161,265.961278842396,298.874925800166,321.868039829346,338.486168762537,348.052359581854
"GCAM 7.1","Reference","World","Capacity|Electricity|Wind","GW",2.26014301976573,49.7252265090604,207.882031946727,734.6,1007.58496807265,1339.63461590248,1619.69780653076,1893.47993029162,2154.02692832892,1893.59954483697,1968.18847026985,1996.15178774398,1997.1301344249,1952.47342014213,1847.15582594339,1700.08047675634,1660.92237793188,1555.31322785316,1467.50166999896,1400.45297878175
"GCAM 7.1","Reference","China","Capacity|Electricity|Wind|Offshore","GW",0,0,0,0,7.26784740209833,27.0867140359772,53.2076174226744,87.0109901474711,126.381347208945,186.75398455545,216.024559841944,235.538998947598,235.329753386765,221.063508672369,171.351034999265,156.053203479263,144.84247016229,134.439468045014,124.615574684785,117.973575802583
"GCAM 7.1","Reference","Pakistan","Capacity|Electricity|Wind|Offshore","GW",0,0,0,0,0.00374710512015986,0.0463700544201543,0.141067909300642,0.370349042118988,0.75393701372774,1.1912461210808,1.47633081632254,1.96540950407679,2.42264572240193,2.80807852173638,3.22607438763843,3.73772621410474,3.96088536659444,4.18179110535208,4.29439988498416,4.28139013509979
"GCAM 7.1","Reference","World","Capacity|Electricity|Wind|Offshore","GW",0,0,0,0,7.27159450721849,27.1330840903973,53.3486853319751,87.38133918959,127.135284222672,187.94523067653,217.500890658267,237.504408451675,237.752399109167,223.871587194106,174.577109386904,159.790929693368,148.803355528884,138.621259150366,128.909974569769,122.254965937682
"GCAM 7.1","Reference","China","Capacity|Electricity|Wind|Onshore","GW",2.26014301976573,49.7252265090604,207.006076170013,731.108942110493,993.835023565964,1293.09369697259,1531.32529350236,1746.8059438644,1937.95458803083,1592.956791387,1621.50628518595,1606.27343516853,1579.39311444628,1522.90746781746,1439.21942057196,1278.06599443468,1217.20498196942,1099.0057199788,1004.39992655163,934.427043397312
"GCAM 7.1","Reference","Pakistan","Capacity|Electricity|Wind|Onshore","GW",0,0,0.875955776714215,3.49105788950659,6.47834999946713,19.407834839494,35.0238276964221,59.2926472376303,88.9370560754174,112.697522773444,129.18129442563,152.373944123777,179.98462086946,205.694365130565,233.359295984523,262.223552628291,294.914040433572,317.686248723994,334.191768877553,343.770969446754
"GCAM 7.1","Reference","World","Capacity|Electricity|Wind|Onshore","GW",2.26014301976573,49.7252265090604,207.882031946727,734.6,1000.31337356543,1312.50153181209,1566.34912119878,1806.09859110203,2026.89164410625,1705.65431416044,1750.68757961158,1758.64737929231,1759.37773531574,1728.60183294802,1672.57871655649,1540.28954706297,1512.11902240299,1416.6919687028,1338.59169542919,1278.19801284407
"GCAM 7.1","Reference","Pakistan","Capital Cost|Electricity|Biomass","USD_2010/kW",5705.604042,5705.604042,5705.604042,0,5246.476804,5049.592716,4871.267374,4710.693876,4564.644614,4433.119588,4314.504994,4206.380126,4109.551886,4021.599568,3942.523172,3869.901992,3805.349832,3746.445986,3693.190454,3645.583236
"GCAM 7.1","Reference","World","Capital Cost|Electricity|Biomass","USD_2010/kW",5705.604042,5705.604042,5705.604042,0,5246.476804,5049.592716,4871.267374,4710.693876,4564.644614,4433.119588,4314.504994,4206.380126,4109.551886,4021.599568,3942.523172,3869.901992,3805.349832,3746.445986,3693.190454,3645.583236
"GCAM 7.1","Reference","Pakistan","Capital Cost|Electricity|Biomass|w/ CCS","USD_2010/kW",7113.648032,7113.648032,7113.648032,0,6464.898824,6187.324536,5935.571112,5709.638552,5503.07164,5317.48418,5149.648564,4997.950988,4860.777648,4736.51474,4625.162264,4523.492612,4431.505784,4349.20178,4273.352992,4207.187028
"GCAM 7.1","Reference","World","Capital Cost|Electricity|Biomass|w/ CCS","USD_2010/kW",7113.648032,7113.648032,7113.648032,0,6464.898824,6187.324536,5935.571112,5709.638552,5503.07164,5317.48418,5149.648564,4997.950988,4860.777648,4736.51474,4625.162264,4523.492612,4431.505784,4349.20178,4273.352992,4207.187028
"GCAM 7.1","Reference","Pakistan","Capital Cost|Electricity|Biomass|w/o CCS","USD_2010/kW",4297.560052,4297.560052,4297.560052,0,4028.054784,3911.860896,3806.963636,3711.7492,3626.217588,3548.754996,3479.361424,3414.809264,3358.326124,3306.684396,3259.88408,3216.311372,3179.19388,3143.690192,3113.027916,3083.979444
"GCAM 7.1","Reference","World","Capital Cost|Electricity|Biomass|w/o CCS","USD_2010/kW",4297.560052,4297.560052,4297.560052,0,4028.054784,3911.860896,3806.963636,3711.7492,3626.217588,3548.754996,3479.361424,3414.809264,3358.326124,3306.684396,3259.88408,3216.311372,3179.19388,3143.690192,3113.027916,3083.979444
"GCAM 7.1","Reference","Pakistan","Capital Cost|Electricity|Coal","USD_2010/kW",4400.843508,4400.843508,4400.843508,0,4148.283182,4044.192824,3953.8198,3874.743404,3803.736028,3741.604574,3687.54214,3639.12802,3594.74841,3556.824016,3523.741034,3493.078758,3464.837188,3441.43703,3418.843774,3398.671224
"GCAM 7.1","Reference","World","Capital Cost|Electricity|Coal","USD_2010/kW",4400.843508,4400.843508,4400.843508,0,4148.283182,4044.192824,3953.8198,3874.743404,3803.736028,3741.604574,3687.54214,3639.12802,3594.74841,3556.824016,3523.741034,3493.078758,3464.837188,3441.43703,3418.843774,3398.671224
"GCAM 7.1","Reference","Pakistan","Capital Cost|Electricity|Coal|w/ CCS","USD_2010/kW",5406.2434,5406.2434,5406.2434,0,5060.889344,4917.260788,4791.384076,4683.259208,4584.817164,4499.285552,4421.82296,4354.043192,4292.71864,4237.849304,4189.435184,4145.862476,4105.517376,4071.627492,4037.737608,4008.689136
"GCAM 7.1","Reference","World","Capital Cost|Electricity|Coal|w/ CCS","USD_2010/kW",5406.2434,5406.2434,5406.2434,0,5060.889344,4917.260788,4791.384076,4683.259208,4584.817164,4499.285552,4421.82296,4354.043192,4292.71864,4237.849304,4189.435184,4145.862476,4105.517376,4071.627492,4037.737608,4008.689136
"GCAM 7.1","Reference","Pakistan","Capital Cost|Electricity|Coal|w/o CCS","USD_2010/kW",3395.443616,3395.443616,3395.443616,0,3235.67702,3171.12486,3116.255524,3066.2276,3022.654892,2983.923596,2953.26132,2924.212848,2896.77818,2875.798728,2858.046884,2840.29504,2824.157,2811.246568,2799.94994,2788.653312
"GCAM 7.1","Reference","World","Capital Cost|Electricity|Coal|w/o CCS","USD_2010/kW",3395.443616,3395.443616,3395.443616,0,3235.67702,3171.12486,3116.255524,3066.2276,3022.654892,2983.923596,2953.26132,2924.212848,2896.77818,2875.798728,2858.046884,2840.29504,2824.157,2811.246568,2799.94994,2788.653312
"GCAM 7.1","Reference","Pakistan","Capital Cost|Electricity|Fossil","USD_2010/kW",2530.1219112,2530.1219112,2530.1219112,0,2358.7359264,2293.8610056,2238.346148,2191.545832,2151.200732,2116.9880872,2086.9713328,2061.1504688,2037.5889304,2018.5460432,2000.7941992,1984.97892,1971.4229664,1959.8035776,1948.1841888,1938.5013648
"GCAM 7.1","Reference","World","Capital Cost|Electricity|Fossil","USD_2010/kW",2530.1219112,2530.1219112,2530.1219112,0,2358.7359264,2293.8610056,2238.346148,2191.545832,2151.200732,2116.9880872,2086.9713328,2061.1504688,2037.5889304,2018.5460432,2000.7941992,1984.97892,1971.4229664,1959.8035776,1948.1841888,1938.5013648
"GCAM 7.1","Reference","Pakistan","Capital Cost|Electricity|Fossil|w/ CCS","USD_2010/kW",3765.811634,3765.811634,3765.811634,0,3507.602994,3401.898832,3309.912004,3230.835608,3159.828232,3098.50368,3043.634344,2996.834028,2954.875124,2917.757632,2883.867748,2854.819276,2828.998412,2806.405156,2784.618802,2766.060056
"GCAM 7.1","Reference","World","Capital Cost|Electricity|Fossil|w/ CCS","USD_2010/kW",3765.811634,3765.811634,3765.811634,0,3507.602994,3401.898832,3309.912004,3230.835608,3159.828232,3098.50368,3043.634344,2996.834028,2954.875124,2917.757632,2883.867748,2854.819276,2828.998412,2806.405156,2784.618802,2766.060056
"GCAM 7.1","Reference","Pakistan","Capital Cost|Electricity|Fossil|w/o CCS","USD_2010/kW",1706.32876266667,1706.32876266667,1706.32876266667,0,1592.824548,1555.16912133333,1523.96891066667,1498.68598133333,1478.78239866667,1462.64435866667,1449.195992,1437.36142933333,1426.06480133333,1419.07165066667,1412.0785,1405.08534933333,1399.70600266667,1395.40252533333,1390.56111333333,1386.79557066667
"GCAM 7.1","Reference","World","Capital Cost|Electricity|Fossil|w/o CCS","USD_2010/kW",1706.32876266667,1706.32876266667,1706.32876266667,0,1592.824548,1555.16912133333,1523.96891066667,1498.68598133333,1478.78239866667,1462.64435866667,1449.195992,1437.36142933333,1426.06480133333,1419.07165066667,1412.0785,1405.08534933333,1399.70600266667,1395.40252533333,1390.56111333333,1386.79557066667
"GCAM 7.1","Reference","Pakistan","Capital Cost|Electricity|Gas","USD_2010/kW",1221.11169333333,1221.11169333333,1221.11169333333,0,1112.44889066667,1075.86933333333,1046.82086133333,1023.151736,1005.93782666667,991.951525333333,979.041093333333,969.358269333333,960.751314666667,955.371968,948.916752,943.537405333333,940.309797333333,937.082189333333,932.778712,930.626973333333
"GCAM 7.1","Reference","World","Capital Cost|Electricity|Gas","USD_2010/kW",1221.11169333333,1221.11169333333,1221.11169333333,0,1112.44889066667,1075.86933333333,1046.82086133333,1023.151736,1005.93782666667,991.951525333333,979.041093333333,969.358269333333,960.751314666667,955.371968,948.916752,943.537405333333,940.309797333333,937.082189333333,932.778712,930.626973333333
"GCAM 7.1","Reference","Pakistan","Capital Cost|Electricity|Gas|w/ CCS","USD_2010/kW",1939.792408,1939.792408,1939.792408,0,1794.550048,1733.225496,1684.811376,1639.624864,1604.121176,1571.845096,1542.796624,1520.203368,1500.83772,1484.69968,1468.56164,1455.651208,1445.968384,1436.28556,1426.602736,1420.14752
"GCAM 7.1","Reference","World","Capital Cost|Electricity|Gas|w/ CCS","USD_2010/kW",1939.792408,1939.792408,1939.792408,0,1794.550048,1733.225496,1684.811376,1639.624864,1604.121176,1571.845096,1542.796624,1520.203368,1500.83772,1484.69968,1468.56164,1455.651208,1445.968384,1436.28556,1426.602736,1420.14752
"GCAM 7.1","Reference","Pakistan","Capital Cost|Electricity|Gas|w/o CCS","USD_2010/kW",861.771336,861.771336,861.771336,0,771.398312,747.191252,727.825604,714.915172,706.846152,702.00474,697.163328,693.93572,690.708112,690.708112,689.094308,687.480504,687.480504,687.480504,685.8667,685.8667
"GCAM 7.1","Reference","World","Capital Cost|Electricity|Gas|w/o CCS","USD_2010/kW",861.771336,861.771336,861.771336,0,771.398312,747.191252,727.825604,714.915172,706.846152,702.00474,697.163328,693.93572,690.708112,690.708112,689.094308,687.480504,687.480504,687.480504,685.8667,685.8667
"GCAM 7.1","Reference","Pakistan","Capital Cost|Electricity|Geothermal","USD_2010/kW",4308.85668,4308.85668,4308.85668,0,3818.260264,3637.514216,3492.271856,3372.85036,3276.02212,3195.33192,3130.77976,3079.138032,3033.95152,2998.447832,2969.39936,2946.806104,2927.440456,2911.302416,2901.619592,2888.70916
"GCAM 7.1","Reference","World","Capital Cost|Electricity|Geothermal","USD_2010/kW",4308.85668,4308.85668,4308.85668,0,3818.260264,3637.514216,3492.271856,3372.85036,3276.02212,3195.33192,3130.77976,3079.138032,3033.95152,2998.447832,2969.39936,2946.806104,2927.440456,2911.302416,2901.619592,2888.70916
"GCAM 7.1","Reference","Pakistan","Capital Cost|Electricity|Non-Biomass Renewables","USD_2010/kW",4254.34596711111,4254.34596711111,4254.34596711111,0,2948.24059644444,2573.83806844444,2308.45696622222,2119.10396355556,1981.751312,1883.12995644444,1810.32946488889,1757.61186755556,1717.44607911111,1688.038984,1665.80435111111,1650.02493422222,1637.83174844444,1627.79030133333,1620.61783911111,1615.23849244444
"GCAM 7.1","Reference","World","Capital Cost|Electricity|Non-Biomass Renewables","USD_2010/kW",4254.34596711111,4254.34596711111,4254.34596711111,0,2948.24059644444,2573.83806844444,2308.45696622222,2119.10396355556,1981.751312,1883.12995644444,1810.32946488889,1757.61186755556,1717.44607911111,1688.038984,1665.80435111111,1650.02493422222,1637.83174844444,1627.79030133333,1620.61783911111,1615.23849244444
"GCAM 7.1","Reference","Pakistan","Capital Cost|Electricity|Nuclear","USD_2010/kW",5414.31242,5414.31242,5501.457836,0,5406.2434,5362.670692,5320.711788,5280.366688,5243.249196,5207.745508,5173.855624,5139.96574,5109.303464,5080.254992,5052.820324,5025.385656,5001.178596,4976.971536,4954.37828,4931.785024
"GCAM 7.1","Reference","World","Capital Cost|Electricity|Nuclear","USD_2010/kW",5414.31242,5414.31242,5501.457836,0,5406.2434,5362.670692,5320.711788,5280.366688,5243.249196,5207.745508,5173.855624,5139.96574,5109.303464,5080.254992,5052.820324,5025.385656,5001.178596,4976.971536,4954.37828,4931.785024
"GCAM 7.1","Reference","Pakistan","Capital Cost|Electricity|Oil","USD_2010/kW",1344.83666666667,1344.83666666667,1344.83666666667,0,1218.95995466667,1178.07692,1142.573232,1115.67649866667,1093.08324266667,1075.86933333333,1060.80716266667,1048.9726,1038.21390666667,1030.68282133333,1022.07586666667,1015.62065066667,1011.31717333333,1007.013696,1002.71021866667,999.482610666667
"GCAM 7.1","Reference","World","Capital Cost|Electricity|Oil","USD_2010/kW",1344.83666666667,1344.83666666667,1344.83666666667,0,1218.95995466667,1178.07692,1142.573232,1115.67649866667,1093.08324266667,1075.86933333333,1060.80716266667,1048.9726,1038.21390666667,1030.68282133333,1022.07586666667,1015.62065066667,1011.31717333333,1007.013696,1002.71021866667,999.482610666667
"GCAM 7.1","Reference","Pakistan","Capital Cost|Electricity|Oil|w/ CCS","USD_2010/kW",2310.967328,2310.967328,2310.967328,0,2114.08324,2039.848256,1972.068488,1917.199152,1865.557424,1823.59852,1788.094832,1759.04636,1733.225496,1710.63224,1688.038984,1671.900944,1658.990512,1646.08008,1636.397256,1626.714432
"GCAM 7.1","Reference","World","Capital Cost|Electricity|Oil|w/ CCS","USD_2010/kW",2310.967328,2310.967328,2310.967328,0,2114.08324,2039.848256,1972.068488,1917.199152,1865.557424,1823.59852,1788.094832,1759.04636,1733.225496,1710.63224,1688.038984,1671.900944,1658.990512,1646.08008,1636.397256,1626.714432
"GCAM 7.1","Reference","Pakistan","Capital Cost|Electricity|Oil|w/o CCS","USD_2010/kW",861.771336,861.771336,861.771336,0,771.398312,747.191252,727.825604,714.915172,706.846152,702.00474,697.163328,693.93572,690.708112,690.708112,689.094308,687.480504,687.480504,687.480504,685.8667,685.8667
"GCAM 7.1","Reference","World","Capital Cost|Electricity|Oil|w/o CCS","USD_2010/kW",861.771336,861.771336,861.771336,0,771.398312,747.191252,727.825604,714.915172,706.846152,702.00474,697.163328,693.93572,690.708112,690.708112,689.094308,687.480504,687.480504,687.480504,685.8667,685.8667
"GCAM 7.1","Reference","Pakistan","Capital Cost|Electricity|Solar","USD_2010/kW",4698.1062048,4698.1062048,4698.1062048,0,2980.3732272,2522.6984128,2213.4935664,2004.344568,1860.3932512,1762.9194896,1695.7852432,1649.307688,1616.3860864,1593.7928304,1577.6547904,1566.6809232,1559.5801856,1553.1249696,1549.25184,1546.6697536
"GCAM 7.1","Reference","World","Capital Cost|Electricity|Solar","USD_2010/kW",4698.1062048,4698.1062048,4698.1062048,0,2980.3732272,2522.6984128,2213.4935664,2004.344568,1860.3932512,1762.9194896,1695.7852432,1649.307688,1616.3860864,1593.7928304,1577.6547904,1566.6809232,1559.5801856,1553.1249696,1549.25184,1546.6697536
"GCAM 7.1","Reference","Pakistan","Capital Cost|Electricity|Solar|CSP","USD_2010/kW",5861.336128,5861.336128,5861.336128,0,3887.653836,3343.801888,2971.013164,2717.645936,2543.355104,2425.547412,2344.857212,2289.987876,2251.25658,2225.435716,2207.683872,2196.387244,2188.318224,2181.863008,2177.021596,2175.407792
"GCAM 7.1","Reference","World","Capital Cost|Electricity|Solar|CSP","USD_2010/kW",5861.336128,5861.336128,5861.336128,0,3887.653836,3343.801888,2971.013164,2717.645936,2543.355104,2425.547412,2344.857212,2289.987876,2251.25658,2225.435716,2207.683872,2196.387244,2188.318224,2181.863008,2177.021596,2175.407792
"GCAM 7.1","Reference","Pakistan","Capital Cost|Electricity|Solar|PV","USD_2010/kW",3922.61958933333,3922.61958933333,3922.61958933333,0,2375.519488,1975.296096,1708.48050133333,1528.81032266667,1405.08534933333,1321.16754133333,1263.07059733333,1222.18756266667,1193.13909066667,1172.69757333333,1157.63540266667,1146.87670933333,1140.42149333333,1133.96627733333,1130.73866933333,1127.51106133333
"GCAM 7.1","Reference","World","Capital Cost|Electricity|Solar|PV","USD_2010/kW",3922.61958933333,3922.61958933333,3922.61958933333,0,2375.519488,1975.296096,1708.48050133333,1528.81032266667,1405.08534933333,1321.16754133333,1263.07059733333,1222.18756266667,1193.13909066667,1172.69757333333,1157.63540266667,1146.87670933333,1140.42149333333,1133.96627733333,1130.73866933333,1127.51106133333
"GCAM 7.1","Reference","Pakistan","Capital Cost|Electricity|Solar|PV|Commercial","USD_2010/kW",3495.499464,3495.499464,3495.499464,0,1855.8746,1497.610112,1284.587984,1158.711272,1084.476288,1042.517384,1016.69652,1000.55848,990.875656,987.648048,984.42044,981.192832,981.192832,977.965224,977.965224,977.965224
"GCAM 7.1","Reference","World","Capital Cost|Electricity|Solar|PV|Commercial","USD_2010/kW",3495.499464,3495.499464,3495.499464,0,1855.8746,1497.610112,1284.587984,1158.711272,1084.476288,1042.517384,1016.69652,1000.55848,990.875656,987.648048,984.42044,981.192832,981.192832,977.965224,977.965224,977.965224
"GCAM 7.1","Reference","Pakistan","Capital Cost|Electricity|Solar|PV|Residential","USD_2010/kW",3495.499464,3495.499464,3495.499464,0,1855.8746,1497.610112,1284.587984,1158.711272,1084.476288,1042.517384,1016.69652,1000.55848,990.875656,987.648048,984.42044,981.192832,981.192832,977.965224,977.965224,977.965224
"GCAM 7.1","Reference","World","Capital Cost|Electricity|Solar|PV|Residential","USD_2010/kW",3495.499464,3495.499464,3495.499464,0,1855.8746,1497.610112,1284.587984,1158.711272,1084.476288,1042.517384,1016.69652,1000.55848,990.875656,987.648048,984.42044,981.192832,981.192832,977.965224,977.965224,977.965224
"GCAM 7.1","Reference","Pakistan","Capital Cost|Electricity|Wind","USD_2010/kW",3496.57533333333,3496.57533333333,3496.57533333333,0,2604.679656,2304.512112,2072.124336,1892.45415733333,1752.591144,1646.08008,1561.08640266667,1497.610112,1447.04425333333,1408.31295733333,1378.188616,1356.67122933333,1338.38145066667,1324.39514933333,1312.56058666667,1305.02950133333
"GCAM 7.1","Reference","World","Capital Cost|Electricity|Wind","USD_2010/kW",3496.57533333333,3496.57533333333,3496.57533333333,0,2604.679656,2304.512112,2072.124336,1892.45415733333,1752.591144,1646.08008,1561.08640266667,1497.610112,1447.04425333333,1408.31295733333,1378.188616,1356.67122933333,1338.38145066667,1324.39514933333,1312.56058666667,1305.02950133333
"GCAM 7.1","Reference","Pakistan","Capital Cost|Electricity|Wind|Offshore","USD_2010/kW",3608.465744,3608.465744,3608.465744,0,2649.866168,2327.105368,2078.579552,1884.923072,1736.453104,1620.259216,1529.886192,1462.106424,1407.237088,1365.278184,1333.002104,1310.408848,1291.0432,1274.90516,1261.994728,1255.539512
"GCAM 7.1","Reference","World","Capital Cost|Electricity|Wind|Offshore","USD_2010/kW",3608.465744,3608.465744,3608.465744,0,2649.866168,2327.105368,2078.579552,1884.923072,1736.453104,1620.259216,1529.886192,1462.106424,1407.237088,1365.278184,1333.002104,1310.408848,1291.0432,1274.90516,1261.994728,1255.539512
"GCAM 7.1","Reference","Pakistan","Capital Cost|Electricity|Wind|Onshore","USD_2010/kW",3440.630128,3440.630128,3440.630128,0,2582.0864,2293.215484,2068.896728,1896.2197,1760.660164,1658.990512,1576.686508,1515.361956,1466.947836,1429.830344,1400.781872,1379.80242,1362.050576,1349.140144,1337.843516,1329.774496
"GCAM 7.1","Reference","World","Capital Cost|Electricity|Wind|Onshore","USD_2010/kW",3440.630128,3440.630128,3440.630128,0,2582.0864,2293.215484,2068.896728,1896.2197,1760.660164,1658.990512,1576.686508,1515.361956,1466.947836,1429.830344,1400.781872,1379.80242,1362.050576,1349.140144,1337.843516,1329.774496
"GCAM 7.1","Reference","Pakistan","Emissions|BC","Mt BC/yr",0.128999908487239,0.140633001703743,0.156840139480784,0.177810234856769,0.172740962898624,0.164142950611002,0.157084662048337,0.150765033276948,0.146892024321436,0.143561037528211,0.138077997275009,0.135237108727999,0.133112375480192,0.131435068756931,0.129782917790296,0.12785873054679,0.125703839588502,0.12358909289747,0.121310456530331,0.119096923324625
"GCAM 7.1","Reference","World","Emissions|BC","Mt BC/yr",0.128999908487239,0.140633001703743,0.156840139480784,0.177810234856769,0.172740962898624,0.164142950611002,0.157084662048337,0.150765033276948,0.146892024321436,0.143561037528211,0.138077997275009,0.135237108727999,0.133112375480192,0.131435068756931,0.129782917790296,0.12785873054679,0.125703839588502,0.12358909289747,0.121310456530331,0.119096923324625
"GCAM 7.1","Reference","Pakistan","Emissions|BC|AFOLU","Mt BC/yr",0.000696414210139,0.000123493481343,0.000120709555691,0.000127050721858,0.000128711381691,0.000133272833663,0.000136982895166,0.000138733411418,0.000137704254529,0.000135023756134,0.000128367339448,0.000122931733207,0.000117219130558,0.000111485578717,0.000106269772527,0.000101399407547,9.8184725174e-05,9.8339240987e-05,9.8461619572e-05,9.8536420034e-05
"GCAM 7.1","Reference","World","Emissions|BC|AFOLU","Mt BC/yr",0.000696414210139,0.000123493481343,0.000120709555691,0.000127050721858,0.000128711381691,0.000133272833663,0.000136982895166,0.000138733411418,0.000137704254529,0.000135023756134,0.000128367339448,0.000122931733207,0.000117219130558,0.000111485578717,0.000106269772527,0.000101399407547,9.8184725174e-05,9.8339240987e-05,9.8461619572e-05,9.8536420034e-05
"GCAM 7.1","Reference","Pakistan","Emissions|BC|AFOLU [NGHGI]","Mt BC/yr",0.000696414210139,0.000123493481343,0.000120709555691,0.000127050721858,0.000128711381691,0.000133272833663,0.000136982895166,0.000138733411418,0.000137704254529,0.000135023756134,0.000128367339448,0.000122931733207,0.000117219130558,0.000111485578717,0.000106269772527,0.000101399407547,9.8184725174e-05,9.8339240987e-05,9.8461619572e-05,9.8536420034e-05
"GCAM 7.1","Reference","World","Emissions|BC|AFOLU [NGHGI]","Mt BC/yr",0.000696414210139,0.000123493481343,0.000120709555691,0.000127050721858,0.000128711381691,0.000133272833663,0.000136982895166,0.000138733411418,0.000137704254529,0.000135023756134,0.000128367339448,0.000122931733207,0.000117219130558,0.000111485578717,0.000106269772527,0.000101399407547,9.8184725174e-05,9.8339240987e-05,9.8461619572e-05,9.8536420034e-05
"GCAM 7.1","Reference","Pakistan","Emissions|BC|AFOLU|Agricultural Waste Burning","Mt BC/yr",0.000627113940139,6.0125541343e-05,6.5089045691e-05,7.1445986358e-05,7.3179008391e-05,7.7886792763e-05,8.1737935366e-05,8.3629642318e-05,8.2731986329e-05,8.0179803334e-05,7.3667314248e-05,6.8393807407e-05,6.2830378458e-05,5.7226006417e-05,5.2123981027e-05,4.7348477847e-05,4.4212492274e-05,4.4435934287e-05,4.4615388772e-05,4.4735851634e-05
"GCAM 7.1","Reference","World","Emissions|BC|AFOLU|Agricultural Waste Burning","Mt BC/yr",0.000627113940139,6.0125541343e-05,6.5089045691e-05,7.1445986358e-05,7.3179008391e-05,7.7886792763e-05,8.1737935366e-05,8.3629642318e-05,8.2731986329e-05,8.0179803334e-05,7.3667314248e-05,6.8393807407e-05,6.2830378458e-05,5.7226006417e-05,5.2123981027e-05,4.7348477847e-05,4.4212492274e-05,4.4435934287e-05,4.4615388772e-05,4.4735851634e-05
"GCAM 7.1","Reference","Pakistan","Emissions|BC|AFOLU|Land","Mt BC/yr",6.930027e-05,6.336794e-05,5.562051e-05,5.56047355e-05,5.55323733e-05,5.53860409e-05,5.52449598e-05,5.51037691e-05,5.49722682e-05,5.48439528e-05,5.47000252e-05,5.45379258e-05,5.43887521e-05,5.42595723e-05,5.41457915e-05,5.40509297e-05,5.39722329e-05,5.39033067e-05,5.38462308e-05,5.38005684e-05
"GCAM 7.1","Reference","World","Emissions|BC|AFOLU|Land","Mt BC/yr",6.930027e-05,6.336794e-05,5.562051e-05,5.56047355e-05,5.55323733e-05,5.53860409e-05,5.52449598e-05,5.51037691e-05,5.49722682e-05,5.48439528e-05,5.47000252e-05,5.45379258e-05,5.43887521e-05,5.42595723e-05,5.41457915e-05,5.40509297e-05,5.39722329e-05,5.39033067e-05,5.38462308e-05,5.38005684e-05
"GCAM 7.1","Reference","Pakistan","Emissions|BC|AFOLU|Land|Fires","Mt BC/yr",6.930027e-05,6.336794e-05,5.562051e-05,5.56047355e-05,5.55323733e-05,5.53860409e-05,5.52449598e-05,5.51037691e-05,5.49722682e-05,5.48439528e-05,5.47000252e-05,5.45379258e-05,5.43887521e-05,5.42595723e-05,5.41457915e-05,5.40509297e-05,5.39722329e-05,5.39033067e-05,5.38462308e-05,5.38005684e-05
"GCAM 7.1","Reference","World","Emissions|BC|AFOLU|Land|Fires","Mt BC/yr",6.930027e-05,6.336794e-05,5.562051e-05,5.56047355e-05,5.55323733e-05,5.53860409e-05,5.52449598e-05,5.51037691e-05,5.49722682e-05,5.48439528e-05,5.47000252e-05,5.45379258e-05,5.43887521e-05,5.42595723e-05,5.41457915e-05,5.40509297e-05,5.39722329e-05,5.39033067e-05,5.38462308e-05,5.38005684e-05
"GCAM 7.1","Reference","Pakistan","Emissions|BC|AFOLU|Land|Fires|Forest Burning","Mt BC/yr",0,0,0,0,0,0,0,0,0,0,0,0,0,0,0,0,0,0,0,0
"GCAM 7.1","Reference","World","Emissions|BC|AFOLU|Land|Fires|Forest Burning","Mt BC/yr",0,0,0,0,0,0,0,0,0,0,0,0,0,0,0,0,0,0,0,0
"GCAM 7.1","Reference","Pakistan","Emissions|BC|Energy","Mt BC/yr",0.1206324599555,0.1317164666624,0.146992664820313,0.167956579624911,0.162208947854233,0.152968824254539,0.145390713993071,0.13875540511913,0.134796956184207,0.131574056634207,0.126334580895331,0.12290411413881,0.120255872252014,0.118126369523244,0.116098792894479,0.113876529069613,0.111482401085588,0.109172241514213,0.106741919795981,0.10441434422117
"GCAM 7.1","Reference","World","Emissions|BC|Energy","Mt BC/yr",0.1206324599555,0.1317164666624,0.146992664820313,0.167956579624911,0.162208947854233,0.152968824254539,0.145390713993071,0.13875540511913,0.134796956184207,0.131574056634207,0.126334580895331,0.12290411413881,0.120255872252014,0.118126369523244,0.116098792894479,0.113876529069613,0.111482401085588,0.109172241514213,0.106741919795981,0.10441434422117
"GCAM 7.1","Reference","Pakistan","Emissions|BC|Energy and Industrial Processes","Mt BC/yr",0.1206342375771,0.1317181152224,0.146993521025093,0.167957774134911,0.162210151516933,0.152970077777339,0.145391979153171,0.13875659986553,0.134798020066907,0.131575013772077,0.126335429935561,0.122904876994792,0.120256556349634,0.118126983178214,0.116099348017769,0.113877031139243,0.111482854863328,0.109172653656483,0.106742294910759,0.104414686904591
"GCAM 7.1","Reference","World","Emissions|BC|Energy and Industrial Processes","Mt BC/yr",0.1206342375771,0.1317181152224,0.146993521025093,0.167957774134911,0.162210151516933,0.152970077777339,0.145391979153171,0.13875659986553,0.134798020066907,0.131575013772077,0.126335429935561,0.122904876994792,0.120256556349634,0.118126983178214,0.116099348017769,0.113877031139243,0.111482854863328,0.109172653656483,0.106742294910759,0.104414686904591
"GCAM 7.1","Reference","Pakistan","Emissions|BC|Energy|Demand","Mt BC/yr",0.1267386448555,0.1308861856564,0.144913357850313,0.166457871347911,0.160926346832043,0.151172160222582,0.143022901311415,0.1354277003035,0.130390428356397,0.126419127981317,0.121076495543461,0.11685612460594,0.113436751143604,0.110555960572894,0.107794174958369,0.105037979423293,0.102331364022888,0.099630307941513,0.096970667187681,0.09445651558047
"GCAM 7.1","Reference","World","Emissions|BC|Energy|Demand","Mt BC/yr",0.1267386448555,0.1308861856564,0.144913357850313,0.166457871347911,0.160926346832043,0.151172160222582,0.143022901311415,0.1354277003035,0.130390428356397,0.126419127981317,0.121076495543461,0.11685612460594,0.113436751143604,0.110555960572894,0.107794174958369,0.105037979423293,0.102331364022888,0.099630307941513,0.096970667187681,0.09445651558047
"GCAM 7.1","Reference","Pakistan","Emissions|BC|Energy|Demand|AFOFI","Mt BC/yr",0.000227836,0.0001131076,4.1372e-05,3.86222e-05,4.064993e-05,4.214997e-05,4.239865e-05,4.1597909e-05,4.05231e-05,3.831764e-05,3.646347e-05,3.5322631e-05,3.4105847e-05,3.2350336e-05,3.0184051e-05,2.7770647e-05,2.5346918e-05,2.3079687e-05,2.2891711e-05,2.2899899e-05
"GCAM 7.1","Reference","World","Emissions|BC|Energy|Demand|AFOFI","Mt BC/yr",0.000227836,0.0001131076,4.1372e-05,3.86222e-05,4.064993e-05,4.214997e-05,4.239865e-05,4.1597909e-05,4.05231e-05,3.831764e-05,3.646347e-05,3.5322631e-05,3.4105847e-05,3.2350336e-05,3.0184051e-05,2.7770647e-05,2.5346918e-05,2.3079687e-05,2.2891711e-05,2.2899899e-05
"GCAM 7.1","Reference","Pakistan","Emissions|BC|Energy|Demand|Bunkers","Mt BC/yr",7.28467e-05,9.38083e-05,5.33599e-05,2.304162e-05,2.379561e-05,2.696544e-05,2.918172e-05,3.519804e-05,4.38978e-05,5.487463e-05,6.805501e-05,8.404248e-05,0.00010261361,0.00012347214,0.00014663998,0.00017148057,0.0001976584,0.0002251936,0.00025364285,0.00028275294
"GCAM 7.1","Reference","World","Emissions|BC|Energy|Demand|Bunkers","Mt BC/yr",7.28467e-05,9.38083e-05,5.33599e-05,2.304162e-05,2.379561e-05,2.696544e-05,2.918172e-05,3.519804e-05,4.38978e-05,5.487463e-05,6.805501e-05,8.404248e-05,0.00010261361,0.00012347214,0.00014663998,0.00017148057,0.0001976584,0.0002251936,0.00025364285,0.00028275294
"GCAM 7.1","Reference","Pakistan","Emissions|BC|Energy|Demand|Bunkers|International Aviation","Mt BC/yr",3.18795e-05,2.95938e-05,2.84309e-05,1.71227e-05,1.79891e-05,2.14202e-05,2.53234e-05,3.22683e-05,4.12193e-05,5.22961e-05,6.54858e-05,8.14535e-05,0.000100036,0.000120929,0.000144148,0.000169062,0.000195324,0.000222939,0.000251468,0.000280675
"GCAM 7.1","Reference","World","Emissions|BC|Energy|Demand|Bunkers|International Aviation","Mt BC/yr",3.18795e-05,2.95938e-05,2.84309e-05,1.71227e-05,1.79891e-05,2.14202e-05,2.53234e-05,3.22683e-05,4.12193e-05,5.22961e-05,6.54858e-05,8.14535e-05,0.000100036,0.000120929,0.000144148,0.000169062,0.000195324,0.000222939,0.000251468,0.000280675
"GCAM 7.1","Reference","Pakistan","Emissions|BC|Energy|Demand|Bunkers|International Shipping","Mt BC/yr",4.09672e-05,6.42145e-05,2.4929e-05,5.91892e-06,5.80651e-06,5.54524e-06,3.85832e-06,2.92974e-06,2.6785e-06,2.57853e-06,2.56921e-06,2.58898e-06,2.57761e-06,2.54314e-06,2.49198e-06,2.41857e-06,2.3344e-06,2.2546e-06,2.17485e-06,2.07794e-06
"GCAM 7.1","Reference","World","Emissions|BC|Energy|Demand|Bunkers|International Shipping","Mt BC/yr",4.09672e-05,6.42145e-05,2.4929e-05,5.91892e-06,5.80651e-06,5.54524e-06,3.85832e-06,2.92974e-06,2.6785e-06,2.57853e-06,2.56921e-06,2.58898e-06,2.57761e-06,2.54314e-06,2.49198e-06,2.41857e-06,2.3344e-06,2.2546e-06,2.17485e-06,2.07794e-06
"GCAM 7.1","Reference","Pakistan","Emissions|BC|Energy|Demand|Commercial","Mt BC/yr",0.000292526611,0.0004071868112,0.000531900166,0.0003946412498,0.0003758343436,0.000457291263,0.0005646202672,0.000689716197,0.000817671969,0.000942271617,0.001025159026,0.001108271786,0.001165426281,0.001186710262,0.001166586366,0.00111103788,0.001030731804,0.000937827522,0.000839092734,0.000746946966
"GCAM 7.1","Reference","World","Emissions|BC|Energy|Demand|Commercial","Mt BC/yr",0.000292526611,0.0004071868112,0.000531900166,0.0003946412498,0.0003758343436,0.000457291263,0.0005646202672,0.000689716197,0.000817671969,0.000942271617,0.001025159026,0.001108271786,0.001165426281,0.001186710262,0.001166586366,0.00111103788,0.001030731804,0.000937827522,0.000839092734,0.000746946966
"GCAM 7.1","Reference","Pakistan","Emissions|BC|Energy|Demand|Industry","Mt BC/yr",0.0092881186638,0.009537388375,0.0105213754508,0.0152379557582,0.017216391393352,0.021659358305578,0.026790393846225,0.032516851153661,0.038349365566738,0.043985411144506,0.049080960140792,0.053350112091131,0.056984919164867,0.06001522069894,0.062500995817841,0.064472315114552,0.065995402650073,0.067104224146143,0.067898816237499,0.068478052714297
"GCAM 7.1","Reference","World","Emissions|BC|Energy|Demand|Industry","Mt BC/yr",0.0092881186638,0.009537388375,0.0105213754508,0.0152379557582,0.017216391393352,0.021659358305578,0.026790393846225,0.032516851153661,0.038349365566738,0.043985411144506,0.049080960140792,0.053350112091131,0.056984919164867,0.06001522069894,0.062500995817841,0.064472315114552,0.065995402650073,0.067104224146143,0.067898816237499,0.068478052714297
"GCAM 7.1","Reference","Pakistan","Emissions|BC|Energy|Demand|Residential","Mt BC/yr",0.0942942309807,0.1055195750302,0.116813118993513,0.131842005919911,0.124620441754091,0.111579415658004,0.09862842403099,0.086833005746939,0.076027021426959,0.066420194831811,0.055777169999669,0.046930827504809,0.039568340936937,0.033517263119854,0.028324620842528,0.023838736100741,0.019974424355815,0.01658437450937,0.013580647932182,0.010938032923173
"GCAM 7.1","Reference","World","Emissions|BC|Energy|Demand|Residential","Mt BC/yr",0.0942942309807,0.1055195750302,0.116813118993513,0.131842005919911,0.124620441754091,0.111579415658004,0.09862842403099,0.086833005746939,0.076027021426959,0.066420194831811,0.055777169999669,0.046930827504809,0.039568340936937,0.033517263119854,0.028324620842528,0.023838736100741,0.019974424355815,0.01658437450937,0.013580647932182,0.010938032923173
"GCAM 7.1","Reference","Pakistan","Emissions|BC|Energy|Demand|Residential and Commercial","Mt BC/yr",0.0945867575917,0.1059267618414,0.117345019159513,0.132236647169711,0.124996276097691,0.112036706921004,0.09919304429819,0.087522721943939,0.076844693395959,0.067362466448811,0.056802329025669,0.048039099290809,0.040733767217937,0.034703973381854,0.029491207208528,0.024949773980741,0.021005156159815,0.01752220203137,0.014419740666182,0.011684979889173
"GCAM 7.1","Reference","World","Emissions|BC|Energy|Demand|Residential and Commercial","Mt BC/yr",0.0945867575917,0.1059267618414,0.117345019159513,0.132236647169711,0.124996276097691,0.112036706921004,0.09919304429819,0.087522721943939,0.076844693395959,0.067362466448811,0.056802329025669,0.048039099290809,0.040733767217937,0.034703973381854,0.029491207208528,0.024949773980741,0.021005156159815,0.01752220203137,0.014419740666182,0.011684979889173
"GCAM 7.1","Reference","Pakistan","Emissions|BC|Energy|Demand|Residential and Commercial and AFOFI","Mt BC/yr",0.0948145935917,0.1060398694414,0.117386391159513,0.132275269369711,0.125036926027691,0.112078856891004,0.09923544294819,0.087564319852939,0.076885216495959,0.067400784088811,0.056838792495669,0.048074421921809,0.040767873064937,0.034736323717854,0.029521391259528,0.024977544627741,0.021030503077815,0.01754528171837,0.014442632377182,0.011707879788173
"GCAM 7.1","Reference","World","Emissions|BC|Energy|Demand|Residential and Commercial and AFOFI","Mt BC/yr",0.0948145935917,0.1060398694414,0.117386391159513,0.132275269369711,0.125036926027691,0.112078856891004,0.09923544294819,0.087564319852939,0.076885216495959,0.067400784088811,0.056838792495669,0.048074421921809,0.040767873064937,0.034736323717854,0.029521391259528,0.024977544627741,0.021030503077815,0.01754528171837,0.014442632377182,0.011707879788173
"GCAM 7.1","Reference","Pakistan","Emissions|BC|Energy|Demand|Transportation","Mt BC/yr",0.0196712622,0.0192754866,0.021561063,0.0243570054,0.02361415058,0.02191668186,0.02155896974,0.01957465274,0.01956157722,0.01982654802,0.02041729604,0.02108006776,0.02156884164,0.02174293276,0.0216426853,0.0212974423,0.020799158,0.0202364045,0.0196400412,0.019052201
"GCAM 7.1","Reference","World","Emissions|BC|Energy|Demand|Transportation","Mt BC/yr",0.0196712622,0.0192754866,0.021561063,0.0243570054,0.02361415058,0.02191668186,0.02155896974,0.01957465274,0.01956157722,0.01982654802,0.02041729604,0.02108006776,0.02156884164,0.02174293276,0.0216426853,0.0212974423,0.020799158,0.0202364045,0.0196400412,0.019052201
"GCAM 7.1","Reference","Pakistan","Emissions|BC|Energy|Demand|Transportation|Light-Duty Vehicle","Mt BC/yr",0.00322262,0.00380234,0.00394635,0.00463213,0.0046514,0.00434391,0.00423054,0.00385148,0.00328283,0.00269003,0.00222513,0.00182112,0.00146929,0.00119273,0.000964494,0.000778867,0.000630507,0.000512587,0.000417712,0.00035579
"GCAM 7.1","Reference","World","Emissions|BC|Energy|Demand|Transportation|Light-Duty Vehicle","Mt BC/yr",0.00322262,0.00380234,0.00394635,0.00463213,0.0046514,0.00434391,0.00423054,0.00385148,0.00328283,0.00269003,0.00222513,0.00182112,0.00146929,0.00119273,0.000964494,0.000778867,0.000630507,0.000512587,0.000417712,0.00035579
"GCAM 7.1","Reference","Pakistan","Emissions|BC|Energy|Demand|Transportation|Truck","Mt BC/yr",0.00800571,0.006250272,0.007994819,0.008478815,0.008637895,0.0081435671,0.0077337918,0.0067915391,0.0069845692,0.0070656543,0.0071786369,0.0074481503,0.0077900362,0.0081081882,0.0083455959,0.0084824327,0.0085345534,0.0085325303,0.0084840786,0.0083766756
"GCAM 7.1","Reference","World","Emissions|BC|Energy|Demand|Transportation|Truck","Mt BC/yr",0.00800571,0.006250272,0.007994819,0.008478815,0.008637895,0.0081435671,0.0077337918,0.0067915391,0.0069845692,0.0070656543,0.0071786369,0.0074481503,0.0077900362,0.0081081882,0.0083455959,0.0084824327,0.0085345534,0.0085325303,0.0084840786,0.0083766756
"GCAM 7.1","Reference","Pakistan","Emissions|BC|Energy|Supply","Mt BC/yr",0.0010071049,0.001381351246,0.00228042231,0.001686337677,0.00148011203319,0.002001564137957,0.002574044708656,0.00353020015253,0.00460398811151,0.00534187061089,0.00543624177887,0.00622086861587,0.00698638249221,0.00772942748645,0.00845337823711,0.00897581775732,0.0092767277577,0.0096567811497,0.0098759124313,0.0100533254787
"GCAM 7.1","Reference","World","Emissions|BC|Energy|Supply","Mt BC/yr",0.0010071049,0.001381351246,0.00228042231,0.001686337677,0.00148011203319,0.002001564137957,0.002574044708656,0.00353020015253,0.00460398811151,0.00534187061089,0.00543624177887,0.00622086861587,0.00698638249221,0.00772942748645,0.00845337823711,0.00897581775732,0.0092767277577,0.0096567811497,0.0098759124313,0.0100533254787
"GCAM 7.1","Reference","Pakistan","Emissions|BC|Energy|Supply|Electricity","Mt BC/yr",0.0003802773,0.000724798446,0.00118386191,0.001120398277,0.00087628473319,0.001319406437957,0.001831018148656,0.00274361552253,0.00377818995151,0.00451023719089,0.00461084070887,0.00538226279587,0.00616393849221,0.00694595683645,0.00772206333711,0.00830492525732,0.0086774007577,0.0091283891497,0.0094111929313,0.0096413199787
"GCAM 7.1","Reference","World","Emissions|BC|Energy|Supply|Electricity","Mt BC/yr",0.0003802773,0.000724798446,0.00118386191,0.001120398277,0.00087628473319,0.001319406437957,0.001831018148656,0.00274361552253,0.00377818995151,0.00451023719089,0.00461084070887,0.00538226279587,0.00616393849221,0.00694595683645,0.00772206333711,0.00830492525732,0.0086774007577,0.0091283891497,0.0094111929313,0.0096413199787
"GCAM 7.1","Reference","Pakistan","Emissions|BC|Energy|Supply|Fugitive","Mt BC/yr",0.0006268276,0.0006565528,0.0010965604,0.0005659394,0.0006038273,0.0006821577,0.00074302656,0.00078658463,0.00082579816,0.00083163342,0.00082540107,0.00083860582,0.000822444,0.00078347065,0.0007313149,0.0006708925,0.000599327,0.000528392,0.0004647195,0.0004120055
"GCAM 7.1","Reference","World","Emissions|BC|Energy|Supply|Fugitive","Mt BC/yr",0.0006268276,0.0006565528,0.0010965604,0.0005659394,0.0006038273,0.0006821577,0.00074302656,0.00078658463,0.00082579816,0.00083163342,0.00082540107,0.00083860582,0.000822444,0.00078347065,0.0007313149,0.0006708925,0.000599327,0.000528392,0.0004647195,0.0004120055
"GCAM 7.1","Reference","Pakistan","Emissions|BC|Industrial Processes","Mt BC/yr",1.7776216e-06,1.64856e-06,8.5620478e-07,1.19451e-06,1.2036627e-06,1.2535228e-06,1.2651601e-06,1.1947464e-06,1.0638827e-06,9.5713787e-07,8.4904023e-07,7.62855982e-07,6.8409762e-07,6.1365497e-07,5.5512329e-07,5.0206963e-07,4.5377774e-07,4.1214227e-07,3.75114778e-07,3.42683421e-07
"GCAM 7.1","Reference","World","Emissions|BC|Industrial Processes","Mt BC/yr",1.7776216e-06,1.64856e-06,8.5620478e-07,1.19451e-06,1.2036627e-06,1.2535228e-06,1.2651601e-06,1.1947464e-06,1.0638827e-06,9.5713787e-07,8.4904023e-07,7.62855982e-07,6.8409762e-07,6.1365497e-07,5.5512329e-07,5.0206963e-07,4.5377774e-07,4.1214227e-07,3.75114778e-07,3.42683421e-07
"GCAM 7.1","Reference","Pakistan","Emissions|BC|Industrial Processes|Chemicals","Mt BC/yr",1.30839e-06,1.29099e-06,8.50157e-07,1.19451e-06,1.2036627e-06,1.2535228e-06,1.2651601e-06,1.1947464e-06,1.0638827e-06,9.5713787e-07,8.4904023e-07,7.62855982e-07,6.8409762e-07,6.1365497e-07,5.5512329e-07,5.0206963e-07,4.5377774e-07,4.1214227e-07,3.75114778e-07,3.42683421e-07
"GCAM 7.1","Reference","World","Emissions|BC|Industrial Processes|Chemicals","Mt BC/yr",1.30839e-06,1.29099e-06,8.50157e-07,1.19451e-06,1.2036627e-06,1.2535228e-06,1.2651601e-06,1.1947464e-06,1.0638827e-06,9.5713787e-07,8.4904023e-07,7.62855982e-07,6.8409762e-07,6.1365497e-07,5.5512329e-07,5.0206963e-07,4.5377774e-07,4.1214227e-07,3.75114778e-07,3.42683421e-07
"GCAM 7.1","Reference","Pakistan","Emissions|BC|Industrial Processes|Chemicals|Ammonia","Mt BC/yr",1.30839e-06,1.29099e-06,8.50157e-07,1.19451e-06,1.2036627e-06,1.2535228e-06,1.2651601e-06,1.1947464e-06,1.0638827e-06,9.5713787e-07,8.4904023e-07,7.62855982e-07,6.8409762e-07,6.1365497e-07,5.5512329e-07,5.0206963e-07,4.5377774e-07,4.1214227e-07,3.75114778e-07,3.42683421e-07
"GCAM 7.1","Reference","World","Emissions|BC|Industrial Processes|Chemicals|Ammonia","Mt BC/yr",1.30839e-06,1.29099e-06,8.50157e-07,1.19451e-06,1.2036627e-06,1.2535228e-06,1.2651601e-06,1.1947464e-06,1.0638827e-06,9.5713787e-07,8.4904023e-07,7.62855982e-07,6.8409762e-07,6.1365497e-07,5.5512329e-07,5.0206963e-07,4.5377774e-07,4.1214227e-07,3.75114778e-07,3.42683421e-07
"GCAM 7.1","Reference","Pakistan","Emissions|BC|Industrial Processes|Iron and Steel","Mt BC/yr",4.692316e-07,3.5757e-07,6.04778e-09,0,0,0,0,0,0,0,0,0,0,0,0,0,0,0,0,0
"GCAM 7.1","Reference","World","Emissions|BC|Industrial Processes|Iron and Steel","Mt BC/yr",4.692316e-07,3.5757e-07,6.04778e-09,0,0,0,0,0,0,0,0,0,0,0,0,0,0,0,0,0
"GCAM 7.1","Reference","Pakistan","Emissions|BC|Product Use","Mt BC/yr",5.467e-07,6.23e-07,4.989e-07,0,0,0,0,0,0,0,0,0,0,0,0,0,0,0,0,0
"GCAM 7.1","Reference","World","Emissions|BC|Product Use","Mt BC/yr",5.467e-07,6.23e-07,4.989e-07,0,0,0,0,0,0,0,0,0,0,0,0,0,0,0,0,0
"GCAM 7.1","Reference","Pakistan","Emissions|BC|Waste","Mt BC/yr",0.00766871,0.00879077,0.00972541,0.00972541,0.0104021,0.0110396,0.0115557,0.0118697,0.0119563,0.011851,0.0116142,0.0122093,0.0127386,0.0131966,0.0135773,0.0138803,0.0141228,0.0143181,0.0144697,0.0145837
"GCAM 7.1","Reference","World","Emissions|BC|Waste","Mt BC/yr",0.00766871,0.00879077,0.00972541,0.00972541,0.0104021,0.0110396,0.0115557,0.0118697,0.0119563,0.011851,0.0116142,0.0122093,0.0127386,0.0131966,0.0135773,0.0138803,0.0141228,0.0143181,0.0144697,0.0145837
"GCAM 7.1","Reference","Pakistan","Emissions|CH4","Mt CH4/yr",5.59326942584296,6.38888443221644,7.3157804829443,8.44803532066574,9.08106574770196,10.1850875809637,11.3614350925863,12.6158082101892,13.9337555201539,15.37066993611,16.831285903298,18.3684181049922,19.8496895851658,21.2178809714068,22.4575707485897,23.5412762424297,24.4569862257547,25.2477977009275,25.9265841090145,26.5207091095124
"GCAM 7.1","Reference","World","Emissions|CH4","Mt CH4/yr",5.59326942584296,6.38888443221644,7.3157804829443,8.44803532066574,9.08106574770196,10.1850875809637,11.3614350925863,12.6158082101892,13.9337555201539,15.37066993611,16.831285903298,18.3684181049922,19.8496895851658,21.2178809714068,22.4575707485897,23.5412762424297,24.4569862257547,25.2477977009275,25.9265841090145,26.5207091095124
"GCAM 7.1","Reference","Pakistan","Emissions|CH4|AFOLU","Mt CH4/yr",3.42276662894696,4.00400968624344,4.762537639148,5.59858301767374,6.13108662169446,7.04721641068733,8.04584017306381,9.13510393036712,10.2867088710303,11.5213655803097,12.7652453075687,14.0441419722224,15.2930809147818,16.465257078694,17.5469581605095,18.5113779505,19.3618090872741,20.1189603694382,20.7810292565659,21.3579641383743
"GCAM 7.1","Reference","World","Emissions|CH4|AFOLU","Mt CH4/yr",3.42276662894696,4.00400968624344,4.762537639148,5.59858301767374,6.13108662169446,7.04721641068733,8.04584017306381,9.13510393036712,10.2867088710303,11.5213655803097,12.7652453075687,14.0441419722224,15.2930809147818,16.465257078694,17.5469581605095,18.5113779505,19.3618090872741,20.1189603694382,20.7810292565659,21.3579641383743
"GCAM 7.1","Reference","Pakistan","Emissions|CH4|AFOLU [NGHGI]","Mt CH4/yr",3.42276662894696,4.00400968624344,4.762537639148,5.59858301767374,6.13108662169446,7.04721641068733,8.04584017306381,9.13510393036712,10.2867088710303,11.5213655803097,12.7652453075687,14.0441419722224,15.2930809147818,16.465257078694,17.5469581605095,18.5113779505,19.3618090872741,20.1189603694382,20.7810292565659,21.3579641383743
"GCAM 7.1","Reference","World","Emissions|CH4|AFOLU [NGHGI]","Mt CH4/yr",3.42276662894696,4.00400968624344,4.762537639148,5.59858301767374,6.13108662169446,7.04721641068733,8.04584017306381,9.13510393036712,10.2867088710303,11.5213655803097,12.7652453075687,14.0441419722224,15.2930809147818,16.465257078694,17.5469581605095,18.5113779505,19.3618090872741,20.1189603694382,20.7810292565659,21.3579641383743
"GCAM 7.1","Reference","Pakistan","Emissions|CH4|AFOLU|Agricultural Waste Burning","Mt CH4/yr",0.004866403946961,0.005419617543435,0.005866921548,0.006439867429743,0.006596070107459,0.007020353726332,0.007367476772813,0.007537954162118,0.007457061404347,0.007226991779699,0.006639969716683,0.006164661547368,0.005663178044772,0.00515805623304,0.004698187318513,0.004267784114045,0.003985097553107,0.004005235563228,0.004021404837884,0.004032244760278
"GCAM 7.1","Reference","World","Emissions|CH4|AFOLU|Agricultural Waste Burning","Mt CH4/yr",0.004866403946961,0.005419617543435,0.005866921548,0.006439867429743,0.006596070107459,0.007020353726332,0.007367476772813,0.007537954162118,0.007457061404347,0.007226991779699,0.006639969716683,0.006164661547368,0.005663178044772,0.00515805623304,0.004698187318513,0.004267784114045,0.003985097553107,0.004005235563228,0.004021404837884,0.004032244760278
"GCAM 7.1","Reference","Pakistan","Emissions|CH4|AFOLU|Agriculture","Mt CH4/yr",3.4175368671,3.9982578157,4.7563790858,5.5918516012,6.124199381945,7.039905654573,8.038183033689,9.127277053891,10.278963576758,11.513851028475,12.758318532464,14.03769135514,15.287132563433,16.459814526424,17.541976073692,18.506826764292,19.357541000233,20.114672505804,20.776725522938,21.353649804259
"GCAM 7.1","Reference","World","Emissions|CH4|AFOLU|Agriculture","Mt CH4/yr",3.4175368671,3.9982578157,4.7563790858,5.5918516012,6.124199381945,7.039905654573,8.038183033689,9.127277053891,10.278963576758,11.513851028475,12.758318532464,14.03769135514,15.287132563433,16.459814526424,17.541976073692,18.506826764292,19.357541000233,20.114672505804,20.776725522938,21.353649804259
"GCAM 7.1","Reference","Pakistan","Emissions|CH4|AFOLU|Agriculture|Livestock","Mt CH4/yr",3.05054033,3.66711579,4.37284943,5.12493657,5.65363683,6.53078984,7.49921541,8.56757964,9.72048806,10.9617398,12.24144851,13.52619734,14.77892473,15.95869263,17.04389423,18.01283949,18.8705223,19.63054411,20.29559475,20.87601872
"GCAM 7.1","Reference","World","Emissions|CH4|AFOLU|Agriculture|Livestock","Mt CH4/yr",3.05054033,3.66711579,4.37284943,5.12493657,5.65363683,6.53078984,7.49921541,8.56757964,9.72048806,10.9617398,12.24144851,13.52619734,14.77892473,15.95869263,17.04389423,18.01283949,18.8705223,19.63054411,20.29559475,20.87601872
"GCAM 7.1","Reference","Pakistan","Emissions|CH4|AFOLU|Agriculture|Livestock|Enteric Fermentation","Mt CH4/yr",3.04263117,3.65604351,4.35682182,5.09951688,5.62552243,6.49809709,7.46139371,8.52402649,9.67068429,10.90517081,12.17789731,13.45559814,14.70140943,15.87463273,16.95377903,17.91729289,18.7701471,19.52587541,20.18715645,20.76427852
"GCAM 7.1","Reference","World","Emissions|CH4|AFOLU|Agriculture|Livestock|Enteric Fermentation","Mt CH4/yr",3.04263117,3.65604351,4.35682182,5.09951688,5.62552243,6.49809709,7.46139371,8.52402649,9.67068429,10.90517081,12.17789731,13.45559814,14.70140943,15.87463273,16.95377903,17.91729289,18.7701471,19.52587541,20.18715645,20.76427852
"GCAM 7.1","Reference","Pakistan","Emissions|CH4|AFOLU|Agriculture|Rice","Mt CH4/yr",0.3669965371,0.3311420257,0.3835296558,0.4669150312,0.470562551945,0.509115814573,0.538967623689,0.559697413891,0.558475516758,0.552111228475,0.516870022464,0.51149401514,0.508207833433,0.501121896424,0.498081843692,0.493987274292,0.487018700233,0.484128395804,0.481130772938,0.477631084259
"GCAM 7.1","Reference","World","Emissions|CH4|AFOLU|Agriculture|Rice","Mt CH4/yr",0.3669965371,0.3311420257,0.3835296558,0.4669150312,0.470562551945,0.509115814573,0.538967623689,0.559697413891,0.558475516758,0.552111228475,0.516870022464,0.51149401514,0.508207833433,0.501121896424,0.498081843692,0.493987274292,0.487018700233,0.484128395804,0.481130772938,0.477631084259
"GCAM 7.1","Reference","Pakistan","Emissions|CH4|AFOLU|Land","Mt CH4/yr",0.0003633579,0.000332253,0.0002916318,0.000291549044,0.000291169642,0.000290402388,0.000289662602,0.000288922314,0.000288232868,0.000287560055,0.000286805388,0.000285955535,0.000285173304,0.000284496037,0.000283899499,0.000283402094,0.000282989488,0.000282628071,0.00028232879,0.000282089355
"GCAM 7.1","Reference","World","Emissions|CH4|AFOLU|Land","Mt CH4/yr",0.0003633579,0.000332253,0.0002916318,0.000291549044,0.000291169642,0.000290402388,0.000289662602,0.000288922314,0.000288232868,0.000287560055,0.000286805388,0.000285955535,0.000285173304,0.000284496037,0.000283899499,0.000283402094,0.000282989488,0.000282628071,0.00028232879,0.000282089355
"GCAM 7.1","Reference","Pakistan","Emissions|CH4|AFOLU|Land|Fires","Mt CH4/yr",0.0003633579,0.000332253,0.0002916318,0.000291549044,0.000291169642,0.000290402388,0.000289662602,0.000288922314,0.000288232868,0.000287560055,0.000286805388,0.000285955535,0.000285173304,0.000284496037,0.000283899499,0.000283402094,0.000282989488,0.000282628071,0.00028232879,0.000282089355
"GCAM 7.1","Reference","World","Emissions|CH4|AFOLU|Land|Fires","Mt CH4/yr",0.0003633579,0.000332253,0.0002916318,0.000291549044,0.000291169642,0.000290402388,0.000289662602,0.000288922314,0.000288232868,0.000287560055,0.000286805388,0.000285955535,0.000285173304,0.000284496037,0.000283899499,0.000283402094,0.000282989488,0.000282628071,0.00028232879,0.000282089355
"GCAM 7.1","Reference","Pakistan","Emissions|CH4|AFOLU|Land|Fires|Forest Burning","Mt CH4/yr",0,0,0,0,0,0,0,0,0,0,0,0,0,0,0,0,0,0,0,0
"GCAM 7.1","Reference","World","Emissions|CH4|AFOLU|Land|Fires|Forest Burning","Mt CH4/yr",0,0,0,0,0,0,0,0,0,0,0,0,0,0,0,0,0,0,0,0
"GCAM 7.1","Reference","Pakistan","Emissions|CH4|Energy","Mt CH4/yr",1.179477551406,1.257165744173,1.277931024694,1.375667562992,1.3842609600075,1.4551277852764,1.5212186265225,1.58508420982208,1.66284464942356,1.74496148050028,1.83970524704933,1.98429318232986,2.11552434832402,2.22404362751275,2.30926182638018,2.37060368332961,2.38952625488063,2.38582170290931,2.37353005014866,2.36890810463813
"GCAM 7.1","Reference","World","Emissions|CH4|Energy","Mt CH4/yr",1.179477551406,1.257165744173,1.277931024694,1.375667562992,1.3842609600075,1.4551277852764,1.5212186265225,1.58508420982208,1.66284464942356,1.74496148050028,1.83970524704933,1.98429318232986,2.11552434832402,2.22404362751275,2.30926182638018,2.37060368332961,2.38952625488063,2.38582170290931,2.37353005014866,2.36890810463813
"GCAM 7.1","Reference","Pakistan","Emissions|CH4|Energy and Industrial Processes","Mt CH4/yr",1.184317019796,1.262860570973,1.2824624609963,1.381646302992,1.3903565260075,1.4617081702764,1.5281485195225,1.59198327982208,1.66939314912356,1.75129925580028,1.84580159572933,1.99027183276986,2.12141567038402,2.22987189271275,2.31509558808018,2.37644829192961,2.39537313848063,2.39169033148931,2.37942085244866,2.37483197113813
"GCAM 7.1","Reference","World","Emissions|CH4|Energy and Industrial Processes","Mt CH4/yr",1.184317019796,1.262860570973,1.2824624609963,1.381646302992,1.3903565260075,1.4617081702764,1.5281485195225,1.59198327982208,1.66939314912356,1.75129925580028,1.84580159572933,1.99027183276986,2.12141567038402,2.22987189271275,2.31509558808018,2.37644829192961,2.39537313848063,2.39169033148931,2.37942085244866,2.37483197113813
"GCAM 7.1","Reference","Pakistan","Emissions|CH4|Energy|Demand","Mt CH4/yr",0.434810416166,0.523530004893,0.551644009324,0.617416841592,0.592250246797,0.557260539034,0.534461097464,0.516472718907,0.5073258304151,0.503736199108,0.5103936696916,0.5211547167326,0.5343683841951,0.5495049342471,0.565393952521203,0.580660212522714,0.596325138624326,0.610707382801709,0.623419631786158,0.636778701564228
"GCAM 7.1","Reference","World","Emissions|CH4|Energy|Demand","Mt CH4/yr",0.434810416166,0.523530004893,0.551644009324,0.617416841592,0.592250246797,0.557260539034,0.534461097464,0.516472718907,0.5073258304151,0.503736199108,0.5103936696916,0.5211547167326,0.5343683841951,0.5495049342471,0.565393952521203,0.580660212522714,0.596325138624326,0.610707382801709,0.623419631786158,0.636778701564228
"GCAM 7.1","Reference","Pakistan","Emissions|CH4|Energy|Demand|AFOFI","Mt CH4/yr",5.67098e-05,7.22024e-06,2.64134e-06,2.4714e-06,2.631811e-06,2.828806e-06,2.969057e-06,3.0709469e-06,3.1888737e-06,3.243748e-06,3.347227e-06,3.539153e-06,3.7549938e-06,3.9280761e-06,4.055291e-06,4.132991e-06,4.175345e-06,4.201507e-06,4.206803e-06,4.208308e-06
"GCAM 7.1","Reference","World","Emissions|CH4|Energy|Demand|AFOFI","Mt CH4/yr",5.67098e-05,7.22024e-06,2.64134e-06,2.4714e-06,2.631811e-06,2.828806e-06,2.969057e-06,3.0709469e-06,3.1888737e-06,3.243748e-06,3.347227e-06,3.539153e-06,3.7549938e-06,3.9280761e-06,4.055291e-06,4.132991e-06,4.175345e-06,4.201507e-06,4.206803e-06,4.208308e-06
"GCAM 7.1","Reference","Pakistan","Emissions|CH4|Energy|Demand|Bunkers","Mt CH4/yr",6.59503e-06,1.09095e-05,4.36509e-06,1.0246e-06,1.01698e-06,1.00677e-06,7.30918e-07,5.85106e-07,5.70203e-07,5.90507e-07,6.38016e-07,7.01745e-07,7.67719e-07,8.35362e-07,9.0572e-07,9.73736e-07,1.04027e-06,1.11032e-06,1.18122e-06,1.24233e-06
"GCAM 7.1","Reference","World","Emissions|CH4|Energy|Demand|Bunkers","Mt CH4/yr",6.59503e-06,1.09095e-05,4.36509e-06,1.0246e-06,1.01698e-06,1.00677e-06,7.30918e-07,5.85106e-07,5.70203e-07,5.90507e-07,6.38016e-07,7.01745e-07,7.67719e-07,8.35362e-07,9.0572e-07,9.73736e-07,1.04027e-06,1.11032e-06,1.18122e-06,1.24233e-06
"GCAM 7.1","Reference","Pakistan","Emissions|CH4|Energy|Demand|Bunkers|International Shipping","Mt CH4/yr",6.59503e-06,1.09095e-05,4.36509e-06,1.0246e-06,1.01698e-06,1.00677e-06,7.30918e-07,5.85106e-07,5.70203e-07,5.90507e-07,6.38016e-07,7.01745e-07,7.67719e-07,8.35362e-07,9.0572e-07,9.73736e-07,1.04027e-06,1.11032e-06,1.18122e-06,1.24233e-06
"GCAM 7.1","Reference","World","Emissions|CH4|Energy|Demand|Bunkers|International Shipping","Mt CH4/yr",6.59503e-06,1.09095e-05,4.36509e-06,1.0246e-06,1.01698e-06,1.00677e-06,7.30918e-07,5.85106e-07,5.70203e-07,5.90507e-07,6.38016e-07,7.01745e-07,7.67719e-07,8.35362e-07,9.0572e-07,9.73736e-07,1.04027e-06,1.11032e-06,1.18122e-06,1.24233e-06
"GCAM 7.1","Reference","Pakistan","Emissions|CH4|Energy|Demand|Commercial","Mt CH4/yr",0.0022927489,0.0027760156,0.0026957744,0.0023593354,0.0024931239,0.0032875332,0.0043206392,0.005780839,0.007998409,0.010825141,0.0147398,0.019197193,0.02391859,0.02865989,0.033556485,0.038243513,0.042821535,0.046933828,0.050406335,0.053354009
"GCAM 7.1","Reference","World","Emissions|CH4|Energy|Demand|Commercial","Mt CH4/yr",0.0022927489,0.0027760156,0.0026957744,0.0023593354,0.0024931239,0.0032875332,0.0043206392,0.005780839,0.007998409,0.010825141,0.0147398,0.019197193,0.02391859,0.02865989,0.033556485,0.038243513,0.042821535,0.046933828,0.050406335,0.053354009
"GCAM 7.1","Reference","Pakistan","Emissions|CH4|Energy|Demand|Industry","Mt CH4/yr",0.0113454957,0.011981711,0.0139559351,0.0255761361,0.02912831346,0.03754269096,0.04732171363,0.05827905932,0.0696262157,0.080962476477,0.0920217604526,0.1021018792266,0.1114866302901,0.1199608424141,0.127452304338203,0.133828860861714,0.139143012880326,0.143410437096709,0.146829071140158,0.149560156890228
"GCAM 7.1","Reference","World","Emissions|CH4|Energy|Demand|Industry","Mt CH4/yr",0.0113454957,0.011981711,0.0139559351,0.0255761361,0.02912831346,0.03754269096,0.04732171363,0.05827905932,0.0696262157,0.080962476477,0.0920217604526,0.1021018792266,0.1114866302901,0.1199608424141,0.127452304338203,0.133828860861714,0.139143012880326,0.143410437096709,0.146829071140158,0.149560156890228
"GCAM 7.1","Reference","Pakistan","Emissions|CH4|Energy|Demand|Residential","Mt CH4/yr",0.386956769196,0.431816926783,0.477992840194,0.537360385162,0.507739545789,0.465280105152,0.431726033475,0.402710520596,0.37874128768,0.358518348746,0.345529620097,0.335740654706,0.327491501113,0.320537646134,0.314145050704,0.307816646307,0.30263528189,0.297316285652,0.291728062519,0.287703729095
"GCAM 7.1","Reference","World","Emissions|CH4|Energy|Demand|Residential","Mt CH4/yr",0.386956769196,0.431816926783,0.477992840194,0.537360385162,0.507739545789,0.465280105152,0.431726033475,0.402710520596,0.37874128768,0.358518348746,0.345529620097,0.335740654706,0.327491501113,0.320537646134,0.314145050704,0.307816646307,0.30263528189,0.297316285652,0.291728062519,0.287703729095
"GCAM 7.1","Reference","Pakistan","Emissions|CH4|Energy|Demand|Residential and Commercial","Mt CH4/yr",0.389249518096,0.434592942383,0.480688614594,0.539719720562,0.510232669689,0.468567638352,0.436046672675,0.408491359596,0.38673969668,0.369343489746,0.360269420097,0.354937847706,0.351410091113,0.349197536134,0.347701535704,0.346060159307,0.34545681689,0.344250113652,0.342134397519,0.341057738095
"GCAM 7.1","Reference","World","Emissions|CH4|Energy|Demand|Residential and Commercial","Mt CH4/yr",0.389249518096,0.434592942383,0.480688614594,0.539719720562,0.510232669689,0.468567638352,0.436046672675,0.408491359596,0.38673969668,0.369343489746,0.360269420097,0.354937847706,0.351410091113,0.349197536134,0.347701535704,0.346060159307,0.34545681689,0.344250113652,0.342134397519,0.341057738095
"GCAM 7.1","Reference","Pakistan","Emissions|CH4|Energy|Demand|Residential and Commercial and AFOFI","Mt CH4/yr",0.389306227896,0.434600162623,0.480691255934,0.539722191962,0.5102353015,0.468570467158,0.436049641732,0.4084944305429,0.3867428855537,0.369346733494,0.360272767324,0.354941386859,0.3514138461068,0.3492014642101,0.347705590995,0.346064292298,0.345460992235,0.344254315159,0.342138604322,0.341061946403
"GCAM 7.1","Reference","World","Emissions|CH4|Energy|Demand|Residential and Commercial and AFOFI","Mt CH4/yr",0.389306227896,0.434600162623,0.480691255934,0.539722191962,0.5102353015,0.468570467158,0.436049641732,0.4084944305429,0.3867428855537,0.369346733494,0.360272767324,0.354941386859,0.3514138461068,0.3492014642101,0.347705590995,0.346064292298,0.345460992235,0.344254315159,0.342138604322,0.341061946403
"GCAM 7.1","Reference","Pakistan","Emissions|CH4|Energy|Demand|Transportation","Mt CH4/yr",0.0516535108,0.11288521256,0.08433289938,0.07535096793,0.076192041796,0.073508511484,0.073329858422,0.07224576509,0.0745047912442,0.079385741676,0.087995724412,0.09844231287,0.110827239226,0.125632731474,0.142113038988,0.159669684017,0.177933766018,0.196751626329,0.215619620614,0.234953638747
"GCAM 7.1","Reference","World","Emissions|CH4|Energy|Demand|Transportation","Mt CH4/yr",0.0516535108,0.11288521256,0.08433289938,0.07535096793,0.076192041796,0.073508511484,0.073329858422,0.07224576509,0.0745047912442,0.079385741676,0.087995724412,0.09844231287,0.110827239226,0.125632731474,0.142113038988,0.159669684017,0.177933766018,0.196751626329,0.215619620614,0.234953638747
"GCAM 7.1","Reference","Pakistan","Emissions|CH4|Energy|Demand|Transportation|Light-Duty Vehicle","Mt CH4/yr",0.00940822288,0.01967987146,0.0150486797,0.01309492273,0.01330455554,0.01287994942,0.01308858406,0.01256218818,0.01141377222,0.01006149708,0.00902488684,0.00806206234,0.00714739092,0.0063988412,0.00572531553,0.005121499219,0.00458893715,0.004122861137,0.0037053452,0.003474140751
"GCAM 7.1","Reference","World","Emissions|CH4|Energy|Demand|Transportation|Light-Duty Vehicle","Mt CH4/yr",0.00940822288,0.01967987146,0.0150486797,0.01309492273,0.01330455554,0.01287994942,0.01308858406,0.01256218818,0.01141377222,0.01006149708,0.00902488684,0.00806206234,0.00714739092,0.0063988412,0.00572531553,0.005121499219,0.00458893715,0.004122861137,0.0037053452,0.003474140751
"GCAM 7.1","Reference","Pakistan","Emissions|CH4|Energy|Demand|Transportation|Truck","Mt CH4/yr",0.007355881,0.0213238,0.01460861,0.01579403,0.016279896,0.015909945,0.015765518,0.0145954765,0.0160001322,0.017412046,0.019183091,0.0217242009,0.02496716,0.028659868,0.032640059,0.036749254,0.040925834,0.045216956,0.049584998,0.053891349
"GCAM 7.1","Reference","World","Emissions|CH4|Energy|Demand|Transportation|Truck","Mt CH4/yr",0.007355881,0.0213238,0.01460861,0.01579403,0.016279896,0.015909945,0.015765518,0.0145954765,0.0160001322,0.017412046,0.019183091,0.0217242009,0.02496716,0.028659868,0.032640059,0.036749254,0.040925834,0.045216956,0.049584998,0.053891349
"GCAM 7.1","Reference","Pakistan","Emissions|CH4|Energy|Supply","Mt CH4/yr",0.74461042544,0.73362851904,0.72628437403,0.75824825,0.7920080813995,0.8978644174364,0.9867545600015,1.06860841996818,1.15551563013476,1.24122203764428,1.32930823013073,1.46313492644426,1.58115220913512,1.67453476518955,1.74386381856798,1.7899393378159,1.7931969409113,1.7751101186006,1.7501062115595,1.7321251947659
"GCAM 7.1","Reference","World","Emissions|CH4|Energy|Supply","Mt CH4/yr",0.74461042544,0.73362851904,0.72628437403,0.75824825,0.7920080813995,0.8978644174364,0.9867545600015,1.06860841996818,1.15551563013476,1.24122203764428,1.32930823013073,1.46313492644426,1.58115220913512,1.67453476518955,1.74386381856798,1.7899393378159,1.7931969409113,1.7751101186006,1.7501062115595,1.7321251947659
"GCAM 7.1","Reference","Pakistan","Emissions|CH4|Energy|Supply|Electricity","Mt CH4/yr",0.01361422544,0.01091601904,0.01452104403,0.0109377,0.00357797894,0.004530748731,0.005399750907,0.00685514475,0.00869214764,0.00999894848,0.01059985295,0.01257356089,0.01425682749,0.0158247727,0.01734214448,0.0187752524,0.0199514681,0.0214604889,0.0230815836,0.0248921154
"GCAM 7.1","Reference","World","Emissions|CH4|Energy|Supply|Electricity","Mt CH4/yr",0.01361422544,0.01091601904,0.01452104403,0.0109377,0.00357797894,0.004530748731,0.005399750907,0.00685514475,0.00869214764,0.00999894848,0.01059985295,0.01257356089,0.01425682749,0.0158247727,0.01734214448,0.0187752524,0.0199514681,0.0214604889,0.0230815836,0.0248921154
"GCAM 7.1","Reference","Pakistan","Emissions|CH4|Energy|Supply|Fugitive","Mt CH4/yr",0.7309962,0.7227125,0.71176333,0.74731055,0.78842983,0.89333009,0.98134493,1.06173285,1.146782881,1.231150811,1.318580955,1.4503490532,1.566590253,1.658299673,1.725994794,1.770498449,1.77241218,1.75260921,1.72573107,1.70563139
"GCAM 7.1","Reference","World","Emissions|CH4|Energy|Supply|Fugitive","Mt CH4/yr",0.7309962,0.7227125,0.71176333,0.74731055,0.78842983,0.89333009,0.98134493,1.06173285,1.146782881,1.231150811,1.318580955,1.4503490532,1.566590253,1.658299673,1.725994794,1.770498449,1.77241218,1.75260921,1.72573107,1.70563139
"GCAM 7.1","Reference","Pakistan","Emissions|CH4|Energy|Supply|Hydrogen","Mt CH4/yr",0,0,0,0,1.29055e-08,2.97068e-07,9.23017e-07,2.29113098e-06,3.56729366e-06,4.88569598e-06,5.96889373e-06,7.16615206e-06,8.4438853e-06,9.785962e-06,1.1193054e-05,1.2779651e-05,1.4519412e-05,1.6338924e-05,1.8245289e-05,2.0330051e-05
"GCAM 7.1","Reference","World","Emissions|CH4|Energy|Supply|Hydrogen","Mt CH4/yr",0,0,0,0,1.29055e-08,2.97068e-07,9.23017e-07,2.29113098e-06,3.56729366e-06,4.88569598e-06,5.96889373e-06,7.16615206e-06,8.4438853e-06,9.785962e-06,1.1193054e-05,1.2779651e-05,1.4519412e-05,1.6338924e-05,1.8245289e-05,2.0330051e-05
"GCAM 7.1","Reference","Pakistan","Emissions|CH4|Energy|Supply|Liquids","Mt CH4/yr",0,0,0,0,2.59554e-07,3.2816374e-06,8.9560775e-06,1.81340872e-05,3.70342011e-05,6.73924683e-05,0.000121453287,0.0002051462022,0.00029668475982,0.00040053352755,0.00051568703398,0.0006528567649,0.0008187733993,0.0010240807766,0.0012753126705,0.0015813593149
"GCAM 7.1","Reference","World","Emissions|CH4|Energy|Supply|Liquids","Mt CH4/yr",0,0,0,0,2.59554e-07,3.2816374e-06,8.9560775e-06,1.81340872e-05,3.70342011e-05,6.73924683e-05,0.000121453287,0.0002051462022,0.00029668475982,0.00040053352755,0.00051568703398,0.0006528567649,0.0008187733993,0.0010240807766,0.0012753126705,0.0015813593149
"GCAM 7.1","Reference","Pakistan","Emissions|CH4|Industrial Processes","Mt CH4/yr",0.00483946839,0.0056948268,0.0045314363023,0.00597874,0.006095566,0.006580385,0.006929893,0.00689907,0.0065484997,0.0063377753,0.00609634868,0.00597865044,0.00589132206,0.0058282652,0.0058337617,0.0058446086,0.0058468836,0.00586862858,0.0058908023,0.0059238665
"GCAM 7.1","Reference","World","Emissions|CH4|Industrial Processes","Mt CH4/yr",0.00483946839,0.0056948268,0.0045314363023,0.00597874,0.006095566,0.006580385,0.006929893,0.00689907,0.0065484997,0.0063377753,0.00609634868,0.00597865044,0.00589132206,0.0058282652,0.0058337617,0.0058446086,0.0058468836,0.00586862858,0.0058908023,0.0059238665
"GCAM 7.1","Reference","Pakistan","Emissions|CH4|Industrial Processes|Chemicals","Mt CH4/yr",0.00457928,0.00521965,0.00449939,0.00597874,0.006095566,0.006580385,0.006929893,0.00689907,0.0065484997,0.0063377753,0.00609634868,0.00597865044,0.00589132206,0.0058282652,0.0058337617,0.0058446086,0.0058468836,0.00586862858,0.0058908023,0.0059238665
"GCAM 7.1","Reference","World","Emissions|CH4|Industrial Processes|Chemicals","Mt CH4/yr",0.00457928,0.00521965,0.00449939,0.00597874,0.006095566,0.006580385,0.006929893,0.00689907,0.0065484997,0.0063377753,0.00609634868,0.00597865044,0.00589132206,0.0058282652,0.0058337617,0.0058446086,0.0058468836,0.00586862858,0.0058908023,0.0059238665
"GCAM 7.1","Reference","Pakistan","Emissions|CH4|Industrial Processes|Chemicals|Ammonia","Mt CH4/yr",0.00457928,0.00521965,0.00449939,0.00597874,0.006095566,0.006580385,0.006929893,0.00689907,0.0065484997,0.0063377753,0.00609634868,0.00597865044,0.00589132206,0.0058282652,0.0058337617,0.0058446086,0.0058468836,0.00586862858,0.0058908023,0.0059238665
"GCAM 7.1","Reference","World","Emissions|CH4|Industrial Processes|Chemicals|Ammonia","Mt CH4/yr",0.00457928,0.00521965,0.00449939,0.00597874,0.006095566,0.006580385,0.006929893,0.00689907,0.0065484997,0.0063377753,0.00609634868,0.00597865044,0.00589132206,0.0058282652,0.0058337617,0.0058446086,0.0058468836,0.00586862858,0.0058908023,0.0059238665
"GCAM 7.1","Reference","Pakistan","Emissions|CH4|Industrial Processes|Iron and Steel","Mt CH4/yr",0.00026018839,0.0004751768,3.20463023e-05,0,0,0,0,0,0,0,0,0,0,0,0,0,0,0,0,0
"GCAM 7.1","Reference","World","Emissions|CH4|Industrial Processes|Iron and Steel","Mt CH4/yr",0.00026018839,0.0004751768,3.20463023e-05,0,0,0,0,0,0,0,0,0,0,0,0,0,0,0,0,0
"GCAM 7.1","Reference","Pakistan","Emissions|CH4|Product Use","Mt CH4/yr",5.40771e-05,6.7375e-05,3.53828e-05,0,0,0,0,0,0,0,0,0,0,0,0,0,0,0,0,0
"GCAM 7.1","Reference","World","Emissions|CH4|Product Use","Mt CH4/yr",5.40771e-05,6.7375e-05,3.53828e-05,0,0,0,0,0,0,0,0,0,0,0,0,0,0,0,0,0
"GCAM 7.1","Reference","Pakistan","Emissions|CH4|Waste","Mt CH4/yr",0.9861317,1.1219468,1.270745,1.467806,1.5596226,1.676163,1.7874464,1.888721,1.9776535,2.0980051,2.220239,2.3340043,2.435193,2.522752,2.595517,2.65345,2.699804,2.737147,2.766134,2.787913
"GCAM 7.1","Reference","World","Emissions|CH4|Waste","Mt CH4/yr",0.9861317,1.1219468,1.270745,1.467806,1.5596226,1.676163,1.7874464,1.888721,1.9776535,2.0980051,2.220239,2.3340043,2.435193,2.522752,2.595517,2.65345,2.699804,2.737147,2.766134,2.787913
"GCAM 7.1","Reference","Pakistan","Emissions|CO","Mt CO/yr",8.73038081852429,9.64159206269078,11.0984684967481,14.258091152408,14.4774344501996,14.9542793913412,15.7925088169184,16.8550280409643,18.0341173729661,19.2141062481827,20.342816518477,21.3778199869006,22.3713952105738,23.2997751897668,24.1002907985916,24.7472401668793,25.244853598572,25.5851185545628,25.7841406761753,25.8796763648718
"GCAM 7.1","Reference","World","Emissions|CO","Mt CO/yr",8.73038081852429,9.64159206269078,11.0984684967481,14.258091152408,14.4774344501996,14.9542793913412,15.7925088169184,16.8550280409643,18.0341173729661,19.2141062481827,20.342816518477,21.3778199869006,22.3713952105738,23.2997751897668,24.1002907985916,24.7472401668793,25.244853598572,25.5851185545628,25.7841406761753,25.8796763648718
"GCAM 7.1","Reference","Pakistan","Emissions|CO2","Mt CO2/yr",134.249774807651,147.317954800652,192.938470171213,237.351576771735,244.996573266337,295.223295404196,358.455313284014,440.845699814191,540.980350587029,641.81126698955,734.345333694908,868.922777542032,1011.85044954126,1160.6457843009,1311.36576814101,1451.58063059658,1573.32165696191,1691.74306844501,1803.88325759947,1908.95516940972
"GCAM 7.1","Reference","World","Emissions|CO2","Mt CO2/yr",134.249774807651,147.317954800652,192.938470171213,237.351576771735,244.996573266337,295.223295404196,358.455313284014,440.845699814191,540.980350587029,641.81126698955,734.345333694908,868.922777542032,1011.85044954126,1160.6457843009,1311.36576814101,1451.58063059658,1573.32165696191,1691.74306844501,1803.88325759947,1908.95516940972
"GCAM 7.1","Reference","Pakistan","Emissions|CO2|AFOLU","Mt CO2/yr",3.93938452125288,-7.97364122816481,14.5554620502438,6.54206188138754,-4.87305526311491,-11.0786515602327,-13.5839910322049,-15.4132220074556,-16.6976810241363,-17.8795613482345,-19.9368372873557,-18.8812401582742,-18.0577228594524,-16.7632210672982,-14.9875668998388,-13.1323013573291,-10.79145204222,-9.7224579089736,-8.61673962696013,-7.57733319172626
"GCAM 7.1","Reference","World","Emissions|CO2|AFOLU","Mt CO2/yr",3.93938452125288,-7.97364122816481,14.5554620502438,6.54206188138754,-4.87305526311491,-11.0786515602327,-13.5839910322049,-15.4132220074556,-16.6976810241363,-17.8795613482345,-19.9368372873557,-18.8812401582742,-18.0577228594524,-16.7632210672982,-14.9875668998388,-13.1323013573291,-10.79145204222,-9.7224579089736,-8.61673962696013,-7.57733319172626
"GCAM 7.1","Reference","Pakistan","Emissions|CO2|AFOLU [NGHGI]","Mt CO2/yr",3.93938452125288,-7.97364122816481,14.5554620502438,6.54206188138754,-4.87305526311491,-11.0786515602327,-13.5839910322049,-15.4132220074556,-16.6976810241363,-17.8795613482345,-19.9368372873557,-18.8812401582742,-18.0577228594524,-16.7632210672982,-14.9875668998388,-13.1323013573291,-10.79145204222,-9.7224579089736,-8.61673962696013,-7.57733319172626
"GCAM 7.1","Reference","World","Emissions|CO2|AFOLU [NGHGI]","Mt CO2/yr",3.93938452125288,-7.97364122816481,14.5554620502438,6.54206188138754,-4.87305526311491,-11.0786515602327,-13.5839910322049,-15.4132220074556,-16.6976810241363,-17.8795613482345,-19.9368372873557,-18.8812401582742,-18.0577228594524,-16.7632210672982,-14.9875668998388,-13.1323013573291,-10.79145204222,-9.7224579089736,-8.61673962696013,-7.57733319172626
"GCAM 7.1","Reference","Pakistan","Emissions|CO2|Energy","Mt CO2/yr",121.833056182398,139.334261244816,162.425673336969,214.852180106348,232.264687929003,283.399743215744,343.046425680503,420.527376573325,514.907585722943,609.713038427683,697.186049791707,823.837355981822,959.338396385276,1100.70041406136,1244.04259869138,1377.4945198583,1492.62627045382,1606.29093636842,1714.17527205448,1815.55650915515
"GCAM 7.1","Reference","World","Emissions|CO2|Energy","Mt CO2/yr",121.833056182398,139.334261244816,162.425673336969,214.852180106348,232.264687929003,283.399743215744,343.046425680503,420.527376573325,514.907585722943,609.713038427683,697.186049791707,823.837355981822,959.338396385276,1100.70041406136,1244.04259869138,1377.4945198583,1492.62627045382,1606.29093636842,1714.17527205448,1815.55650915515
"GCAM 7.1","Reference","Pakistan","Emissions|CO2|Energy and Industrial Processes","Mt CO2/yr",130.310390286398,155.291596028816,178.383008120969,230.809514890348,249.869628529452,306.301946964429,372.039304316219,456.258921821647,557.678031611165,659.690828337785,754.282170982263,887.804017700306,1029.90817240071,1177.4090053682,1326.35333504084,1464.71293195391,1584.11310900413,1701.46552635399,1812.49999722643,1916.53250260145
"GCAM 7.1","Reference","World","Emissions|CO2|Energy and Industrial Processes","Mt CO2/yr",130.310390286398,155.291596028816,178.383008120969,230.809514890348,249.869628529452,306.301946964429,372.039304316219,456.258921821647,557.678031611165,659.690828337785,754.282170982263,887.804017700306,1029.90817240071,1177.4090053682,1326.35333504084,1464.71293195391,1584.11310900413,1701.46552635399,1812.49999722643,1916.53250260145
"GCAM 7.1","Reference","Pakistan","Emissions|CO2|Energy|Demand","Mt CO2/yr",97.4928077646484,109.82921302114,129.696812393952,171.010658133089,184.180924112052,217.479043239487,257.542863898319,300.447516159675,351.314826427709,409.824358448756,475.865628858474,545.3294461874,614.986246172838,681.137357580942,742.367510543576,796.484376236478,843.715004146063,884.627787186834,919.879872355843,951.332170148744
"GCAM 7.1","Reference","World","Emissions|CO2|Energy|Demand","Mt CO2/yr",97.4928077646484,109.82921302114,129.696812393952,171.010658133089,184.180924112052,217.479043239487,257.542863898319,300.447516159675,351.314826427709,409.824358448756,475.865628858474,545.3294461874,614.986246172838,681.137357580942,742.367510543576,796.484376236478,843.715004146063,884.627787186834,919.879872355843,951.332170148744
"GCAM 7.1","Reference","Pakistan","Emissions|CO2|Energy|Demand|AFOFI","Mt CO2/yr",0.3098568281688,0.12936001176,0.04813732437612,0.04512526743563,0.047985135695618,0.051180606652782,0.052863419805765,0.0533760447857006,0.0540195382442,0.052710662791878,0.052689524456623,0.05477223164596,0.057732581248416,0.060218750141098,0.062001314969816,0.063021994062605,0.063500791106132,0.063738229794384,0.06366778578798,0.063556432777857
"GCAM 7.1","Reference","World","Emissions|CO2|Energy|Demand|AFOFI","Mt CO2/yr",0.3098568281688,0.12936001176,0.04813732437612,0.04512526743563,0.047985135695618,0.051180606652782,0.052863419805765,0.0533760447857006,0.0540195382442,0.052710662791878,0.052689524456623,0.05477223164596,0.057732581248416,0.060218750141098,0.062001314969816,0.063021994062605,0.063500791106132,0.063738229794384,0.06366778578798,0.063556432777857
"GCAM 7.1","Reference","Pakistan","Emissions|CO2|Energy|Demand|Bunkers","Mt CO2/yr",3.179289955693,3.528099987403,3.131256617993,1.6828798863224,1.76128709045033,2.0785103222888,2.4335056545611,3.0622844117228,3.8740496521863,4.8758696099275,6.0644772846494,7.5025294153814,9.1728586672295,11.0481384710428,13.1296913936082,15.3605271630781,17.7099961099995,20.1794490344952,22.7294842996499,25.3393335369089
"GCAM 7.1","Reference","World","Emissions|CO2|Energy|Demand|Bunkers","Mt CO2/yr",3.179289955693,3.528099987403,3.131256617993,1.6828798863224,1.76128709045033,2.0785103222888,2.4335056545611,3.0622844117228,3.8740496521863,4.8758696099275,6.0644772846494,7.5025294153814,9.1728586672295,11.0481384710428,13.1296913936082,15.3605271630781,17.7099961099995,20.1794490344952,22.7294842996499,25.3393335369089
"GCAM 7.1","Reference","Pakistan","Emissions|CO2|Energy|Demand|Bunkers|International Aviation","Mt CO2/yr",2.716208246928,2.517940562237,2.432972887846,1.515294137754,1.591964144724,1.895604505661,2.241022870396,2.855625926269,3.647754331614,4.62799375406,5.79524052684,7.20833732197,8.8528008048,10.70179097289,12.75655449302,14.96132136012,17.28543823807,19.72927179357,22.25399202309,24.83866225806
"GCAM 7.1","Reference","World","Emissions|CO2|Energy|Demand|Bunkers|International Aviation","Mt CO2/yr",2.716208246928,2.517940562237,2.432972887846,1.515294137754,1.591964144724,1.895604505661,2.241022870396,2.855625926269,3.647754331614,4.62799375406,5.79524052684,7.20833732197,8.8528008048,10.70179097289,12.75655449302,14.96132136012,17.28543823807,19.72927179357,22.25399202309,24.83866225806
"GCAM 7.1","Reference","Pakistan","Emissions|CO2|Energy|Demand|Bunkers|International Shipping","Mt CO2/yr",0.463081708765,1.010159425166,0.698283730147,0.1675857485684,0.169322945726327,0.1829058166278,0.1924827841651,0.2066584854538,0.2262953205723,0.2478758558675,0.2692367578094,0.2941920934114,0.3200578624295,0.3463474981528,0.3731369005882,0.3992058029581,0.4245578719295,0.4501772409252,0.4754922765599,0.5006712788489
"GCAM 7.1","Reference","World","Emissions|CO2|Energy|Demand|Bunkers|International Shipping","Mt CO2/yr",0.463081708765,1.010159425166,0.698283730147,0.1675857485684,0.169322945726327,0.1829058166278,0.1924827841651,0.2066584854538,0.2262953205723,0.2478758558675,0.2692367578094,0.2941920934114,0.3200578624295,0.3463474981528,0.3731369005882,0.3992058029581,0.4245578719295,0.4501772409252,0.4754922765599,0.5006712788489
"GCAM 7.1","Reference","Pakistan","Emissions|CO2|Energy|Demand|Commercial","Mt CO2/yr",2.5740596340054,2.982950937844,4.55136041376,4.9701370518306,4.927696114639,6.305380239883,8.177155076711,10.66725096975,13.917553265232,17.827246953992,22.273993691575,27.421422159523,32.780912313416,37.948287449844,42.78028722245,46.92556426596,50.42598458418,53.1494381651,55.02853166926,56.42149846256
"GCAM 7.1","Reference","World","Emissions|CO2|Energy|Demand|Commercial","Mt CO2/yr",2.5740596340054,2.982950937844,4.55136041376,4.9701370518306,4.927696114639,6.305380239883,8.177155076711,10.66725096975,13.917553265232,17.827246953992,22.273993691575,27.421422159523,32.780912313416,37.948287449844,42.78028722245,46.92556426596,50.42598458418,53.1494381651,55.02853166926,56.42149846256
"GCAM 7.1","Reference","Pakistan","Emissions|CO2|Energy|Demand|Industry","Mt CO2/yr",54.5272029753513,57.7337483485221,62.7997416090669,90.3160562305498,100.059505886318,122.813502368196,150.756255315446,182.978278826387,219.141114159918,261.093259479749,306.101879545741,351.373625305054,395.062621443784,434.661676352731,469.210484898455,497.579901188347,519.837280797303,536.903304354853,549.737292819854,559.498201520478
"GCAM 7.1","Reference","World","Emissions|CO2|Energy|Demand|Industry","Mt CO2/yr",54.5272029753513,57.7337483485221,62.7997416090669,90.3160562305498,100.059505886318,122.813502368196,150.756255315446,182.978278826387,219.141114159918,261.093259479749,306.101879545741,351.373625305054,395.062621443784,434.661676352731,469.210484898455,497.579901188347,519.837280797303,536.903304354853,549.737292819854,559.498201520478
"GCAM 7.1","Reference","Pakistan","Emissions|CO2|Energy|Demand|Industry|Chemicals","Mt CO2/yr",11.037595336751,10.755815644468,11.897421414917,14.713135670891,15.3164186257349,16.6328183720743,17.7958186311349,18.5308637046238,18.9701569065596,19.6490002982726,20.3627188191561,21.3045504991438,22.3453257518931,23.5054420186282,24.8813773430699,26.3691856834795,27.9705576753835,29.6949739249092,31.4744840653578,33.2636459091105
"GCAM 7.1","Reference","World","Emissions|CO2|Energy|Demand|Industry|Chemicals","Mt CO2/yr",11.037595336751,10.755815644468,11.897421414917,14.713135670891,15.3164186257349,16.6328183720743,17.7958186311349,18.5308637046238,18.9701569065596,19.6490002982726,20.3627188191561,21.3045504991438,22.3453257518931,23.5054420186282,24.8813773430699,26.3691856834795,27.9705576753835,29.6949739249092,31.4744840653578,33.2636459091105
"GCAM 7.1","Reference","Pakistan","Emissions|CO2|Energy|Demand|Industry|Chemicals|Ammonia","Mt CO2/yr",5.32700715094,5.94784720738,6.22178389895,7.42577067507,7.5708577549264,8.17752900341166,8.62172686379328,8.6008622818965,8.17753353541207,7.91198089793759,7.60473855733981,7.44741752240456,7.32761120547975,7.2422580536537,7.24651912624107,7.25930871447043,7.26198326351357,7.28899123596884,7.31653311180598,7.357600002206
"GCAM 7.1","Reference","World","Emissions|CO2|Energy|Demand|Industry|Chemicals|Ammonia","Mt CO2/yr",5.32700715094,5.94784720738,6.22178389895,7.42577067507,7.5708577549264,8.17752900341166,8.62172686379328,8.6008622818965,8.17753353541207,7.91198089793759,7.60473855733981,7.44741752240456,7.32761120547975,7.2422580536537,7.24651912624107,7.25930871447043,7.26198326351357,7.28899123596884,7.31653311180598,7.357600002206
"GCAM 7.1","Reference","Pakistan","Emissions|CO2|Energy|Demand|Industry|Iron and Steel","Mt CO2/yr",1.56148646028663,1.2518672138061,0.4676969425179,0.45221172777682,0.30562820778438,1.72016985304573,4.95938561418653,9.69113632767898,15.823296655148,23.8874403615853,33.4063526802742,43.8606515873316,54.5238028567089,64.5666937696989,73.4979627149657,80.8249064477181,86.5828467045005,90.9681734698332,93.9690877759769,95.6910213325163
"GCAM 7.1","Reference","World","Emissions|CO2|Energy|Demand|Industry|Iron and Steel","Mt CO2/yr",1.56148646028663,1.2518672138061,0.4676969425179,0.45221172777682,0.30562820778438,1.72016985304573,4.95938561418653,9.69113632767898,15.823296655148,23.8874403615853,33.4063526802742,43.8606515873316,54.5238028567089,64.5666937696989,73.4979627149657,80.8249064477181,86.5828467045005,90.9681734698332,93.9690877759769,95.6910213325163
"GCAM 7.1","Reference","Pakistan","Emissions|CO2|Energy|Demand|Industry|Other Sector","Mt CO2/yr",41.9281211783137,45.726065490248,50.434623251632,75.150708831882,84.4374590527986,104.460514143076,128.001051070125,154.756278794085,184.34766059821,217.556818819891,252.332808046311,286.208423218578,318.193492835182,346.589540564404,370.831144840419,390.385809057149,405.283876417419,416.240156960111,424.29372097852,430.543534278851
"GCAM 7.1","Reference","World","Emissions|CO2|Energy|Demand|Industry|Other Sector","Mt CO2/yr",41.9281211783137,45.726065490248,50.434623251632,75.150708831882,84.4374590527986,104.460514143076,128.001051070125,154.756278794085,184.34766059821,217.556818819891,252.332808046311,286.208423218578,318.193492835182,346.589540564404,370.831144840419,390.385809057149,405.283876417419,416.240156960111,424.29372097852,430.543534278851
"GCAM 7.1","Reference","Pakistan","Emissions|CO2|Energy|Demand|Residential","Mt CO2/yr",10.5860704123699,13.0781659589241,15.5741066658278,18.2247283601267,18.0884886544079,21.0318692886546,24.5420382110942,28.7282009383211,33.8185186110772,39.0646097546612,45.0564224627047,50.726050054792,55.5373127721795,59.2950523004588,62.2291949138657,64.274098949766,65.8084342359177,66.5325119784096,66.5160109869095,66.4253897520046
"GCAM 7.1","Reference","World","Emissions|CO2|Energy|Demand|Residential","Mt CO2/yr",10.5860704123699,13.0781659589241,15.5741066658278,18.2247283601267,18.0884886544079,21.0318692886546,24.5420382110942,28.7282009383211,33.8185186110772,39.0646097546612,45.0564224627047,50.726050054792,55.5373127721795,59.2950523004588,62.2291949138657,64.274098949766,65.8084342359177,66.5325119784096,66.5160109869095,66.4253897520046
"GCAM 7.1","Reference","Pakistan","Emissions|CO2|Energy|Demand|Residential and Commercial","Mt CO2/yr",13.1601300463753,16.0611168967681,20.1254670795878,23.1948654119573,23.0161847690469,27.3372495285376,32.7191932878052,39.3954519080711,47.7360718763092,56.8918567086532,67.3304161542797,78.147472214315,88.3182250855955,97.2433397503028,105.009482136316,111.199663215726,116.234418820098,119.68195014351,121.54454265617,122.846888214565
"GCAM 7.1","Reference","World","Emissions|CO2|Energy|Demand|Residential and Commercial","Mt CO2/yr",13.1601300463753,16.0611168967681,20.1254670795878,23.1948654119573,23.0161847690469,27.3372495285376,32.7191932878052,39.3954519080711,47.7360718763092,56.8918567086532,67.3304161542797,78.147472214315,88.3182250855955,97.2433397503028,105.009482136316,111.199663215726,116.234418820098,119.68195014351,121.54454265617,122.846888214565
"GCAM 7.1","Reference","Pakistan","Emissions|CO2|Energy|Demand|Residential and Commercial and AFOFI","Mt CO2/yr",13.4699868745441,16.1904769085281,20.1736044039639,23.2399906793929,23.0641699047425,27.3884301351904,32.772056707611,39.4488279528568,47.7900914145534,56.944567371445,67.3831056787363,78.202244445961,88.3759576668439,97.3035585004439,105.071483451286,111.262685209789,116.297919611204,119.745688373304,121.608210441958,122.910444647342
"GCAM 7.1","Reference","World","Emissions|CO2|Energy|Demand|Residential and Commercial and AFOFI","Mt CO2/yr",13.4699868745441,16.1904769085281,20.1736044039639,23.2399906793929,23.0641699047425,27.3884301351904,32.772056707611,39.4488279528568,47.7900914145534,56.944567371445,67.3831056787363,78.202244445961,88.3759576668439,97.3035585004439,105.071483451286,111.262685209789,116.297919611204,119.745688373304,121.608210441958,122.910444647342
"GCAM 7.1","Reference","Pakistan","Emissions|CO2|Energy|Demand|Transportation","Mt CO2/yr",26.3163279590599,32.3768877766865,43.5922097629278,55.7717313368236,59.2959612305415,65.1986004138116,71.5810462207006,74.9581249687077,80.5095712010513,86.9106619876352,96.3161663493477,108.251047021003,122.374808394982,138.123984256725,154.955850800228,172.281262675265,189.869807627557,207.799345424181,225.804884794382,243.584190444015
"GCAM 7.1","Reference","World","Emissions|CO2|Energy|Demand|Transportation","Mt CO2/yr",26.3163279590599,32.3768877766865,43.5922097629278,55.7717313368236,59.2959612305415,65.1986004138116,71.5810462207006,74.9581249687077,80.5095712010513,86.9106619876352,96.3161663493477,108.251047021003,122.374808394982,138.123984256725,154.955850800228,172.281262675265,189.869807627557,207.799345424181,225.804884794382,243.584190444015
"GCAM 7.1","Reference","Pakistan","Emissions|CO2|Energy|Demand|Transportation|Bus","Mt CO2/yr",3.916722689399,6.017583547053,6.503772591252,7.864736714976,8.915475143831,10.704078973098,11.66333772697,11.341400697703,12.751916159265,15.206863382442,18.295538996564,21.540627291572,24.65712557489,27.187499804924,29.276579661507,30.856234805112,31.95676290516,32.64737963461,32.98082633159,33.05397633824
"GCAM 7.1","Reference","World","Emissions|CO2|Energy|Demand|Transportation|Bus","Mt CO2/yr",3.916722689399,6.017583547053,6.503772591252,7.864736714976,8.915475143831,10.704078973098,11.66333772697,11.341400697703,12.751916159265,15.206863382442,18.295538996564,21.540627291572,24.65712557489,27.187499804924,29.276579661507,30.856234805112,31.95676290516,32.64737963461,32.98082633159,33.05397633824
"GCAM 7.1","Reference","Pakistan","Emissions|CO2|Energy|Demand|Transportation|Domestic Aviation","Mt CO2/yr",0.1687931820115,0.1564680475577,0.1511931804115,0.0941669752273,0.106791676375,0.142072346249,0.1775301161391,0.2386112883586,0.3184045622792,0.413970370967,0.518312713786,0.634106057646,0.756338068758,0.893079081189,1.05523009593,1.248921780205,1.472075133825,1.723843156713,1.997875181625,2.289488874802
"GCAM 7.1","Reference","World","Emissions|CO2|Energy|Demand|Transportation|Domestic Aviation","Mt CO2/yr",0.1687931820115,0.1564680475577,0.1511931804115,0.0941669752273,0.106791676375,0.142072346249,0.1775301161391,0.2386112883586,0.3184045622792,0.413970370967,0.518312713786,0.634106057646,0.756338068758,0.893079081189,1.05523009593,1.248921780205,1.472075133825,1.723843156713,1.997875181625,2.289488874802
"GCAM 7.1","Reference","Pakistan","Emissions|CO2|Energy|Demand|Transportation|Light-Duty Vehicle","Mt CO2/yr",12.5822198771714,15.5684572486475,20.903727233672,26.7666023666606,27.4092349650817,27.267092475493,28.2763783172463,28.805020849638,28.7832434986583,29.0364062263397,30.7816704916668,33.0704291864024,36.0206007445998,40.0954040450364,44.9788825023223,50.505859038108,56.558364141669,63.0426802978189,69.7451719404696,76.6324115332489
"GCAM 7.1","Reference","World","Emissions|CO2|Energy|Demand|Transportation|Light-Duty Vehicle","Mt CO2/yr",12.5822198771714,15.5684572486475,20.903727233672,26.7666023666606,27.4092349650817,27.267092475493,28.2763783172463,28.805020849638,28.7832434986583,29.0364062263397,30.7816704916668,33.0704291864024,36.0206007445998,40.0954040450364,44.9788825023223,50.505859038108,56.558364141669,63.0426802978189,69.7451719404696,76.6324115332489
"GCAM 7.1","Reference","Pakistan","Emissions|CO2|Energy|Demand|Transportation|Light-Duty Vehicle|Large Car and SUV","Mt CO2/yr",1.2725820490226,1.698887821111,2.1138826588378,2.657618574935,2.77362227548079,2.81913756628521,3.01249598719658,3.36493577356989,3.86022311292934,4.4891950081086,5.49980953998264,6.68450242434865,8.08196433139063,9.82702700336601,11.8731097993735,14.2068969248693,16.7866963593965,19.5849748804521,22.5341008152211,25.6293540632744
"GCAM 7.1","Reference","World","Emissions|CO2|Energy|Demand|Transportation|Light-Duty Vehicle|Large Car and SUV","Mt CO2/yr",1.2725820490226,1.698887821111,2.1138826588378,2.657618574935,2.77362227548079,2.81913756628521,3.01249598719658,3.36493577356989,3.86022311292934,4.4891950081086,5.49980953998264,6.68450242434865,8.08196433139063,9.82702700336601,11.8731097993735,14.2068969248693,16.7866963593965,19.5849748804521,22.5341008152211,25.6293540632744
"GCAM 7.1","Reference","Pakistan","Emissions|CO2|Energy|Demand|Transportation|Light-Duty Vehicle|Midsize Car","Mt CO2/yr",4.139421376311,5.526066835703,6.87595395842,8.644600119206,8.8255332689878,8.6455703192942,8.5244694749517,8.3624555935565,7.99883732383363,7.9434409887976,8.41456256162683,9.21037626064019,10.3867234809142,11.9934769436493,13.9038154739831,15.9942502006893,18.221230323142,20.5564066020974,22.933799418224,25.2399158945376
"GCAM 7.1","Reference","World","Emissions|CO2|Energy|Demand|Transportation|Light-Duty Vehicle|Midsize Car","Mt CO2/yr",4.139421376311,5.526066835703,6.87595395842,8.644600119206,8.8255332689878,8.6455703192942,8.5244694749517,8.3624555935565,7.99883732383363,7.9434409887976,8.41456256162683,9.21037626064019,10.3867234809142,11.9934769436493,13.9038154739831,15.9942502006893,18.221230323142,20.5564066020974,22.933799418224,25.2399158945376
"GCAM 7.1","Reference","Pakistan","Emissions|CO2|Energy|Demand|Transportation|Light-Duty Vehicle|Subcompact Car","Mt CO2/yr",1.1856406077855,1.58282681056,1.9694508123743,2.4760364250942,2.59267255236415,2.99252372538092,3.7112327707181,4.55587954417083,5.52149842528769,6.52624287996142,7.82248963446869,9.09543230019074,10.3908910146264,11.8667589487962,13.4696015078424,15.1777691131304,16.9565411415036,18.7735997733574,20.5670439697311,22.2843432258492
"GCAM 7.1","Reference","World","Emissions|CO2|Energy|Demand|Transportation|Light-Duty Vehicle|Subcompact Car","Mt CO2/yr",1.1856406077855,1.58282681056,1.9694508123743,2.4760364250942,2.59267255236415,2.99252372538092,3.7112327707181,4.55587954417083,5.52149842528769,6.52624287996142,7.82248963446869,9.09543230019074,10.3908910146264,11.8667589487962,13.4696015078424,15.1777691131304,16.9565411415036,18.7735997733574,20.5670439697311,22.2843432258492
"GCAM 7.1","Reference","Pakistan","Emissions|CO2|Energy|Demand|Transportation|Light-Duty Vehicle|Two-Wheeler","Mt CO2/yr",5.9845758440523,6.7606757812735,9.9444398040399,12.9883472474254,13.217406868249,12.8098608645327,13.0281800843799,12.5217499383408,11.4026846366076,10.0775273494721,9.0448087555886,8.0801182012228,7.1610219176686,6.4081411492249,5.7323557211232,5.126942799419,4.5938963176269,4.127699041912,3.7102277372934,3.4787983495877
"GCAM 7.1","Reference","World","Emissions|CO2|Energy|Demand|Transportation|Light-Duty Vehicle|Two-Wheeler","Mt CO2/yr",5.9845758440523,6.7606757812735,9.9444398040399,12.9883472474254,13.217406868249,12.8098608645327,13.0281800843799,12.5217499383408,11.4026846366076,10.0775273494721,9.0448087555886,8.0801182012228,7.1610219176686,6.4081411492249,5.7323557211232,5.126942799419,4.5938963176269,4.127699041912,3.7102277372934,3.4787983495877
"GCAM 7.1","Reference","Pakistan","Emissions|CO2|Energy|Demand|Transportation|Rail","Mt CO2/yr",0.274530691624,0.3025803275073,0.4561953414723,0.5988220877717,0.6235585233538,0.71461642163179,0.7592563690233,0.8175945076601,0.9227266505509,1.0349053940823,1.1463819708832,1.2620642147331,1.3698136245285,1.4714881004383,1.5653254423023,1.647143816407,1.7200532897018,1.790426162766,1.856829502136,1.933818509135
"GCAM 7.1","Reference","World","Emissions|CO2|Energy|Demand|Transportation|Rail","Mt CO2/yr",0.274530691624,0.3025803275073,0.4561953414723,0.5988220877717,0.6235585233538,0.71461642163179,0.7592563690233,0.8175945076601,0.9227266505509,1.0349053940823,1.1463819708832,1.2620642147331,1.3698136245285,1.4714881004383,1.5653254423023,1.647143816407,1.7200532897018,1.790426162766,1.856829502136,1.933818509135
"GCAM 7.1","Reference","Pakistan","Emissions|CO2|Energy|Demand|Transportation|Truck","Mt CO2/yr",9.374061518854,10.331798605921,15.57732141612,20.447403192188,22.2409009218999,26.3707401973398,30.7045436913219,33.755497625348,37.7332803302979,41.2185166138042,45.5742621764477,51.7438202706499,59.5709303822053,68.476513225137,78.079833098166,88.0231032354329,98.1625521572009,108.595016172273,119.224181838561,129.674495188589
"GCAM 7.1","Reference","World","Emissions|CO2|Energy|Demand|Transportation|Truck","Mt CO2/yr",9.374061518854,10.331798605921,15.57732141612,20.447403192188,22.2409009218999,26.3707401973398,30.7045436913219,33.755497625348,37.7332803302979,41.2185166138042,45.5742621764477,51.7438202706499,59.5709303822053,68.476513225137,78.079833098166,88.0231032354329,98.1625521572009,108.595016172273,119.224181838561,129.674495188589
"GCAM 7.1","Reference","Pakistan","Emissions|CO2|Energy|Supply","Mt CO2/yr",24.3402484177496,29.5050482236769,32.7288609430174,43.8415219732592,48.0837638169509,65.920699976257,85.5035617821837,120.07986041365,163.592759295234,199.888679978926,221.320420933233,278.507909794423,344.352150212438,419.563056480415,501.675088147807,581.010143621823,648.911266307752,721.663149181586,794.295399698639,864.224339006403
"GCAM 7.1","Reference","World","Emissions|CO2|Energy|Supply","Mt CO2/yr",24.3402484177496,29.5050482236769,32.7288609430174,43.8415219732592,48.0837638169509,65.920699976257,85.5035617821837,120.07986041365,163.592759295234,199.888679978926,221.320420933233,278.507909794423,344.352150212438,419.563056480415,501.675088147807,581.010143621823,648.911266307752,721.663149181586,794.295399698639,864.224339006403
"GCAM 7.1","Reference","Pakistan","Emissions|CO2|Energy|Supply|Electricity","Mt CO2/yr",33.3646539864834,37.5459631832691,41.9251801080463,57.3802798163886,62.5035668021419,83.1548000696933,105.949059703065,144.026434406078,191.397160994907,231.855681249417,255.768956918451,315.390301288537,383.096512227712,459.556655137576,543.398582378419,623.898280284044,692.435249537244,765.956763292445,838.605147695031,907.273975172739
"GCAM 7.1","Reference","World","Emissions|CO2|Energy|Supply|Electricity","Mt CO2/yr",33.3646539864834,37.5459631832691,41.9251801080463,57.3802798163886,62.5035668021419,83.1548000696933,105.949059703065,144.026434406078,191.397160994907,231.855681249417,255.768956918451,315.390301288537,383.096512227712,459.556655137576,543.398582378419,623.898280284044,692.435249537244,765.956763292445,838.605147695031,907.273975172739
"GCAM 7.1","Reference","Pakistan","Emissions|CO2|Energy|Supply|Fugitive","Mt CO2/yr",1.32930870584623,3.4814944212328,4.34012439889006,4.02175008661361,4.24875386225032,5.056953426723,5.92755146486827,7.00188307353477,8.33197739211909,9.77770083848181,12.1703563565626,14.8462519816558,17.6996827107286,20.4932764853583,22.7964079794005,24.6953389440306,26.1975269912598,27.5534400831913,28.8703492689103,30.3451138883131
"GCAM 7.1","Reference","World","Emissions|CO2|Energy|Supply|Fugitive","Mt CO2/yr",1.32930870584623,3.4814944212328,4.34012439889006,4.02175008661361,4.24875386225032,5.056953426723,5.92755146486827,7.00188307353477,8.33197739211909,9.77770083848181,12.1703563565626,14.8462519816558,17.6996827107286,20.4932764853583,22.7964079794005,24.6953389440306,26.1975269912598,27.5534400831913,28.8703492689103,30.3451138883131
"GCAM 7.1","Reference","Pakistan","Emissions|CO2|Energy|Supply|Gases","Mt CO2/yr",1.02215675959,3.243155961499,3.52656365393,3.596149660256,3.80044627316175,4.55523853744589,5.41606312236933,6.56212931989049,8.01011060152514,9.6386438095736,11.3409676643303,13.6375390731095,16.285915813871,19.2908176203772,22.2766505584832,25.455311314119,28.338554576232,30.896494808772,33.307669361303,36.406453976344
"GCAM 7.1","Reference","World","Emissions|CO2|Energy|Supply|Gases","Mt CO2/yr",1.02215675959,3.243155961499,3.52656365393,3.596149660256,3.80044627316175,4.55523853744589,5.41606312236933,6.56212931989049,8.01011060152514,9.6386438095736,11.3409676643303,13.6375390731095,16.285915813871,19.2908176203772,22.2766505584832,25.455311314119,28.338554576232,30.896494808772,33.307669361303,36.406453976344
"GCAM 7.1","Reference","Pakistan","Emissions|CO2|Energy|Supply|Hydrogen","Mt CO2/yr",0,0,0,0,0.0098604379297367,0.281149692525727,0.99113210120291,2.50528628061994,4.09722224114138,5.70422437723247,7.23543262343321,8.79880133019096,10.3643160755438,11.8792433632645,13.4150757862189,15.0109449312979,16.7496263560265,18.6402867279047,20.657246544598,22.7031975972602
"GCAM 7.1","Reference","World","Emissions|CO2|Energy|Supply|Hydrogen","Mt CO2/yr",0,0,0,0,0.0098604379297367,0.281149692525727,0.99113210120291,2.50528628061994,4.09722224114138,5.70422437723247,7.23543262343321,8.79880133019096,10.3643160755438,11.8792433632645,13.4150757862189,15.0109449312979,16.7496263560265,18.6402867279047,20.657246544598,22.7031975972602
"GCAM 7.1","Reference","Pakistan","Emissions|CO2|Energy|Supply|Liquids","Mt CO2/yr",1.51015347062,1.759908493325,2.262344539001,0.944610419207,1.50116971480329,2.39575074712884,3.44699694739666,4.72402366745666,6.46307557221894,8.41699639251475,10.3175289019238,12.6095162095195,14.7104172759172,16.8710079066812,18.8683509707378,20.9380780078281,23.1075554182533,25.504268789403,28.1214298439267,31.3007309297874
"GCAM 7.1","Reference","World","Emissions|CO2|Energy|Supply|Liquids","Mt CO2/yr",1.51015347062,1.759908493325,2.262344539001,0.944610419207,1.50116971480329,2.39575074712884,3.44699694739666,4.72402366745666,6.46307557221894,8.41699639251475,10.3175289019238,12.6095162095195,14.7104172759172,16.8710079066812,18.8683509707378,20.9380780078281,23.1075554182533,25.504268789403,28.1214298439267,31.3007309297874
"GCAM 7.1","Reference","Pakistan","Emissions|CO2|Industrial Processes","Mt CO2/yr",8.477334104,15.957334784,15.957334784,15.957334784,17.604940600449,22.902203748685,28.992878635716,35.731545248322,42.770445888222,49.9777899101017,57.096121190556,63.9666617184839,70.5697760154336,76.708591306841,82.3107363494602,87.2184120956125,91.4868385503179,95.174589985568,98.3247251719439,100.975993446302
"GCAM 7.1","Reference","World","Emissions|CO2|Industrial Processes","Mt CO2/yr",8.477334104,15.957334784,15.957334784,15.957334784,17.604940600449,22.902203748685,28.992878635716,35.731545248322,42.770445888222,49.9777899101017,57.096121190556,63.9666617184839,70.5697760154336,76.708591306841,82.3107363494602,87.2184120956125,91.4868385503179,95.174589985568,98.3247251719439,100.975993446302
"GCAM 7.1","Reference","Pakistan","Emissions|CO2|Industrial Processes|Cement","Mt CO2/yr",8.477334104,15.957334784,15.957334784,15.957334784,17.604940600449,22.902203748685,28.992878635716,35.731545248322,42.770445888222,49.9777899101017,57.096121190556,63.9666617184839,70.5697760154336,76.708591306841,82.3107363494602,87.2184120956125,91.4868385503179,95.174589985568,98.3247251719439,100.975993446302
"GCAM 7.1","Reference","World","Emissions|CO2|Industrial Processes|Cement","Mt CO2/yr",8.477334104,15.957334784,15.957334784,15.957334784,17.604940600449,22.902203748685,28.992878635716,35.731545248322,42.770445888222,49.9777899101017,57.096121190556,63.9666617184839,70.5697760154336,76.708591306841,82.3107363494602,87.2184120956125,91.4868385503179,95.174589985568,98.3247251719439,100.975993446302
"GCAM 7.1","Reference","Pakistan","Emissions|CO|AFOLU","Mt CO/yr",0.097087401104291,0.10577256644078,0.112292827877064,0.122331458527991,0.125056765334469,0.132467532487936,0.138527293939189,0.1414910563968,0.140050916336339,0.135996841056285,0.125684414067969,0.117326527649593,0.108512341903933,0.09963778452626,0.091558723819673,0.083999459177875,0.079031796328228,0.079372975081127,0.079646635101501,0.079828873394257
"GCAM 7.1","Reference","World","Emissions|CO|AFOLU","Mt CO/yr",0.097087401104291,0.10577256644078,0.112292827877064,0.122331458527991,0.125056765334469,0.132467532487936,0.138527293939189,0.1414910563968,0.140050916336339,0.135996841056285,0.125684414067969,0.117326527649593,0.108512341903933,0.09963778452626,0.091558723819673,0.083999459177875,0.079031796328228,0.079372975081127,0.079646635101501,0.079828873394257
"GCAM 7.1","Reference","Pakistan","Emissions|CO|AFOLU [NGHGI]","Mt CO/yr",0.097087401104291,0.10577256644078,0.112292827877064,0.122331458527991,0.125056765334469,0.132467532487936,0.138527293939189,0.1414910563968,0.140050916336339,0.135996841056285,0.125684414067969,0.117326527649593,0.108512341903933,0.09963778452626,0.091558723819673,0.083999459177875,0.079031796328228,0.079372975081127,0.079646635101501,0.079828873394257
"GCAM 7.1","Reference","World","Emissions|CO|AFOLU [NGHGI]","Mt CO/yr",0.097087401104291,0.10577256644078,0.112292827877064,0.122331458527991,0.125056765334469,0.132467532487936,0.138527293939189,0.1414910563968,0.140050916336339,0.135996841056285,0.125684414067969,0.117326527649593,0.108512341903933,0.09963778452626,0.091558723819673,0.083999459177875,0.079031796328228,0.079372975081127,0.079646635101501,0.079828873394257
"GCAM 7.1","Reference","Pakistan","Emissions|CO|AFOLU|Agricultural Waste Burning","Mt CO/yr",0.085287620774291,0.09498289866078,0.102822318427064,0.112863634977991,0.115601262714469,0.123036946137936,0.129120729129189,0.1321085314568,0.130690782406339,0.126658555806285,0.116370635767969,0.108040349569593,0.099251564133933,0.09039900174626,0.082339313369673,0.074796201997875,0.069841938238228,0.070194854431127,0.070478232021501,0.070668244854257
"GCAM 7.1","Reference","World","Emissions|CO|AFOLU|Agricultural Waste Burning","Mt CO/yr",0.085287620774291,0.09498289866078,0.102822318427064,0.112863634977991,0.115601262714469,0.123036946137936,0.129120729129189,0.1321085314568,0.130690782406339,0.126658555806285,0.116370635767969,0.108040349569593,0.099251564133933,0.09039900174626,0.082339313369673,0.074796201997875,0.069841938238228,0.070194854431127,0.070478232021501,0.070668244854257
"GCAM 7.1","Reference","Pakistan","Emissions|CO|AFOLU|Land","Mt CO/yr",0.01179978033,0.01078966778,0.00947050945,0.00946782355,0.00945550262,0.00943058635,0.00940656481,0.00938252494,0.00936013393,0.00933828525,0.0093137783,0.00928617808,0.00926077777,0.00923878278,0.00921941045,0.00920325718,0.00918985809,0.00917812065,0.00916840308,0.00916062854
"GCAM 7.1","Reference","World","Emissions|CO|AFOLU|Land","Mt CO/yr",0.01179978033,0.01078966778,0.00947050945,0.00946782355,0.00945550262,0.00943058635,0.00940656481,0.00938252494,0.00936013393,0.00933828525,0.0093137783,0.00928617808,0.00926077777,0.00923878278,0.00921941045,0.00920325718,0.00918985809,0.00917812065,0.00916840308,0.00916062854
"GCAM 7.1","Reference","Pakistan","Emissions|CO|AFOLU|Land|Fires","Mt CO/yr",0.01179978033,0.01078966778,0.00947050945,0.00946782355,0.00945550262,0.00943058635,0.00940656481,0.00938252494,0.00936013393,0.00933828525,0.0093137783,0.00928617808,0.00926077777,0.00923878278,0.00921941045,0.00920325718,0.00918985809,0.00917812065,0.00916840308,0.00916062854
"GCAM 7.1","Reference","World","Emissions|CO|AFOLU|Land|Fires","Mt CO/yr",0.01179978033,0.01078966778,0.00947050945,0.00946782355,0.00945550262,0.00943058635,0.00940656481,0.00938252494,0.00936013393,0.00933828525,0.0093137783,0.00928617808,0.00926077777,0.00923878278,0.00921941045,0.00920325718,0.00918985809,0.00917812065,0.00916840308,0.00916062854
"GCAM 7.1","Reference","Pakistan","Emissions|CO|AFOLU|Land|Fires|Forest Burning","Mt CO/yr",0,0,0,0,0,0,0,0,0,0,0,0,0,0,0,0,0,0,0,0
"GCAM 7.1","Reference","World","Emissions|CO|AFOLU|Land|Fires|Forest Burning","Mt CO/yr",0,0,0,0,0,0,0,0,0,0,0,0,0,0,0,0,0,0,0,0
"GCAM 7.1","Reference","Pakistan","Emissions|CO|Energy","Mt CO/yr",8.08162845652,8.96099528625,10.38994728306,13.54608077388,13.7222487318651,14.1518030238532,14.9513631159792,15.9909822245675,17.1656480416298,18.3546897695264,19.509497591709,20.576824616421,21.6114156018699,22.5858549435405,23.4350881128719,24.1314710108015,24.6748218314438,25.0531941540816,25.2877680473738,25.4162984278776
"GCAM 7.1","Reference","World","Emissions|CO|Energy","Mt CO/yr",8.08162845652,8.96099528625,10.38994728306,13.54608077388,13.7222487318651,14.1518030238532,14.9513631159792,15.9909822245675,17.1656480416298,18.3546897695264,19.509497591709,20.576824616421,21.6114156018699,22.5858549435405,23.4350881128719,24.1314710108015,24.6748218314438,25.0531941540816,25.2877680473738,25.4162984278776
"GCAM 7.1","Reference","Pakistan","Emissions|CO|Energy and Industrial Processes","Mt CO/yr",8.11212341742,8.98981029625,10.402332168871,13.56229737388,13.7387821748651,14.1696514588532,14.9701595729792,16.0096951045675,17.1834100566298,18.3718802071264,19.526033204409,20.593040959251,21.6273950686699,22.6016634052405,23.4509114747719,24.1473238077015,24.6906808022438,25.0691120794816,25.3037461410738,25.4323661914776
"GCAM 7.1","Reference","World","Emissions|CO|Energy and Industrial Processes","Mt CO/yr",8.11212341742,8.98981029625,10.402332168871,13.56229737388,13.7387821748651,14.1696514588532,14.9701595729792,16.0096951045675,17.1834100566298,18.3718802071264,19.526033204409,20.593040959251,21.6273950686699,22.6016634052405,23.4509114747719,24.1473238077015,24.6906808022438,25.0691120794816,25.3037461410738,25.4323661914776
"GCAM 7.1","Reference","Pakistan","Emissions|CO|Energy|Demand","Mt CO/yr",7.92152557192,8.78946404608,10.20393591096,13.32938685968,13.495280738762,13.895768124309,14.672724088736,15.685365696389,16.8427184447646,18.034296506855,19.215672332698,20.300868397429,21.342110988929,22.3184686734344,23.1718881533746,23.8723535127048,24.4222359128974,24.8059307679723,25.0465304215903,25.1825846560733
"GCAM 7.1","Reference","World","Emissions|CO|Energy|Demand","Mt CO/yr",7.92152557192,8.78946404608,10.20393591096,13.32938685968,13.495280738762,13.895768124309,14.672724088736,15.685365696389,16.8427184447646,18.034296506855,19.215672332698,20.300868397429,21.342110988929,22.3184686734344,23.1718881533746,23.8723535127048,24.4222359128974,24.8059307679723,25.0465304215903,25.1825846560733
"GCAM 7.1","Reference","Pakistan","Emissions|CO|Energy|Demand|AFOFI","Mt CO/yr",0.00705658,0.00054385,0.000198474,0.000185158,0.0001948792,0.0002020713,0.00020326297,0.00019942439,0.00019427141,0.00018369821,0.0001748092,0.00016933993,0.00016350639,0.00015509046,0.00014470501,0.00013313512,0.00012151535,0.00011064607,0.00010045302,9.128853e-05
"GCAM 7.1","Reference","World","Emissions|CO|Energy|Demand|AFOFI","Mt CO/yr",0.00705658,0.00054385,0.000198474,0.000185158,0.0001948792,0.0002020713,0.00020326297,0.00019942439,0.00019427141,0.00018369821,0.0001748092,0.00016933993,0.00016350639,0.00015509046,0.00014470501,0.00013313512,0.00012151535,0.00011064607,0.00010045302,9.128853e-05
"GCAM 7.1","Reference","Pakistan","Emissions|CO|Energy|Demand|Bunkers","Mt CO/yr",0.001521167,0.001681287,0.001279145,0.0006810087,0.000703831,0.000797544,0.0008800419,0.0010468452,0.0012464007,0.0014643381,0.0016870174,0.0019191897,0.0021419391,0.0023450537,0.002523896,0.0026700917,0.0027852227,0.0028751064,0.0029392805,0.0029790575
"GCAM 7.1","Reference","World","Emissions|CO|Energy|Demand|Bunkers","Mt CO/yr",0.001521167,0.001681287,0.001279145,0.0006810087,0.000703831,0.000797544,0.0008800419,0.0010468452,0.0012464007,0.0014643381,0.0016870174,0.0019191897,0.0021419391,0.0023450537,0.002523896,0.0026700917,0.0027852227,0.0028751064,0.0029392805,0.0029790575
"GCAM 7.1","Reference","Pakistan","Emissions|CO|Energy|Demand|Bunkers|International Aviation","Mt CO/yr",0.0011607,0.00107748,0.00103514,0.00062342,0.000647336,0.000743591,0.000842502,0.00101834,0.00122034,0.00143925,0.00166202,0.001894,0.00211686,0.00232031,0.00249965,0.00264656,0.00276251,0.00285317,0.00291812,0.00295884
"GCAM 7.1","Reference","World","Emissions|CO|Energy|Demand|Bunkers|International Aviation","Mt CO/yr",0.0011607,0.00107748,0.00103514,0.00062342,0.000647336,0.000743591,0.000842502,0.00101834,0.00122034,0.00143925,0.00166202,0.001894,0.00211686,0.00232031,0.00249965,0.00264656,0.00276251,0.00285317,0.00291812,0.00295884
"GCAM 7.1","Reference","Pakistan","Emissions|CO|Energy|Demand|Bunkers|International Shipping","Mt CO/yr",0.000360467,0.000603807,0.000244005,5.75887e-05,5.6495e-05,5.3953e-05,3.75399e-05,2.85052e-05,2.60607e-05,2.50881e-05,2.49974e-05,2.51897e-05,2.50791e-05,2.47437e-05,2.4246e-05,2.35317e-05,2.27127e-05,2.19364e-05,2.11605e-05,2.02175e-05
"GCAM 7.1","Reference","World","Emissions|CO|Energy|Demand|Bunkers|International Shipping","Mt CO/yr",0.000360467,0.000603807,0.000244005,5.75887e-05,5.6495e-05,5.3953e-05,3.75399e-05,2.85052e-05,2.60607e-05,2.50881e-05,2.49974e-05,2.51897e-05,2.50791e-05,2.47437e-05,2.4246e-05,2.35317e-05,2.27127e-05,2.19364e-05,2.11605e-05,2.02175e-05
"GCAM 7.1","Reference","Pakistan","Emissions|CO|Energy|Demand|Commercial","Mt CO/yr",0.025546828,0.009325965,0.015721339,0.019613698,0.018748989,0.022856497,0.028246102,0.034564886,0.041159113,0.04765273,0.052286805,0.056897404,0.060156858,0.061561132,0.060883107,0.058377929,0.054603123,0.050120662,0.045264672,0.040663555
"GCAM 7.1","Reference","World","Emissions|CO|Energy|Demand|Commercial","Mt CO/yr",0.025546828,0.009325965,0.015721339,0.019613698,0.018748989,0.022856497,0.028246102,0.034564886,0.041159113,0.04765273,0.052286805,0.056897404,0.060156858,0.061561132,0.060883107,0.058377929,0.054603123,0.050120662,0.045264672,0.040663555
"GCAM 7.1","Reference","Pakistan","Emissions|CO|Energy|Demand|Industry","Mt CO/yr",1.469063972,1.513743025,1.5326893755,3.4897560985,4.0211362625,5.3415278431,6.896153736,8.67132286078,10.50377198567,12.28402019178,13.982188223123,15.491048243218,16.880852571761,18.1275536594364,19.2122302472166,20.1154021096718,20.8404060581894,21.3798814669223,21.7629740424863,22.0178559855933
"GCAM 7.1","Reference","World","Emissions|CO|Energy|Demand|Industry","Mt CO/yr",1.469063972,1.513743025,1.5326893755,3.4897560985,4.0211362625,5.3415278431,6.896153736,8.67132286078,10.50377198567,12.28402019178,13.982188223123,15.491048243218,16.880852571761,18.1275536594364,19.2122302472166,20.1154021096718,20.8404060581894,21.3798814669223,21.7629740424863,22.0178559855933
"GCAM 7.1","Reference","Pakistan","Emissions|CO|Energy|Demand|Residential","Mt CO/yr",5.8474855603,6.51934139845,7.20420502226,8.09296887093,7.72514861485,6.91754090793,6.20262934388,5.54187906188,4.92710768866,4.37343614679,3.8504436761,3.4125477703,3.0473941154,2.7531433435,2.5037925199,2.2928119196,2.1187169666,1.97158007624,1.84638322335,1.7482584107
"GCAM 7.1","Reference","World","Emissions|CO|Energy|Demand|Residential","Mt CO/yr",5.8474855603,6.51934139845,7.20420502226,8.09296887093,7.72514861485,6.91754090793,6.20262934388,5.54187906188,4.92710768866,4.37343614679,3.8504436761,3.4125477703,3.0473941154,2.7531433435,2.5037925199,2.2928119196,2.1187169666,1.97158007624,1.84638322335,1.7482584107
"GCAM 7.1","Reference","Pakistan","Emissions|CO|Energy|Demand|Residential and Commercial","Mt CO/yr",5.8730323883,6.52866736345,7.21992636126,8.11258256893,7.74389760385,6.94039740493,6.23087544588,5.57644394788,4.96826680166,4.42108887679,3.9027304811,3.4694451743,3.1075509734,2.8147044755,2.5646756269,2.3511898486,2.1733200896,2.02170073824,1.89164789535,1.7889219657
"GCAM 7.1","Reference","World","Emissions|CO|Energy|Demand|Residential and Commercial","Mt CO/yr",5.8730323883,6.52866736345,7.21992636126,8.11258256893,7.74389760385,6.94039740493,6.23087544588,5.57644394788,4.96826680166,4.42108887679,3.9027304811,3.4694451743,3.1075509734,2.8147044755,2.5646756269,2.3511898486,2.1733200896,2.02170073824,1.89164789535,1.7889219657
"GCAM 7.1","Reference","Pakistan","Emissions|CO|Energy|Demand|Residential and Commercial and AFOFI","Mt CO/yr",5.8800889683,6.52921121345,7.22012483526,8.11276772693,7.74409248305,6.94059947623,6.23107870885,5.57664337227,4.96846107307,4.421272575,3.9029052903,3.46961451423,3.10771447979,2.81485956596,2.56482033191,2.35132298372,2.17344160495,2.02181138431,1.89174834837,1.78901325423
"GCAM 7.1","Reference","World","Emissions|CO|Energy|Demand|Residential and Commercial and AFOFI","Mt CO/yr",5.8800889683,6.52921121345,7.22012483526,8.11276772693,7.74409248305,6.94059947623,6.23107870885,5.57664337227,4.96846107307,4.421272575,3.9029052903,3.46961451423,3.10771447979,2.81485956596,2.56482033191,2.35132298372,2.17344160495,2.02181138431,1.89174834837,1.78901325423
"GCAM 7.1","Reference","Pakistan","Emissions|CO|Energy|Demand|Transportation","Mt CO/yr",0.899848062,1.14480107646,2.23971879318,2.60977673179,2.607429304884,2.427518094738,2.320169974002,2.183043806158,2.1005407633792,2.07609207331,2.12295443811,2.172937357442,2.221836785766,2.282192521046,2.333435186036,2.368493382046,2.387183802154,2.391173813492,2.378179679581,2.356916395866
"GCAM 7.1","Reference","World","Emissions|CO|Energy|Demand|Transportation","Mt CO/yr",0.899848062,1.14480107646,2.23971879318,2.60977673179,2.607429304884,2.427518094738,2.320169974002,2.183043806158,2.1005407633792,2.07609207331,2.12295443811,2.172937357442,2.221836785766,2.282192521046,2.333435186036,2.368493382046,2.387183802154,2.391173813492,2.378179679581,2.356916395866
"GCAM 7.1","Reference","Pakistan","Emissions|CO|Energy|Demand|Transportation|Light-Duty Vehicle","Mt CO/yr",0.16946422724,0.2133352648,0.42882576522,0.48736943531,0.48939768794,0.45704478982,0.44511693591,0.4052340489,0.34540414009,0.28303216706,0.23411800404,0.19161079298,0.15459256357,0.12549436855,0.10148021048,0.08194937342,0.066339562662,0.053932569328,0.043950186927,0.037435038694
"GCAM 7.1","Reference","World","Emissions|CO|Energy|Demand|Transportation|Light-Duty Vehicle","Mt CO/yr",0.16946422724,0.2133352648,0.42882576522,0.48736943531,0.48939768794,0.45704478982,0.44511693591,0.4052340489,0.34540414009,0.28303216706,0.23411800404,0.19161079298,0.15459256357,0.12549436855,0.10148021048,0.08194937342,0.066339562662,0.053932569328,0.043950186927,0.037435038694
"GCAM 7.1","Reference","Pakistan","Emissions|CO|Energy|Demand|Transportation|Truck","Mt CO/yr",0.0865038,0.1326084,0.2315375,0.3555882,0.36225909,0.34152778,0.32434282,0.28482623,0.29292161,0.29632196,0.30106078,0.31236343,0.32670166,0.34004408,0.35000137,0.35574017,0.35792572,0.35784053,0.35580854,0.35130386
"GCAM 7.1","Reference","World","Emissions|CO|Energy|Demand|Transportation|Truck","Mt CO/yr",0.0865038,0.1326084,0.2315375,0.3555882,0.36225909,0.34152778,0.32434282,0.28482623,0.29292161,0.29632196,0.30106078,0.31236343,0.32670166,0.34004408,0.35000137,0.35574017,0.35792572,0.35784053,0.35580854,0.35130386
"GCAM 7.1","Reference","Pakistan","Emissions|CO|Energy|Supply","Mt CO/yr",0.1530463046,0.17098739017,0.1858128981,0.2165087562,0.226773113903124,0.255832828244232,0.278435764273216,0.305417103788517,0.32273532545519,0.32020956446139,0.29365044981098,0.27578687906203,0.2691411065509,0.2672311796461,0.2630552544873,0.2589843629767,0.2524644031964,0.2471527400393,0.2411371727635,0.2336224832743
"GCAM 7.1","Reference","World","Emissions|CO|Energy|Supply","Mt CO/yr",0.1530463046,0.17098739017,0.1858128981,0.2165087562,0.226773113903124,0.255832828244232,0.278435764273216,0.305417103788517,0.32273532545519,0.32020956446139,0.29365044981098,0.27578687906203,0.2691411065509,0.2672311796461,0.2630552544873,0.2589843629767,0.2524644031964,0.2471527400393,0.2411371727635,0.2336224832743
"GCAM 7.1","Reference","Pakistan","Emissions|CO|Energy|Supply|Electricity","Mt CO/yr",0.0141095386,0.02062368217,0.0250194441,0.039014347,0.0340094839,0.03921057538,0.0435451659,0.0497114927,0.053446316,0.0532820171,0.0486129706,0.0494119516,0.0495549241,0.050230066,0.050149908,0.05026124,0.049649422,0.050355696,0.051757713,0.053871058
"GCAM 7.1","Reference","World","Emissions|CO|Energy|Supply|Electricity","Mt CO/yr",0.0141095386,0.02062368217,0.0250194441,0.039014347,0.0340094839,0.03921057538,0.0435451659,0.0497114927,0.053446316,0.0532820171,0.0486129706,0.0494119516,0.0495549241,0.050230066,0.050149908,0.05026124,0.049649422,0.050355696,0.051757713,0.053871058
"GCAM 7.1","Reference","Pakistan","Emissions|CO|Energy|Supply|Fugitive","Mt CO/yr",0.138936766,0.150363708,0.160793454,0.1774944092,0.192759081,0.216604745,0.2348521974,0.2556325001,0.2691661152,0.2667389532,0.2447632253,0.2259954722,0.219096837,0.2163903408,0.212172836,0.20785845,0.20181155,0.195653677,0.188100507,0.178333659
"GCAM 7.1","Reference","World","Emissions|CO|Energy|Supply|Fugitive","Mt CO/yr",0.138936766,0.150363708,0.160793454,0.1774944092,0.192759081,0.216604745,0.2348521974,0.2556325001,0.2691661152,0.2667389532,0.2447632253,0.2259954722,0.219096837,0.2163903408,0.212172836,0.20785845,0.20181155,0.195653677,0.188100507,0.178333659
"GCAM 7.1","Reference","Pakistan","Emissions|CO|Energy|Supply|Hydrogen","Mt CO/yr",0,0,0,0,9.3478124e-08,2.557678232e-06,8.618508216e-06,2.0658308517e-05,3.296902119e-05,4.560939939e-05,5.748300698e-05,6.948268063e-05,8.13601262e-05,9.2712026e-05,0.000104110144,0.000115852547,0.000128604975,0.000142466215,0.000157238194,0.000172119101
"GCAM 7.1","Reference","World","Emissions|CO|Energy|Supply|Hydrogen","Mt CO/yr",0,0,0,0,9.3478124e-08,2.557678232e-06,8.618508216e-06,2.0658308517e-05,3.296902119e-05,4.560939939e-05,5.748300698e-05,6.948268063e-05,8.13601262e-05,9.2712026e-05,0.000104110144,0.000115852547,0.000128604975,0.000142466215,0.000157238194,0.000172119101
"GCAM 7.1","Reference","Pakistan","Emissions|CO|Energy|Supply|Liquids","Mt CO/yr",0,0,0,0,4.455525e-06,1.4950186e-05,2.9782465e-05,5.245268e-05,8.9925234e-05,0.000142984762,0.000216770904,0.0003099725814,0.0004079853247,0.0005180608201,0.0006284003433,0.0007488204297,0.0008748262214,0.0010009008243,0.0011217145695,0.0012456471733
"GCAM 7.1","Reference","World","Emissions|CO|Energy|Supply|Liquids","Mt CO/yr",0,0,0,0,4.455525e-06,1.4950186e-05,2.9782465e-05,5.245268e-05,8.9925234e-05,0.000142984762,0.000216770904,0.0003099725814,0.0004079853247,0.0005180608201,0.0006284003433,0.0007488204297,0.0008748262214,0.0010009008243,0.0011217145695,0.0012456471733
"GCAM 7.1","Reference","Pakistan","Emissions|CO|Industrial Processes","Mt CO/yr",0.0304949609,0.02881501,0.012384885811,0.0162166,0.016533443,0.017848435,0.018796457,0.01871288,0.017762015,0.0171904376,0.0165356127,0.01621634283,0.0159794668,0.0158084617,0.0158233619,0.0158527969,0.0158589708,0.0159179254,0.0159780937,0.0160677636
"GCAM 7.1","Reference","World","Emissions|CO|Industrial Processes","Mt CO/yr",0.0304949609,0.02881501,0.012384885811,0.0162166,0.016533443,0.017848435,0.018796457,0.01871288,0.017762015,0.0171904376,0.0165356127,0.01621634283,0.0159794668,0.0158084617,0.0158233619,0.0158527969,0.0158589708,0.0159179254,0.0159780937,0.0160677636
"GCAM 7.1","Reference","Pakistan","Emissions|CO|Industrial Processes|Chemicals","Mt CO/yr",0.0132714,0.0150721,0.0122973,0.0162166,0.016533443,0.017848435,0.018796457,0.01871288,0.017762015,0.0171904376,0.0165356127,0.01621634283,0.0159794668,0.0158084617,0.0158233619,0.0158527969,0.0158589708,0.0159179254,0.0159780937,0.0160677636
"GCAM 7.1","Reference","World","Emissions|CO|Industrial Processes|Chemicals","Mt CO/yr",0.0132714,0.0150721,0.0122973,0.0162166,0.016533443,0.017848435,0.018796457,0.01871288,0.017762015,0.0171904376,0.0165356127,0.01621634283,0.0159794668,0.0158084617,0.0158233619,0.0158527969,0.0158589708,0.0159179254,0.0159780937,0.0160677636
"GCAM 7.1","Reference","Pakistan","Emissions|CO|Industrial Processes|Chemicals|Ammonia","Mt CO/yr",0.0132714,0.0150721,0.0122973,0.0162166,0.016533443,0.017848435,0.018796457,0.01871288,0.017762015,0.0171904376,0.0165356127,0.01621634283,0.0159794668,0.0158084617,0.0158233619,0.0158527969,0.0158589708,0.0159179254,0.0159780937,0.0160677636
"GCAM 7.1","Reference","World","Emissions|CO|Industrial Processes|Chemicals|Ammonia","Mt CO/yr",0.0132714,0.0150721,0.0122973,0.0162166,0.016533443,0.017848435,0.018796457,0.01871288,0.017762015,0.0171904376,0.0165356127,0.01621634283,0.0159794668,0.0158084617,0.0158233619,0.0158527969,0.0158589708,0.0159179254,0.0159780937,0.0160677636
"GCAM 7.1","Reference","Pakistan","Emissions|CO|Industrial Processes|Iron and Steel","Mt CO/yr",0.0172235609,0.01374291,8.7585811e-05,0,0,0,0,0,0,0,0,0,0,0,0,0,0,0,0,0
"GCAM 7.1","Reference","World","Emissions|CO|Industrial Processes|Iron and Steel","Mt CO/yr",0.0172235609,0.01374291,8.7585811e-05,0,0,0,0,0,0,0,0,0,0,0,0,0,0,0,0,0
"GCAM 7.1","Reference","Pakistan","Emissions|CO|Product Use","Mt CO/yr",0.072845,0.0320872,0.0152815,0.00490032,0.00547251,0.0067694,0.00825795,0.00991988,0.0116724,0.0134012,0.0149519,0.0162385,0.0171568,0.017655,0.0177536,0.0174919,0.016965,0.0163025,0.0155849,0.0148273
"GCAM 7.1","Reference","World","Emissions|CO|Product Use","Mt CO/yr",0.072845,0.0320872,0.0152815,0.00490032,0.00547251,0.0067694,0.00825795,0.00991988,0.0116724,0.0134012,0.0149519,0.0162385,0.0171568,0.017655,0.0177536,0.0174919,0.016965,0.0163025,0.0155849,0.0148273
"GCAM 7.1","Reference","Pakistan","Emissions|CO|Waste","Mt CO/yr",0.448325,0.513922,0.568562,0.568562,0.608123,0.645391,0.675564,0.693922,0.698984,0.692828,0.676147,0.651214,0.618331,0.580819,0.540067,0.498425,0.458176,0.420331,0.385163,0.352654
"GCAM 7.1","Reference","World","Emissions|CO|Waste","Mt CO/yr",0.448325,0.513922,0.568562,0.568562,0.608123,0.645391,0.675564,0.693922,0.698984,0.692828,0.676147,0.651214,0.618331,0.580819,0.540067,0.498425,0.458176,0.420331,0.385163,0.352654
"GCAM 7.1","Reference","Pakistan","Emissions|F-Gases","Mt CO2-equiv/yr",0.6037406229,1.1023625629,2.6887588009,5.9592267768,7.5457588316,11.1341017619,14.5745463428,19.189057852,25.345909427,33.408201098,43.372846646,55.279482676,68.819213365,83.303481502,98.357582583,113.025488206,126.748151176,139.369589127,150.537460982,159.913735963
"GCAM 7.1","Reference","World","Emissions|F-Gases","Mt CO2-equiv/yr",0.6037406229,1.1023625629,2.6887588009,5.9592267768,7.5457588316,11.1341017619,14.5745463428,19.189057852,25.345909427,33.408201098,43.372846646,55.279482676,68.819213365,83.303481502,98.357582583,113.025488206,126.748151176,139.369589127,150.537460982,159.913735963
"GCAM 7.1","Reference","Pakistan","Emissions|HFC","kt HFC134a-equiv/yr",0.5845481762,1.0809164399,2.671695902,5.9352692768,7.5201775316,11.0994443619,14.5313821428,19.133464952,25.277751027,33.326564898,43.282344046,55.171783676,68.691689365,83.155132502,98.186443583,112.831783206,126.532823176,139.133931127,150.283096982,159.642360963
"GCAM 7.1","Reference","World","Emissions|HFC","kt HFC134a-equiv/yr",0.5845481762,1.0809164399,2.671695902,5.9352692768,7.5201775316,11.0994443619,14.5313821428,19.133464952,25.277751027,33.326564898,43.282344046,55.171783676,68.691689365,83.155132502,98.186443583,112.831783206,126.532823176,139.133931127,150.283096982,159.642360963
"GCAM 7.1","Reference","Pakistan","Emissions|HFC|HFC125","kt HFC125/yr",0.061525818,0.14388796,0.36322057,1.2015368,1.6658923,2.6012255,3.3699902,4.383318,5.709163,7.412417,9.474751,11.879804,14.549247,17.330092,20.138783,22.796429,25.208035,27.35201,29.17841,30.65585
"GCAM 7.1","Reference","World","Emissions|HFC|HFC125","kt HFC125/yr",0.061525818,0.14388796,0.36322057,1.2015368,1.6658923,2.6012255,3.3699902,4.383318,5.709163,7.412417,9.474751,11.879804,14.549247,17.330092,20.138783,22.796429,25.208035,27.35201,29.17841,30.65585
"GCAM 7.1","Reference","Pakistan","Emissions|HFC|HFC134a","kt HFC134a/yr",0.39459936,0.69942039,1.7455591,3.1915477,3.8445373,5.3832521,7.1378488,9.5311704,12.7881681,17.1294922,22.5988425,29.2592009,36.9777609,45.3998213,54.3310888,63.2056047,71.6707469,79.6168494,86.7992035,92.9479433
"GCAM 7.1","Reference","World","Emissions|HFC|HFC134a","kt HFC134a/yr",0.39459936,0.69942039,1.7455591,3.1915477,3.8445373,5.3832521,7.1378488,9.5311704,12.7881681,17.1294922,22.5988425,29.2592009,36.9777609,45.3998213,54.3310888,63.2056047,71.6707469,79.6168494,86.7992035,92.9479433
"GCAM 7.1","Reference","Pakistan","Emissions|HFC|HFC143a","kt HFC143a/yr",0.075669424,0.15598668,0.39376156,1.3014557,1.8041778,2.8168182,3.6493276,4.746684,6.182499,8.027031,10.26048,12.865121,15.756109,18.76783,21.809759,24.688182,27.3002,29.62232,31.60058,33.20091
"GCAM 7.1","Reference","World","Emissions|HFC|HFC143a","kt HFC143a/yr",0.075669424,0.15598668,0.39376156,1.3014557,1.8041778,2.8168182,3.6493276,4.746684,6.182499,8.027031,10.26048,12.865121,15.756109,18.76783,21.809759,24.688182,27.3002,29.62232,31.60058,33.20091
"GCAM 7.1","Reference","Pakistan","Emissions|HFC|HFC227ea","kt HFC227ea/yr",0.00858987,0.0119759,0.0266336,0.0266336,0.0128851,0.0151167,0.0165073,0.0178718,0.0191854,0.0204563,0.0216481,0.0227574,0.023744,0.0245977,0.0253072,0.025872,0.026324,0.0266882,0.0269707,0.0271831
"GCAM 7.1","Reference","World","Emissions|HFC|HFC227ea","kt HFC227ea/yr",0.00858987,0.0119759,0.0266336,0.0266336,0.0128851,0.0151167,0.0165073,0.0178718,0.0191854,0.0204563,0.0216481,0.0227574,0.023744,0.0245977,0.0253072,0.025872,0.026324,0.0266882,0.0269707,0.0271831
"GCAM 7.1","Reference","Pakistan","Emissions|HFC|HFC23","kt HFC23/yr",0.0005473863,0.0002101709,0.00053054,0.0014084418,0.0018804856,0.0028447369,0.0037062668,0.004851837,0.006366197,0.008330875,0.010735917,0.013575283,0.01676675,0.020138161,0.023595383,0.02691862,0.0299846,0.03276168,0.03517799,0.03717388
"GCAM 7.1","Reference","World","Emissions|HFC|HFC23","kt HFC23/yr",0.0005473863,0.0002101709,0.00053054,0.0014084418,0.0018804856,0.0028447369,0.0037062668,0.004851837,0.006366197,0.008330875,0.010735917,0.013575283,0.01676675,0.020138161,0.023595383,0.02691862,0.0299846,0.03276168,0.03517799,0.03717388
"GCAM 7.1","Reference","Pakistan","Emissions|HFC|HFC245fa","kt HFC245fa/yr",0.00337562,0.00761796,0.0182764,0.020969,0.0135471,0.0212075,0.0269943,0.0341854,0.0428772,0.0529572,0.0640701,0.0759496,0.0881757,0.10007,0.111344,0.12152,0.130453,0.138536,0.14606,0.152966
"GCAM 7.1","Reference","World","Emissions|HFC|HFC245fa","kt HFC245fa/yr",0.00337562,0.00761796,0.0182764,0.020969,0.0135471,0.0212075,0.0269943,0.0341854,0.0428772,0.0529572,0.0640701,0.0759496,0.0881757,0.10007,0.111344,0.12152,0.130453,0.138536,0.14606,0.152966
"GCAM 7.1","Reference","Pakistan","Emissions|HFC|HFC32","kt HFC32/yr",0.0055071109,0.011339338,0.028624227,0.09482247,0.13149503,0.20535733,0.26603812,0.34601762,0.4506562,0.585069,0.7478085,0.9375722,1.1481778,1.3675482,1.5890875,1.7986887,1.9888598,2.1578976,2.3018828,2.4183203
"GCAM 7.1","Reference","World","Emissions|HFC|HFC32","kt HFC32/yr",0.0055071109,0.011339338,0.028624227,0.09482247,0.13149503,0.20535733,0.26603812,0.34601762,0.4506562,0.585069,0.7478085,0.9375722,1.1481778,1.3675482,1.5890875,1.7986887,1.9888598,2.1578976,2.3018828,2.4183203
"GCAM 7.1","Reference","Pakistan","Emissions|HFC|HFC43-10","kt HFC43-10/yr",0.00290613,0.0025807,0.00455464,0.00522567,0.00581202,0.00730409,0.00910826,0.0112954,0.0138673,0.0170533,0.0206319,0.0244573,0.0283943,0.0322245,0.0358549,0.039132,0.0420086,0.0446115,0.0470343,0.049258
"GCAM 7.1","Reference","World","Emissions|HFC|HFC43-10","kt HFC43-10/yr",0.00290613,0.0025807,0.00455464,0.00522567,0.00581202,0.00730409,0.00910826,0.0112954,0.0138673,0.0170533,0.0206319,0.0244573,0.0283943,0.0322245,0.0358549,0.039132,0.0420086,0.0446115,0.0470343,0.049258
"GCAM 7.1","Reference","Pakistan","Emissions|Kyoto Gases","Mt CO2-equiv/yr",332.508067097109,375.588005803185,462.389902100295,549.366380602991,583.308483059415,681.844689608428,795.170310648186,933.012329715799,1094.24229340188,1264.77018936574,1429.67615446234,1644.31702108094,1868.92130679262,2097.52274403798,2325.33507583297,2536.38542770538,2720.96927975311,2895.36951452823,3056.04839807097,3202.27331130417
"GCAM 7.1","Reference","World","Emissions|Kyoto Gases","Mt CO2-equiv/yr",332.508067097109,375.588005803185,462.389902100295,549.366380602991,583.308483059415,681.844689608428,795.170310648186,933.012329715799,1094.24229340188,1264.77018936574,1429.67615446234,1644.31702108094,1868.92130679262,2097.52274403798,2325.33507583297,2536.38542770538,2720.96927975311,2895.36951452823,3056.04839807097,3202.27331130417
"GCAM 7.1","Reference","Pakistan","Emissions|Kyoto Gases|AFOLU","Mt CO2-equiv/yr",134.858656571352,145.187994263098,201.161350109293,216.657389463668,223.802405289089,250.239000828356,283.466039491705,320.110200783489,358.895256703629,400.800787608359,440.656717337349,485.169344548463,528.274842682278,569.102442458158,607.433575691474,641.859737195347,672.882012026283,699.495493120758,722.909793993908,743.343036017909
"GCAM 7.1","Reference","World","Emissions|Kyoto Gases|AFOLU","Mt CO2-equiv/yr",134.858656571352,145.187994263098,201.161350109293,216.657389463668,223.802405289089,250.239000828356,283.466039491705,320.110200783489,358.895256703629,400.800787608359,440.656717337349,485.169344548463,528.274842682278,569.102442458158,607.433575691474,641.859737195347,672.882012026283,699.495493120758,722.909793993908,743.343036017909
"GCAM 7.1","Reference","Pakistan","Emissions|Kyoto Gases|AFOLU [NGHGI]","Mt CO2-equiv/yr",130.919272050099,153.161635491262,186.605888059049,210.115327582281,228.675460552204,261.317652388589,297.05003052391,335.523422790945,375.592937727766,418.680348956594,460.593554624704,504.050584706738,546.33256554173,585.865663525456,622.421142591313,654.992038552676,683.673464068503,709.217951029732,731.526533620868,750.920369209635
"GCAM 7.1","Reference","World","Emissions|Kyoto Gases|AFOLU [NGHGI]","Mt CO2-equiv/yr",130.919272050099,153.161635491262,186.605888059049,210.115327582281,228.675460552204,261.317652388589,297.05003052391,335.523422790945,375.592937727766,418.680348956594,460.593554624704,504.050584706738,546.33256554173,585.865663525456,622.421142591313,654.992038552676,683.673464068503,709.217951029732,731.526533620868,750.920369209635
"GCAM 7.1","Reference","Pakistan","Emissions|Kyoto Gases|AFOLU|Agriculture","Mt CO2-equiv/yr",130.897807319649,153.140918009262,186.586853422852,210.09621608944,228.65599108874,261.29762001341,297.029393511048,335.502124126297,375.570907409096,418.657436180921,460.569649464312,504.025706735052,546.306766038487,585.839005592313,622.393715838905,654.963935935603,683.644773770127,709.188743946179,731.496885087819,750.890350725798
"GCAM 7.1","Reference","World","Emissions|Kyoto Gases|AFOLU|Agriculture","Mt CO2-equiv/yr",130.897807319649,153.140918009262,186.586853422852,210.09621608944,228.65599108874,261.29762001341,297.029393511048,335.502124126297,375.570907409096,418.657436180921,460.569649464312,504.025706735052,546.306766038487,585.839005592313,622.393715838905,654.963935935603,683.644773770127,709.188743946179,731.496885087819,750.890350725798
"GCAM 7.1","Reference","Pakistan","Emissions|Kyoto Gases|AFOLU|Agriculture|Livestock","Mt CO2-equiv/yr",100.8522293865,120.713883052,148.705489802,169.7639148025,187.277232704,216.3329492385,248.412083721,283.801753766,321.9919837515,363.1086174365,405.499092994,448.0564882305,489.553094712,528.6330776715,564.580479375,596.6768170325,625.0877388055,650.263434946,672.293337562,691.5199017475
"GCAM 7.1","Reference","World","Emissions|Kyoto Gases|AFOLU|Agriculture|Livestock","Mt CO2-equiv/yr",100.8522293865,120.713883052,148.705489802,169.7639148025,187.277232704,216.3329492385,248.412083721,283.801753766,321.9919837515,363.1086174365,405.499092994,448.0564882305,489.553094712,528.6330776715,564.580479375,596.6768170325,625.0877388055,650.263434946,672.293337562,691.5199017475
"GCAM 7.1","Reference","Pakistan","Emissions|Kyoto Gases|AFOLU|Agriculture|Livestock|Enteric Fermentation","Mt CO2-equiv/yr",100.590749188,120.349406641,148.160446144,168.921885163,186.3459409745,215.2499988865,247.159236571,282.359051826,320.3422299265,361.2347651165,403.393954254,445.7178838705,486.985394477,525.8485857315,561.59540568,593.5118274775,621.7628024855,646.796274231,668.701309812,687.8184986925
"GCAM 7.1","Reference","World","Emissions|Kyoto Gases|AFOLU|Agriculture|Livestock|Enteric Fermentation","Mt CO2-equiv/yr",100.590749188,120.349406641,148.160446144,168.921885163,186.3459409745,215.2499988865,247.159236571,282.359051826,320.3422299265,361.2347651165,403.393954254,445.7178838705,486.985394477,525.8485857315,561.59540568,593.5118274775,621.7628024855,646.796274231,668.701309812,687.8184986925
"GCAM 7.1","Reference","Pakistan","Emissions|Kyoto Gases|AFOLU|Agriculture|Managed Soils","Mt CO2-equiv/yr",17.3943063458495,20.5011872501625,23.8556050164522,23.26899795584,24.1821513394491,26.3591450622527,28.9208567889242,31.2463497666656,33.1695645361396,35.3720373605653,36.1816532490222,37.276780782455,38.1813299423443,38.8925415226157,39.6109417200724,40.2344674057694,40.7590499372017,41.2329446706613,41.6207361485562,41.9155224290508
"GCAM 7.1","Reference","World","Emissions|Kyoto Gases|AFOLU|Agriculture|Managed Soils","Mt CO2-equiv/yr",17.3943063458495,20.5011872501625,23.8556050164522,23.26899795584,24.1821513394491,26.3591450622527,28.9208567889242,31.2463497666656,33.1695645361396,35.3720373605653,36.1816532490222,37.276780782455,38.1813299423443,38.8925415226157,39.6109417200724,40.2344674057694,40.7590499372017,41.2329446706613,41.6207361485562,41.9155224290508
"GCAM 7.1","Reference","Pakistan","Emissions|Kyoto Gases|AFOLU|Agriculture|Rice","Mt CO2-equiv/yr",12.6512715873,11.9258477071,14.0257586044,17.0633033311,17.196607045291,18.605525712657,19.6964530011235,20.4540205936315,20.409359121456,20.176781383856,18.8889032212895,18.692437722097,18.5723413841425,18.313386398197,18.202294743833,18.0526514973335,17.797985027425,17.6923643295175,17.5828113772625,17.4549265492475
"GCAM 7.1","Reference","World","Emissions|Kyoto Gases|AFOLU|Agriculture|Rice","Mt CO2-equiv/yr",12.6512715873,11.9258477071,14.0257586044,17.0633033311,17.196607045291,18.605525712657,19.6964530011235,20.4540205936315,20.409359121456,20.176781383856,18.8889032212895,18.692437722097,18.5723413841425,18.313386398197,18.202294743833,18.0526514973335,17.797985027425,17.6923643295175,17.5828113772625,17.4549265492475
"GCAM 7.1","Reference","Pakistan","Emissions|Kyoto Gases|AFOLU|Land","Mt CO2-equiv/yr",0.001363902,0.0023373795,0.002901696947,0.0029831315,0.0033620911725,0.003967446122,0.004613005944,0.005315609984,0.006085405728,0.007005081974,0.008039213098,0.0090590401315,0.0100238430155,0.0109197407585,0.011721561302,0.0124249416595,0.0130354478115,0.0135722276245,0.014030231762,0.0144134273535
"GCAM 7.1","Reference","World","Emissions|Kyoto Gases|AFOLU|Land","Mt CO2-equiv/yr",0.001363902,0.0023373795,0.002901696947,0.0029831315,0.0033620911725,0.003967446122,0.004613005944,0.005315609984,0.006085405728,0.007005081974,0.008039213098,0.0090590401315,0.0100238430155,0.0109197407585,0.011721561302,0.0124249416595,0.0130354478115,0.0135722276245,0.014030231762,0.0144134273535
"GCAM 7.1","Reference","Pakistan","Emissions|Kyoto Gases|Energy","Mt CO2-equiv/yr",144.160416657493,163.571750191681,186.970767270568,248.615674904861,269.06677637901,327.029897960675,391.289894096814,474.742120393226,578.28766594527,686.118082190153,791.127760028062,940.939031635147,1102.98012136412,1272.39821910465,1444.51270007909,1605.35041365669,1744.77807703104,1879.20374762489,2004.47447522802,2118.94419671338
"GCAM 7.1","Reference","World","Emissions|Kyoto Gases|Energy","Mt CO2-equiv/yr",144.160416657493,163.571750191681,186.970767270568,248.615674904861,269.06677637901,327.029897960675,391.289894096814,474.742120393226,578.28766594527,686.118082190153,791.127760028062,940.939031635147,1102.98012136412,1272.39821910465,1444.51270007909,1605.35041365669,1744.77807703104,1879.20374762489,2004.47447522802,2118.94419671338
"GCAM 7.1","Reference","Pakistan","Emissions|Kyoto Gases|Energy and Industrial Processes","Mt CO2-equiv/yr",167.736342659637,196.346836861327,222.539267273802,288.160821575123,312.218806476266,380.707456112221,457.343221699486,555.368361333889,675.002260487396,799.929968300499,921.248930706557,1087.90461308517,1266.31470597897,1451.41592428759,1638.67603099675,1813.53189597562,1965.67855465112,2112.32543681275,2248.70524371689,2373.83211866988
"GCAM 7.1","Reference","World","Emissions|Kyoto Gases|Energy and Industrial Processes","Mt CO2-equiv/yr",167.736342659637,196.346836861327,222.539267273802,288.160821575123,312.218806476266,380.707456112221,457.343221699486,555.368361333889,675.002260487396,799.929968300499,921.248930706557,1087.90461308517,1266.31470597897,1451.41592428759,1638.67603099675,1813.53189597562,1965.67855465112,2112.32543681275,2248.70524371689,2373.83211866988
"GCAM 7.1","Reference","Pakistan","Emissions|Kyoto Gases|Energy|Demand","Mt CO2-equiv/yr",110.597852160195,126.450071825446,149.976358591248,201.675601486328,218.667407101304,260.442213518448,308.334765938081,362.081453425943,428.020257794289,506.354598106154,596.984482186358,695.656447549066,798.266434181852,899.304032750452,996.304876436683,1084.79724136397,1163.75623348334,1233.40244966847,1293.66137238882,1345.90155073705
"GCAM 7.1","Reference","World","Emissions|Kyoto Gases|Energy|Demand","Mt CO2-equiv/yr",110.597852160195,126.450071825446,149.976358591248,201.675601486328,218.667407101304,260.442213518448,308.334765938081,362.081453425943,428.020257794289,506.354598106154,596.984482186358,695.656447549066,798.266434181852,899.304032750452,996.304876436683,1084.79724136397,1163.75623348334,1233.40244966847,1293.66137238882,1345.90155073705
"GCAM 7.1","Reference","Pakistan","Emissions|Kyoto Gases|Energy|Demand|AFOFI","Mt CO2-equiv/yr",0.312173138228169,0.12985683825176,0.0483175218543761,0.0452936244774356,0.0481644194841956,0.0513733104841528,0.0530656779993058,0.0535852441161857,0.0542367710098442,0.0529316339092919,0.0529175447694566,0.055013326703646,0.0579883799651484,0.0604863394469411,0.0622775706669698,0.0633035428595626,0.0637852250576061,0.0640244457397944,0.063954362743288,0.0638431120117779
"GCAM 7.1","Reference","World","Emissions|Kyoto Gases|Energy|Demand|AFOFI","Mt CO2-equiv/yr",0.312173138228169,0.12985683825176,0.0483175218543761,0.0452936244774356,0.0481644194841956,0.0513733104841528,0.0530656779993058,0.0535852441161857,0.0542367710098442,0.0529316339092919,0.0529175447694566,0.055013326703646,0.0579883799651484,0.0604863394469411,0.0622775706669698,0.0633035428595626,0.0637852250576061,0.0640244457397944,0.063954362743288,0.0638431120117779
"GCAM 7.1","Reference","Pakistan","Emissions|Kyoto Gases|Energy|Demand|Bunkers","Mt CO2-equiv/yr",3.20639946729569,3.5577407389874,3.15403229313799,1.69513429268632,1.77410312403345,2.09357030763229,2.45085883640856,3.08405669327972,3.90168746948619,4.91080391125593,6.10812283623265,7.55672691207538,9.23932828964923,11.128399757307,13.2252744527036,15.4725432119211,17.83932984122,20.3269927031945,22.8958386879097,25.5249344889269
"GCAM 7.1","Reference","World","Emissions|Kyoto Gases|Energy|Demand|Bunkers","Mt CO2-equiv/yr",3.20639946729569,3.5577407389874,3.15403229313799,1.69513429268632,1.77410312403345,2.09357030763229,2.45085883640856,3.08405669327972,3.90168746948619,4.91080391125593,6.10812283623265,7.55672691207538,9.23932828964923,11.128399757307,13.2252744527036,15.4725432119211,17.83932984122,20.3269927031945,22.8958386879097,25.5249344889269
"GCAM 7.1","Reference","Pakistan","Emissions|Kyoto Gases|Energy|Demand|Bunkers|International Aviation","Mt CO2-equiv/yr",2.73708697924693,2.53732982706224,2.45163971738785,1.52654240213775,1.60378151614472,1.90967586000566,2.2576583068704,2.87682365292627,3.67483223033161,4.66234819875406,5.83825957052684,7.26184573232197,8.9185165558048,10.7812319659729,12.851248169493,15.0723812363601,17.4137504632381,19.8757251667936,22.4191864970231,25.0230432922581
"GCAM 7.1","Reference","World","Emissions|Kyoto Gases|Energy|Demand|Bunkers|International Aviation","Mt CO2-equiv/yr",2.73708697924693,2.53732982706224,2.45163971738785,1.52654240213775,1.60378151614472,1.90967586000566,2.2576583068704,2.87682365292627,3.67483223033161,4.66234819875406,5.83825957052684,7.26184573232197,8.9185165558048,10.7812319659729,12.851248169493,15.0723812363601,17.4137504632381,19.8757251667936,22.4191864970231,25.0230432922581
"GCAM 7.1","Reference","Pakistan","Emissions|Kyoto Gases|Energy|Demand|Bunkers|International Shipping","Mt CO2-equiv/yr",0.469312488048765,1.02041091192517,0.702392575750147,0.168591890548568,0.170321607888726,0.183894447626628,0.193200529538165,0.207233040353454,0.226855239154572,0.248455712501867,0.269863265705809,0.294881179753411,0.320811733844429,0.347167791334153,0.374026283210588,0.400161975560958,0.425579377981929,0.451267536400925,0.47665219088656,0.501891196668849
"GCAM 7.1","Reference","World","Emissions|Kyoto Gases|Energy|Demand|Bunkers|International Shipping","Mt CO2-equiv/yr",0.469312488048765,1.02041091192517,0.702392575750147,0.168591890548568,0.170321607888726,0.183894447626628,0.193200529538165,0.207233040353454,0.226855239154572,0.248455712501867,0.269863265705809,0.294881179753411,0.320811733844429,0.347167791334153,0.374026283210588,0.400161975560958,0.425579377981929,0.451267536400925,0.47665219088656,0.501891196668849
"GCAM 7.1","Reference","Pakistan","Emissions|Kyoto Gases|Energy|Demand|Commercial","Mt CO2-equiv/yr",3.11161282166401,4.02808773218784,7.06537178854376,8.90373234552183,9.71746885778464,13.1731198763399,17.8703884737267,24.4681657185197,33.6929302819652,46.012330048954,61.6532186093416,81.1752370027095,104.010132983213,129.1621131711,156.169096457022,183.278308235616,209.551667023884,234.484913814115,257.209063882769,277.048009996813
"GCAM 7.1","Reference","World","Emissions|Kyoto Gases|Energy|Demand|Commercial","Mt CO2-equiv/yr",3.11161282166401,4.02808773218784,7.06537178854376,8.90373234552183,9.71746885778464,13.1731198763399,17.8703884737267,24.4681657185197,33.6929302819652,46.012330048954,61.6532186093416,81.1752370027095,104.010132983213,129.1621131711,156.169096457022,183.278308235616,209.551667023884,234.484913814115,257.209063882769,277.048009996813
"GCAM 7.1","Reference","Pakistan","Emissions|Kyoto Gases|Energy|Demand|Industry","Mt CO2-equiv/yr",52.6012553577998,55.0150293970655,59.9372560680581,86.6992779365468,96.2875492998316,119.042290961725,147.081514616038,179.506405338299,215.884443999589,258.019463270706,303.110218106148,348.420919155819,392.130355047084,431.696447367637,466.118018063071,494.282410558645,516.242920507892,532.943222625384,545.373032162034,554.754781644335
"GCAM 7.1","Reference","World","Emissions|Kyoto Gases|Energy|Demand|Industry","Mt CO2-equiv/yr",52.6012553577998,55.0150293970655,59.9372560680581,86.6992779365468,96.2875492998316,119.042290961725,147.081514616038,179.506405338299,215.884443999589,258.019463270706,303.110218106148,348.420919155819,392.130355047084,431.696447367637,466.118018063071,494.282410558645,516.242920507892,532.943222625384,545.373032162034,554.754781644335
"GCAM 7.1","Reference","Pakistan","Emissions|Kyoto Gases|Energy|Demand|Residential","Mt CO2-equiv/yr",23.1443512401287,27.5213782463964,33.1142517640708,45.1182991912191,48.0503939608259,57.4837398190167,65.8943635053196,76.7405043837013,90.5531962420711,106.810245043528,125.771071204749,145.787305821378,165.512825012771,183.579369608967,199.556612753546,212.510745696131,222.574063000506,229.445902337784,233.248946898274,235.124405164852
"GCAM 7.1","Reference","World","Emissions|Kyoto Gases|Energy|Demand|Residential","Mt CO2-equiv/yr",23.1443512401287,27.5213782463964,33.1142517640708,45.1182991912191,48.0503939608259,57.4837398190167,65.8943635053196,76.7405043837013,90.5531962420711,106.810245043528,125.771071204749,145.787305821378,165.512825012771,183.579369608967,199.556612753546,212.510745696131,222.574063000506,229.445902337784,233.248946898274,235.124405164852
"GCAM 7.1","Reference","Pakistan","Emissions|Kyoto Gases|Energy|Demand|Residential and Commercial","Mt CO2-equiv/yr",26.2559640617927,31.5494659785843,40.1796235526146,54.022031536741,57.7678628186105,70.6568596953566,83.7647519790463,101.208670102221,124.246126524036,152.822575092482,187.42428981409,226.962542824087,269.522957995985,312.741482780067,355.725709210568,395.789053931747,432.12573002439,463.930816151899,490.458010781043,512.172415161665
"GCAM 7.1","Reference","World","Emissions|Kyoto Gases|Energy|Demand|Residential and Commercial","Mt CO2-equiv/yr",26.2559640617927,31.5494659785843,40.1796235526146,54.022031536741,57.7678628186105,70.6568596953566,83.7647519790463,101.208670102221,124.246126524036,152.822575092482,187.42428981409,226.962542824087,269.522957995985,312.741482780067,355.725709210568,395.789053931747,432.12573002439,463.930816151899,490.458010781043,512.172415161665
"GCAM 7.1","Reference","Pakistan","Emissions|Kyoto Gases|Energy|Demand|Residential and Commercial and AFOFI","Mt CO2-equiv/yr",26.5681372000208,31.679322816836,40.2279410744689,54.0673251612184,57.8160272380947,70.7082330058407,83.8178176570456,101.262255346337,124.300363295046,152.875506726391,187.47720735886,227.017556150791,269.58094637595,312.801969119514,355.787986781235,395.852357474606,432.189515249448,463.994840597639,490.521965143786,512.236258273676
"GCAM 7.1","Reference","World","Emissions|Kyoto Gases|Energy|Demand|Residential and Commercial and AFOFI","Mt CO2-equiv/yr",26.5681372000208,31.679322816836,40.2279410744689,54.0673251612184,57.8160272380947,70.7082330058407,83.8178176570456,101.262255346337,124.300363295046,152.875506726391,187.47720735886,227.017556150791,269.58094637595,312.801969119514,355.787986781235,395.852357474606,432.189515249448,463.994840597639,490.521965143786,512.236258273676
"GCAM 7.1","Reference","Pakistan","Emissions|Kyoto Gases|Energy|Demand|Transportation","Mt CO2-equiv/yr",28.2220601350791,36.1979788725567,46.6571291555829,59.2138640958768,62.7897274393445,68.5981192432498,74.9845748285887,78.2287360480277,83.9337630301679,90.5488241978016,100.288933885117,112.661245330381,127.315804469169,143.677216505993,161.173597139672,179.189930118799,197.48446788478,216.137393742248,234.87053639509,253.385576330116
"GCAM 7.1","Reference","World","Emissions|Kyoto Gases|Energy|Demand|Transportation","Mt CO2-equiv/yr",28.2220601350791,36.1979788725567,46.6571291555829,59.2138640958768,62.7897274393445,68.5981192432498,74.9845748285887,78.2287360480277,83.9337630301679,90.5488241978016,100.288933885117,112.661245330381,127.315804469169,143.677216505993,161.173597139672,179.189930118799,197.48446788478,216.137393742248,234.87053639509,253.385576330116
"GCAM 7.1","Reference","Pakistan","Emissions|Kyoto Gases|Energy|Demand|Transportation|Bus","Mt CO2-equiv/yr",4.0533767512894,6.25157858634705,6.71909577419125,8.12816023431498,9.15285591954383,10.9203167721731,11.897710226927,11.5680630086977,13.0053043407593,15.5072628003824,18.6567332697966,21.9658560508916,25.1438800563749,27.7242268242049,29.8545499366615,31.4653442672051,32.5875024169052,33.2916865372346,33.6316548487316,33.7062122659382
"GCAM 7.1","Reference","World","Emissions|Kyoto Gases|Energy|Demand|Transportation|Bus","Mt CO2-equiv/yr",4.0533767512894,6.25157858634705,6.71909577419125,8.12816023431498,9.15285591954383,10.9203167721731,11.897710226927,11.5680630086977,13.0053043407593,15.5072628003824,18.6567332697966,21.9658560508916,25.1438800563749,27.7242268242049,29.8545499366615,31.4653442672051,32.5875024169052,33.2916865372346,33.6316548487316,33.7062122659382
"GCAM 7.1","Reference","Pakistan","Emissions|Kyoto Gases|Energy|Demand|Transportation|Domestic Aviation","Mt CO2-equiv/yr",0.171830861682012,0.159273853347558,0.154000656180412,0.0962330815752273,0.109134783426375,0.145189528346249,0.181425282016139,0.243846633188359,0.325390648862279,0.423053287870967,0.529684929713786,0.648018871057646,0.772932777068758,0.912674027581189,1.07838281159593,1.2763242567802,1.50437373013382,1.76166592015671,2.04171050518163,2.3397223318748
"GCAM 7.1","Reference","World","Emissions|Kyoto Gases|Energy|Demand|Transportation|Domestic Aviation","Mt CO2-equiv/yr",0.171830861682012,0.159273853347558,0.154000656180412,0.0962330815752273,0.109134783426375,0.145189528346249,0.181425282016139,0.243846633188359,0.325390648862279,0.423053287870967,0.529684929713786,0.648018871057646,0.772932777068758,0.912674027581189,1.07838281159593,1.2763242567802,1.50437373013382,1.76166592015671,2.04171050518163,2.3397223318748
"GCAM 7.1","Reference","Pakistan","Emissions|Kyoto Gases|Energy|Demand|Transportation|Light-Duty Vehicle","Mt CO2-equiv/yr",13.5922612458972,17.5775034158286,22.4611627499537,28.2417247552067,28.9082270472291,28.7146282760015,29.7223908854852,30.2390237337986,30.1860034173655,30.4447097229403,32.2664399315597,34.6537482499464,37.7295457184186,41.978915885881,47.0703838493743,52.8305019436621,59.1350040984937,65.8854120518218,72.8579191578365,80.0335075450052
"GCAM 7.1","Reference","World","Emissions|Kyoto Gases|Energy|Demand|Transportation|Light-Duty Vehicle","Mt CO2-equiv/yr",13.5922612458972,17.5775034158286,22.4611627499537,28.2417247552067,28.9082270472291,28.7146282760015,29.7223908854852,30.2390237337986,30.1860034173655,30.4447097229403,32.2664399315597,34.6537482499464,37.7295457184186,41.978915885881,47.0703838493743,52.8305019436621,59.1350040984937,65.8854120518218,72.8579191578365,80.0335075450052
"GCAM 7.1","Reference","Pakistan","Emissions|Kyoto Gases|Energy|Demand|Transportation|Light-Duty Vehicle|Large Car and SUV","Mt CO2-equiv/yr",1.38416072182902,1.92564415262111,2.28534189469884,2.81248856893493,2.93463175176148,2.98021057945629,3.1811637449592,3.55085066619257,4.07181762533013,4.73504073498611,5.80035789045198,7.04874613055035,8.52095421524939,10.3590158393414,12.5136312528154,14.9704932530769,17.6853736639634,20.6290604791885,23.7301151213632,26.9858792876393
"GCAM 7.1","Reference","World","Emissions|Kyoto Gases|Energy|Demand|Transportation|Light-Duty Vehicle|Large Car and SUV","Mt CO2-equiv/yr",1.38416072182902,1.92564415262111,2.28534189469884,2.81248856893493,2.93463175176148,2.98021057945629,3.1811637449592,3.55085066619257,4.07181762533013,4.73504073498611,5.80035789045198,7.04874613055035,8.52095421524939,10.3590158393414,12.5136312528154,14.9704932530769,17.6853736639634,20.6290604791885,23.7301151213632,26.9858792876393
"GCAM 7.1","Reference","Pakistan","Emissions|Kyoto Gases|Energy|Demand|Transportation|Light-Duty Vehicle|Midsize Car","Mt CO2-equiv/yr",4.50235951713631,6.2636535976357,7.43367083975842,9.14835529667921,9.33150815792899,9.11018097820329,8.94389922663095,8.74603535430555,8.34410938780183,8.2833982981208,8.77188806688363,9.59759951787864,10.8184626431589,12.4860139826076,14.46787674642,16.6349388739007,18.9416273404591,21.3582839261181,23.8161815335182,26.2025909053425
"GCAM 7.1","Reference","World","Emissions|Kyoto Gases|Energy|Demand|Transportation|Light-Duty Vehicle|Midsize Car","Mt CO2-equiv/yr",4.50235951713631,6.2636535976357,7.43367083975842,9.14835529667921,9.33150815792899,9.11018097820329,8.94389922663095,8.74603535430555,8.34410938780183,8.2833982981208,8.77188806688363,9.59759951787864,10.8184626431589,12.4860139826076,14.46787674642,16.6349388739007,18.9416273404591,21.3582839261181,23.8161815335182,26.2025909053425
"GCAM 7.1","Reference","Pakistan","Emissions|Kyoto Gases|Energy|Demand|Transportation|Light-Duty Vehicle|Subcompact Car","Mt CO2-equiv/yr",1.28959508574779,1.79408889741056,2.12919424299237,2.62032403530509,2.74171436455036,3.15320988341738,3.89727470903072,4.77553909312217,5.78150073103689,6.83227314734396,8.18612683354847,9.51344906359619,10.8622219769326,12.3972833030828,14.0626311447778,15.8352327647531,17.6785497984535,19.5587362526374,21.4111939570177,23.1879065023458
"GCAM 7.1","Reference","World","Emissions|Kyoto Gases|Energy|Demand|Transportation|Light-Duty Vehicle|Subcompact Car","Mt CO2-equiv/yr",1.28959508574779,1.79408889741056,2.12919424299237,2.62032403530509,2.74171436455036,3.15320988341738,3.89727470903072,4.77553909312217,5.78150073103689,6.83227314734396,8.18612683354847,9.51344906359619,10.8622219769326,12.3972833030828,14.0626311447778,15.8352327647531,17.6785497984535,19.5587362526374,21.4111939570177,23.1879065023458
"GCAM 7.1","Reference","Pakistan","Emissions|Kyoto Gases|Energy|Demand|Transportation|Light-Duty Vehicle|Two-Wheeler","Mt CO2-equiv/yr",6.41614592118405,7.59411676816127,10.612955772504,13.6605568542874,13.9003727729882,13.4710268349245,13.7000532048644,13.1665986201783,11.9885756731966,10.5939975424895,9.50806714067559,8.49395353792122,7.52790688307767,6.73660276084922,6.02624470536112,5.38983705193142,4.82945329561763,4.33933139387791,3.90042854593729,3.65713084967759
"GCAM 7.1","Reference","World","Emissions|Kyoto Gases|Energy|Demand|Transportation|Light-Duty Vehicle|Two-Wheeler","Mt CO2-equiv/yr",6.41614592118405,7.59411676816127,10.612955772504,13.6605568542874,13.9003727729882,13.4710268349245,13.7000532048644,13.1665986201783,11.9885756731966,10.5939975424895,9.50806714067559,8.49395353792122,7.52790688307767,6.73660276084922,6.02624470536112,5.38983705193142,4.82945329561763,4.33933139387791,3.90042854593729,3.65713084967759
"GCAM 7.1","Reference","Pakistan","Emissions|Kyoto Gases|Energy|Demand|Transportation|Rail","Mt CO2-equiv/yr",0.368078795691624,0.385370059427507,0.548818123841472,0.711093799587772,0.740467984123354,0.846328654331632,0.892123593869023,0.95365737510766,1.07379423665055,1.20322067169408,1.33154419257088,1.46383736391473,1.58623486072453,1.70103085360044,1.8060871069423,1.89682106081641,1.9769379404897,2.05371924716277,2.12565843450214,2.20890424050913
"GCAM 7.1","Reference","World","Emissions|Kyoto Gases|Energy|Demand|Transportation|Rail","Mt CO2-equiv/yr",0.368078795691624,0.385370059427507,0.548818123841472,0.711093799587772,0.740467984123354,0.846328654331632,0.892123593869023,0.95365737510766,1.07379423665055,1.20322067169408,1.33154419257088,1.46383736391473,1.58623486072453,1.70103085360044,1.8060871069423,1.89682106081641,1.9769379404897,2.05371924716277,2.12565843450214,2.20890424050913
"GCAM 7.1","Reference","Pakistan","Emissions|Kyoto Gases|Energy|Demand|Transportation|Truck","Mt CO2-equiv/yr",10.0365124805189,11.8242529576059,16.7740518514161,22.0366522251922,23.8790417050219,27.9716560123973,32.2909248402913,35.2241452972354,39.3432703865303,42.9705777149138,47.5045315614764,53.9297847945707,62.0832110565822,71.3603689147251,81.3641934350982,91.7209385903354,102.280649698757,113.144909985872,124.213593448839,135.097229946789
"GCAM 7.1","Reference","World","Emissions|Kyoto Gases|Energy|Demand|Transportation|Truck","Mt CO2-equiv/yr",10.0365124805189,11.8242529576059,16.7740518514161,22.0366522251922,23.8790417050219,27.9716560123973,32.2909248402913,35.2241452972354,39.3432703865303,42.9705777149138,47.5045315614764,53.9297847945707,62.0832110565822,71.3603689147251,81.3641934350982,91.7209385903354,102.280649698757,113.144909985872,124.213593448839,135.097229946789
"GCAM 7.1","Reference","Pakistan","Emissions|Kyoto Gases|Energy|Supply","Mt CO2-equiv/yr",57.2902978327882,63.6863117019836,68.591982015526,83.9503067552309,90.7820448013768,116.597197406773,144.778104691021,189.505118174269,244.548639892885,293.062385560965,324.883367186923,395.027495166362,473.085883864241,559.644414704495,652.847681061017,742.380275246221,818.650011635966,899.36610031281,979.173427330263,1056.40640800208
"GCAM 7.1","Reference","World","Emissions|Kyoto Gases|Energy|Supply","Mt CO2-equiv/yr",57.2902978327882,63.6863117019836,68.591982015526,83.9503067552309,90.7820448013768,116.597197406773,144.778104691021,189.505118174269,244.548639892885,293.062385560965,324.883367186923,395.027495166362,473.085883864241,559.644414704495,652.847681061017,742.380275246221,818.650011635966,899.36610031281,979.173427330263,1056.40640800208
"GCAM 7.1","Reference","Pakistan","Emissions|Kyoto Gases|Energy|Supply|Electricity","Mt CO2-equiv/yr",34.2816213416865,38.4377980571333,42.860319127468,58.4711396662164,63.3794831645321,84.3341624025352,107.426079477961,145.961786924835,193.841502444816,234.800693403618,259.037581653697,319.336901542936,387.820756439156,465.12489328093,549.907119730642,631.341815372591,700.758235935389,775.17383289305,848.677555655143,918.137062758674
"GCAM 7.1","Reference","World","Emissions|Kyoto Gases|Energy|Supply|Electricity","Mt CO2-equiv/yr",34.2816213416865,38.4377980571333,42.860319127468,58.4711396662164,63.3794831645321,84.3341624025352,107.426079477961,145.961786924835,193.841502444816,234.800693403618,259.037581653697,319.336901542936,387.820756439156,465.12489328093,549.907119730642,631.341815372591,700.758235935389,775.17383289305,848.677555655143,918.137062758674
"GCAM 7.1","Reference","Pakistan","Emissions|Kyoto Gases|Energy|Supply|Gases","Mt CO2-equiv/yr",17.4902817141366,19.7307397213305,18.4597725583539,19.1977765646603,19.9742454603622,23.1318745672974,26.1415700757424,29.2080572447899,32.6368507014615,36.6217653714596,41.1605080237543,47.5195911942231,53.7635553028639,59.5514339490354,64.1851676089585,68.0430524015641,70.4484440815762,71.9249458116088,73.1037151447613,75.2442205013263
"GCAM 7.1","Reference","World","Emissions|Kyoto Gases|Energy|Supply|Gases","Mt CO2-equiv/yr",17.4902817141366,19.7307397213305,18.4597725583539,19.1977765646603,19.9742454603622,23.1318745672974,26.1415700757424,29.2080572447899,32.6368507014615,36.6217653714596,41.1605080237543,47.5195911942231,53.7635553028639,59.5514339490354,64.1851676089585,68.0430524015641,70.4484440815762,71.9249458116088,73.1037151447613,75.2442205013263
"GCAM 7.1","Reference","Pakistan","Emissions|Kyoto Gases|Energy|Supply|Hydrogen","Mt CO2-equiv/yr",0,0,0,0,0.00986079838822974,0.281157984896226,0.991157855666103,2.50535020476186,4.09732175326162,5.70436065867267,7.23559909534887,8.79900118335757,10.3645515630639,11.8795162913493,13.4153879733982,15.0113013982593,16.750031378392,18.6407425248999,20.6577555366366,22.7037647768253
"GCAM 7.1","Reference","World","Emissions|Kyoto Gases|Energy|Supply|Hydrogen","Mt CO2-equiv/yr",0,0,0,0,0.00986079838822974,0.281157984896226,0.991157855666103,2.50535020476186,4.09732175326162,5.70436065867267,7.23559909534887,8.79900118335757,10.3645515630639,11.8795162913493,13.4153879733982,15.0113013982593,16.750031378392,18.6407425248999,20.6577555366366,22.7037647768253
"GCAM 7.1","Reference","Pakistan","Emissions|Kyoto Gases|Energy|Supply|Liquids","Mt CO2-equiv/yr",3.82217286571512,3.94266801351983,5.289539586254,3.77522043666421,4.70961748655925,5.76226190184928,6.8028163147613,7.99624476310206,9.76995436704567,11.4822326707904,13.0324415658226,14.9395474910404,16.4287980393566,17.9696447587553,19.7955235065637,21.9744974383364,24.239077283789,26.7127449784912,29.4060127731824,32.6810898723241
"GCAM 7.1","Reference","World","Emissions|Kyoto Gases|Energy|Supply|Liquids","Mt CO2-equiv/yr",3.82217286571512,3.94266801351983,5.289539586254,3.77522043666421,4.70961748655925,5.76226190184928,6.8028163147613,7.99624476310206,9.76995436704567,11.4822326707904,13.0324415658226,14.9395474910404,16.4287980393566,17.9696447587553,19.7955235065637,21.9744974383364,24.239077283789,26.7127449784912,29.4060127731824,32.6810898723241
"GCAM 7.1","Reference","Pakistan","Emissions|Kyoto Gases|Energy|Supply|Solids","Mt CO2-equiv/yr",1.69622191125,1.57510591,1.98235074345,2.50617008769,2.708837891535,3.087740550195,3.41648096689,3.83367903678,4.2030106263,4.453333456425,4.4172368483,4.4324537548045,4.7082225198,5.118926424425,5.544482241455,6.00960863547,6.45422295682,6.91383410476,7.32838822054,7.640270092935
"GCAM 7.1","Reference","World","Emissions|Kyoto Gases|Energy|Supply|Solids","Mt CO2-equiv/yr",1.69622191125,1.57510591,1.98235074345,2.50617008769,2.708837891535,3.087740550195,3.41648096689,3.83367903678,4.2030106263,4.453333456425,4.4172368483,4.4324537548045,4.7082225198,5.118926424425,5.544482241455,6.00960863547,6.45422295682,6.91383410476,7.32838822054,7.640270092935
"GCAM 7.1","Reference","Pakistan","Emissions|Kyoto Gases|Energy|Supply|Solids|Coal","Mt CO2-equiv/yr",1.69622191125,1.57510591,1.98235074345,2.50617008769,2.708837891535,3.087740550195,3.41648096689,3.83367903678,4.2030106263,4.453333456425,4.4172368483,4.4324537548045,4.7082225198,5.118926424425,5.544482241455,6.00960863547,6.45422295682,6.91383410476,7.32838822054,7.640270092935
"GCAM 7.1","Reference","World","Emissions|Kyoto Gases|Energy|Supply|Solids|Coal","Mt CO2-equiv/yr",1.69622191125,1.57510591,1.98235074345,2.50617008769,2.708837891535,3.087740550195,3.41648096689,3.83367903678,4.2030106263,4.453333456425,4.4172368483,4.4324537548045,4.7082225198,5.118926424425,5.544482241455,6.00960863547,6.45422295682,6.91383410476,7.32838822054,7.640270092935
"GCAM 7.1","Reference","Pakistan","Emissions|Kyoto Gases|Industrial Processes","Mt CO2-equiv/yr",8.477333334104,15.957333334784,15.957333334784,15.957333334784,17.6049390016004,22.9022016687487,28.9928760026357,35.7315420032483,42.7704420038882,49.9777853712101,57.0961160051906,63.9666559091485,70.5697696064154,76.7085843403068,82.3107288741495,87.2184041745956,91.4868302416503,95.1745813419856,98.324716242272,100.975984275846
"GCAM 7.1","Reference","World","Emissions|Kyoto Gases|Industrial Processes","Mt CO2-equiv/yr",8.477333334104,15.957333334784,15.957333334784,15.957333334784,17.6049390016004,22.9022016687487,28.9928760026357,35.7315420032483,42.7704420038882,49.9777853712101,57.0961160051906,63.9666559091485,70.5697696064154,76.7085843403068,82.3107288741495,87.2184041745956,91.4868302416503,95.1745813419856,98.324716242272,100.975984275846
"GCAM 7.1","Reference","Pakistan","Emissions|Kyoto Gases|Other","Mt CO2-equiv/yr",29.91306786612,34.05317467876,38.6892847172,44.5481695642,47.28727129406,50.89823266785,54.361049456995,57.53376759842,60.344776210855,64.039433456885,67.77050641843,71.243063447305,74.331758131375,77.004377292225,79.22546914475,80.99379453441,82.40871307571,83.54858459472,84.43336036017,85.09815661638
"GCAM 7.1","Reference","World","Emissions|Kyoto Gases|Other","Mt CO2-equiv/yr",29.91306786612,34.05317467876,38.6892847172,44.5481695642,47.28727129406,50.89823266785,54.361049456995,57.53376759842,60.344776210855,64.039433456885,67.77050641843,71.243063447305,74.331758131375,77.004377292225,79.22546914475,80.99379453441,82.40871307571,83.54858459472,84.43336036017,85.09815661638
"GCAM 7.1","Reference","Pakistan","Emissions|Kyoto Gases|Product Use","Mt CO2-equiv/yr",3.23472600029407,3.53543666698807,3.81238000034658,5.08269666712873,5.35575333382022,5.7706000005246,6.14896333389233,6.47247333392174,6.80353666728517,7.18465000065315,7.65501000069591,8.12647000073877,8.57871666744655,9.03400666748794,9.53267333419994,10.0495266675803,10.5995633342969,11.1647066676816,11.725890001066,12.2300566677785
"GCAM 7.1","Reference","World","Emissions|Kyoto Gases|Product Use","Mt CO2-equiv/yr",3.23472600029407,3.53543666698807,3.81238000034658,5.08269666712873,5.35575333382022,5.7706000005246,6.14896333389233,6.47247333392174,6.80353666728517,7.18465000065315,7.65501000069591,8.12647000073877,8.57871666744655,9.03400666748794,9.53267333419994,10.0495266675803,10.5995633342969,11.1647066676816,11.725890001066,12.2300566677785
"GCAM 7.1","Reference","Pakistan","Emissions|Kyoto Gases|Product Use|Non-Energy Use","Mt CO2-equiv/yr",3.23472600029407,3.53543666698807,3.81238000034658,5.08269666712873,5.35575333382022,5.7706000005246,6.14896333389233,6.47247333392174,6.80353666728517,7.18465000065315,7.65501000069591,8.12647000073877,8.57871666744655,9.03400666748794,9.53267333419994,10.0495266675803,10.5995633342969,11.1647066676816,11.725890001066,12.2300566677785
"GCAM 7.1","Reference","World","Emissions|Kyoto Gases|Product Use|Non-Energy Use","Mt CO2-equiv/yr",3.23472600029407,3.53543666698807,3.81238000034658,5.08269666712873,5.35575333382022,5.7706000005246,6.14896333389233,6.47247333392174,6.80353666728517,7.18465000065315,7.65501000069591,8.12647000073877,8.57871666744655,9.03400666748794,9.53267333419994,10.0495266675803,10.5995633342969,11.1647066676816,11.725890001066,12.2300566677785
"GCAM 7.1","Reference","Pakistan","Emissions|N2O","kt N2O/yr",152.967423986745,177.759724594437,225.44335229584,230.631226572273,245.239606206986,273.038068855658,304.203981542218,336.044126413344,368.260171141036,403.204694590157,432.708878849921,464.957694178279,496.180124021736,525.290600090327,552.816418788335,577.532784809079,599.36881001646,619.272570764969,636.876205461296,652.273030881207
"GCAM 7.1","Reference","World","Emissions|N2O","kt N2O/yr",152.967423986745,177.759724594437,225.44335229584,230.631226572273,245.239606206986,273.038068855658,304.203981542218,336.044126413344,368.260171141036,403.204694590157,432.708878849921,464.957694178279,496.180124021736,525.290600090327,552.816418788335,577.532784809079,599.36881001646,619.272570764969,636.876205461296,652.273030881207
"GCAM 7.1","Reference","Pakistan","Emissions|N2O|AFOLU","kt N2O/yr",132.981974781145,155.569019055237,201.682344061311,202.130722424073,215.923616653756,242.355199514028,271.722040554678,301.833574835224,331.350341570486,363.461789483697,390.12391698825,418.925617160261,446.455298526904,471.722174111648,495.317942145148,516.273152867511,534.613346509857,551.009220371895,565.240088611994,577.466548286507
"GCAM 7.1","Reference","World","Emissions|N2O|AFOLU","kt N2O/yr",132.981974781145,155.569019055237,201.682344061311,202.130722424073,215.923616653756,242.355199514028,271.722040554678,301.833574835224,331.350341570486,363.461789483697,390.12391698825,418.925617160261,446.455298526904,471.722174111648,495.317942145148,516.273152867511,534.613346509857,551.009220371895,565.240088611994,577.466548286507
"GCAM 7.1","Reference","Pakistan","Emissions|N2O|AFOLU [NGHGI]","kt N2O/yr",132.981974781145,155.569019055237,201.682344061311,202.130722424073,215.923616653756,242.355199514028,271.722040554678,301.833574835224,331.350341570486,363.461789483697,390.12391698825,418.925617160261,446.455298526904,471.722174111648,495.317942145148,516.273152867511,534.613346509857,551.009220371895,565.240088611994,577.466548286507
"GCAM 7.1","Reference","World","Emissions|N2O|AFOLU [NGHGI]","kt N2O/yr",132.981974781145,155.569019055237,201.682344061311,202.130722424073,215.923616653756,242.355199514028,271.722040554678,301.833574835224,331.350341570486,363.461789483697,390.12391698825,418.925617160261,446.455298526904,471.722174111648,495.317942145148,516.273152867511,534.613346509857,551.009220371895,565.240088611994,577.466548286507
"GCAM 7.1","Reference","Pakistan","Emissions|N2O|AFOLU|Agricultural Waste Burning","kt N2O/yr",0.083613460015,0.093118799907,0.100804566031,0.110649309173,0.113333228216,0.120622934099,0.126587619728,0.12951650615,0.128126256382,0.124172586513,0.114086177502,0.105919017478,0.097302628435,0.088623558636,0.08072198679,0.073326852915,0.068469693575,0.068815537058,0.069093244129,0.069279650872
"GCAM 7.1","Reference","World","Emissions|N2O|AFOLU|Agricultural Waste Burning","kt N2O/yr",0.083613460015,0.093118799907,0.100804566031,0.110649309173,0.113333228216,0.120622934099,0.126587619728,0.12951650615,0.128126256382,0.124172586513,0.114086177502,0.105919017478,0.097302628435,0.088623558636,0.08072198679,0.073326852915,0.068469693575,0.068815537058,0.069093244129,0.069279650872
"GCAM 7.1","Reference","Pakistan","Emissions|N2O|AFOLU|Agriculture","kt N2O/yr",132.85575487113,155.43282705533,201.54052460548,201.978759456,215.76757884634,242.189666737229,271.54818327455,301.654213650374,331.169536829704,363.281537296684,389.949926623848,418.756033174083,446.290770801369,471.563014537512,495.163719907658,516.123722775196,534.466512315482,550.860052013837,565.088945077565,577.313797005835
"GCAM 7.1","Reference","World","Emissions|N2O|AFOLU|Agriculture","kt N2O/yr",132.85575487113,155.43282705533,201.54052460548,201.978759456,215.76757884634,242.189666737229,271.54818327455,301.654213650374,331.169536829704,363.281537296684,389.949926623848,418.756033174083,446.290770801369,471.563014537512,495.163719907658,516.123722775196,534.466512315482,550.860052013837,565.088945077565,577.313797005835
"GCAM 7.1","Reference","Pakistan","Emissions|N2O|AFOLU|Agriculture|Livestock","kt N2O/yr",58.2532081,68.0552488,99.1158708,99.1158145,109.3411376,126.3050329,145.0341594,165.6963164,187.9936531,211.9996341,236.7491876,261.5960857,285.8234048,308.6403171,329.628079,348.3672125,364.9551487,379.6535844,392.5157908,403.7410475
"GCAM 7.1","Reference","World","Emissions|N2O|AFOLU|Agriculture|Livestock","kt N2O/yr",58.2532081,68.0552488,99.1158708,99.1158145,109.3411376,126.3050329,145.0341594,165.6963164,187.9936531,211.9996341,236.7491876,261.5960857,285.8234048,308.6403171,329.628079,348.3672125,364.9551487,379.6535844,392.5157908,403.7410475
"GCAM 7.1","Reference","Pakistan","Emissions|N2O|AFOLU|Agriculture|Livestock|Enteric Fermentation","kt N2O/yr",58.1021752,67.8497674,98.7525856,98.6241982,108.7974073,125.6727561,144.3026894,164.8540004,187.0304521,210.9055941,235.5201116,260.2307017,284.3242658,307.0146011,327.885256,346.5193455,363.0139007,377.6292934,390.4186008,401.5800005
"GCAM 7.1","Reference","World","Emissions|N2O|AFOLU|Agriculture|Livestock|Enteric Fermentation","kt N2O/yr",58.1021752,67.8497674,98.7525856,98.6241982,108.7974073,125.6727561,144.3026894,164.8540004,187.0304521,210.9055941,235.5201116,260.2307017,284.3242658,307.0146011,327.885256,346.5193455,363.0139007,377.6292934,390.4186008,401.5800005
"GCAM 7.1","Reference","Pakistan","Emissions|N2O|AFOLU|Agriculture|Managed Soils","kt N2O/yr",65.63889187113,77.36297075533,90.02115100548,87.807539456,91.25340128094,99.468471933029,109.13530863745,117.910753836474,125.168168060904,133.479386266284,136.534540562348,140.667097292283,144.080490348469,146.764307632512,149.475251773858,151.828178889696,153.807735612082,155.596017625137,157.059381692665,158.171782751135
"GCAM 7.1","Reference","World","Emissions|N2O|AFOLU|Agriculture|Managed Soils","kt N2O/yr",65.63889187113,77.36297075533,90.02115100548,87.807539456,91.25340128094,99.468471933029,109.13530863745,117.910753836474,125.168168060904,133.479386266284,136.534540562348,140.667097292283,144.080490348469,146.764307632512,149.475251773858,151.828178889696,153.807735612082,155.596017625137,157.059381692665,158.171782751135
"GCAM 7.1","Reference","Pakistan","Emissions|N2O|AFOLU|Agriculture|Rice","kt N2O/yr",8.9636549,10.0146075,12.4035028,15.0554055,15.1730399654,16.4161619042,17.3787152371,18.0471434139,18.0077156688,17.8025169304,16.6661984615,16.4928501818,16.3868756529,16.158389805,16.0603891338,15.9283313855,15.7036280034,15.6104499887,15.5137725849,15.4009667547
"GCAM 7.1","Reference","World","Emissions|N2O|AFOLU|Agriculture|Rice","kt N2O/yr",8.9636549,10.0146075,12.4035028,15.0554055,15.1730399654,16.4161619042,17.3787152371,18.0471434139,18.0077156688,17.8025169304,16.6661984615,16.4928501818,16.3868756529,16.158389805,16.0603891338,15.9283313855,15.7036280034,15.6104499887,15.5137725849,15.4009667547
"GCAM 7.1","Reference","Pakistan","Emissions|N2O|AFOLU|Land","kt N2O/yr",0.04260645,0.0430732,0.0410148898,0.0413136589,0.0427045792,0.0449098427,0.0472696604,0.0498446787,0.0526784844,0.0560796005,0.0599041869,0.0636649687,0.0672250971,0.0705360155,0.0735002507,0.0761032394,0.0783645008,0.080352821,0.0820502903,0.0834716298
"GCAM 7.1","Reference","World","Emissions|N2O|AFOLU|Land","kt N2O/yr",0.04260645,0.0430732,0.0410148898,0.0413136589,0.0427045792,0.0449098427,0.0472696604,0.0498446787,0.0526784844,0.0560796005,0.0599041869,0.0636649687,0.0672250971,0.0705360155,0.0735002507,0.0761032394,0.0783645008,0.080352821,0.0820502903,0.0834716298
"GCAM 7.1","Reference","Pakistan","Emissions|N2O|AFOLU|Land|Fires","kt N2O/yr",0.03745965,0.0342529,0.03006509,0.0300565589,0.0300174427,0.0299383479,0.0298620908,0.0297857731,0.0297146892,0.0296453289,0.0295675337,0.0294799116,0.0293992744,0.0293294466,0.0292679439,0.0292166671,0.0291741317,0.0291368677,0.0291060195,0.0290813379
"GCAM 7.1","Reference","World","Emissions|N2O|AFOLU|Land|Fires","kt N2O/yr",0.03745965,0.0342529,0.03006509,0.0300565589,0.0300174427,0.0299383479,0.0298620908,0.0297857731,0.0297146892,0.0296453289,0.0295675337,0.0294799116,0.0293992744,0.0293294466,0.0292679439,0.0292166671,0.0291741317,0.0291368677,0.0291060195,0.0290813379
"GCAM 7.1","Reference","Pakistan","Emissions|N2O|AFOLU|Land|Fires|Forest Burning","kt N2O/yr",0,0,0,0,0,0,0,0,0,0,0,0,0,0,0,0,0,0,0,0
"GCAM 7.1","Reference","World","Emissions|N2O|AFOLU|Land|Fires|Forest Burning","kt N2O/yr",0,0,0,0,0,0,0,0,0,0,0,0,0,0,0,0,0,0,0,0
"GCAM 7.1","Reference","Pakistan","Emissions|N2O|Energy","kt N2O/yr",9.2690887797,12.4586154392,12.5833095156,16.0214065482,15.85387116123,15.91941829963,16.40630913554,16.85404849312,18.32659901855,19.91249557846,21.562826936571,23.892979266398,26.584047204532,29.554628322479,32.752053910787,35.924200800768,38.944848862003,42.065532392574,45.131790953702,48.0656206793
"GCAM 7.1","Reference","World","Emissions|N2O|Energy","kt N2O/yr",9.2690887797,12.4586154392,12.5833095156,16.0214065482,15.85387116123,15.91941829963,16.40630913554,16.85404849312,18.32659901855,19.91249557846,21.562826936571,23.892979266398,26.584047204532,29.554628322479,32.752053910787,35.924200800768,38.944848862003,42.065532392574,45.131790953702,48.0656206793
"GCAM 7.1","Reference","Pakistan","Emissions|N2O|Energy and Industrial Processes","kt N2O/yr",9.2929967056,12.4837777392,12.602161134529,16.0460924482,15.87903947323,15.94658833163,16.43492228854,16.88253443012,18.35363746355,19.93866392946,21.587998455671,23.917664793018,26.608372159832,29.578692957679,32.776141213187,35.948332891568,38.968990356603,42.089763653074,45.156113799302,48.0900800347
"GCAM 7.1","Reference","World","Emissions|N2O|Energy and Industrial Processes","kt N2O/yr",9.2929967056,12.4837777392,12.602161134529,16.0460924482,15.87903947323,15.94658833163,16.43492228854,16.88253443012,18.35363746355,19.93866392946,21.587998455671,23.917664793018,26.608372159832,29.578692957679,32.776141213187,35.948332891568,38.968990356603,42.089763653074,45.156113799302,48.0900800347
"GCAM 7.1","Reference","Pakistan","Emissions|N2O|Energy|Demand","kt N2O/yr",8.9172574066,12.1125016845,12.0513503646,15.1334056692,15.1383205839,14.954837241,15.1558300639,15.11899217672,15.96837445934,16.99100428516,18.268240567941,19.769716434183,21.453159793824,23.23930058517,25.057252956943,26.839846128998,28.569858364602,30.264337104444,31.918622737632,33.55496792315
"GCAM 7.1","Reference","World","Emissions|N2O|Energy|Demand","kt N2O/yr",8.9172574066,12.1125016845,12.0513503646,15.1334056692,15.1383205839,14.954837241,15.1558300639,15.11899217672,15.96837445934,16.99100428516,18.268240567941,19.769716434183,21.453159793824,23.23930058517,25.057252956943,26.839846128998,28.569858364602,30.264337104444,31.918622737632,33.55496792315
"GCAM 7.1","Reference","Pakistan","Emissions|N2O|Energy|Demand|AFOFI","kt N2O/yr",0.00274892,0.001111968,0.000400922,0.000374196,0.0003984809,0.0004283091,0.0004495449,0.00046497232,0.0004828272,0.0004911357,0.0005068028,0.0005358632,0.0005685439,0.0005947496,0.000614012,0.0006257765,0.0006321889,0.0006361492,0.0006369519,0.0006371788
"GCAM 7.1","Reference","World","Emissions|N2O|Energy|Demand|AFOFI","kt N2O/yr",0.00274892,0.001111968,0.000400922,0.000374196,0.0003984809,0.0004283091,0.0004495449,0.00046497232,0.0004828272,0.0004911357,0.0005068028,0.0005358632,0.0005685439,0.0005947496,0.000614012,0.0006257765,0.0006321889,0.0006361492,0.0006369519,0.0006371788
"GCAM 7.1","Reference","Pakistan","Emissions|N2O|Energy|Demand|Bunkers","kt N2O/yr",0.1016043,0.1107004,0.0854858,0.04613536,0.04825554,0.05672447,0.06540731,0.08209878,0.10423473,0.13176683,0.16463486,0.20444728,0.25075079,0.3027883,0.36059959,0.42260445,0.48794797,0.55665816,0.62763539,0.70025837
"GCAM 7.1","Reference","World","Emissions|N2O|Energy|Demand|Bunkers","kt N2O/yr",0.1016043,0.1107004,0.0854858,0.04613536,0.04825554,0.05672447,0.06540731,0.08209878,0.10423473,0.13176683,0.16463486,0.20444728,0.25075079,0.3027883,0.36059959,0.42260445,0.48794797,0.55665816,0.62763539,0.70025837
"GCAM 7.1","Reference","Pakistan","Emissions|N2O|Energy|Demand|Bunkers|International Aviation","kt N2O/yr",0.0787886,0.0731679,0.0704417,0.0424468,0.0445944,0.0531001,0.062776,0.0799924,0.102182,0.129641,0.162338,0.201921,0.247987,0.299781,0.357339,0.419099,0.484203,0.552661,0.623383,0.695786
"GCAM 7.1","Reference","World","Emissions|N2O|Energy|Demand|Bunkers|International Aviation","kt N2O/yr",0.0787886,0.0731679,0.0704417,0.0424468,0.0445944,0.0531001,0.062776,0.0799924,0.102182,0.129641,0.162338,0.201921,0.247987,0.299781,0.357339,0.419099,0.484203,0.552661,0.623383,0.695786
"GCAM 7.1","Reference","Pakistan","Emissions|N2O|Energy|Demand|Bunkers|International Shipping","kt N2O/yr",0.0228157,0.0375325,0.0150441,0.00368856,0.00366114,0.00362437,0.00263131,0.00210638,0.00205273,0.00212583,0.00229686,0.00252628,0.00276379,0.0030073,0.00326059,0.00350545,0.00374497,0.00399716,0.00425239,0.00447237
"GCAM 7.1","Reference","World","Emissions|N2O|Energy|Demand|Bunkers|International Shipping","kt N2O/yr",0.0228157,0.0375325,0.0150441,0.00368856,0.00366114,0.00362437,0.00263131,0.00210638,0.00205273,0.00212583,0.00229686,0.00252628,0.00276379,0.0030073,0.00326059,0.00350545,0.00374497,0.00399716,0.00425239,0.00447237
"GCAM 7.1","Reference","Pakistan","Emissions|N2O|Energy|Demand|Commercial","kt N2O/yr",0.012381826,0.013230576,0.020084482,0.022211398,0.021682238,0.02752938,0.03557539,0.04609029,0.05912778,0.0744594,0.09035401,0.10891627,0.12806666,0.14611281,0.16196692,0.17449539,0.18370742,0.18966083,0.19236774,0.19355059
"GCAM 7.1","Reference","World","Emissions|N2O|Energy|Demand|Commercial","kt N2O/yr",0.012381826,0.013230576,0.020084482,0.022211398,0.021682238,0.02752938,0.03557539,0.04609029,0.05912778,0.0744594,0.09035401,0.10891627,0.12806666,0.14611281,0.16196692,0.17449539,0.18370742,0.18966083,0.19236774,0.19355059
"GCAM 7.1","Reference","Pakistan","Emissions|N2O|Energy|Demand|Industry","kt N2O/yr",0.8708891,0.989862605,1.239836231,1.752030853,1.9824642307,2.5184895611,3.1500714721,3.8728842514,4.64317434614,5.44163084246,6.212274497141,6.902121299983,7.514362174924,8.03525374057,8.469998080943,8.814062487498,9.069218607702,9.243199513244,9.355413732732,9.42791693635
"GCAM 7.1","Reference","World","Emissions|N2O|Energy|Demand|Industry","kt N2O/yr",0.8708891,0.989862605,1.239836231,1.752030853,1.9824642307,2.5184895611,3.1500714721,3.8728842514,4.64317434614,5.44163084246,6.212274497141,6.902121299983,7.514362174924,8.03525374057,8.469998080943,8.814062487498,9.069218607702,9.243199513244,9.355413732732,9.42791693635
"GCAM 7.1","Reference","Pakistan","Emissions|N2O|Energy|Demand|Residential","kt N2O/yr",4.3526975606,4.7083521355,5.1619176296,5.8304692022,5.4896684443,4.9277143208,4.4591955469,4.027001543,3.624232506,3.259108467,2.947925298,2.685740721,2.465743225,2.288269385,2.135536154,2.004975125,1.898548478,1.810835352,1.739049623,1.689434248
"GCAM 7.1","Reference","World","Emissions|N2O|Energy|Demand|Residential","kt N2O/yr",4.3526975606,4.7083521355,5.1619176296,5.8304692022,5.4896684443,4.9277143208,4.4591955469,4.027001543,3.624232506,3.259108467,2.947925298,2.685740721,2.465743225,2.288269385,2.135536154,2.004975125,1.898548478,1.810835352,1.739049623,1.689434248
"GCAM 7.1","Reference","Pakistan","Emissions|N2O|Energy|Demand|Residential and Commercial","kt N2O/yr",4.3650793866,4.7215827115,5.1820021116,5.8526806002,5.5113506823,4.9552437008,4.4947709369,4.073091833,3.683360286,3.333567867,3.038279308,2.794656991,2.593809885,2.434382195,2.297503074,2.179470515,2.082255898,2.000496182,1.931417363,1.882984838
"GCAM 7.1","Reference","World","Emissions|N2O|Energy|Demand|Residential and Commercial","kt N2O/yr",4.3650793866,4.7215827115,5.1820021116,5.8526806002,5.5113506823,4.9552437008,4.4947709369,4.073091833,3.683360286,3.333567867,3.038279308,2.794656991,2.593809885,2.434382195,2.297503074,2.179470515,2.082255898,2.000496182,1.931417363,1.882984838
"GCAM 7.1","Reference","Pakistan","Emissions|N2O|Energy|Demand|Residential and Commercial and AFOFI","kt N2O/yr",4.3678283066,4.7226946795,5.1824030336,5.8530547962,5.5117491632,4.9556720099,4.4952204818,4.07355680532,3.6838431132,3.3340590027,3.0387861108,2.7951928542,2.5943784289,2.4349769446,2.298117086,2.1800962915,2.0828880869,2.0011323312,1.9320543149,1.8836220168
"GCAM 7.1","Reference","World","Emissions|N2O|Energy|Demand|Residential and Commercial and AFOFI","kt N2O/yr",4.3678283066,4.7226946795,5.1824030336,5.8530547962,5.5117491632,4.9556720099,4.4952204818,4.07355680532,3.6838431132,3.3340590027,3.0387861108,2.7951928542,2.5943784289,2.4349769446,2.298117086,2.1800962915,2.0828880869,2.0011323312,1.9320543149,1.8836220168
"GCAM 7.1","Reference","Pakistan","Emissions|N2O|Energy|Demand|Transportation","kt N2O/yr",4.7967864,8.133982,7.1821766,9.48296932,9.5587023,9.3536824,9.4172677,9.07491998,9.68444744,10.50944712,11.6533568,13.0725518,14.7157735,16.5149019,18.40792,20.324064,22.2397951,24.171896,26.091967,28.011452
"GCAM 7.1","Reference","World","Emissions|N2O|Energy|Demand|Transportation","kt N2O/yr",4.7967864,8.133982,7.1821766,9.48296932,9.5587023,9.3536824,9.4172677,9.07491998,9.68444744,10.50944712,11.6533568,13.0725518,14.7157735,16.5149019,18.40792,20.324064,22.2397951,24.171896,26.091967,28.011452
"GCAM 7.1","Reference","Pakistan","Emissions|N2O|Energy|Demand|Transportation|Light-Duty Vehicle","kt N2O/yr",0.634492,1.06568,0.932656,1.15303,1.17147,1.13407,1.15243,1.10607,1.00493,0.885846,0.794575,0.709805,0.629278,0.563376,0.504078,0.450916,0.404027,0.362991,0.326232,0.305875
"GCAM 7.1","Reference","World","Emissions|N2O|Energy|Demand|Transportation|Light-Duty Vehicle","kt N2O/yr",0.634492,1.06568,0.932656,1.15303,1.17147,1.13407,1.15243,1.10607,1.00493,0.885846,0.794575,0.709805,0.629278,0.563376,0.504078,0.450916,0.404027,0.362991,0.326232,0.305875
"GCAM 7.1","Reference","Pakistan","Emissions|N2O|Energy|Demand|Transportation|Truck","kt N2O/yr",1.722593,3.378826,2.972418,4.32837,4.461531,4.36015,4.3205639,3.9999147,4.3848671,4.7718021,5.2571584,5.9535532,6.8422853,7.8542853,8.9450784,10.0711858,11.2157853,12.3918072,13.5888396,14.7690142
"GCAM 7.1","Reference","World","Emissions|N2O|Energy|Demand|Transportation|Truck","kt N2O/yr",1.722593,3.378826,2.972418,4.32837,4.461531,4.36015,4.3205639,3.9999147,4.3848671,4.7718021,5.2571584,5.9535532,6.8422853,7.8542853,8.9450784,10.0711858,11.2157853,12.3918072,13.5888396,14.7690142
"GCAM 7.1","Reference","Pakistan","Emissions|N2O|Energy|Supply","kt N2O/yr",0.3518313731,0.3461137547,0.531959151,0.888000879,0.71555057733,0.96458105863,1.25047907164,1.7350563164,2.35822455921,2.9214912933,3.29458636863,4.123262832215,5.130887410708,6.315327737309,7.694800953844,9.08435467177,10.374990497401,11.80119528813,13.21316821607,14.51065275615
"GCAM 7.1","Reference","World","Emissions|N2O|Energy|Supply","kt N2O/yr",0.3518313731,0.3461137547,0.531959151,0.888000879,0.71555057733,0.96458105863,1.25047907164,1.7350563164,2.35822455921,2.9214912933,3.29458636863,4.123262832215,5.130887410708,6.315327737309,7.694800953844,9.08435467177,10.374990497401,11.80119528813,13.21316821607,14.51065275615
"GCAM 7.1","Reference","Pakistan","Emissions|N2O|Energy|Supply|Electricity","kt N2O/yr",0.3198582,0.31026604,0.48146111,0.8362574,0.658785202,0.8983396994,1.17538744,1.649012815,2.261344522,2.817403598,3.188833891,4.01374601,5.01235409,6.18484809,7.55184965,8.92761201,10.20452897,11.61616028,13.01375766,14.29765378
"GCAM 7.1","Reference","World","Emissions|N2O|Energy|Supply|Electricity","kt N2O/yr",0.3198582,0.31026604,0.48146111,0.8362574,0.658785202,0.8983396994,1.17538744,1.649012815,2.261344522,2.817403598,3.188833891,4.01374601,5.01235409,6.18484809,7.55184965,8.92761201,10.20452897,11.61616028,13.01375766,14.29765378
"GCAM 7.1","Reference","Pakistan","Emissions|N2O|Energy|Supply|Fugitive","kt N2O/yr",0.0319731731,0.0358477147,0.050498041,0.051743479,0.056720295,0.06608456,0.074765705,0.085438355,0.095774156,0.10219608876,0.10264276357,0.10466324082,0.11151363728,0.12064917661,0.12975738379,0.13932665712,0.1479408219,0.156560326,0.1642163468,0.1699774411
"GCAM 7.1","Reference","World","Emissions|N2O|Energy|Supply|Fugitive","kt N2O/yr",0.0319731731,0.0358477147,0.050498041,0.051743479,0.056720295,0.06608456,0.074765705,0.085438355,0.095774156,0.10219608876,0.10264276357,0.10466324082,0.11151363728,0.12064917661,0.12975738379,0.13932665712,0.1479408219,0.156560326,0.1642163468,0.1699774411
"GCAM 7.1","Reference","Pakistan","Emissions|N2O|Energy|Supply|Liquids","kt N2O/yr",0,0,0,0,4.508033e-05,0.00015679923,0.00032592664,0.0006051464,0.00110588121,0.00189160654,0.00310971406,0.004853581395,0.007019683428,0.009830470699,0.013193920054,0.01741600465,0.022520705501,0.02847468213,0.03519420927,0.04302153505
"GCAM 7.1","Reference","World","Emissions|N2O|Energy|Supply|Liquids","kt N2O/yr",0,0,0,0,4.508033e-05,0.00015679923,0.00032592664,0.0006051464,0.00110588121,0.00189160654,0.00310971406,0.004853581395,0.007019683428,0.009830470699,0.013193920054,0.01741600465,0.022520705501,0.02847468213,0.03519420927,0.04302153505
"GCAM 7.1","Reference","Pakistan","Emissions|N2O|Industrial Processes","kt N2O/yr",0.0239079259,0.0251623,0.018851618929,0.0246859,0.025168312,0.027170032,0.028613153,0.028485937,0.027038445,0.026168351,0.0251715191,0.02468552662,0.0243249553,0.0240646352,0.0240873024,0.0241320908,0.0241414946,0.0242312605,0.0243228456,0.0244593554
"GCAM 7.1","Reference","World","Emissions|N2O|Industrial Processes","kt N2O/yr",0.0239079259,0.0251623,0.018851618929,0.0246859,0.025168312,0.027170032,0.028613153,0.028485937,0.027038445,0.026168351,0.0251715191,0.02468552662,0.0243249553,0.0240646352,0.0240873024,0.0241320908,0.0241414946,0.0242312605,0.0243228456,0.0244593554
"GCAM 7.1","Reference","Pakistan","Emissions|N2O|Industrial Processes|Chemicals","kt N2O/yr",0.0204733,0.0213991,0.0187183,0.0246859,0.025168312,0.027170032,0.028613153,0.028485937,0.027038445,0.026168351,0.0251715191,0.02468552662,0.0243249553,0.0240646352,0.0240873024,0.0241320908,0.0241414946,0.0242312605,0.0243228456,0.0244593554
"GCAM 7.1","Reference","World","Emissions|N2O|Industrial Processes|Chemicals","kt N2O/yr",0.0204733,0.0213991,0.0187183,0.0246859,0.025168312,0.027170032,0.028613153,0.028485937,0.027038445,0.026168351,0.0251715191,0.02468552662,0.0243249553,0.0240646352,0.0240873024,0.0241320908,0.0241414946,0.0242312605,0.0243228456,0.0244593554
"GCAM 7.1","Reference","Pakistan","Emissions|N2O|Industrial Processes|Chemicals|Ammonia","kt N2O/yr",0.0204733,0.0213991,0.0187183,0.0246859,0.025168312,0.027170032,0.028613153,0.028485937,0.027038445,0.026168351,0.0251715191,0.02468552662,0.0243249553,0.0240646352,0.0240873024,0.0241320908,0.0241414946,0.0242312605,0.0243228456,0.0244593554
"GCAM 7.1","Reference","World","Emissions|N2O|Industrial Processes|Chemicals|Ammonia","kt N2O/yr",0.0204733,0.0213991,0.0187183,0.0246859,0.025168312,0.027170032,0.028613153,0.028485937,0.027038445,0.026168351,0.0251715191,0.02468552662,0.0243249553,0.0240646352,0.0240873024,0.0241320908,0.0241414946,0.0242312605,0.0243228456,0.0244593554
"GCAM 7.1","Reference","Pakistan","Emissions|N2O|Industrial Processes|Iron and Steel","kt N2O/yr",0.0034346259,0.0037632,0.000133318929,0,0,0,0,0,0,0,0,0,0,0,0,0,0,0,0,0
"GCAM 7.1","Reference","World","Emissions|N2O|Industrial Processes|Iron and Steel","kt N2O/yr",0.0034346259,0.0037632,0.000133318929,0,0,0,0,0,0,0,0,0,0,0,0,0,0,0,0,0
"GCAM 7.1","Reference","Pakistan","Emissions|N2O|Product Use","kt N2O/yr",2.2477785,0.0633297,0.0690012,0.077106,0.0859915,0.1084479,0.1357292,0.1689615,0.2082513,0.256302,0.3100865,0.3675809,0.4267525,0.484318,0.538882,0.588133,0.631369,0.670488,0.706903,0.740324
"GCAM 7.1","Reference","World","Emissions|N2O|Product Use","kt N2O/yr",2.2477785,0.0633297,0.0690012,0.077106,0.0859915,0.1084479,0.1357292,0.1689615,0.2082513,0.256302,0.3100865,0.3675809,0.4267525,0.484318,0.538882,0.588133,0.631369,0.670488,0.706903,0.740324
"GCAM 7.1","Reference","Pakistan","Emissions|N2O|Waste","kt N2O/yr",8.444674,9.6435981,11.0898459,12.3773057,13.35095858,14.62783311,15.911289499,17.159055648,18.347940807,19.547939177,20.686876906,21.746831325,22.689700835,23.505415021,24.18345343,24.72316605,25.15510415,25.50309874,25.77310005,25.97607856
"GCAM 7.1","Reference","World","Emissions|N2O|Waste","kt N2O/yr",8.444674,9.6435981,11.0898459,12.3773057,13.35095858,14.62783311,15.911289499,17.159055648,18.347940807,19.547939177,20.686876906,21.746831325,22.689700835,23.505415021,24.18345343,24.72316605,25.15510415,25.50309874,25.77310005,25.97607856
"GCAM 7.1","Reference","Pakistan","Emissions|NH3","Mt NH3/yr",1.49124820541758,1.68626507556688,1.87484072769714,2.10921843821642,2.2387694306895,2.48515495227267,2.76260337408249,3.04371647220375,3.31282020305476,3.57750761329959,3.7635254842255,3.97273174695343,4.16823426548492,4.3428724377878,4.5054399640711,4.64732720852704,4.7688334908505,4.87715900400816,4.96953302330339,5.04716985688425
"GCAM 7.1","Reference","World","Emissions|NH3","Mt NH3/yr",1.49124820541758,1.68626507556688,1.87484072769714,2.10921843821642,2.2387694306895,2.48515495227267,2.76260337408249,3.04371647220375,3.31282020305476,3.57750761329959,3.7635254842255,3.97273174695343,4.16823426548492,4.3428724377878,4.5054399640711,4.64732720852704,4.7688334908505,4.87715900400816,4.96953302330339,5.04716985688425
"GCAM 7.1","Reference","Pakistan","Emissions|NH3|AFOLU","Mt NH3/yr",1.15545894800688,1.31210274225379,1.45771556121502,1.6377784531166,1.74573620638982,1.96127139916856,2.20439238161985,2.44941213415569,2.68234573307223,2.91115666972532,3.0632559299699,3.23978701744009,3.40522021384371,3.55313894546041,3.69337775072779,3.81726270537535,3.92448877757007,4.02123697444684,4.10450714589196,4.17488019859062
"GCAM 7.1","Reference","World","Emissions|NH3|AFOLU","Mt NH3/yr",1.15545894800688,1.31210274225379,1.45771556121502,1.6377784531166,1.74573620638982,1.96127139916856,2.20439238161985,2.44941213415569,2.68234573307223,2.91115666972532,3.0632559299699,3.23978701744009,3.40522021384371,3.55313894546041,3.69337775072779,3.81726270537535,3.92448877757007,4.02123697444684,4.10450714589196,4.17488019859062
"GCAM 7.1","Reference","Pakistan","Emissions|NH3|AFOLU [NGHGI]","Mt NH3/yr",1.15545894800688,1.31210274225379,1.45771556121502,1.6377784531166,1.74573620638982,1.96127139916856,2.20439238161985,2.44941213415569,2.68234573307223,2.91115666972532,3.0632559299699,3.23978701744009,3.40522021384371,3.55313894546041,3.69337775072779,3.81726270537535,3.92448877757007,4.02123697444684,4.10450714589196,4.17488019859062
"GCAM 7.1","Reference","World","Emissions|NH3|AFOLU [NGHGI]","Mt NH3/yr",1.15545894800688,1.31210274225379,1.45771556121502,1.6377784531166,1.74573620638982,1.96127139916856,2.20439238161985,2.44941213415569,2.68234573307223,2.91115666972532,3.0632559299699,3.23978701744009,3.40522021384371,3.55313894546041,3.69337775072779,3.81726270537535,3.92448877757007,4.02123697444684,4.10450714589196,4.17488019859062
"GCAM 7.1","Reference","Pakistan","Emissions|NH3|AFOLU|Agricultural Waste Burning","Mt NH3/yr",0.001814449443585,0.002020715120587,0.002187493220018,0.002401115778003,0.002459360716381,0.002617549811691,0.002746979854189,0.002810542644025,0.002780379736379,0.002694599257198,0.002475727632344,0.002298505297056,0.002111527155183,0.001923191277006,0.001751726249622,0.001591250610639,0.001485851405527,0.001493358528446,0.001499387969697,0.00150343012663
"GCAM 7.1","Reference","World","Emissions|NH3|AFOLU|Agricultural Waste Burning","Mt NH3/yr",0.001814449443585,0.002020715120587,0.002187493220018,0.002401115778003,0.002459360716381,0.002617549811691,0.002746979854189,0.002810542644025,0.002780379736379,0.002694599257198,0.002475727632344,0.002298505297056,0.002111527155183,0.001923191277006,0.001751726249622,0.001591250610639,0.001485851405527,0.001493358528446,0.001499387969697,0.00150343012663
"GCAM 7.1","Reference","Pakistan","Emissions|NH3|AFOLU|Agriculture","Mt NH3/yr",1.1534906361533,1.3099016557602,1.455342455869,1.6351756124796,1.74305753486974,1.95840627904697,2.20136675898156,2.44628816336777,2.67921274204765,2.90806680263382,3.06033816353416,3.23700037734343,3.40257693794983,3.5506434927572,3.69101750198707,3.81503111679251,3.92233496746854,4.01905137273799,4.10229479048437,4.17264645901119
"GCAM 7.1","Reference","World","Emissions|NH3|AFOLU|Agriculture","Mt NH3/yr",1.1534906361533,1.3099016557602,1.455342455869,1.6351756124796,1.74305753486974,1.95840627904697,2.20136675898156,2.44628816336777,2.67921274204765,2.90806680263382,3.06033816353416,3.23700037734343,3.40257693794983,3.5506434927572,3.69101750198707,3.81503111679251,3.92233496746854,4.01905137273799,4.10229479048437,4.17264645901119
"GCAM 7.1","Reference","Pakistan","Emissions|NH3|AFOLU|Agriculture|Livestock","Mt NH3/yr",0.33499433,0.405314927,0.450319344,0.505965327,0.559596492,0.648495527,0.747063672,0.856257243,0.974638056,1.099810641,1.228204782,1.357106558,1.482793693,1.601161474,1.7100432,1.80725928,1.893311755,1.96956681,2.03629287,2.094527356
"GCAM 7.1","Reference","World","Emissions|NH3|AFOLU|Agriculture|Livestock","Mt NH3/yr",0.33499433,0.405314927,0.450319344,0.505965327,0.559596492,0.648495527,0.747063672,0.856257243,0.974638056,1.099810641,1.228204782,1.357106558,1.482793693,1.601161474,1.7100432,1.80725928,1.893311755,1.96956681,2.03629287,2.094527356
"GCAM 7.1","Reference","Pakistan","Emissions|NH3|AFOLU|Agriculture|Livestock|Enteric Fermentation","Mt NH3/yr",0.334125788,0.404091142,0.44866881,0.503455727,0.556813745,0.645249193,0.743295914,0.851904465,0.969644415,1.094134982,1.221828582,1.350023218,1.475016453,1.592727604,1.7010018,1.79767293,1.883240935,1.95906521,2.02541308,2.083316276
"GCAM 7.1","Reference","World","Emissions|NH3|AFOLU|Agriculture|Livestock|Enteric Fermentation","Mt NH3/yr",0.334125788,0.404091142,0.44866881,0.503455727,0.556813745,0.645249193,0.743295914,0.851904465,0.969644415,1.094134982,1.221828582,1.350023218,1.475016453,1.592727604,1.7010018,1.79767293,1.883240935,1.95906521,2.02541308,2.083316276
"GCAM 7.1","Reference","Pakistan","Emissions|NH3|AFOLU|Agriculture|Managed Soils","Mt NH3/yr",0.7201521184533,0.8009093397602,0.883316094069,0.9639349240796,1.01601022061974,1.12753057325297,1.25993088552456,1.38681612342177,1.50042182407365,1.60615404940782,1.64293114028516,1.69265970474643,1.73375213291483,1.7660448471402,1.79864955114907,1.82694645611551,1.85074870123055,1.87226793561599,1.88988283369937,1.90328048832219
"GCAM 7.1","Reference","World","Emissions|NH3|AFOLU|Agriculture|Managed Soils","Mt NH3/yr",0.7201521184533,0.8009093397602,0.883316094069,0.9639349240796,1.01601022061974,1.12753057325297,1.25993088552456,1.38681612342177,1.50042182407365,1.60615404940782,1.64293114028516,1.69265970474643,1.73375213291483,1.7660448471402,1.79864955114907,1.82694645611551,1.85074870123055,1.87226793561599,1.88988283369937,1.90328048832219
"GCAM 7.1","Reference","Pakistan","Emissions|NH3|AFOLU|Agriculture|Rice","Mt NH3/yr",0.0983441877,0.103677389,0.1217070178,0.1652753614,0.16745082225,0.182380178794,0.194372201457,0.203214796946,0.204152861974,0.202102112226,0.189202241249,0.187234114597,0.186031112035,0.183437171617,0.182324750838,0.180825380677,0.178274511238,0.177216627122,0.176119086785,0.174838614689
"GCAM 7.1","Reference","World","Emissions|NH3|AFOLU|Agriculture|Rice","Mt NH3/yr",0.0983441877,0.103677389,0.1217070178,0.1652753614,0.16745082225,0.182380178794,0.194372201457,0.203214796946,0.204152861974,0.202102112226,0.189202241249,0.187234114597,0.186031112035,0.183437171617,0.182324750838,0.180825380677,0.178274511238,0.177216627122,0.176119086785,0.174838614689
"GCAM 7.1","Reference","Pakistan","Emissions|NH3|AFOLU|Land","Mt NH3/yr",0.00015386241,0.000180371373,0.000185612126,0.000201724859,0.0002193108037,0.0002475703099,0.0002786427841,0.0003134281439,0.0003526112882,0.0003952678343,0.0004420388034,0.0004881347996,0.0005317487387,0.0005722614262,0.0006085224911,0.0006403379722,0.000667958696,0.0006922431804,0.0007129674379,0.0007303094528
"GCAM 7.1","Reference","World","Emissions|NH3|AFOLU|Land","Mt NH3/yr",0.00015386241,0.000180371373,0.000185612126,0.000201724859,0.0002193108037,0.0002475703099,0.0002786427841,0.0003134281439,0.0003526112882,0.0003952678343,0.0004420388034,0.0004881347996,0.0005317487387,0.0005722614262,0.0006085224911,0.0006403379722,0.000667958696,0.0006922431804,0.0007129674379,0.0007303094528
"GCAM 7.1","Reference","Pakistan","Emissions|NH3|AFOLU|Land|Fires","Mt NH3/yr",9.739501e-05,8.905757e-05,7.816933e-05,7.814716e-05,7.80454557e-05,7.78398049e-05,7.76415261e-05,7.74430999e-05,7.72582912e-05,7.70779483e-05,7.68756744e-05,7.66478586e-05,7.64382097e-05,7.62566592e-05,7.60967641e-05,7.59634322e-05,7.5852844e-05,7.57559574e-05,7.56757479e-05,7.56115818e-05
"GCAM 7.1","Reference","World","Emissions|NH3|AFOLU|Land|Fires","Mt NH3/yr",9.739501e-05,8.905757e-05,7.816933e-05,7.814716e-05,7.80454557e-05,7.78398049e-05,7.76415261e-05,7.74430999e-05,7.72582912e-05,7.70779483e-05,7.68756744e-05,7.66478586e-05,7.64382097e-05,7.62566592e-05,7.60967641e-05,7.59634322e-05,7.5852844e-05,7.57559574e-05,7.56757479e-05,7.56115818e-05
"GCAM 7.1","Reference","Pakistan","Emissions|NH3|AFOLU|Land|Fires|Forest Burning","Mt NH3/yr",0,0,0,0,0,0,0,0,0,0,0,0,0,0,0,0,0,0,0,0
"GCAM 7.1","Reference","World","Emissions|NH3|AFOLU|Land|Fires|Forest Burning","Mt NH3/yr",0,0,0,0,0,0,0,0,0,0,0,0,0,0,0,0,0,0,0,0
"GCAM 7.1","Reference","Pakistan","Emissions|NH3|Energy","Mt NH3/yr",0.1065506595487,0.11914616579909,0.13423828790478,0.15562168039982,0.15120277170968,0.14739043519411,0.14645814574264,0.147759808648057,0.150192579132533,0.15322814155427,0.1561196855616,0.159673834154348,0.163590027969204,0.167480762007386,0.17061876706331,0.173162830401694,0.174956026190431,0.176335637701319,0.177338717311428,0.178322952813629
"GCAM 7.1","Reference","World","Emissions|NH3|Energy","Mt NH3/yr",0.1065506595487,0.11914616579909,0.13423828790478,0.15562168039982,0.15120277170968,0.14739043519411,0.14645814574264,0.147759808648057,0.150192579132533,0.15322814155427,0.1561196855616,0.159673834154348,0.163590027969204,0.167480762007386,0.17061876706331,0.173162830401694,0.174956026190431,0.176335637701319,0.177338717311428,0.178322952813629
"GCAM 7.1","Reference","Pakistan","Emissions|NH3|Energy and Industrial Processes","Mt NH3/yr",0.1072712032107,0.11990931191309,0.13481919508212,0.15638236839982,0.15197832360968,0.14822767159411,0.14733985134264,0.148637591848057,0.151025760382533,0.15403451057427,0.1568953380556,0.160434510613348,0.164339592541204,0.168222305527386,0.17136100884331,0.173906452551694,0.175699937580431,0.177082316861319,0.178088216811428,0.179076659293629
"GCAM 7.1","Reference","World","Emissions|NH3|Energy and Industrial Processes","Mt NH3/yr",0.1072712032107,0.11990931191309,0.13481919508212,0.15638236839982,0.15197832360968,0.14822767159411,0.14733985134264,0.148637591848057,0.151025760382533,0.15403451057427,0.1568953380556,0.160434510613348,0.164339592541204,0.168222305527386,0.17136100884331,0.173906452551694,0.175699937580431,0.177082316861319,0.178088216811428,0.179076659293629
"GCAM 7.1","Reference","Pakistan","Emissions|NH3|Energy|Demand","Mt NH3/yr",0.1014885194457,0.11361554781109,0.12809059320678,0.14600110922142,0.14129620282168,0.13584640890211,0.13340862366374,0.132765478300657,0.133536982381833,0.13573395295417,0.1390242543484,0.142477568934148,0.145639585655904,0.148369638763886,0.15051697104331,0.151938055897694,0.152775915732431,0.153032382103319,0.152871926538428,0.152822078743629
"GCAM 7.1","Reference","World","Emissions|NH3|Energy|Demand","Mt NH3/yr",0.1014885194457,0.11361554781109,0.12809059320678,0.14600110922142,0.14129620282168,0.13584640890211,0.13340862366374,0.132765478300657,0.133536982381833,0.13573395295417,0.1390242543484,0.142477568934148,0.145639585655904,0.148369638763886,0.15051697104331,0.151938055897694,0.152775915732431,0.153032382103319,0.152871926538428,0.152822078743629
"GCAM 7.1","Reference","Pakistan","Emissions|NH3|Energy|Demand|AFOFI","Mt NH3/yr",1.422146e-05,6.89848e-06,2.52384e-06,2.35558e-06,2.508459e-06,2.696229e-06,2.829909e-06,2.9270225e-06,3.0394218e-06,3.091725e-06,3.190355e-06,3.3732847e-06,3.5790097e-06,3.7439806e-06,3.8652344e-06,3.9392887e-06,3.97966e-06,4.004596e-06,4.009643e-06,4.011084e-06
"GCAM 7.1","Reference","World","Emissions|NH3|Energy|Demand|AFOFI","Mt NH3/yr",1.422146e-05,6.89848e-06,2.52384e-06,2.35558e-06,2.508459e-06,2.696229e-06,2.829909e-06,2.9270225e-06,3.0394218e-06,3.091725e-06,3.190355e-06,3.3732847e-06,3.5790097e-06,3.7439806e-06,3.8652344e-06,3.9392887e-06,3.97966e-06,4.004596e-06,4.009643e-06,4.011084e-06
"GCAM 7.1","Reference","Pakistan","Emissions|NH3|Energy|Demand|Bunkers","Mt NH3/yr",0.00013793539,0.0001353266,0.00012132427,7.086601e-05,7.437075e-05,8.827817e-05,0.000103739802,0.000131719546,0.000168016284,0.00021298689,0.000266566486,0.000331440136,0.00040692584,0.00049178881,0.00058609047,0.00068726695,0.00079391342,0.00090605366,0.00102190606,0.00114048914
"GCAM 7.1","Reference","World","Emissions|NH3|Energy|Demand|Bunkers","Mt NH3/yr",0.00013793539,0.0001353266,0.00012132427,7.086601e-05,7.437075e-05,8.827817e-05,0.000103739802,0.000131719546,0.000168016284,0.00021298689,0.000266566486,0.000331440136,0.00040692584,0.00049178881,0.00058609047,0.00068726695,0.00079391342,0.00090605366,0.00102190606,0.00114048914
"GCAM 7.1","Reference","Pakistan","Emissions|NH3|Energy|Demand|Bunkers|International Aviation","Mt NH3/yr",0.000129346,0.000120073,0.000115354,6.94729e-05,7.2988e-05,8.69093e-05,0.000102746,0.000130924,0.000167241,0.000212184,0.000265699,0.000330486,0.000405882,0.000490653,0.000584859,0.000685943,0.000792499,0.000904544,0.0010203,0.0011388
"GCAM 7.1","Reference","World","Emissions|NH3|Energy|Demand|Bunkers|International Aviation","Mt NH3/yr",0.000129346,0.000120073,0.000115354,6.94729e-05,7.2988e-05,8.69093e-05,0.000102746,0.000130924,0.000167241,0.000212184,0.000265699,0.000330486,0.000405882,0.000490653,0.000584859,0.000685943,0.000792499,0.000904544,0.0010203,0.0011388
"GCAM 7.1","Reference","Pakistan","Emissions|NH3|Energy|Demand|Bunkers|International Shipping","Mt NH3/yr",8.58939e-06,1.52536e-05,5.97027e-06,1.39311e-06,1.38275e-06,1.36887e-06,9.93802e-07,7.95546e-07,7.75284e-07,8.0289e-07,8.67486e-07,9.54136e-07,1.04384e-06,1.13581e-06,1.23147e-06,1.32395e-06,1.41442e-06,1.50966e-06,1.60606e-06,1.68914e-06
"GCAM 7.1","Reference","World","Emissions|NH3|Energy|Demand|Bunkers|International Shipping","Mt NH3/yr",8.58939e-06,1.52536e-05,5.97027e-06,1.39311e-06,1.38275e-06,1.36887e-06,9.93802e-07,7.95546e-07,7.75284e-07,8.0289e-07,8.67486e-07,9.54136e-07,1.04384e-06,1.13581e-06,1.23147e-06,1.32395e-06,1.41442e-06,1.50966e-06,1.60606e-06,1.68914e-06
"GCAM 7.1","Reference","Pakistan","Emissions|NH3|Energy|Demand|Commercial","Mt NH3/yr",4.914646e-05,5.435949e-05,6.306689e-05,5.250955e-05,5.267908e-05,6.779799e-05,8.815368e-05,0.0001155782,0.0001526257,0.000197829,0.0002520502,0.0003145173,0.0003798802,0.0004436607,0.0005051593,0.0005598695,0.0006085595,0.0006486517,0.0006788635,0.0007027581
"GCAM 7.1","Reference","World","Emissions|NH3|Energy|Demand|Commercial","Mt NH3/yr",4.914646e-05,5.435949e-05,6.306689e-05,5.250955e-05,5.267908e-05,6.779799e-05,8.815368e-05,0.0001155782,0.0001526257,0.000197829,0.0002520502,0.0003145173,0.0003798802,0.0004436607,0.0005051593,0.0005598695,0.0006085595,0.0006486517,0.0006788635,0.0007027581
"GCAM 7.1","Reference","Pakistan","Emissions|NH3|Energy|Demand|Industry","Mt NH3/yr",0.0130798376,0.01498010537,0.01772791343,0.02087372926,0.023179938118,0.028898173497,0.035574093602,0.043158731506,0.051313370228,0.0599897830767,0.0682876781037,0.0757781150923,0.0822266666456,0.0874789823924,0.09169618539026,0.094833188950434,0.096926169290661,0.098171067899339,0.098801292157168,0.099096709293519
"GCAM 7.1","Reference","World","Emissions|NH3|Energy|Demand|Industry","Mt NH3/yr",0.0130798376,0.01498010537,0.01772791343,0.02087372926,0.023179938118,0.028898173497,0.035574093602,0.043158731506,0.051313370228,0.0599897830767,0.0682876781037,0.0757781150923,0.0822266666456,0.0874789823924,0.09169618539026,0.094833188950434,0.096926169290661,0.098171067899339,0.098801292157168,0.099096709293519
"GCAM 7.1","Reference","Pakistan","Emissions|NH3|Energy|Demand|Residential","Mt NH3/yr",0.0877179947357,0.0977858643037,0.1088415937102,0.1230518443484,0.1160050907262,0.1048709161665,0.0957232421452,0.0874366052448,0.0799769382583,0.073337950416,0.068050497648,0.063678506186,0.060001132637,0.057007653443,0.054406458662,0.052118214621,0.05026049794,0.04864881204,0.0472333596193,0.0462419752651
"GCAM 7.1","Reference","World","Emissions|NH3|Energy|Demand|Residential","Mt NH3/yr",0.0877179947357,0.0977858643037,0.1088415937102,0.1230518443484,0.1160050907262,0.1048709161665,0.0957232421452,0.0874366052448,0.0799769382583,0.073337950416,0.068050497648,0.063678506186,0.060001132637,0.057007653443,0.054406458662,0.052118214621,0.05026049794,0.04864881204,0.0472333596193,0.0462419752651
"GCAM 7.1","Reference","Pakistan","Emissions|NH3|Energy|Demand|Residential and Commercial","Mt NH3/yr",0.0877671411957,0.0978402237937,0.1089046606002,0.1231043538984,0.1160577698062,0.1049387141565,0.0958113958252,0.0875521834448,0.0801295639583,0.073535779416,0.068302547848,0.063993023486,0.060381012837,0.057451314143,0.054911617962,0.052678084121,0.05086905744,0.04929746374,0.0479122231193,0.0469447333651
"GCAM 7.1","Reference","World","Emissions|NH3|Energy|Demand|Residential and Commercial","Mt NH3/yr",0.0877671411957,0.0978402237937,0.1089046606002,0.1231043538984,0.1160577698062,0.1049387141565,0.0958113958252,0.0875521834448,0.0801295639583,0.073535779416,0.068302547848,0.063993023486,0.060381012837,0.057451314143,0.054911617962,0.052678084121,0.05086905744,0.04929746374,0.0479122231193,0.0469447333651
"GCAM 7.1","Reference","Pakistan","Emissions|NH3|Energy|Demand|Residential and Commercial and AFOFI","Mt NH3/yr",0.0877813626557,0.0978471222737,0.1089071844402,0.1231067094784,0.1160602782652,0.1049414103855,0.0958142257342,0.0875551104673,0.0801326033801,0.073538871141,0.068305738203,0.0639963967707,0.0603845918467,0.0574550581236,0.0549154831964,0.0526820234097,0.0508730371,0.049301468336,0.0479162327623,0.0469487444491
"GCAM 7.1","Reference","World","Emissions|NH3|Energy|Demand|Residential and Commercial and AFOFI","Mt NH3/yr",0.0877813626557,0.0978471222737,0.1089071844402,0.1231067094784,0.1160602782652,0.1049414103855,0.0958142257342,0.0875551104673,0.0801326033801,0.073538871141,0.068305738203,0.0639963967707,0.0603845918467,0.0574550581236,0.0549154831964,0.0526820234097,0.0508730371,0.049301468336,0.0479162327623,0.0469487444491
"GCAM 7.1","Reference","Pakistan","Emissions|NH3|Energy|Demand|Transportation","Mt NH3/yr",0.00079677936934,0.00106964716252,0.00219759550365,0.0032159116997,0.00326808963233,0.00316381931775,0.00314982904281,0.003185192494904,0.003245228668976,0.0034478424641,0.00383929352681,0.004296176981506,0.004834018027788,0.005507891596872,0.00628340702598,0.00713711141332,0.00804884507031,0.00900458760008,0.00997316894434,0.01098252127271
"GCAM 7.1","Reference","World","Emissions|NH3|Energy|Demand|Transportation","Mt NH3/yr",0.00079677936934,0.00106964716252,0.00219759550365,0.0032159116997,0.00326808963233,0.00316381931775,0.00314982904281,0.003185192494904,0.003245228668976,0.0034478424641,0.00383929352681,0.004296176981506,0.004834018027788,0.005507891596872,0.00628340702598,0.00713711141332,0.00804884507031,0.00900458760008,0.00997316894434,0.01098252127271
"GCAM 7.1","Reference","Pakistan","Emissions|NH3|Energy|Demand|Transportation|Light-Duty Vehicle","Mt NH3/yr",0.00015174624066,0.00020835590226,0.00043979542951,0.00064925712634,0.00065964202863,0.00063858139247,0.00064892191427,0.00062281431781,0.00056586664349,0.00049881273984,0.00044741915759,0.00039968540379,0.00035434158442,0.0003172318879,0.00028384232332,0.0002539068338,0.00022750443823,0.00020439710488,0.00018369781058,0.00017223563831
"GCAM 7.1","Reference","World","Emissions|NH3|Energy|Demand|Transportation|Light-Duty Vehicle","Mt NH3/yr",0.00015174624066,0.00020835590226,0.00043979542951,0.00064925712634,0.00065964202863,0.00063858139247,0.00064892191427,0.00062281431781,0.00056586664349,0.00049881273984,0.00044741915759,0.00039968540379,0.00035434158442,0.0003172318879,0.00028384232332,0.0002539068338,0.00022750443823,0.00020439710488,0.00018369781058,0.00017223563831
"GCAM 7.1","Reference","Pakistan","Emissions|NH3|Energy|Demand|Transportation|Truck","Mt NH3/yr",3.024199e-05,2.798407e-05,3.09512e-05,3.444012e-05,3.5499716e-05,3.4692989e-05,3.4378094e-05,3.182675e-05,3.4889667e-05,3.7968489e-05,4.1830427e-05,4.7371485e-05,5.4443035e-05,6.2495391e-05,7.1174624e-05,8.0134928e-05,8.9242335e-05,9.8599711e-05,0.000108124363,0.000117514811
"GCAM 7.1","Reference","World","Emissions|NH3|Energy|Demand|Transportation|Truck","Mt NH3/yr",3.024199e-05,2.798407e-05,3.09512e-05,3.444012e-05,3.5499716e-05,3.4692989e-05,3.4378094e-05,3.182675e-05,3.4889667e-05,3.7968489e-05,4.1830427e-05,4.7371485e-05,5.4443035e-05,6.2495391e-05,7.1174624e-05,8.0134928e-05,8.9242335e-05,9.8599711e-05,0.000108124363,0.000117514811
"GCAM 7.1","Reference","Pakistan","Emissions|NH3|Energy|Supply","Mt NH3/yr",0.005062140103,0.005530617988,0.006147694698,0.0096205711784,0.009906568888,0.011544026292,0.0130495220789,0.0149943303474,0.0166555967507,0.0174941886001,0.0170954312132,0.0171962652202,0.0179504423133,0.0191111232435,0.02010179602,0.021224774504,0.022180110458,0.023303255598,0.024466790773,0.02550087407
"GCAM 7.1","Reference","World","Emissions|NH3|Energy|Supply","Mt NH3/yr",0.005062140103,0.005530617988,0.006147694698,0.0096205711784,0.009906568888,0.011544026292,0.0130495220789,0.0149943303474,0.0166555967507,0.0174941886001,0.0170954312132,0.0171962652202,0.0179504423133,0.0191111232435,0.02010179602,0.021224774504,0.022180110458,0.023303255598,0.024466790773,0.02550087407
"GCAM 7.1","Reference","Pakistan","Emissions|NH3|Energy|Supply|Electricity","Mt NH3/yr",0.000240682677,0.000193068334,0.000216063932,0.0029691753,0.00259745614,0.0030351463,0.0034299281,0.0039601497,0.0042833207,0.0043250546,0.0040326086,0.0040879186,0.0040264569,0.0039727487,0.0037052483,0.0034531695,0.0030942916,0.002858946,0.0027972387,0.002909526
"GCAM 7.1","Reference","World","Emissions|NH3|Energy|Supply|Electricity","Mt NH3/yr",0.000240682677,0.000193068334,0.000216063932,0.0029691753,0.00259745614,0.0030351463,0.0034299281,0.0039601497,0.0042833207,0.0043250546,0.0040326086,0.0040879186,0.0040264569,0.0039727487,0.0037052483,0.0034531695,0.0030942916,0.002858946,0.0027972387,0.002909526
"GCAM 7.1","Reference","Pakistan","Emissions|NH3|Energy|Supply|Fugitive","Mt NH3/yr",0.004821457426,0.005337549654,0.005931630766,0.0066513958784,0.007309112748,0.008508879992,0.0096195939789,0.0110341806474,0.0123722760507,0.0131691340001,0.0130628226132,0.0131083466202,0.0139239854133,0.0151383745435,0.01639654772,0.017771605004,0.019085818858,0.020444309598,0.021669552073,0.02259134807
"GCAM 7.1","Reference","World","Emissions|NH3|Energy|Supply|Fugitive","Mt NH3/yr",0.004821457426,0.005337549654,0.005931630766,0.0066513958784,0.007309112748,0.008508879992,0.0096195939789,0.0110341806474,0.0123722760507,0.0131691340001,0.0130628226132,0.0131083466202,0.0139239854133,0.0151383745435,0.01639654772,0.017771605004,0.019085818858,0.020444309598,0.021669552073,0.02259134807
"GCAM 7.1","Reference","Pakistan","Emissions|NH3|Industrial Processes","Mt NH3/yr",0.000720543662,0.000763146114,0.00058090717734,0.000760688,0.0007755519,0.0008372364,0.0008817056,0.0008777832,0.00083318125,0.00080636902,0.000775652494,0.000760676459,0.000749564572,0.00074154352,0.00074224178,0.00074362215,0.00074391139,0.00074667916,0.0007494995,0.00075370648
"GCAM 7.1","Reference","World","Emissions|NH3|Industrial Processes","Mt NH3/yr",0.000720543662,0.000763146114,0.00058090717734,0.000760688,0.0007755519,0.0008372364,0.0008817056,0.0008777832,0.00083318125,0.00080636902,0.000775652494,0.000760676459,0.000749564572,0.00074154352,0.00074224178,0.00074362215,0.00074391139,0.00074667916,0.0007494995,0.00075370648
"GCAM 7.1","Reference","Pakistan","Emissions|NH3|Industrial Processes|Chemicals","Mt NH3/yr",0.000694681,0.000707774,0.000576799,0.000760688,0.0007755519,0.0008372364,0.0008817056,0.0008777832,0.00083318125,0.00080636902,0.000775652494,0.000760676459,0.000749564572,0.00074154352,0.00074224178,0.00074362215,0.00074391139,0.00074667916,0.0007494995,0.00075370648
"GCAM 7.1","Reference","World","Emissions|NH3|Industrial Processes|Chemicals","Mt NH3/yr",0.000694681,0.000707774,0.000576799,0.000760688,0.0007755519,0.0008372364,0.0008817056,0.0008777832,0.00083318125,0.00080636902,0.000775652494,0.000760676459,0.000749564572,0.00074154352,0.00074224178,0.00074362215,0.00074391139,0.00074667916,0.0007494995,0.00075370648
"GCAM 7.1","Reference","Pakistan","Emissions|NH3|Industrial Processes|Chemicals|Ammonia","Mt NH3/yr",0.000694681,0.000707774,0.000576799,0.000760688,0.0007755519,0.0008372364,0.0008817056,0.0008777832,0.00083318125,0.00080636902,0.000775652494,0.000760676459,0.000749564572,0.00074154352,0.00074224178,0.00074362215,0.00074391139,0.00074667916,0.0007494995,0.00075370648
"GCAM 7.1","Reference","World","Emissions|NH3|Industrial Processes|Chemicals|Ammonia","Mt NH3/yr",0.000694681,0.000707774,0.000576799,0.000760688,0.0007755519,0.0008372364,0.0008817056,0.0008777832,0.00083318125,0.00080636902,0.000775652494,0.000760676459,0.000749564572,0.00074154352,0.00074224178,0.00074362215,0.00074391139,0.00074667916,0.0007494995,0.00075370648
"GCAM 7.1","Reference","Pakistan","Emissions|NH3|Industrial Processes|Iron and Steel","Mt NH3/yr",2.5862662e-05,5.5372114e-05,4.10817734e-06,0,0,0,0,0,0,0,0,0,0,0,0,0,0,0,0,0
"GCAM 7.1","Reference","World","Emissions|NH3|Industrial Processes|Iron and Steel","Mt NH3/yr",2.5862662e-05,5.5372114e-05,4.10817734e-06,0,0,0,0,0,0,0,0,0,0,0,0,0,0,0,0,0
"GCAM 7.1","Reference","Pakistan","Emissions|NH3|Product Use","Mt NH3/yr",0.0019592542,0.0019098214,0.0020153714,0.0022020167,0.00248810069,0.00319038151,0.00406094112,0.0051427462,0.0064503096,0.007966733,0.0096385162,0.0114256189,0.0132648591,0.0150541868,0.0167502045,0.0182811506,0.0196250757,0.0208410127,0.0219728606,0.023011699
"GCAM 7.1","Reference","World","Emissions|NH3|Product Use","Mt NH3/yr",0.0019592542,0.0019098214,0.0020153714,0.0022020167,0.00248810069,0.00319038151,0.00406094112,0.0051427462,0.0064503096,0.007966733,0.0096385162,0.0114256189,0.0132648591,0.0150541868,0.0167502045,0.0182811506,0.0196250757,0.0208410127,0.0219728606,0.023011699
"GCAM 7.1","Reference","Pakistan","Emissions|NH3|Waste","Mt NH3/yr",0.2265588,0.2523432,0.2802906,0.3128556,0.3385668,0.3724655,0.4068102,0.440524,0.4729984,0.5043497,0.5337357,0.5610846,0.5854096,0.606457,0.623951,0.6378769,0.6490197,0.6579987,0.6649648,0.6702013
"GCAM 7.1","Reference","World","Emissions|NH3|Waste","Mt NH3/yr",0.2265588,0.2523432,0.2802906,0.3128556,0.3385668,0.3724655,0.4068102,0.440524,0.4729984,0.5043497,0.5337357,0.5610846,0.5854096,0.606457,0.623951,0.6378769,0.6490197,0.6579987,0.6649648,0.6702013
"GCAM 7.1","Reference","Pakistan","Emissions|NOx","Mt NO2/yr",1.21751303795572,1.30220218082952,1.46226154010316,1.70193565895542,1.70869851667636,1.78697259575591,1.87271987929625,1.94846756482038,2.06829012439272,2.16709814336959,2.2291015515166,2.33198058467278,2.42114811864248,2.49412330308894,2.54839390584245,2.57847679104311,2.58479792048033,2.58496261482728,2.57482545620895,2.55656958815624
"GCAM 7.1","Reference","World","Emissions|NOx","Mt NO2/yr",1.21751303795572,1.30220218082952,1.46226154010316,1.70193565895542,1.70869851667636,1.78697259575591,1.87271987929625,1.94846756482038,2.06829012439272,2.16709814336959,2.2291015515166,2.33198058467278,2.42114811864248,2.49412330308894,2.54839390584245,2.57847679104311,2.58479792048033,2.58496261482728,2.57482545620895,2.55656958815624
"GCAM 7.1","Reference","Pakistan","Emissions|NOx|AFOLU","Mt NO2/yr",0.324392469075719,0.357094782119524,0.361255511652163,0.406961247755424,0.428937497281357,0.477072194565525,0.531708908519956,0.584413835759911,0.631040715744534,0.674719648882502,0.693101758989919,0.719183752037455,0.742469616537576,0.761879833036741,0.78106363334565,0.797761765482534,0.811809647345158,0.824920066853207,0.835950685151268,0.844844208968708
"GCAM 7.1","Reference","World","Emissions|NOx|AFOLU","Mt NO2/yr",0.324392469075719,0.357094782119524,0.361255511652163,0.406961247755424,0.428937497281357,0.477072194565525,0.531708908519956,0.584413835759911,0.631040715744534,0.674719648882502,0.693101758989919,0.719183752037455,0.742469616537576,0.761879833036741,0.78106363334565,0.797761765482534,0.811809647345158,0.824920066853207,0.835950685151268,0.844844208968708
"GCAM 7.1","Reference","Pakistan","Emissions|NOx|AFOLU [NGHGI]","Mt NO2/yr",0.324392469075719,0.357094782119524,0.361255511652163,0.406961247755424,0.428937497281357,0.477072194565525,0.531708908519956,0.584413835759911,0.631040715744534,0.674719648882502,0.693101758989919,0.719183752037455,0.742469616537576,0.761879833036741,0.78106363334565,0.797761765482534,0.811809647345158,0.824920066853207,0.835950685151268,0.844844208968708
"GCAM 7.1","Reference","World","Emissions|NOx|AFOLU [NGHGI]","Mt NO2/yr",0.324392469075719,0.357094782119524,0.361255511652163,0.406961247755424,0.428937497281357,0.477072194565525,0.531708908519956,0.584413835759911,0.631040715744534,0.674719648882502,0.693101758989919,0.719183752037455,0.742469616537576,0.761879833036741,0.78106363334565,0.797761765482534,0.811809647345158,0.824920066853207,0.835950685151268,0.844844208968708
"GCAM 7.1","Reference","Pakistan","Emissions|NOx|AFOLU|Agricultural Waste Burning","Mt NO2/yr",0.002600433192214,0.002896047008621,0.00313507202276,0.003441231642526,0.003524706016637,0.003751418617465,0.003936917779586,0.004028015090601,0.003984784419574,0.003861842638772,0.003548162946019,0.003294171845425,0.00302619904385,0.002756280366438,0.002510539518595,0.002280550164866,0.002129492665895,0.00214025205342,0.002148893825222,0.002154686501845
"GCAM 7.1","Reference","World","Emissions|NOx|AFOLU|Agricultural Waste Burning","Mt NO2/yr",0.002600433192214,0.002896047008621,0.00313507202276,0.003441231642526,0.003524706016637,0.003751418617465,0.003936917779586,0.004028015090601,0.003984784419574,0.003861842638772,0.003548162946019,0.003294171845425,0.00302619904385,0.002756280366438,0.002510539518595,0.002280550164866,0.002129492665895,0.00214025205342,0.002148893825222,0.002154686501845
"GCAM 7.1","Reference","Pakistan","Emissions|NOx|AFOLU|Agriculture","Mt NO2/yr",0.321041288103505,0.353498349310903,0.357499991829103,0.402894601945498,0.42478251338332,0.47268298556546,0.52712574005337,0.57972992985431,0.62638890349896,0.67017850425143,0.6888608689682,0.71518382593233,0.738725295508726,0.758393846825903,0.777813001649855,0.794731960486968,0.808922907124663,0.822015538578587,0.833031499056046,0.841914173826763
"GCAM 7.1","Reference","World","Emissions|NOx|AFOLU|Agriculture","Mt NO2/yr",0.321041288103505,0.353498349310903,0.357499991829103,0.402894601945498,0.42478251338332,0.47268298556546,0.52712574005337,0.57972992985431,0.62638890349896,0.67017850425143,0.6888608689682,0.71518382593233,0.738725295508726,0.758393846825903,0.777813001649855,0.794731960486968,0.808922907124663,0.822015538578587,0.833031499056046,0.841914173826763
"GCAM 7.1","Reference","Pakistan","Emissions|NOx|AFOLU|Agriculture|Livestock","Mt NO2/yr",0.0270039271,0.0319987996,0.0377988544,0.0436890528,0.0483199622,0.0559962445,0.0645073497,0.0739360279,0.0841580292,0.0949663271,0.1060530029,0.1171833767,0.1280361574,0.1382570915,0.1476584738,0.1560531,0.1634834618,0.1700678147,0.1758294521,0.1808578668
"GCAM 7.1","Reference","World","Emissions|NOx|AFOLU|Agriculture|Livestock","Mt NO2/yr",0.0270039271,0.0319987996,0.0377988544,0.0436890528,0.0483199622,0.0559962445,0.0645073497,0.0739360279,0.0841580292,0.0949663271,0.1060530029,0.1171833767,0.1280361574,0.1382570915,0.1476584738,0.1560531,0.1634834618,0.1700678147,0.1758294521,0.1808578668
"GCAM 7.1","Reference","Pakistan","Emissions|NOx|AFOLU|Agriculture|Livestock|Enteric Fermentation","Mt NO2/yr",0.0269339139,0.0319021843,0.0376603118,0.0434723544,0.0480796774,0.0557159303,0.0641820113,0.0735601749,0.0837268389,0.094476246,0.1055024304,0.1165717457,0.1273646084,0.1375288435,0.1468777668,0.155225338,0.1626138678,0.1691610237,0.1748900051,0.1798898128
"GCAM 7.1","Reference","World","Emissions|NOx|AFOLU|Agriculture|Livestock|Enteric Fermentation","Mt NO2/yr",0.0269339139,0.0319021843,0.0376603118,0.0434723544,0.0480796774,0.0557159303,0.0641820113,0.0735601749,0.0837268389,0.094476246,0.1055024304,0.1165717457,0.1273646084,0.1375288435,0.1468777668,0.155225338,0.1626138678,0.1691610237,0.1748900051,0.1798898128
"GCAM 7.1","Reference","Pakistan","Emissions|NOx|AFOLU|Agriculture|Managed Soils","Mt NO2/yr",0.258708218943505,0.284651540250903,0.280985696349103,0.306630881545498,0.32319584344952,0.35867099246946,0.40078792475507,0.44115057609631,0.47728919351106,0.51092277449343,0.5226221094185,0.53844062681963,0.551512142168726,0.561784781384603,0.572156528840755,0.581157687672568,0.588729642008663,0.595574458417287,0.601177982102246,0.605439523713463
"GCAM 7.1","Reference","World","Emissions|NOx|AFOLU|Agriculture|Managed Soils","Mt NO2/yr",0.258708218943505,0.284651540250903,0.280985696349103,0.306630881545498,0.32319584344952,0.35867099246946,0.40078792475507,0.44115057609631,0.47728919351106,0.51092277449343,0.5226221094185,0.53844062681963,0.551512142168726,0.561784781384603,0.572156528840755,0.581157687672568,0.588729642008663,0.595574458417287,0.601177982102246,0.605439523713463
"GCAM 7.1","Reference","Pakistan","Emissions|NOx|AFOLU|Agriculture|Rice","Mt NO2/yr",0.03532914206,0.03684800946,0.03871544108,0.0525746676,0.0532667077338,0.058015748596,0.0618304655983,0.064643325858,0.0649416807879,0.064289402658,0.0601857566497,0.0595598224127,0.05917699594,0.0583519739413,0.0579979990091,0.0575211728144,0.056709803316,0.0563732654613,0.0560240648538,0.0556167833133
"GCAM 7.1","Reference","World","Emissions|NOx|AFOLU|Agriculture|Rice","Mt NO2/yr",0.03532914206,0.03684800946,0.03871544108,0.0525746676,0.0532667077338,0.058015748596,0.0618304655983,0.064643325858,0.0649416807879,0.064289402658,0.0601857566497,0.0595598224127,0.05917699594,0.0583519739413,0.0579979990091,0.0575211728144,0.056709803316,0.0563732654613,0.0560240648538,0.0556167833133
"GCAM 7.1","Reference","Pakistan","Emissions|NOx|AFOLU|Land","Mt NO2/yr",0.00075074778,0.0007003858,0.0006204478003,0.0006254141674,0.0006302778814,0.0006377903826,0.000646250687,0.000655890815,0.000667027826,0.0006793019923,0.0006927270757,0.0007057542597,0.000718121985,0.0007297058444,0.0007400921772,0.0007492548307,0.0007572475546,0.0007642762212,0.00077029227,0.0007753486401
"GCAM 7.1","Reference","World","Emissions|NOx|AFOLU|Land","Mt NO2/yr",0.00075074778,0.0007003858,0.0006204478003,0.0006254141674,0.0006302778814,0.0006377903826,0.000646250687,0.000655890815,0.000667027826,0.0006793019923,0.0006927270757,0.0007057542597,0.000718121985,0.0007297058444,0.0007400921772,0.0007492548307,0.0007572475546,0.0007642762212,0.00077029227,0.0007753486401
"GCAM 7.1","Reference","Pakistan","Emissions|NOx|AFOLU|Land|Fires","Mt NO2/yr",0.0007304623,0.0006679319,0.00058627,0.000586103667,0.00058534091,0.000583798502,0.000582311536,0.000580823263,0.000579437172,0.000578084649,0.000576567518,0.000574859024,0.000573286581,0.000571924976,0.000570725737,0.000569725773,0.00056889631,0.000568169735,0.000567568138,0.000567086843
"GCAM 7.1","Reference","World","Emissions|NOx|AFOLU|Land|Fires","Mt NO2/yr",0.0007304623,0.0006679319,0.00058627,0.000586103667,0.00058534091,0.000583798502,0.000582311536,0.000580823263,0.000579437172,0.000578084649,0.000576567518,0.000574859024,0.000573286581,0.000571924976,0.000570725737,0.000569725773,0.00056889631,0.000568169735,0.000567568138,0.000567086843
"GCAM 7.1","Reference","Pakistan","Emissions|NOx|AFOLU|Land|Fires|Forest Burning","Mt NO2/yr",0,0,0,0,0,0,0,0,0,0,0,0,0,0,0,0,0,0,0,0
"GCAM 7.1","Reference","World","Emissions|NOx|AFOLU|Land|Fires|Forest Burning","Mt NO2/yr",0,0,0,0,0,0,0,0,0,0,0,0,0,0,0,0,0,0,0,0
"GCAM 7.1","Reference","Pakistan","Emissions|NOx|Energy","Mt NO2/yr",0.79743139058,0.83900373971,0.99216779151,1.1803440512,1.158216321395,1.17967465619038,1.20358529077629,1.22265755206047,1.29514851064819,1.35070218448709,1.39660641612668,1.47662793823533,1.5471016589049,1.6061918969522,1.6473269108968,1.66715997576058,1.66591914573518,1.65912383687407,1.64374487925768,1.62196941778753
"GCAM 7.1","Reference","World","Emissions|NOx|Energy","Mt NO2/yr",0.79743139058,0.83900373971,0.99216779151,1.1803440512,1.158216321395,1.17967465619038,1.20358529077629,1.22265755206047,1.29514851064819,1.35070218448709,1.39660641612668,1.47662793823533,1.5471016589049,1.6061918969522,1.6473269108968,1.66715997576058,1.66591914573518,1.65912383687407,1.64374487925768,1.62196941778753
"GCAM 7.1","Reference","Pakistan","Emissions|NOx|Energy and Industrial Processes","Mt NO2/yr",0.82224199888,0.86427016871,1.011258198451,1.2052530512,1.183612039395,1.20709023119038,1.23245698077629,1.25140085906047,1.32243127864819,1.37710699448709,1.42200539252668,1.50153653263533,1.5716464021049,1.6304739700522,1.6716318724968,1.69151012556058,1.69027877313518,1.68357404797407,1.66828747105768,1.64664977918753
"GCAM 7.1","Reference","World","Emissions|NOx|Energy and Industrial Processes","Mt NO2/yr",0.82224199888,0.86427016871,1.011258198451,1.2052530512,1.183612039395,1.20709023119038,1.23245698077629,1.25140085906047,1.32243127864819,1.37710699448709,1.42200539252668,1.50153653263533,1.5716464021049,1.6304739700522,1.6716318724968,1.69151012556058,1.69027877313518,1.68357404797407,1.66828747105768,1.64664977918753
"GCAM 7.1","Reference","Pakistan","Emissions|NOx|Energy|Demand","Mt NO2/yr",0.67177216512,0.69029881261,0.83069257833,0.99767368782,1.0014688375,0.992237547676,0.987306003811,0.962705215995,0.9962432683621,1.03347864419,1.088405543593,1.144350536893,1.192354806348,1.2280808551172,1.2497703149578,1.25683347477108,1.25324902155668,1.24180944674847,1.22372798469868,1.20252957117793
"GCAM 7.1","Reference","World","Emissions|NOx|Energy|Demand","Mt NO2/yr",0.67177216512,0.69029881261,0.83069257833,0.99767368782,1.0014688375,0.992237547676,0.987306003811,0.962705215995,0.9962432683621,1.03347864419,1.088405543593,1.144350536893,1.192354806348,1.2280808551172,1.2497703149578,1.25683347477108,1.25324902155668,1.24180944674847,1.22372798469868,1.20252957117793
"GCAM 7.1","Reference","Pakistan","Emissions|NOx|Energy|Demand|AFOFI","Mt NO2/yr",0.01016608,0.0041,0.0015,0.0014,0.001473503,0.0015278821,0.0015368925,0.0015078704,0.0014689066,0.0013889624,0.0013217525,0.0012803987,0.0012362909,0.0011726549,0.0010941308,0.001006648,0.0009187913,0.0008366076,0.0007595347,0.0006902415
"GCAM 7.1","Reference","World","Emissions|NOx|Energy|Demand|AFOFI","Mt NO2/yr",0.01016608,0.0041,0.0015,0.0014,0.001473503,0.0015278821,0.0015368925,0.0015078704,0.0014689066,0.0013889624,0.0013217525,0.0012803987,0.0012362909,0.0011726549,0.0010941308,0.001006648,0.0009187913,0.0008366076,0.0007595347,0.0006902415
"GCAM 7.1","Reference","Pakistan","Emissions|NOx|Energy|Demand|Bunkers","Mt NO2/yr",0.021879,0.0269317,0.01604244,0.00731073,0.0075074,0.00834614,0.00885793,0.010278722,0.012112272,0.0141417,0.0162297,0.018411379,0.020499873,0.022400464,0.024070639,0.02543112,0.026498346,0.027329352,0.02791907,0.028277351
"GCAM 7.1","Reference","World","Emissions|NOx|Energy|Demand|Bunkers","Mt NO2/yr",0.021879,0.0269317,0.01604244,0.00731073,0.0075074,0.00834614,0.00885793,0.010278722,0.012112272,0.0141417,0.0162297,0.018411379,0.020499873,0.022400464,0.024070639,0.02543112,0.026498346,0.027329352,0.02791907,0.028277351
"GCAM 7.1","Reference","Pakistan","Emissions|NOx|Energy|Demand|Bunkers|International Aviation","Mt NO2/yr",0.0108915,0.0101106,0.0097133,0.0058499,0.00607431,0.00697753,0.00790567,0.00955564,0.0114512,0.0135053,0.0155956,0.0177724,0.0198637,0.0217728,0.0234556,0.0248342,0.0259222,0.0267729,0.0273823,0.0277645
"GCAM 7.1","Reference","World","Emissions|NOx|Energy|Demand|Bunkers|International Aviation","Mt NO2/yr",0.0108915,0.0101106,0.0097133,0.0058499,0.00607431,0.00697753,0.00790567,0.00955564,0.0114512,0.0135053,0.0155956,0.0177724,0.0198637,0.0217728,0.0234556,0.0248342,0.0259222,0.0267729,0.0273823,0.0277645
"GCAM 7.1","Reference","Pakistan","Emissions|NOx|Energy|Demand|Bunkers|International Shipping","Mt NO2/yr",0.0109875,0.0168211,0.00632914,0.00146083,0.00143309,0.00136861,0.00095226,0.000723082,0.000661072,0.0006364,0.0006341,0.000638979,0.000636173,0.000627664,0.000615039,0.00059692,0.000576146,0.000556452,0.00053677,0.000512851
"GCAM 7.1","Reference","World","Emissions|NOx|Energy|Demand|Bunkers|International Shipping","Mt NO2/yr",0.0109875,0.0168211,0.00632914,0.00146083,0.00143309,0.00136861,0.00095226,0.000723082,0.000661072,0.0006364,0.0006341,0.000638979,0.000636173,0.000627664,0.000615039,0.00059692,0.000576146,0.000556452,0.00053677,0.000512851
"GCAM 7.1","Reference","Pakistan","Emissions|NOx|Energy|Demand|Commercial","Mt NO2/yr",0.023483197,0.02813382,0.040514653,0.04186996,0.040250488,0.04935592,0.06132882,0.07566887,0.09143592,0.1077977,0.1217801,0.13660087,0.14929937,0.15854894,0.16403288,0.1657791,0.164983,0.1622729,0.1580372,0.1536444
"GCAM 7.1","Reference","World","Emissions|NOx|Energy|Demand|Commercial","Mt NO2/yr",0.023483197,0.02813382,0.040514653,0.04186996,0.040250488,0.04935592,0.06132882,0.07566887,0.09143592,0.1077977,0.1217801,0.13660087,0.14929937,0.15854894,0.16403288,0.1657791,0.164983,0.1622729,0.1580372,0.1536444
"GCAM 7.1","Reference","Pakistan","Emissions|NOx|Energy|Demand|Industry","Mt NO2/yr",0.08599504,0.084708893,0.1037672714,0.127752842,0.1405478997,0.1708673902,0.2043304215,0.2393282861,0.27324774524,0.30535086903,0.332113725978,0.352845024224,0.36742414456,0.3764868386032,0.3811849456198,0.38198347825308,0.379798787469676,0.37587070287947,0.37066461601268,0.36462993738593
"GCAM 7.1","Reference","World","Emissions|NOx|Energy|Demand|Industry","Mt NO2/yr",0.08599504,0.084708893,0.1037672714,0.127752842,0.1405478997,0.1708673902,0.2043304215,0.2393282861,0.27324774524,0.30535086903,0.332113725978,0.352845024224,0.36742414456,0.3764868386032,0.3811849456198,0.38198347825308,0.379798787469676,0.37587070287947,0.37066461601268,0.36462993738593
"GCAM 7.1","Reference","Pakistan","Emissions|NOx|Energy|Demand|Residential","Mt NO2/yr",0.15876037676,0.17892827136,0.2004605663,0.2280368102,0.2187601273,0.2052905428,0.1760398762,0.1533670749,0.1373042102,0.126051447,0.1333811026,0.1408052357,0.14713208,0.1520305567,0.1557427022,0.1580468132,0.1597285221,0.16005522064,0.1591081927,0.1582922951
"GCAM 7.1","Reference","World","Emissions|NOx|Energy|Demand|Residential","Mt NO2/yr",0.15876037676,0.17892827136,0.2004605663,0.2280368102,0.2187601273,0.2052905428,0.1760398762,0.1533670749,0.1373042102,0.126051447,0.1333811026,0.1408052357,0.14713208,0.1520305567,0.1557427022,0.1580468132,0.1597285221,0.16005522064,0.1591081927,0.1582922951
"GCAM 7.1","Reference","Pakistan","Emissions|NOx|Energy|Demand|Residential and Commercial","Mt NO2/yr",0.18224357376,0.20706209136,0.2409752193,0.2699067702,0.2590106153,0.2546464628,0.2373686962,0.2290359449,0.2287401302,0.233849147,0.2551612026,0.2774061057,0.29643145,0.3105794967,0.3197755822,0.3238259132,0.3247115221,0.32232812064,0.3171453927,0.3119366951
"GCAM 7.1","Reference","World","Emissions|NOx|Energy|Demand|Residential and Commercial","Mt NO2/yr",0.18224357376,0.20706209136,0.2409752193,0.2699067702,0.2590106153,0.2546464628,0.2373686962,0.2290359449,0.2287401302,0.233849147,0.2551612026,0.2774061057,0.29643145,0.3105794967,0.3197755822,0.3238259132,0.3247115221,0.32232812064,0.3171453927,0.3119366951
"GCAM 7.1","Reference","Pakistan","Emissions|NOx|Energy|Demand|Residential and Commercial and AFOFI","Mt NO2/yr",0.19240965376,0.21116209136,0.2424752193,0.2713067702,0.2604841183,0.2561743449,0.2389055887,0.2305438153,0.2302090368,0.2352381094,0.2564829551,0.2786865044,0.2976677409,0.3117521516,0.320869713,0.3248325612,0.3256303134,0.32316472824,0.3179049274,0.3126269366
"GCAM 7.1","Reference","World","Emissions|NOx|Energy|Demand|Residential and Commercial and AFOFI","Mt NO2/yr",0.19240965376,0.21116209136,0.2424752193,0.2713067702,0.2604841183,0.2561743449,0.2389055887,0.2305438153,0.2302090368,0.2352381094,0.2564829551,0.2786865044,0.2976677409,0.3117521516,0.320869713,0.3248325612,0.3256303134,0.32316472824,0.3179049274,0.3126269366
"GCAM 7.1","Reference","Pakistan","Emissions|NOx|Energy|Demand|Transportation","Mt NO2/yr",0.48321134052,0.47219683354,0.59657293341,0.73818094556,0.73445991407,0.688966491812,0.664939217082,0.606273757,0.6060006213042,0.61075612077,0.62512469577,0.643780632448,0.661441188786,0.675211674088,0.682399484126,0.682363879039,0.6766718339,0.667382052786,0.654891939614,0.640098541287
"GCAM 7.1","Reference","World","Emissions|NOx|Energy|Demand|Transportation","Mt NO2/yr",0.48321134052,0.47219683354,0.59657293341,0.73818094556,0.73445991407,0.688966491812,0.664939217082,0.606273757,0.6060006213042,0.61075612077,0.62512469577,0.643780632448,0.661441188786,0.675211674088,0.682399484126,0.682363879039,0.6766718339,0.667382052786,0.654891939614,0.640098541287
"GCAM 7.1","Reference","Pakistan","Emissions|NOx|Energy|Demand|Transportation|Light-Duty Vehicle","Mt NO2/yr",0.0699259022,0.06301412296,0.08126196185,0.09348744568,0.09387676493,0.08767105334,0.08538298014,0.07773287819,0.06625635734,0.05429238075,0.04490953926,0.03675575609,0.02965485699,0.02407308774,0.01946655055,0.015720131597,0.012725835474,0.010345854472,0.008431002958,0.007181231097
"GCAM 7.1","Reference","World","Emissions|NOx|Energy|Demand|Transportation|Light-Duty Vehicle","Mt NO2/yr",0.0699259022,0.06301412296,0.08126196185,0.09348744568,0.09387676493,0.08767105334,0.08538298014,0.07773287819,0.06625635734,0.05429238075,0.04490953926,0.03675575609,0.02965485699,0.02407308774,0.01946655055,0.015720131597,0.012725835474,0.010345854472,0.008431002958,0.007181231097
"GCAM 7.1","Reference","Pakistan","Emissions|NOx|Energy|Demand|Transportation|Truck","Mt NO2/yr",0.1898397,0.1997813,0.2589804,0.3509383,0.35752216,0.3370618,0.32010193,0.28110215,0.28909145,0.29244743,0.29712409,0.30827887,0.32243005,0.33559804,0.345424,0.35108862,0.35324548,0.35316142,0.3511558,0.34671092
"GCAM 7.1","Reference","World","Emissions|NOx|Energy|Demand|Transportation|Truck","Mt NO2/yr",0.1898397,0.1997813,0.2589804,0.3509383,0.35752216,0.3370618,0.32010193,0.28110215,0.28909145,0.29244743,0.29712409,0.30827887,0.32243005,0.33559804,0.345424,0.35108862,0.35324548,0.35316142,0.3511558,0.34671092
"GCAM 7.1","Reference","Pakistan","Emissions|NOx|Energy|Supply","Mt NO2/yr",0.12565922546,0.1487049271,0.16147521318,0.18267036338,0.156747483895,0.18743710851438,0.21627928696529,0.25995233606547,0.29890524228609,0.31722354029709,0.30820087253368,0.33227740134233,0.3547468525569,0.378111041835,0.397556595939,0.4103265009895,0.4126701241785,0.4173143901256,0.420016894559,0.4194398466096
"GCAM 7.1","Reference","World","Emissions|NOx|Energy|Supply","Mt NO2/yr",0.12565922546,0.1487049271,0.16147521318,0.18267036338,0.156747483895,0.18743710851438,0.21627928696529,0.25995233606547,0.29890524228609,0.31722354029709,0.30820087253368,0.33227740134233,0.3547468525569,0.378111041835,0.397556595939,0.4103265009895,0.4126701241785,0.4173143901256,0.420016894559,0.4194398466096
"GCAM 7.1","Reference","Pakistan","Emissions|NOx|Energy|Supply|Electricity","Mt NO2/yr",0.125038641,0.14805047,0.160428258,0.18207445,0.156104328,0.1866765165,0.2153779063,0.2588546041,0.297613724,0.315773916,0.306580061,0.330445534,0.352718109,0.375882481,0.395080607,0.407515637,0.409466364,0.413669185,0.415882433,0.414752475
"GCAM 7.1","Reference","World","Emissions|NOx|Energy|Supply|Electricity","Mt NO2/yr",0.125038641,0.14805047,0.160428258,0.18207445,0.156104328,0.1866765165,0.2153779063,0.2588546041,0.297613724,0.315773916,0.306580061,0.330445534,0.352718109,0.375882481,0.395080607,0.407515637,0.409466364,0.413669185,0.415882433,0.414752475
"GCAM 7.1","Reference","Pakistan","Emissions|NOx|Energy|Supply|Fugitive","Mt NO2/yr",0.00062058446,0.0006544571,0.00104695518,0.00059591338,0.00063777933,0.00071976689,0.00078327055,0.00083319358,0.00087503364,0.000878472632,0.000859901684,0.0008600348344,0.00084163803,0.000805916476,0.00075788089,0.000747343828,0.000736773425,0.00071727699,0.000694746538,0.000674935377
"GCAM 7.1","Reference","World","Emissions|NOx|Energy|Supply|Fugitive","Mt NO2/yr",0.00062058446,0.0006544571,0.00104695518,0.00059591338,0.00063777933,0.00071976689,0.00078327055,0.00083319358,0.00087503364,0.000878472632,0.000859901684,0.0008600348344,0.00084163803,0.000805916476,0.00075788089,0.000747343828,0.000736773425,0.00071727699,0.000694746538,0.000674935377
"GCAM 7.1","Reference","Pakistan","Emissions|NOx|Energy|Supply|Hydrogen","Mt NO2/yr",0,0,0,0,9.2104e-07,2.587493838e-05,8.832765029e-05,0.00021208570547,0.00032655941209,0.00042816690309,0.00054413894568,0.00066185992653,0.0007791202022,0.000891798746,0.001005636434,0.001123055747,0.001250869535,0.001390295625,0.001539229164,0.001689274371
"GCAM 7.1","Reference","World","Emissions|NOx|Energy|Supply|Hydrogen","Mt NO2/yr",0,0,0,0,9.2104e-07,2.587493838e-05,8.832765029e-05,0.00021208570547,0.00032655941209,0.00042816690309,0.00054413894568,0.00066185992653,0.0007791202022,0.000891798746,0.001005636434,0.001123055747,0.001250869535,0.001390295625,0.001539229164,0.001689274371
"GCAM 7.1","Reference","Pakistan","Emissions|NOx|Energy|Supply|Liquids","Mt NO2/yr",0,0,0,0,4.455525e-06,1.4950186e-05,2.9782465e-05,5.245268e-05,8.9925234e-05,0.000142984762,0.000216770904,0.0003099725814,0.0004079853247,0.000530845613,0.000712471615,0.0009404644145,0.0012161172185,0.0015376325106,0.001900485857,0.0023231618616
"GCAM 7.1","Reference","World","Emissions|NOx|Energy|Supply|Liquids","Mt NO2/yr",0,0,0,0,4.455525e-06,1.4950186e-05,2.9782465e-05,5.245268e-05,8.9925234e-05,0.000142984762,0.000216770904,0.0003099725814,0.0004079853247,0.000530845613,0.000712471615,0.0009404644145,0.0012161172185,0.0015376325106,0.001900485857,0.0023231618616
"GCAM 7.1","Reference","Pakistan","Emissions|NOx|Industrial Processes","Mt NO2/yr",0.0248106083,0.025266429,0.019090406941,0.024909,0.025395718,0.027415575,0.02887169,0.028743307,0.027282768,0.02640481,0.0253989764,0.0249085944,0.0245447432,0.0242820731,0.0243049616,0.0243501498,0.0243596274,0.0244502111,0.0245425918,0.0246803614
"GCAM 7.1","Reference","World","Emissions|NOx|Industrial Processes","Mt NO2/yr",0.0248106083,0.025266429,0.019090406941,0.024909,0.025395718,0.027415575,0.02887169,0.028743307,0.027282768,0.02640481,0.0253989764,0.0249085944,0.0245447432,0.0242820731,0.0243049616,0.0243501498,0.0243596274,0.0244502111,0.0245425918,0.0246803614
"GCAM 7.1","Reference","Pakistan","Emissions|NOx|Industrial Processes|Chemicals","Mt NO2/yr",0.0237547,0.0232992,0.0189554,0.024909,0.025395718,0.027415575,0.02887169,0.028743307,0.027282768,0.02640481,0.0253989764,0.0249085944,0.0245447432,0.0242820731,0.0243049616,0.0243501498,0.0243596274,0.0244502111,0.0245425918,0.0246803614
"GCAM 7.1","Reference","World","Emissions|NOx|Industrial Processes|Chemicals","Mt NO2/yr",0.0237547,0.0232992,0.0189554,0.024909,0.025395718,0.027415575,0.02887169,0.028743307,0.027282768,0.02640481,0.0253989764,0.0249085944,0.0245447432,0.0242820731,0.0243049616,0.0243501498,0.0243596274,0.0244502111,0.0245425918,0.0246803614
"GCAM 7.1","Reference","Pakistan","Emissions|NOx|Industrial Processes|Chemicals|Ammonia","Mt NO2/yr",0.0237547,0.0232992,0.0189554,0.024909,0.025395718,0.027415575,0.02887169,0.028743307,0.027282768,0.02640481,0.0253989764,0.0249085944,0.0245447432,0.0242820731,0.0243049616,0.0243501498,0.0243596274,0.0244502111,0.0245425918,0.0246803614
"GCAM 7.1","Reference","World","Emissions|NOx|Industrial Processes|Chemicals|Ammonia","Mt NO2/yr",0.0237547,0.0232992,0.0189554,0.024909,0.025395718,0.027415575,0.02887169,0.028743307,0.027282768,0.02640481,0.0253989764,0.0249085944,0.0245447432,0.0242820731,0.0243049616,0.0243501498,0.0243596274,0.0244502111,0.0245425918,0.0246803614
"GCAM 7.1","Reference","Pakistan","Emissions|NOx|Industrial Processes|Iron and Steel","Mt NO2/yr",0.0010559083,0.001967229,0.000135006941,0,0,0,0,0,0,0,0,0,0,0,0,0,0,0,0,0
"GCAM 7.1","Reference","World","Emissions|NOx|Industrial Processes|Iron and Steel","Mt NO2/yr",0.0010559083,0.001967229,0.000135006941,0,0,0,0,0,0,0,0,0,0,0,0,0,0,0,0,0
"GCAM 7.1","Reference","Pakistan","Emissions|NOx|Product Use","Mt NO2/yr",0.00322087,0.00328013,0.00394473,0.00391826,0.00437578,0.00541277,0.00660299,0.00793187,0.00933313,0.0107155,0.0119554,0.0129842,0.0137184,0.0141168,0.0141957,0.0139864,0.0135651,0.0130354,0.0124615,0.0118558
"GCAM 7.1","Reference","World","Emissions|NOx|Product Use","Mt NO2/yr",0.00322087,0.00328013,0.00394473,0.00391826,0.00437578,0.00541277,0.00660299,0.00793187,0.00933313,0.0107155,0.0119554,0.0129842,0.0137184,0.0141168,0.0141957,0.0139864,0.0135651,0.0130354,0.0124615,0.0118558
"GCAM 7.1","Reference","Pakistan","Emissions|NOx|Waste","Mt NO2/yr",0.0676577,0.0775571,0.0858031,0.0858031,0.0917732,0.0973974,0.101951,0.104721,0.105485,0.104556,0.102039,0.0982761,0.0933137,0.0876527,0.0815027,0.0752185,0.0691444,0.0634331,0.0581258,0.0532198
"GCAM 7.1","Reference","World","Emissions|NOx|Waste","Mt NO2/yr",0.0676577,0.0775571,0.0858031,0.0858031,0.0917732,0.0973974,0.101951,0.104721,0.105485,0.104556,0.102039,0.0982761,0.0933137,0.0876527,0.0815027,0.0752185,0.0691444,0.0634331,0.0581258,0.0532198
"GCAM 7.1","Reference","Pakistan","Emissions|OC","Mt OC/yr",0.402833906700519,0.449133367276554,0.497117557402292,0.555998686278024,0.545318819116558,0.518184571621866,0.493122346541535,0.47272489973324,0.454990478538649,0.438022416030416,0.411457509189708,0.395911768326348,0.382230993586523,0.370140218213031,0.358686967811064,0.346957684363896,0.335089145022904,0.32416763754546,0.31314358451507,0.302834220925431
"GCAM 7.1","Reference","World","Emissions|OC","Mt OC/yr",0.402833906700519,0.449133367276554,0.497117557402292,0.555998686278024,0.545318819116558,0.518184571621866,0.493122346541535,0.47272489973324,0.454990478538649,0.438022416030416,0.411457509189708,0.395911768326348,0.382230993586523,0.370140218213031,0.358686967811064,0.346957684363896,0.335089145022904,0.32416763754546,0.31314358451507,0.302834220925431
"GCAM 7.1","Reference","Pakistan","Emissions|OC|AFOLU","Mt OC/yr",0.002413871345519,0.000736532869554,0.000705427135892,0.000735742515024,0.000743526227598,0.000765021185286,0.000782457409365,0.00079051117368,0.000785283562259,0.000772156633526,0.000739962584701,0.000713571917058,0.000685883147106,0.000658142564311,0.000632914539275,0.000609385738877,0.000593815586301,0.000594396866378,0.000594851300402,0.000595103775233
"GCAM 7.1","Reference","World","Emissions|OC|AFOLU","Mt OC/yr",0.002413871345519,0.000736532869554,0.000705427135892,0.000735742515024,0.000743526227598,0.000765021185286,0.000782457409365,0.00079051117368,0.000785283562259,0.000772156633526,0.000739962584701,0.000713571917058,0.000685883147106,0.000658142564311,0.000632914539275,0.000609385738877,0.000593815586301,0.000594396866378,0.000594851300402,0.000595103775233
"GCAM 7.1","Reference","Pakistan","Emissions|OC|AFOLU [NGHGI]","Mt OC/yr",0.002413871345519,0.000736532869554,0.000705427135892,0.000735742515024,0.000743526227598,0.000765021185286,0.000782457409365,0.00079051117368,0.000785283562259,0.000772156633526,0.000739962584701,0.000713571917058,0.000685883147106,0.000658142564311,0.000632914539275,0.000609385738877,0.000593815586301,0.000594396866378,0.000594851300402,0.000595103775233
"GCAM 7.1","Reference","World","Emissions|OC|AFOLU [NGHGI]","Mt OC/yr",0.002413871345519,0.000736532869554,0.000705427135892,0.000735742515024,0.000743526227598,0.000765021185286,0.000782457409365,0.00079051117368,0.000785283562259,0.000772156633526,0.000739962584701,0.000713571917058,0.000685883147106,0.000658142564311,0.000632914539275,0.000609385738877,0.000593815586301,0.000594396866378,0.000594851300402,0.000595103775233
"GCAM 7.1","Reference","Pakistan","Emissions|OC|AFOLU|Agricultural Waste Burning","Mt OC/yr",0.001923150245519,0.000287819369554,0.000311574335892,0.000342001382024,0.000350297519598,0.000372828681286,0.000391263845365,0.00040031738768,0.000396020969259,0.000383802652526,0.000352627819701,0.000327384972058,0.000300752477106,0.000273926668311,0.000249504233275,0.000226647196877,0.000211634335301,0.000212703640378,0.000213562205402,0.000214138038233
"GCAM 7.1","Reference","World","Emissions|OC|AFOLU|Agricultural Waste Burning","Mt OC/yr",0.001923150245519,0.000287819369554,0.000311574335892,0.000342001382024,0.000350297519598,0.000372828681286,0.000391263845365,0.00040031738768,0.000396020969259,0.000383802652526,0.000352627819701,0.000327384972058,0.000300752477106,0.000273926668311,0.000249504233275,0.000226647196877,0.000211634335301,0.000212703640378,0.000213562205402,0.000214138038233
"GCAM 7.1","Reference","Pakistan","Emissions|OC|AFOLU|Land","Mt OC/yr",0.0004907211,0.0004487135,0.0003938528,0.000393741133,0.000393228708,0.000392192504,0.000391193564,0.000390193786,0.000389262593,0.000388353981,0.000387334765,0.000386186945,0.00038513067,0.000384215896,0.000383410306,0.000382738542,0.000382181251,0.000381693226,0.000381289095,0.000380965737
"GCAM 7.1","Reference","World","Emissions|OC|AFOLU|Land","Mt OC/yr",0.0004907211,0.0004487135,0.0003938528,0.000393741133,0.000393228708,0.000392192504,0.000391193564,0.000390193786,0.000389262593,0.000388353981,0.000387334765,0.000386186945,0.00038513067,0.000384215896,0.000383410306,0.000382738542,0.000382181251,0.000381693226,0.000381289095,0.000380965737
"GCAM 7.1","Reference","Pakistan","Emissions|OC|AFOLU|Land|Fires","Mt OC/yr",0.0004907211,0.0004487135,0.0003938528,0.000393741133,0.000393228708,0.000392192504,0.000391193564,0.000390193786,0.000389262593,0.000388353981,0.000387334765,0.000386186945,0.00038513067,0.000384215896,0.000383410306,0.000382738542,0.000382181251,0.000381693226,0.000381289095,0.000380965737
"GCAM 7.1","Reference","World","Emissions|OC|AFOLU|Land|Fires","Mt OC/yr",0.0004907211,0.0004487135,0.0003938528,0.000393741133,0.000393228708,0.000392192504,0.000391193564,0.000390193786,0.000389262593,0.000388353981,0.000387334765,0.000386186945,0.00038513067,0.000384215896,0.000383410306,0.000382738542,0.000382181251,0.000381693226,0.000381289095,0.000380965737
"GCAM 7.1","Reference","Pakistan","Emissions|OC|AFOLU|Land|Fires|Forest Burning","Mt OC/yr",0,0,0,0,0,0,0,0,0,0,0,0,0,0,0,0,0,0,0,0
"GCAM 7.1","Reference","World","Emissions|OC|AFOLU|Land|Fires|Forest Burning","Mt OC/yr",0,0,0,0,0,0,0,0,0,0,0,0,0,0,0,0,0,0,0,0
"GCAM 7.1","Reference","Pakistan","Emissions|OC|Energy","Mt OC/yr",0.352577595256,0.393557126807,0.435747317105,0.494594813763,0.47968675686696,0.44855463716058,0.42025594109417,0.39789285581556,0.37962517737439,0.36332817768269,0.338273716425007,0.31904386409566,0.302090489979337,0.28717187076662,0.273370426076989,0.259775485690619,0.246410775616903,0.234270668903402,0.222301090143068,0.211281249568798
"GCAM 7.1","Reference","World","Emissions|OC|Energy","Mt OC/yr",0.352577595256,0.393557126807,0.435747317105,0.494594813763,0.47968675686696,0.44855463716058,0.42025594109417,0.39789285581556,0.37962517737439,0.36332817768269,0.338273716425007,0.31904386409566,0.302090489979337,0.28717187076662,0.273370426076989,0.259775485690619,0.246410775616903,0.234270668903402,0.222301090143068,0.211281249568798
"GCAM 7.1","Reference","Pakistan","Emissions|OC|Energy and Industrial Processes","Mt OC/yr",0.352592635355,0.393571534407,0.4357578302664,0.494608643763,0.47970069288896,0.44856915043658,0.42027058913217,0.39790668855956,0.37963749497639,0.36333925939689,0.338283546605007,0.31905269640929,0.302098410439417,0.28717897564872,0.273376853271789,0.259781298625019,0.246416029436603,0.234275440679082,0.222305433214668,0.211285217150198
"GCAM 7.1","Reference","World","Emissions|OC|Energy and Industrial Processes","Mt OC/yr",0.352592635355,0.393571534407,0.4357578302664,0.494608643763,0.47970069288896,0.44856915043658,0.42027058913217,0.39790668855956,0.37963749497639,0.36333925939689,0.338283546605007,0.31905269640929,0.302098410439417,0.28717897564872,0.273376853271789,0.259781298625019,0.246416029436603,0.234275440679082,0.222305433214668,0.211285217150198
"GCAM 7.1","Reference","Pakistan","Emissions|OC|Energy|Demand","Mt OC/yr",0.352280447366,0.393134968798,0.432935858875,0.491091501303,0.47710172224746,0.44415407981588,0.41369132815937,0.38740079076556,0.36452532236689,0.34484239065309,0.319111589790307,0.29633273531866,0.275765759528337,0.25725608657362,0.239851912236989,0.223538596305619,0.208384952384903,0.194136920784402,0.180852793527068,0.168760657027798
"GCAM 7.1","Reference","World","Emissions|OC|Energy|Demand","Mt OC/yr",0.352280447366,0.393134968798,0.432935858875,0.491091501303,0.47710172224746,0.44415407981588,0.41369132815937,0.38740079076556,0.36452532236689,0.34484239065309,0.319111589790307,0.29633273531866,0.275765759528337,0.25725608657362,0.239851912236989,0.223538596305619,0.208384952384903,0.194136920784402,0.180852793527068,0.168760657027798
"GCAM 7.1","Reference","Pakistan","Emissions|OC|Energy|Demand|AFOFI","Mt OC/yr",8.4185e-05,4.14694e-05,1.517176e-05,1.41603e-05,1.490376e-05,1.5453781e-05,1.5544904e-05,1.5251353e-05,1.4857274e-05,1.4048668e-05,1.3368873e-05,1.2950576e-05,1.2504478e-05,1.1860828e-05,1.1066591e-05,1.0181755e-05,9.293112e-06,8.461875e-06,7.682329e-06,6.981452e-06
"GCAM 7.1","Reference","World","Emissions|OC|Energy|Demand|AFOFI","Mt OC/yr",8.4185e-05,4.14694e-05,1.517176e-05,1.41603e-05,1.490376e-05,1.5453781e-05,1.5544904e-05,1.5251353e-05,1.4857274e-05,1.4048668e-05,1.3368873e-05,1.2950576e-05,1.2504478e-05,1.1860828e-05,1.1066591e-05,1.0181755e-05,9.293112e-06,8.461875e-06,7.682329e-06,6.981452e-06
"GCAM 7.1","Reference","Pakistan","Emissions|OC|Energy|Demand|Bunkers","Mt OC/yr",4.6799e-05,6.33454e-05,3.29148e-05,1.291062e-05,1.314789e-05,1.424811e-05,1.430055e-05,1.596738e-05,1.850211e-05,2.140521e-05,2.457083e-05,2.791518e-05,3.114407e-05,3.411668e-05,3.722412e-05,4.336007e-05,4.981096e-05,5.659436e-05,6.359721e-05,7.072794e-05
"GCAM 7.1","Reference","World","Emissions|OC|Energy|Demand|Bunkers","Mt OC/yr",4.6799e-05,6.33454e-05,3.29148e-05,1.291062e-05,1.314789e-05,1.424811e-05,1.430055e-05,1.596738e-05,1.850211e-05,2.140521e-05,2.457083e-05,2.791518e-05,3.114407e-05,3.411668e-05,3.722412e-05,4.336007e-05,4.981096e-05,5.659436e-05,6.359721e-05,7.072794e-05
"GCAM 7.1","Reference","Pakistan","Emissions|OC|Energy|Demand|Bunkers|International Aviation","Mt OC/yr",1.56615e-05,1.45386e-05,1.39673e-05,8.4119e-06,8.7346e-06,1.00334e-05,1.1368e-05,1.37406e-05,1.64663e-05,1.942e-05,2.24259e-05,2.5556e-05,2.85631e-05,3.13083e-05,3.41792e-05,4.00865e-05,4.63137e-05,5.28616e-05,5.96261e-05,6.65514e-05
"GCAM 7.1","Reference","World","Emissions|OC|Energy|Demand|Bunkers|International Aviation","Mt OC/yr",1.56615e-05,1.45386e-05,1.39673e-05,8.4119e-06,8.7346e-06,1.00334e-05,1.1368e-05,1.37406e-05,1.64663e-05,1.942e-05,2.24259e-05,2.5556e-05,2.85631e-05,3.13083e-05,3.41792e-05,4.00865e-05,4.63137e-05,5.28616e-05,5.96261e-05,6.65514e-05
"GCAM 7.1","Reference","Pakistan","Emissions|OC|Energy|Demand|Bunkers|International Shipping","Mt OC/yr",3.11375e-05,4.88068e-05,1.89475e-05,4.49872e-06,4.41329e-06,4.21471e-06,2.93255e-06,2.22678e-06,2.03581e-06,1.98521e-06,2.14493e-06,2.35918e-06,2.58097e-06,2.80838e-06,3.04492e-06,3.27357e-06,3.49726e-06,3.73276e-06,3.97111e-06,4.17654e-06
"GCAM 7.1","Reference","World","Emissions|OC|Energy|Demand|Bunkers|International Shipping","Mt OC/yr",3.11375e-05,4.88068e-05,1.89475e-05,4.49872e-06,4.41329e-06,4.21471e-06,2.93255e-06,2.22678e-06,2.03581e-06,1.98521e-06,2.14493e-06,2.35918e-06,2.58097e-06,2.80838e-06,3.04492e-06,3.27357e-06,3.49726e-06,3.73276e-06,3.97111e-06,4.17654e-06
"GCAM 7.1","Reference","Pakistan","Emissions|OC|Energy|Demand|Commercial","Mt OC/yr",0.00012005621,0.000164821002,0.000222688959,0.000178675098,0.000170347335,0.000207386229,0.000256127671,0.00031303697,0.00037159868,0.00042881716,0.00046772325,0.00050663884,0.0005336388,0.00054420261,0.00053595466,0.0005114888,0.00047571004,0.00043400921,0.00038944434,0.00034766736
"GCAM 7.1","Reference","World","Emissions|OC|Energy|Demand|Commercial","Mt OC/yr",0.00012005621,0.000164821002,0.000222688959,0.000178675098,0.000170347335,0.000207386229,0.000256127671,0.00031303697,0.00037159868,0.00042881716,0.00046772325,0.00050663884,0.0005336388,0.00054420261,0.00053595466,0.0005114888,0.00047571004,0.00043400921,0.00038944434,0.00034766736
"GCAM 7.1","Reference","Pakistan","Emissions|OC|Energy|Demand|Industry","Mt OC/yr",0.030120613838,0.03336277915,0.036414732806,0.046182575721,0.05179172653446,0.06305911159488,0.07571143846237,0.08914276018156,0.10217586687289,0.11441913233809,0.124387498538307,0.13110496792666,0.135006097848337,0.13653625898262,0.136289217192989,0.134689351491619,0.132125470660903,0.128891822483402,0.125362551428068,0.121816551025798
"GCAM 7.1","Reference","World","Emissions|OC|Energy|Demand|Industry","Mt OC/yr",0.030120613838,0.03336277915,0.036414732806,0.046182575721,0.05179172653446,0.06305911159488,0.07571143846237,0.08914276018156,0.10217586687289,0.11441913233809,0.124387498538307,0.13110496792666,0.135006097848337,0.13653625898262,0.136289217192989,0.134689351491619,0.132125470660903,0.128891822483402,0.125362551428068,0.121816551025798
"GCAM 7.1","Reference","Pakistan","Emissions|OC|Energy|Demand|Residential","Mt OC/yr",0.315743223918,0.353393431446,0.38873489025,0.436461009064,0.416909342218,0.373193861751,0.330294537132,0.291196572241,0.25535103534,0.223447716147,0.187647758979,0.157891423446,0.133137507782,0.112815330753,0.095411691183,0.080414940169,0.067531764012,0.056243966556,0.04624117172,0.03744215525
"GCAM 7.1","Reference","World","Emissions|OC|Energy|Demand|Residential","Mt OC/yr",0.315743223918,0.353393431446,0.38873489025,0.436461009064,0.416909342218,0.373193861751,0.330294537132,0.291196572241,0.25535103534,0.223447716147,0.187647758979,0.157891423446,0.133137507782,0.112815330753,0.095411691183,0.080414940169,0.067531764012,0.056243966556,0.04624117172,0.03744215525
"GCAM 7.1","Reference","Pakistan","Emissions|OC|Energy|Demand|Residential and Commercial","Mt OC/yr",0.315863280128,0.353558252448,0.388957579209,0.436639684162,0.417079689553,0.37340124798,0.330550664803,0.291509609211,0.25572263402,0.223876533307,0.188115482229,0.158398062286,0.133671146582,0.113359533363,0.095947645843,0.080926428969,0.068007474052,0.056677975766,0.04663061606,0.03778982261
"GCAM 7.1","Reference","World","Emissions|OC|Energy|Demand|Residential and Commercial","Mt OC/yr",0.315863280128,0.353558252448,0.388957579209,0.436639684162,0.417079689553,0.37340124798,0.330550664803,0.291509609211,0.25572263402,0.223876533307,0.188115482229,0.158398062286,0.133671146582,0.113359533363,0.095947645843,0.080926428969,0.068007474052,0.056677975766,0.04663061606,0.03778982261
"GCAM 7.1","Reference","Pakistan","Emissions|OC|Energy|Demand|Residential and Commercial and AFOFI","Mt OC/yr",0.315947465128,0.353599721848,0.388972750969,0.436653844462,0.417094593313,0.373416701761,0.330566209707,0.291524860564,0.255737491294,0.223890581975,0.188128851102,0.158411012862,0.13368365106,0.113371394191,0.095958712434,0.080936610724,0.068016767164,0.056686437641,0.046638298389,0.037796804062
"GCAM 7.1","Reference","World","Emissions|OC|Energy|Demand|Residential and Commercial and AFOFI","Mt OC/yr",0.315947465128,0.353599721848,0.388972750969,0.436653844462,0.417094593313,0.373416701761,0.330566209707,0.291524860564,0.255737491294,0.223890581975,0.188128851102,0.158411012862,0.13368365106,0.113371394191,0.095958712434,0.080936610724,0.068016767164,0.056686437641,0.046638298389,0.037796804062
"GCAM 7.1","Reference","Pakistan","Emissions|OC|Energy|Demand|Transportation","Mt OC/yr",0.0081068888,0.0082489428,0.0099395466,0.010971085,0.01081484812,0.0100747544,0.00976777578,0.00896188278,0.00885827698,0.00889578636,0.00915157234,0.009632966,0.0101379643,0.01064997304,0.01114352598,0.01176364124,0.0124476869,0.0131140115,0.0137454091,0.0143929971
"GCAM 7.1","Reference","World","Emissions|OC|Energy|Demand|Transportation","Mt OC/yr",0.0081068888,0.0082489428,0.0099395466,0.010971085,0.01081484812,0.0100747544,0.00976777578,0.00896188278,0.00885827698,0.00889578636,0.00915157234,0.009632966,0.0101379643,0.01064997304,0.01114352598,0.01176364124,0.0124476869,0.0131140115,0.0137454091,0.0143929971
"GCAM 7.1","Reference","Pakistan","Emissions|OC|Energy|Demand|Transportation|Light-Duty Vehicle","Mt OC/yr",0.00106348,0.00136045,0.00156201,0.00185118,0.00185888,0.001736,0.00169069,0.0015392,0.00131195,0.00107504,0.000889247,0.000727792,0.000587187,0.000476663,0.000385449,0.000311266,0.000251975,0.00020485,0.000166934,0.000142187
"GCAM 7.1","Reference","World","Emissions|OC|Energy|Demand|Transportation|Light-Duty Vehicle","Mt OC/yr",0.00106348,0.00136045,0.00156201,0.00185118,0.00185888,0.001736,0.00169069,0.0015392,0.00131195,0.00107504,0.000889247,0.000727792,0.000587187,0.000476663,0.000385449,0.000311266,0.000251975,0.00020485,0.000166934,0.000142187
"GCAM 7.1","Reference","Pakistan","Emissions|OC|Energy|Demand|Transportation|Truck","Mt OC/yr",0.00316077,0.002608852,0.003529364,0.003662076,0.0037307809,0.0035172823,0.0033402931,0.0029333225,0.0030166972,0.0030517159,0.0031005193,0.0032169207,0.0033645818,0.0035019974,0.003604542,0.0036636408,0.0036861453,0.0036852711,0.0036643499,0.0036179639
"GCAM 7.1","Reference","World","Emissions|OC|Energy|Demand|Transportation|Truck","Mt OC/yr",0.00316077,0.002608852,0.003529364,0.003662076,0.0037307809,0.0035172823,0.0033402931,0.0029333225,0.0030166972,0.0030517159,0.0031005193,0.0032169207,0.0033645818,0.0035019974,0.003604542,0.0036636408,0.0036861453,0.0036852711,0.0036643499,0.0036179639
"GCAM 7.1","Reference","Pakistan","Emissions|OC|Energy|Supply","Mt OC/yr",0.00029714789,0.000422158009,0.00281145823,0.00350331246,0.0025850346195,0.0044005573447,0.0065646129348,0.01049206505,0.0150998550075,0.0184857870296,0.0191621266347,0.022711128777,0.026324730451,0.029915784193,0.03351851384,0.036236889385,0.038025823232,0.040133748119,0.041448296616,0.042520592541
"GCAM 7.1","Reference","World","Emissions|OC|Energy|Supply","Mt OC/yr",0.00029714789,0.000422158009,0.00281145823,0.00350331246,0.0025850346195,0.0044005573447,0.0065646129348,0.01049206505,0.0150998550075,0.0184857870296,0.0191621266347,0.022711128777,0.026324730451,0.029915784193,0.03351851384,0.036236889385,0.038025823232,0.040133748119,0.041448296616,0.042520592541
"GCAM 7.1","Reference","Pakistan","Emissions|OC|Energy|Supply|Electricity","Mt OC/yr",0.0001721053,0.000291170719,0.00259266277,0.00339037787,0.0024645395095,0.0042644311047,0.0064163399248,0.01033510004,0.0149350648875,0.0183198324496,0.0189974159907,0.022543782927,0.026160609721,0.029759440473,0.03337257814,0.036103011185,0.037906225932,0.040028306219,0.041355560696,0.042438375821
"GCAM 7.1","Reference","World","Emissions|OC|Energy|Supply|Electricity","Mt OC/yr",0.0001721053,0.000291170719,0.00259266277,0.00339037787,0.0024645395095,0.0042644311047,0.0064163399248,0.01033510004,0.0149350648875,0.0183198324496,0.0189974159907,0.022543782927,0.026160609721,0.029759440473,0.03337257814,0.036103011185,0.037906225932,0.040028306219,0.041355560696,0.042438375821
"GCAM 7.1","Reference","Pakistan","Emissions|OC|Energy|Supply|Fugitive","Mt OC/yr",0.00012504259,0.00013098729,0.00021879546,0.00011293459,0.00012049511,0.00013612624,0.00014827301,0.00015696501,0.00016479012,0.00016595458,0.000164710644,0.00016734585,0.00016412073,0.00015634372,0.0001459357,0.0001338782,0.0001195973,0.0001054419,9.273592e-05,8.221672e-05
"GCAM 7.1","Reference","World","Emissions|OC|Energy|Supply|Fugitive","Mt OC/yr",0.00012504259,0.00013098729,0.00021879546,0.00011293459,0.00012049511,0.00013612624,0.00014827301,0.00015696501,0.00016479012,0.00016595458,0.000164710644,0.00016734585,0.00016412073,0.00015634372,0.0001459357,0.0001338782,0.0001195973,0.0001054419,9.273592e-05,8.221672e-05
"GCAM 7.1","Reference","Pakistan","Emissions|OC|Industrial Processes","Mt OC/yr",1.5040099e-05,1.44076e-05,1.05131614e-05,1.383e-05,1.3936022e-05,1.4513276e-05,1.4648038e-05,1.3832744e-05,1.2317602e-05,1.10817142e-05,9.83018e-06,8.83231363e-06,7.92046008e-06,7.1048821e-06,6.4271948e-06,5.8129344e-06,5.2538197e-06,4.77177568e-06,4.3430716e-06,3.9675814e-06
"GCAM 7.1","Reference","World","Emissions|OC|Industrial Processes","Mt OC/yr",1.5040099e-05,1.44076e-05,1.05131614e-05,1.383e-05,1.3936022e-05,1.4513276e-05,1.4648038e-05,1.3832744e-05,1.2317602e-05,1.10817142e-05,9.83018e-06,8.83231363e-06,7.92046008e-06,7.1048821e-06,6.4271948e-06,5.8129344e-06,5.2538197e-06,4.77177568e-06,4.3430716e-06,3.9675814e-06
"GCAM 7.1","Reference","Pakistan","Emissions|OC|Industrial Processes|Chemicals","Mt OC/yr",1.30838e-05,1.29099e-05,1.04389e-05,1.383e-05,1.3936022e-05,1.4513276e-05,1.4648038e-05,1.3832744e-05,1.2317602e-05,1.10817142e-05,9.83018e-06,8.83231363e-06,7.92046008e-06,7.1048821e-06,6.4271948e-06,5.8129344e-06,5.2538197e-06,4.77177568e-06,4.3430716e-06,3.9675814e-06
"GCAM 7.1","Reference","World","Emissions|OC|Industrial Processes|Chemicals","Mt OC/yr",1.30838e-05,1.29099e-05,1.04389e-05,1.383e-05,1.3936022e-05,1.4513276e-05,1.4648038e-05,1.3832744e-05,1.2317602e-05,1.10817142e-05,9.83018e-06,8.83231363e-06,7.92046008e-06,7.1048821e-06,6.4271948e-06,5.8129344e-06,5.2538197e-06,4.77177568e-06,4.3430716e-06,3.9675814e-06
"GCAM 7.1","Reference","Pakistan","Emissions|OC|Industrial Processes|Chemicals|Ammonia","Mt OC/yr",1.30838e-05,1.29099e-05,1.04389e-05,1.383e-05,1.3936022e-05,1.4513276e-05,1.4648038e-05,1.3832744e-05,1.2317602e-05,1.10817142e-05,9.83018e-06,8.83231363e-06,7.92046008e-06,7.1048821e-06,6.4271948e-06,5.8129344e-06,5.2538197e-06,4.77177568e-06,4.3430716e-06,3.9675814e-06
"GCAM 7.1","Reference","World","Emissions|OC|Industrial Processes|Chemicals|Ammonia","Mt OC/yr",1.30838e-05,1.29099e-05,1.04389e-05,1.383e-05,1.3936022e-05,1.4513276e-05,1.4648038e-05,1.3832744e-05,1.2317602e-05,1.10817142e-05,9.83018e-06,8.83231363e-06,7.92046008e-06,7.1048821e-06,6.4271948e-06,5.8129344e-06,5.2538197e-06,4.77177568e-06,4.3430716e-06,3.9675814e-06
"GCAM 7.1","Reference","Pakistan","Emissions|OC|Industrial Processes|Iron and Steel","Mt OC/yr",1.956299e-06,1.4977e-06,7.42614e-08,0,0,0,0,0,0,0,0,0,0,0,0,0,0,0,0,0
"GCAM 7.1","Reference","World","Emissions|OC|Industrial Processes|Iron and Steel","Mt OC/yr",1.956299e-06,1.4977e-06,7.42614e-08,0,0,0,0,0,0,0,0,0,0,0,0,0,0,0,0,0
"GCAM 7.1","Reference","Pakistan","Emissions|OC|Waste","Mt OC/yr",0.0478274,0.0548253,0.0606543,0.0606543,0.0648746,0.0688504,0.0720693,0.0740277,0.0745677,0.073911,0.072434,0.0761455,0.0794467,0.0823031,0.0846772,0.086567,0.0880793,0.0892978,0.0902433,0.0909539
"GCAM 7.1","Reference","World","Emissions|OC|Waste","Mt OC/yr",0.0478274,0.0548253,0.0606543,0.0606543,0.0648746,0.0688504,0.0720693,0.0740277,0.0745677,0.073911,0.072434,0.0761455,0.0794467,0.0823031,0.0846772,0.086567,0.0880793,0.0892978,0.0902433,0.0909539
"GCAM 7.1","Reference","Pakistan","Emissions|PFC","kt CF4-equiv/yr",5.467e-07,6.23e-07,4.989e-07,0,0,0,0,0,0,0,0,0,0,0,0,0,0,0,0,0
"GCAM 7.1","Reference","World","Emissions|PFC","kt CF4-equiv/yr",5.467e-07,6.23e-07,4.989e-07,0,0,0,0,0,0,0,0,0,0,0,0,0,0,0,0,0
"GCAM 7.1","Reference","Pakistan","Emissions|SF6","kt SF6/yr",0.0191919,0.0214455,0.0170624,0.0239575,0.0255813,0.0346574,0.0431642,0.0555929,0.0681584,0.0816362,0.0905026,0.107699,0.127524,0.148349,0.171139,0.193705,0.215328,0.235658,0.254364,0.271375
"GCAM 7.1","Reference","World","Emissions|SF6","kt SF6/yr",0.0191919,0.0214455,0.0170624,0.0239575,0.0255813,0.0346574,0.0431642,0.0555929,0.0681584,0.0816362,0.0905026,0.107699,0.127524,0.148349,0.171139,0.193705,0.215328,0.235658,0.254364,0.271375
"GCAM 7.1","Reference","Pakistan","Emissions|Sulfur","Mt SO2/yr",1.01866009801585,1.27067130737542,1.33199071224934,2.17628718570193,2.29905817604229,2.84297696797751,3.4530408898451,4.20254437747175,4.96258657130613,5.61082275015599,6.09594100984665,6.69755133860162,7.2671663053858,7.80069923804843,8.27028212007415,8.63283917769599,8.86823977606883,9.05275936769551,9.1707866740909,9.2077027698948
"GCAM 7.1","Reference","World","Emissions|Sulfur","Mt SO2/yr",1.01866009801585,1.27067130737542,1.33199071224934,2.17628718570193,2.29905817604229,2.84297696797751,3.4530408898451,4.20254437747175,4.96258657130613,5.61082275015599,6.09594100984665,6.69755133860162,7.2671663053858,7.80069923804843,8.27028212007415,8.63283917769599,8.86823977606883,9.05275936769551,9.1707866740909,9.2077027698948
"GCAM 7.1","Reference","Pakistan","Emissions|Sulfur|AFOLU","Mt SO2/yr",0.000424362520445,0.000454687538421,0.000475379789187,0.000514736529229,0.000525378974894,0.000554347914909,0.000578023307497,0.000589556487677,0.000583824946171,0.000567846574528,0.000527314683642,0.000494436235833,0.000459776878986,0.000424892978757,0.000393138964556,0.000363435073702,0.000343904678171,0.000345198974068,0.000346236284934,0.000346922099854
"GCAM 7.1","Reference","World","Emissions|Sulfur|AFOLU","Mt SO2/yr",0.000424362520445,0.000454687538421,0.000475379789187,0.000514736529229,0.000525378974894,0.000554347914909,0.000578023307497,0.000589556487677,0.000583824946171,0.000567846574528,0.000527314683642,0.000494436235833,0.000459776878986,0.000424892978757,0.000393138964556,0.000363435073702,0.000343904678171,0.000345198974068,0.000346236284934,0.000346922099854
"GCAM 7.1","Reference","Pakistan","Emissions|Sulfur|AFOLU [NGHGI]","Mt SO2/yr",0.000424362520445,0.000454687538421,0.000475379789187,0.000514736529229,0.000525378974894,0.000554347914909,0.000578023307497,0.000589556487677,0.000583824946171,0.000567846574528,0.000527314683642,0.000494436235833,0.000459776878986,0.000424892978757,0.000393138964556,0.000363435073702,0.000343904678171,0.000345198974068,0.000346236284934,0.000346922099854
"GCAM 7.1","Reference","World","Emissions|Sulfur|AFOLU [NGHGI]","Mt SO2/yr",0.000424362520445,0.000454687538421,0.000475379789187,0.000514736529229,0.000525378974894,0.000554347914909,0.000578023307497,0.000589556487677,0.000583824946171,0.000567846574528,0.000527314683642,0.000494436235833,0.000459776878986,0.000424892978757,0.000393138964556,0.000363435073702,0.000343904678171,0.000345198974068,0.000346236284934,0.000346922099854
"GCAM 7.1","Reference","Pakistan","Emissions|Sulfur|AFOLU|Agricultural Waste Burning","Mt SO2/yr",0.000334459380445,0.000372480488421,0.000403223479187,0.000442600683629,0.000453337006394,0.000482495790509,0.000506354200497,0.000518070543577,0.000512509604071,0.000496697691428,0.000456352523542,0.000423684361233,0.000389218521986,0.000354502210857,0.000322895795356,0.000293314977102,0.000273886670771,0.000275270390568,0.000276381743334,0.000277126789954
"GCAM 7.1","Reference","World","Emissions|Sulfur|AFOLU|Agricultural Waste Burning","Mt SO2/yr",0.000334459380445,0.000372480488421,0.000403223479187,0.000442600683629,0.000453337006394,0.000482495790509,0.000506354200497,0.000518070543577,0.000512509604071,0.000496697691428,0.000456352523542,0.000423684361233,0.000389218521986,0.000354502210857,0.000322895795356,0.000293314977102,0.000273886670771,0.000275270390568,0.000276381743334,0.000277126789954
"GCAM 7.1","Reference","Pakistan","Emissions|Sulfur|AFOLU|Land","Mt SO2/yr",8.990314e-05,8.220705e-05,7.215631e-05,7.21358456e-05,7.20419685e-05,7.18521244e-05,7.1669107e-05,7.14859441e-05,7.13153421e-05,7.11488831e-05,7.09621601e-05,7.07518746e-05,7.0558357e-05,7.03907679e-05,7.02431692e-05,7.01200966e-05,7.00180074e-05,6.99285835e-05,6.98545416e-05,6.97953099e-05
"GCAM 7.1","Reference","World","Emissions|Sulfur|AFOLU|Land","Mt SO2/yr",8.990314e-05,8.220705e-05,7.215631e-05,7.21358456e-05,7.20419685e-05,7.18521244e-05,7.1669107e-05,7.14859441e-05,7.13153421e-05,7.11488831e-05,7.09621601e-05,7.07518746e-05,7.0558357e-05,7.03907679e-05,7.02431692e-05,7.01200966e-05,7.00180074e-05,6.99285835e-05,6.98545416e-05,6.97953099e-05
"GCAM 7.1","Reference","Pakistan","Emissions|Sulfur|AFOLU|Land|Fires","Mt SO2/yr",8.990314e-05,8.220705e-05,7.215631e-05,7.21358456e-05,7.20419685e-05,7.18521244e-05,7.1669107e-05,7.14859441e-05,7.13153421e-05,7.11488831e-05,7.09621601e-05,7.07518746e-05,7.0558357e-05,7.03907679e-05,7.02431692e-05,7.01200966e-05,7.00180074e-05,6.99285835e-05,6.98545416e-05,6.97953099e-05
"GCAM 7.1","Reference","World","Emissions|Sulfur|AFOLU|Land|Fires","Mt SO2/yr",8.990314e-05,8.220705e-05,7.215631e-05,7.21358456e-05,7.20419685e-05,7.18521244e-05,7.1669107e-05,7.14859441e-05,7.13153421e-05,7.11488831e-05,7.09621601e-05,7.07518746e-05,7.0558357e-05,7.03907679e-05,7.02431692e-05,7.01200966e-05,7.00180074e-05,6.99285835e-05,6.98545416e-05,6.97953099e-05
"GCAM 7.1","Reference","Pakistan","Emissions|Sulfur|AFOLU|Land|Fires|Forest Burning","Mt SO2/yr",0,0,0,0,0,0,0,0,0,0,0,0,0,0,0,0,0,0,0,0
"GCAM 7.1","Reference","World","Emissions|Sulfur|AFOLU|Land|Fires|Forest Burning","Mt SO2/yr",0,0,0,0,0,0,0,0,0,0,0,0,0,0,0,0,0,0,0,0
"GCAM 7.1","Reference","Pakistan","Emissions|Sulfur|Energy","Mt SO2/yr",0.9651596600854,1.218078578737,1.285302445703,2.1428202411727,2.2621011946074,2.7987883310926,3.4007327790876,4.14139870236407,4.89233621337996,5.53174389835146,6.00911811252601,6.60444577717999,7.16978686407981,7.70127590453467,8.1705632164246,8.53433540334328,8.77234384256766,8.96017671944345,9.08182650692497,9.12259173961995
"GCAM 7.1","Reference","World","Emissions|Sulfur|Energy","Mt SO2/yr",0.9651596600854,1.218078578737,1.285302445703,2.1428202411727,2.2621011946074,2.7987883310926,3.4007327790876,4.14139870236407,4.89233621337996,5.53174389835146,6.00911811252601,6.60444577717999,7.16978686407981,7.70127590453467,8.1705632164246,8.53433540334328,8.77234384256766,8.96017671944345,9.08182650692497,9.12259173961995
"GCAM 7.1","Reference","Pakistan","Emissions|Sulfur|Energy and Industrial Processes","Mt SO2/yr",0.9653525254954,1.218280389837,1.28542345246015,2.1429770691727,2.2622610870674,2.7989609400626,3.4009145565376,4.14157967098407,4.89250798635996,5.53191014358146,6.00927802516301,6.60460260236579,7.16994139850681,7.70142878506967,8.1707162411096,8.53448871262229,8.77249721139066,8.96033065872145,9.08198102780597,9.12274712779494
"GCAM 7.1","Reference","World","Emissions|Sulfur|Energy and Industrial Processes","Mt SO2/yr",0.9653525254954,1.218280389837,1.28542345246015,2.1429770691727,2.2622610870674,2.7989609400626,3.4009145565376,4.14157967098407,4.89250798635996,5.53191014358146,6.00927802516301,6.60460260236579,7.16994139850681,7.70142878506967,8.1707162411096,8.53448871262229,8.77249721139066,8.96033065872145,9.08198102780597,9.12274712779494
"GCAM 7.1","Reference","Pakistan","Emissions|Sulfur|Energy|Demand","Mt SO2/yr",0.6455863688654,0.616331247377,0.718664539093,1.3677067414557,1.5046047419004,1.8804272992323,2.3243829854432,2.82581205847827,3.34917372799196,3.85890473179766,4.34406659174241,4.77876878342949,5.17480194487371,5.52727890038837,5.8303361604431,6.07651903261759,6.26774234059656,6.40569536163265,6.49828477996397,6.55425095701694
"GCAM 7.1","Reference","World","Emissions|Sulfur|Energy|Demand","Mt SO2/yr",0.6455863688654,0.616331247377,0.718664539093,1.3677067414557,1.5046047419004,1.8804272992323,2.3243829854432,2.82581205847827,3.34917372799196,3.85890473179766,4.34406659174241,4.77876878342949,5.17480194487371,5.52727890038837,5.8303361604431,6.07651903261759,6.26774234059656,6.40569536163265,6.49828477996397,6.55425095701694
"GCAM 7.1","Reference","Pakistan","Emissions|Sulfur|Energy|Demand|AFOFI","Mt SO2/yr",0.00266842,0.0013977,0.000511354,0.00045911,0.000483214,0.0005010472,0.0005040029,0.00049448416,0.0004817078,0.0004554907,0.0004334498,0.0004198884,0.00040542369,0.00038455589,0.00035880463,0.00033011616,0.00030130449,0.00027435348,0.00024907892,0.00022635501
"GCAM 7.1","Reference","World","Emissions|Sulfur|Energy|Demand|AFOFI","Mt SO2/yr",0.00266842,0.0013977,0.000511354,0.00045911,0.000483214,0.0005010472,0.0005040029,0.00049448416,0.0004817078,0.0004554907,0.0004334498,0.0004198884,0.00040542369,0.00038455589,0.00035880463,0.00033011616,0.00030130449,0.00027435348,0.00024907892,0.00022635501
"GCAM 7.1","Reference","Pakistan","Emissions|Sulfur|Energy|Demand|Bunkers","Mt SO2/yr",0.0064976,0.010002528,0.004065334,0.000731786,0.000826968,0.000881528,0.000850579,0.000922982,0.001057853,0.001215703,0.001390889,0.001577524,0.001758244,0.001925408,0.002075944,0.002202328,0.002305874,0.00239217,0.002460126,0.002507655
"GCAM 7.1","Reference","World","Emissions|Sulfur|Energy|Demand|Bunkers","Mt SO2/yr",0.0064976,0.010002528,0.004065334,0.000731786,0.000826968,0.000881528,0.000850579,0.000922982,0.001057853,0.001215703,0.001390889,0.001577524,0.001758244,0.001925408,0.002075944,0.002202328,0.002305874,0.00239217,0.002460126,0.002507655
"GCAM 7.1","Reference","Pakistan","Emissions|Sulfur|Energy|Demand|Bunkers|International Aviation","Mt SO2/yr",0.00083952,0.000779328,0.000748704,0.000450912,0.00046821,0.00053783,0.000609371,0.000736551,0.000882659,0.00104099,0.00120212,0.0013699,0.0015311,0.00167825,0.00180797,0.00191423,0.00199809,0.00206366,0.00211064,0.00214009
"GCAM 7.1","Reference","World","Emissions|Sulfur|Energy|Demand|Bunkers|International Aviation","Mt SO2/yr",0.00083952,0.000779328,0.000748704,0.000450912,0.00046821,0.00053783,0.000609371,0.000736551,0.000882659,0.00104099,0.00120212,0.0013699,0.0015311,0.00167825,0.00180797,0.00191423,0.00199809,0.00206366,0.00211064,0.00214009
"GCAM 7.1","Reference","Pakistan","Emissions|Sulfur|Energy|Demand|Bunkers|International Shipping","Mt SO2/yr",0.00565808,0.0092232,0.00331663,0.000280874,0.000358758,0.000343698,0.000241208,0.000186431,0.000175194,0.000174713,0.000188769,0.000207624,0.000227144,0.000247158,0.000267974,0.000288098,0.000307784,0.00032851,0.000349486,0.000367565
"GCAM 7.1","Reference","World","Emissions|Sulfur|Energy|Demand|Bunkers|International Shipping","Mt SO2/yr",0.00565808,0.0092232,0.00331663,0.000280874,0.000358758,0.000343698,0.000241208,0.000186431,0.000175194,0.000174713,0.000188769,0.000207624,0.000227144,0.000247158,0.000267974,0.000288098,0.000307784,0.00032851,0.000349486,0.000367565
"GCAM 7.1","Reference","Pakistan","Emissions|Sulfur|Energy|Demand|Commercial","Mt SO2/yr",0.01184982662,0.00572745719,0.00809800503,0.00601952577,0.00573475669,0.00697995,0.0086205661,0.01053507,0.0124998251,0.0144191832,0.0157144579,0.0170185467,0.0179309186,0.0182987924,0.0180391839,0.0172395152,0.0160630581,0.0146910371,0.0132246184,0.0118535499
"GCAM 7.1","Reference","World","Emissions|Sulfur|Energy|Demand|Commercial","Mt SO2/yr",0.01184982662,0.00572745719,0.00809800503,0.00601952577,0.00573475669,0.00697995,0.0086205661,0.01053507,0.0124998251,0.0144191832,0.0157144579,0.0170185467,0.0179309186,0.0182987924,0.0180391839,0.0172395152,0.0160630581,0.0146910371,0.0132246184,0.0118535499
"GCAM 7.1","Reference","Pakistan","Emissions|Sulfur|Energy|Demand|Industry","Mt SO2/yr",0.4168552318,0.39087490923,0.466269195834,1.092279721732,1.23778387979,1.631022573099,2.090697480128,2.6120777612096,3.1474236695549,3.6653341245686,4.15037048062391,4.58376493331389,4.97858416813581,5.32978677576857,5.6328985384984,5.88071153575249,6.07482612432996,6.21652320737445,6.31369470433367,6.37428489261834
"GCAM 7.1","Reference","World","Emissions|Sulfur|Energy|Demand|Industry","Mt SO2/yr",0.4168552318,0.39087490923,0.466269195834,1.092279721732,1.23778387979,1.631022573099,2.090697480128,2.6120777612096,3.1474236695549,3.6653341245686,4.15037048062391,4.58376493331389,4.97858416813581,5.32978677576857,5.6328985384984,5.88071153575249,6.07482612432996,6.21652320737445,6.31369470433367,6.37428489261834
"GCAM 7.1","Reference","Pakistan","Emissions|Sulfur|Energy|Demand|Residential","Mt SO2/yr",0.04708289481,0.05552687458,0.06214109527,0.06955097465,0.06160503604,0.05562486731,0.04524557085,0.03641052086,0.02883651687,0.02254146516,0.02085570216,0.0195411112,0.0184892345,0.0176675514,0.01691095373,0.01621976136,0.01559369971,0.01501297893,0.01447301136,0.0140892227
"GCAM 7.1","Reference","World","Emissions|Sulfur|Energy|Demand|Residential","Mt SO2/yr",0.04708289481,0.05552687458,0.06214109527,0.06955097465,0.06160503604,0.05562486731,0.04524557085,0.03641052086,0.02883651687,0.02254146516,0.02085570216,0.0195411112,0.0184892345,0.0176675514,0.01691095373,0.01621976136,0.01559369971,0.01501297893,0.01447301136,0.0140892227
"GCAM 7.1","Reference","Pakistan","Emissions|Sulfur|Energy|Demand|Residential and Commercial","Mt SO2/yr",0.05893272143,0.06125433177,0.0702391003,0.07557050042,0.06733979273,0.06260481731,0.05386613695,0.04694559086,0.04133634197,0.03696064836,0.03657016006,0.0365596579,0.0364201531,0.0359663438,0.03495013763,0.03345927656,0.03165675781,0.02970401603,0.02769762976,0.0259427726
"GCAM 7.1","Reference","World","Emissions|Sulfur|Energy|Demand|Residential and Commercial","Mt SO2/yr",0.05893272143,0.06125433177,0.0702391003,0.07557050042,0.06733979273,0.06260481731,0.05386613695,0.04694559086,0.04133634197,0.03696064836,0.03657016006,0.0365596579,0.0364201531,0.0359663438,0.03495013763,0.03345927656,0.03165675781,0.02970401603,0.02769762976,0.0259427726
"GCAM 7.1","Reference","Pakistan","Emissions|Sulfur|Energy|Demand|Residential and Commercial and AFOFI","Mt SO2/yr",0.06160114143,0.06265203177,0.0707504543,0.07602961042,0.06782300673,0.06310586451,0.05437013985,0.04744007502,0.04181804977,0.03741613906,0.03700360986,0.0369795463,0.03682557679,0.03635089969,0.03530894226,0.03378939272,0.0319580623,0.02997836951,0.02794670868,0.02616912761
"GCAM 7.1","Reference","World","Emissions|Sulfur|Energy|Demand|Residential and Commercial and AFOFI","Mt SO2/yr",0.06160114143,0.06265203177,0.0707504543,0.07602961042,0.06782300673,0.06310586451,0.05437013985,0.04744007502,0.04181804977,0.03741613906,0.03700360986,0.0369795463,0.03682557679,0.03635089969,0.03530894226,0.03378939272,0.0319580623,0.02997836951,0.02794670868,0.02616912761
"GCAM 7.1","Reference","Pakistan","Emissions|Sulfur|Energy|Demand|Transportation","Mt SO2/yr",0.2136056446764,0.208491156919,0.246067640288,0.2967720591577,0.2947096681588,0.2755155527286,0.2651409574934,0.24849628638834,0.24132299803412,0.24015555420712,0.245877145454,0.2516031628972,0.2564027637378,0.2612116659426,0.2643763091849,0.2654121714111,0.2645944555739,0.2623226644739,0.2584835034727,0.254008441424
"GCAM 7.1","Reference","World","Emissions|Sulfur|Energy|Demand|Transportation","Mt SO2/yr",0.2136056446764,0.208491156919,0.246067640288,0.2967720591577,0.2947096681588,0.2755155527286,0.2651409574934,0.24849628638834,0.24132299803412,0.24015555420712,0.245877145454,0.2516031628972,0.2564027637378,0.2612116659426,0.2643763091849,0.2654121714111,0.2645944555739,0.2623226644739,0.2584835034727,0.254008441424
"GCAM 7.1","Reference","Pakistan","Emissions|Sulfur|Energy|Demand|Transportation|Light-Duty Vehicle","Mt SO2/yr",0.0334575965944,0.036655029835,0.04419070963,0.0557295974497,0.055961514602,0.052262121518,0.050898131437,0.046337639109,0.0394961453,0.032364147131,0.026770836063,0.021910221734,0.017677306158,0.014349992917,0.0116039821845,0.0093706928791,0.0075857453593,0.0061670390225,0.0050255834279,0.0042805901532
"GCAM 7.1","Reference","World","Emissions|Sulfur|Energy|Demand|Transportation|Light-Duty Vehicle","Mt SO2/yr",0.0334575965944,0.036655029835,0.04419070963,0.0557295974497,0.055961514602,0.052262121518,0.050898131437,0.046337639109,0.0394961453,0.032364147131,0.026770836063,0.021910221734,0.017677306158,0.014349992917,0.0116039821845,0.0093706928791,0.0075857453593,0.0061670390225,0.0050255834279,0.0042805901532
"GCAM 7.1","Reference","Pakistan","Emissions|Sulfur|Energy|Demand|Transportation|Truck","Mt SO2/yr",0.07420155,0.06045737,0.06490076,0.04482959,0.045670592,0.043056993,0.040890484,0.035908555,0.036929168,0.037357829,0.037955243,0.039380175,0.041187842,0.042869975,0.04412518,0.044848688,0.045124359,0.045113526,0.044857395,0.044289532
"GCAM 7.1","Reference","World","Emissions|Sulfur|Energy|Demand|Transportation|Truck","Mt SO2/yr",0.07420155,0.06045737,0.06490076,0.04482959,0.045670592,0.043056993,0.040890484,0.035908555,0.036929168,0.037357829,0.037955243,0.039380175,0.041187842,0.042869975,0.04412518,0.044848688,0.045124359,0.045113526,0.044857395,0.044289532
"GCAM 7.1","Reference","Pakistan","Emissions|Sulfur|Energy|Supply","Mt SO2/yr",0.31957329122,0.60174733136,0.56663790661,0.775113499717,0.757496452707,0.9183610318603,1.0763497936444,1.3155866438858,1.543162485388,1.6728391665538,1.6650515207836,1.8256769937505,1.9949849192061,2.1739970041463,2.3402270559815,2.4578163707257,2.5046015019711,2.5544813578108,2.583541726961,2.568340782603
"GCAM 7.1","Reference","World","Emissions|Sulfur|Energy|Supply","Mt SO2/yr",0.31957329122,0.60174733136,0.56663790661,0.775113499717,0.757496452707,0.9183610318603,1.0763497936444,1.3155866438858,1.543162485388,1.6728391665538,1.6650515207836,1.8256769937505,1.9949849192061,2.1739970041463,2.3402270559815,2.4578163707257,2.5046015019711,2.5544813578108,2.583541726961,2.568340782603
"GCAM 7.1","Reference","Pakistan","Emissions|Sulfur|Energy|Supply|Electricity","Mt SO2/yr",0.319536771,0.6017090819,0.566574027,0.7750805334,0.75745628185,0.918301573515,1.07626421103,1.31546070953,1.54298129797,1.67258812295,1.66469559829,1.8251719908,1.9943000189,2.173085045,2.3390473328,2.4563042611,2.5026919029,2.5521111426,2.5806530195,2.5648483093
"GCAM 7.1","Reference","World","Emissions|Sulfur|Energy|Supply|Electricity","Mt SO2/yr",0.319536771,0.6017090819,0.566574027,0.7750805334,0.75745628185,0.918301573515,1.07626421103,1.31546070953,1.54298129797,1.67258812295,1.66469559829,1.8251719908,1.9943000189,2.173085045,2.3390473328,2.4563042611,2.5026919029,2.5521111426,2.5806530195,2.5648483093
"GCAM 7.1","Reference","Pakistan","Emissions|Sulfur|Energy|Supply|Fugitive","Mt SO2/yr",3.652022e-05,3.824946e-05,6.387961e-05,3.2966317e-05,3.558778e-05,4.1675728e-05,4.7365828e-05,5.2861517e-05,5.9156449e-05,6.4087536e-05,6.8974001e-05,7.6488693e-05,8.242898e-05,8.6599887e-05,8.944209e-05,9.08919e-05,8.98721e-05,8.756389e-05,8.493374e-05,8.288855e-05
"GCAM 7.1","Reference","World","Emissions|Sulfur|Energy|Supply|Fugitive","Mt SO2/yr",3.652022e-05,3.824946e-05,6.387961e-05,3.2966317e-05,3.558778e-05,4.1675728e-05,4.7365828e-05,5.2861517e-05,5.9156449e-05,6.4087536e-05,6.8974001e-05,7.6488693e-05,8.242898e-05,8.6599887e-05,8.944209e-05,9.08919e-05,8.98721e-05,8.756389e-05,8.493374e-05,8.288855e-05
"GCAM 7.1","Reference","Pakistan","Emissions|Sulfur|Energy|Supply|Hydrogen","Mt SO2/yr",0,0,0,0,1.27552e-07,2.8324313e-06,8.4343214e-06,2.06201588e-05,3.2105735e-05,4.39713058e-05,5.37199456e-05,6.44954816e-05,7.5995047e-05,8.807356e-05,0.00010073761,0.00011501672,0.00013067475,0.00014705027,0.00016420771,0.00018297036
"GCAM 7.1","Reference","World","Emissions|Sulfur|Energy|Supply|Hydrogen","Mt SO2/yr",0,0,0,0,1.27552e-07,2.8324313e-06,8.4343214e-06,2.06201588e-05,3.2105735e-05,4.39713058e-05,5.37199456e-05,6.44954816e-05,7.5995047e-05,8.807356e-05,0.00010073761,0.00011501672,0.00013067475,0.00014705027,0.00016420771,0.00018297036
"GCAM 7.1","Reference","Pakistan","Emissions|Sulfur|Energy|Supply|Liquids","Mt SO2/yr",0,0,0,0,4.455525e-06,1.4950186e-05,2.9782465e-05,5.245268e-05,8.9925234e-05,0.000142984762,0.000233228547,0.0003640187759,0.0005264762791,0.0007372856993,0.0009895434815,0.0013062010057,0.0016890522211,0.0021356010508,0.002639566011,0.003226614393
"GCAM 7.1","Reference","World","Emissions|Sulfur|Energy|Supply|Liquids","Mt SO2/yr",0,0,0,0,4.455525e-06,1.4950186e-05,2.9782465e-05,5.245268e-05,8.9925234e-05,0.000142984762,0.000233228547,0.0003640187759,0.0005264762791,0.0007372856993,0.0009895434815,0.0013062010057,0.0016890522211,0.0021356010508,0.002639566011,0.003226614393
"GCAM 7.1","Reference","Pakistan","Emissions|Sulfur|Industrial Processes","Mt SO2/yr",0.00019286541,0.0002018111,0.00012100675715,0.000156828,0.00015989246,0.00017260897,0.00018177745,0.00018096862,0.00017177298,0.00016624523,0.000159912637,0.0001568251858,0.000154534427,0.000152880535,0.000153024685,0.000153309279,0.000153368823,0.000153939278,0.000154520881,0.000155388175
"GCAM 7.1","Reference","World","Emissions|Sulfur|Industrial Processes","Mt SO2/yr",0.00019286541,0.0002018111,0.00012100675715,0.000156828,0.00015989246,0.00017260897,0.00018177745,0.00018096862,0.00017177298,0.00016624523,0.000159912637,0.0001568251858,0.000154534427,0.000152880535,0.000153024685,0.000153309279,0.000153368823,0.000153939278,0.000154520881,0.000155388175
"GCAM 7.1","Reference","Pakistan","Emissions|Sulfur|Industrial Processes|Chemicals","Mt SO2/yr",0.000130493,0.000147433,0.000120151,0.000156828,0.00015989246,0.00017260897,0.00018177745,0.00018096862,0.00017177298,0.00016624523,0.000159912637,0.0001568251858,0.000154534427,0.000152880535,0.000153024685,0.000153309279,0.000153368823,0.000153939278,0.000154520881,0.000155388175
"GCAM 7.1","Reference","World","Emissions|Sulfur|Industrial Processes|Chemicals","Mt SO2/yr",0.000130493,0.000147433,0.000120151,0.000156828,0.00015989246,0.00017260897,0.00018177745,0.00018096862,0.00017177298,0.00016624523,0.000159912637,0.0001568251858,0.000154534427,0.000152880535,0.000153024685,0.000153309279,0.000153368823,0.000153939278,0.000154520881,0.000155388175
"GCAM 7.1","Reference","Pakistan","Emissions|Sulfur|Industrial Processes|Chemicals|Ammonia","Mt SO2/yr",0.000130493,0.000147433,0.000120151,0.000156828,0.00015989246,0.00017260897,0.00018177745,0.00018096862,0.00017177298,0.00016624523,0.000159912637,0.0001568251858,0.000154534427,0.000152880535,0.000153024685,0.000153309279,0.000153368823,0.000153939278,0.000154520881,0.000155388175
"GCAM 7.1","Reference","World","Emissions|Sulfur|Industrial Processes|Chemicals|Ammonia","Mt SO2/yr",0.000130493,0.000147433,0.000120151,0.000156828,0.00015989246,0.00017260897,0.00018177745,0.00018096862,0.00017177298,0.00016624523,0.000159912637,0.0001568251858,0.000154534427,0.000152880535,0.000153024685,0.000153309279,0.000153368823,0.000153939278,0.000154520881,0.000155388175
"GCAM 7.1","Reference","Pakistan","Emissions|Sulfur|Industrial Processes|Iron and Steel","Mt SO2/yr",6.237241e-05,5.43781e-05,8.5575715e-07,0,0,0,0,0,0,0,0,0,0,0,0,0,0,0,0,0
"GCAM 7.1","Reference","World","Emissions|Sulfur|Industrial Processes|Iron and Steel","Mt SO2/yr",6.237241e-05,5.43781e-05,8.5575715e-07,0,0,0,0,0,0,0,0,0,0,0,0,0,0,0,0,0
"GCAM 7.1","Reference","Pakistan","Emissions|Sulfur|Product Use","Mt SO2/yr",0.0469842,0.0451741,0.0386108,0.0253143,0.0282701,0.0349697,0.0426593,0.0512446,0.0602976,0.0692286,0.077239,0.0838857,0.0886292,0.0912032,0.0917127,0.0903605,0.0876389,0.0842164,0.080509,0.0765957
"GCAM 7.1","Reference","World","Emissions|Sulfur|Product Use","Mt SO2/yr",0.0469842,0.0451741,0.0386108,0.0253143,0.0282701,0.0349697,0.0426593,0.0512446,0.0602976,0.0692286,0.077239,0.0838857,0.0886292,0.0912032,0.0917127,0.0903605,0.0876389,0.0842164,0.080509,0.0765957
"GCAM 7.1","Reference","Pakistan","Emissions|Sulfur|Waste","Mt SO2/yr",0.00589901,0.00676213,0.00748108,0.00748108,0.00800161,0.00849198,0.00888901,0.00913055,0.00919716,0.00911616,0.00889667,0.0085686,0.00813593,0.00764236,0.00746004,0.00762653,0.00775976,0.00786711,0.00795041,0.00801302
"GCAM 7.1","Reference","World","Emissions|Sulfur|Waste","Mt SO2/yr",0.00589901,0.00676213,0.00748108,0.00748108,0.00800161,0.00849198,0.00888901,0.00913055,0.00919716,0.00911616,0.00889667,0.0085686,0.00813593,0.00764236,0.00746004,0.00762653,0.00775976,0.00786711,0.00795041,0.00801302
"GCAM 7.1","Reference","Pakistan","Emissions|VOC","Mt VOC/yr",1.95351545425814,2.22654682687959,2.74537208753256,3.26552534620042,3.33984171586961,3.39995170347686,3.51675404899664,3.65554334754795,3.82556648209216,3.99842503271988,4.14545796037348,4.28620313541623,4.40381875017274,4.49203992407099,4.53823385110402,4.54328997866436,4.55228102423387,4.63635919997974,4.7023539072937,4.75549590153256
"GCAM 7.1","Reference","World","Emissions|VOC","Mt VOC/yr",1.95351545425814,2.22654682687959,2.74537208753256,3.26552534620042,3.33984171586961,3.39995170347686,3.51675404899664,3.65554334754795,3.82556648209216,3.99842503271988,4.14545796037348,4.28620313541623,4.40381875017274,4.49203992407099,4.53823385110402,4.54328997866436,4.55228102423387,4.63635919997974,4.7023539072937,4.75549590153256
"GCAM 7.1","Reference","Pakistan","Emissions|VOC|AFOLU","Mt VOC/yr",0.076009039203137,0.11120440640659,0.150242482323958,0.174658266085417,0.191005656127775,0.218732021863533,0.249004852630415,0.281726583657519,0.316190285695985,0.352080310794109,0.3875578598162,0.423608844796658,0.458616166021693,0.491460698334245,0.521691174424827,0.548605908329693,0.572807150834735,0.595281819114438,0.614942310141051,0.632088853136242
"GCAM 7.1","Reference","World","Emissions|VOC|AFOLU","Mt VOC/yr",0.076009039203137,0.11120440640659,0.150242482323958,0.174658266085417,0.191005656127775,0.218732021863533,0.249004852630415,0.281726583657519,0.316190285695985,0.352080310794109,0.3875578598162,0.423608844796658,0.458616166021693,0.491460698334245,0.521691174424827,0.548605908329693,0.572807150834735,0.595281819114438,0.614942310141051,0.632088853136242
"GCAM 7.1","Reference","Pakistan","Emissions|VOC|AFOLU [NGHGI]","Mt VOC/yr",0.076009039203137,0.11120440640659,0.150242482323958,0.174658266085417,0.191005656127775,0.218732021863533,0.249004852630415,0.281726583657519,0.316190285695985,0.352080310794109,0.3875578598162,0.423608844796658,0.458616166021693,0.491460698334245,0.521691174424827,0.548605908329693,0.572807150834735,0.595281819114438,0.614942310141051,0.632088853136242
"GCAM 7.1","Reference","World","Emissions|VOC|AFOLU [NGHGI]","Mt VOC/yr",0.076009039203137,0.11120440640659,0.150242482323958,0.174658266085417,0.191005656127775,0.218732021863533,0.249004852630415,0.281726583657519,0.316190285695985,0.352080310794109,0.3875578598162,0.423608844796658,0.458616166021693,0.491460698334245,0.521691174424827,0.548605908329693,0.572807150834735,0.595281819114438,0.614942310141051,0.632088853136242
"GCAM 7.1","Reference","Pakistan","Emissions|VOC|AFOLU|Agricultural Waste Burning","Mt VOC/yr",0.018531925143137,0.02063859473659,0.022341984513958,0.024523840685417,0.025118725967775,0.026734381003533,0.028056329680415,0.028705511147519,0.028397457445985,0.027521313104109,0.0252858939492,0.023475816089658,0.021566117721693,0.019642548465245,0.017891305227827,0.016252277504693,0.015175773810735,0.015252457816438,0.015314038774051,0.015355311361242
"GCAM 7.1","Reference","World","Emissions|VOC|AFOLU|Agricultural Waste Burning","Mt VOC/yr",0.018531925143137,0.02063859473659,0.022341984513958,0.024523840685417,0.025118725967775,0.026734381003533,0.028056329680415,0.028705511147519,0.028397457445985,0.027521313104109,0.0252858939492,0.023475816089658,0.021566117721693,0.019642548465245,0.017891305227827,0.016252277504693,0.015175773810735,0.015252457816438,0.015314038774051,0.015355311361242
"GCAM 7.1","Reference","Pakistan","Emissions|VOC|AFOLU|Agriculture","Mt VOC/yr",0.0555941315,0.088846799,0.1263957287,0.1486300834,0.164384546,0.190499215,0.219453914,0.251530283,0.286305597,0.323075238,0.3607921,0.398657548,0.435578603,0.4703502,0.502334997,0.530891326,0.556171201,0.57857105,0.598171504,0.61527801
"GCAM 7.1","Reference","World","Emissions|VOC|AFOLU|Agriculture","Mt VOC/yr",0.0555941315,0.088846799,0.1263957287,0.1486300834,0.164384546,0.190499215,0.219453914,0.251530283,0.286305597,0.323075238,0.3607921,0.398657548,0.435578603,0.4703502,0.502334997,0.530891326,0.556171201,0.57857105,0.598171504,0.61527801
"GCAM 7.1","Reference","Pakistan","Emissions|VOC|AFOLU|Agriculture|Livestock","Mt VOC/yr",0.0555941315,0.088846799,0.1263957287,0.1486300834,0.164384546,0.190499215,0.219453914,0.251530283,0.286305597,0.323075238,0.3607921,0.398657548,0.435578603,0.4703502,0.502334997,0.530891326,0.556171201,0.57857105,0.598171504,0.61527801
"GCAM 7.1","Reference","World","Emissions|VOC|AFOLU|Agriculture|Livestock","Mt VOC/yr",0.0555941315,0.088846799,0.1263957287,0.1486300834,0.164384546,0.190499215,0.219453914,0.251530283,0.286305597,0.323075238,0.3607921,0.398657548,0.435578603,0.4703502,0.502334997,0.530891326,0.556171201,0.57857105,0.598171504,0.61527801
"GCAM 7.1","Reference","Pakistan","Emissions|VOC|AFOLU|Agriculture|Livestock|Enteric Fermentation","Mt VOC/yr",0.0554499923,0.0885785406,0.1259324553,0.1478928754,0.163567097,0.189545585,0.218347114,0.250251626,0.284838686,0.32140798,0.358919055,0.396576779,0.433294,0.467872708,0.499679032,0.528075288,0.553212839,0.575486149,0.594975503,0.611984689
"GCAM 7.1","Reference","World","Emissions|VOC|AFOLU|Agriculture|Livestock|Enteric Fermentation","Mt VOC/yr",0.0554499923,0.0885785406,0.1259324553,0.1478928754,0.163567097,0.189545585,0.218347114,0.250251626,0.284838686,0.32140798,0.358919055,0.396576779,0.433294,0.467872708,0.499679032,0.528075288,0.553212839,0.575486149,0.594975503,0.611984689
"GCAM 7.1","Reference","Pakistan","Emissions|VOC|AFOLU|Land","Mt VOC/yr",0.00188298256,0.00171901267,0.00150476911,0.001504342,0.00150238416,0.00149842586,0.00149460895,0.00149078951,0.00148723125,0.00148375969,0.001479865867,0.001475480707,0.0014714453,0.001467949869,0.001464872197,0.001462304825,0.001460176024,0.001458311298,0.001456767367,0.001455531775
"GCAM 7.1","Reference","World","Emissions|VOC|AFOLU|Land","Mt VOC/yr",0.00188298256,0.00171901267,0.00150476911,0.001504342,0.00150238416,0.00149842586,0.00149460895,0.00149078951,0.00148723125,0.00148375969,0.001479865867,0.001475480707,0.0014714453,0.001467949869,0.001464872197,0.001462304825,0.001460176024,0.001458311298,0.001456767367,0.001455531775
"GCAM 7.1","Reference","Pakistan","Emissions|VOC|AFOLU|Land|Fires","Mt VOC/yr",0.00188298256,0.00171901267,0.00150476911,0.001504342,0.00150238416,0.00149842586,0.00149460895,0.00149078951,0.00148723125,0.00148375969,0.001479865867,0.001475480707,0.0014714453,0.001467949869,0.001464872197,0.001462304825,0.001460176024,0.001458311298,0.001456767367,0.001455531775
"GCAM 7.1","Reference","World","Emissions|VOC|AFOLU|Land|Fires","Mt VOC/yr",0.00188298256,0.00171901267,0.00150476911,0.001504342,0.00150238416,0.00149842586,0.00149460895,0.00149078951,0.00148723125,0.00148375969,0.001479865867,0.001475480707,0.0014714453,0.001467949869,0.001464872197,0.001462304825,0.001460176024,0.001458311298,0.001456767367,0.001455531775
"GCAM 7.1","Reference","Pakistan","Emissions|VOC|AFOLU|Land|Fires|Forest Burning","Mt VOC/yr",0,0,0,0,0,0,0,0,0,0,0,0,0,0,0,0,0,0,0,0
"GCAM 7.1","Reference","World","Emissions|VOC|AFOLU|Land|Fires|Forest Burning","Mt VOC/yr",0,0,0,0,0,0,0,0,0,0,0,0,0,0,0,0,0,0,0,0
"GCAM 7.1","Reference","Pakistan","Emissions|VOC|Energy","Mt VOC/yr",1.532522278205,1.714489194473,2.15045113975,2.604854247115,2.61218848234184,2.54119776871333,2.51192276786622,2.49222518349043,2.49842838159618,2.51017021882577,2.51186870688728,2.52780102055257,2.55037019014105,2.57746917408674,2.5951136113692,2.60152768603467,2.59380411923914,2.5746709000453,2.54607842970265,2.51349394140632
"GCAM 7.1","Reference","World","Emissions|VOC|Energy","Mt VOC/yr",1.532522278205,1.714489194473,2.15045113975,2.604854247115,2.61218848234184,2.54119776871333,2.51192276786622,2.49222518349043,2.49842838159618,2.51017021882577,2.51186870688728,2.52780102055257,2.55037019014105,2.57746917408674,2.5951136113692,2.60152768603467,2.59380411923914,2.5746709000453,2.54607842970265,2.51349394140632
"GCAM 7.1","Reference","Pakistan","Emissions|VOC|Energy and Industrial Processes","Mt VOC/yr",1.535716746055,1.717661847473,2.1522966512086,2.607271447115,2.61465291574184,2.54385820761333,2.51472452236622,2.49501447189043,2.50107593639618,2.51273257492577,2.51433345655728,2.53021818361957,2.55275204515105,2.57982553973674,2.5974721966792,2.60389065633467,2.59616801039914,2.5770435808653,2.54846007715265,2.51588895739632
"GCAM 7.1","Reference","World","Emissions|VOC|Energy and Industrial Processes","Mt VOC/yr",1.535716746055,1.717661847473,2.1522966512086,2.607271447115,2.61465291574184,2.54385820761333,2.51472452236622,2.49501447189043,2.50107593639618,2.51273257492577,2.51433345655728,2.53021818361957,2.55275204515105,2.57982553973674,2.5974721966792,2.60389065633467,2.59616801039914,2.5770435808653,2.54846007715265,2.51588895739632
"GCAM 7.1","Reference","Pakistan","Emissions|VOC|Energy|Demand","Mt VOC/yr",1.427451386455,1.604461403999,2.02248799386,2.437210767415,2.438161307507,2.342781919391,2.293199425885,2.2519076922009,2.2412232457409,2.2482489735557,2.2563935921988,2.2701622467925,2.2888600064972,2.31297049601394,2.33142813179676,2.34041078584537,2.34015681110963,2.32977781590456,2.31012623360468,2.28568567091053
"GCAM 7.1","Reference","World","Emissions|VOC|Energy|Demand","Mt VOC/yr",1.427451386455,1.604461403999,2.02248799386,2.437210767415,2.438161307507,2.342781919391,2.293199425885,2.2519076922009,2.2412232457409,2.2482489735557,2.2563935921988,2.2701622467925,2.2888600064972,2.31297049601394,2.33142813179676,2.34041078584537,2.34015681110963,2.32977781590456,2.31012623360468,2.28568567091053
"GCAM 7.1","Reference","Pakistan","Emissions|VOC|Energy|Demand|AFOFI","Mt VOC/yr",0.001134118,0.00032281,0.000118093,0.0001102194,0.00011600625,0.00012028741,0.00012099672,0.00011871187,0.00011564433,0.00010935046,0.00010405909,0.0001008033,9.73308e-05,9.232094e-05,8.613885e-05,7.92516e-05,7.23346e-05,6.586458e-05,5.979683e-05,5.434142e-05
"GCAM 7.1","Reference","World","Emissions|VOC|Energy|Demand|AFOFI","Mt VOC/yr",0.001134118,0.00032281,0.000118093,0.0001102194,0.00011600625,0.00012028741,0.00012099672,0.00011871187,0.00011564433,0.00010935046,0.00010405909,0.0001008033,9.73308e-05,9.232094e-05,8.613885e-05,7.92516e-05,7.23346e-05,6.586458e-05,5.979683e-05,5.434142e-05
"GCAM 7.1","Reference","Pakistan","Emissions|VOC|Energy|Demand|Bunkers","Mt VOC/yr",0.000754915,0.000993991,0.000599123,0.0002653134,0.0002719568,0.0003006832,0.0003154331,0.0003632118,0.0004265925,0.0004970715,0.0005697555,0.0006457513,0.000718445,0.000784556,0.0008426163,0.0008898498,0.0009268543,0.0009556424,0.000976032,0.0009883268
"GCAM 7.1","Reference","World","Emissions|VOC|Energy|Demand|Bunkers","Mt VOC/yr",0.000754915,0.000993991,0.000599123,0.0002653134,0.0002719568,0.0003006832,0.0003154331,0.0003632118,0.0004265925,0.0004970715,0.0005697555,0.0006457513,0.000718445,0.000784556,0.0008426163,0.0008898498,0.0009268543,0.0009556424,0.000976032,0.0009883268
"GCAM 7.1","Reference","Pakistan","Emissions|VOC|Energy|Demand|Bunkers|International Aviation","Mt VOC/yr",0.000379215,0.000352026,0.000338193,0.000203679,0.000211493,0.00024294,0.000275256,0.000332704,0.000398701,0.000470221,0.000543002,0.000618792,0.000691604,0.000758074,0.000816667,0.000864665,0.000902546,0.000932165,0.000953385,0.000966689
"GCAM 7.1","Reference","World","Emissions|VOC|Energy|Demand|Bunkers|International Aviation","Mt VOC/yr",0.000379215,0.000352026,0.000338193,0.000203679,0.000211493,0.00024294,0.000275256,0.000332704,0.000398701,0.000470221,0.000543002,0.000618792,0.000691604,0.000758074,0.000816667,0.000864665,0.000902546,0.000932165,0.000953385,0.000966689
"GCAM 7.1","Reference","Pakistan","Emissions|VOC|Energy|Demand|Bunkers|International Shipping","Mt VOC/yr",0.0003757,0.000641965,0.00026093,6.16344e-05,6.04638e-05,5.77432e-05,4.01771e-05,3.05078e-05,2.78915e-05,2.68505e-05,2.67535e-05,2.69593e-05,2.6841e-05,2.6482e-05,2.59493e-05,2.51848e-05,2.43083e-05,2.34774e-05,2.2647e-05,2.16378e-05
"GCAM 7.1","Reference","World","Emissions|VOC|Energy|Demand|Bunkers|International Shipping","Mt VOC/yr",0.0003757,0.000641965,0.00026093,6.16344e-05,6.04638e-05,5.77432e-05,4.01771e-05,3.05078e-05,2.78915e-05,2.68505e-05,2.67535e-05,2.69593e-05,2.6841e-05,2.6482e-05,2.59493e-05,2.51848e-05,2.43083e-05,2.34774e-05,2.2647e-05,2.16378e-05
"GCAM 7.1","Reference","Pakistan","Emissions|VOC|Energy|Demand|Commercial","Mt VOC/yr",0.0028810679,0.0033093373,0.0058534257,0.0070094031,0.006680144,0.008130978,0.010041084,0.0122699063,0.0145586612,0.0168011433,0.0183315737,0.0198760423,0.0209681596,0.021428731,0.021162707,0.020269158,0.018937685,0.017376123,0.01570063,0.014131878
"GCAM 7.1","Reference","World","Emissions|VOC|Energy|Demand|Commercial","Mt VOC/yr",0.0028810679,0.0033093373,0.0058534257,0.0070094031,0.006680144,0.008130978,0.010041084,0.0122699063,0.0145586612,0.0168011433,0.0183315737,0.0198760423,0.0209681596,0.021428731,0.021162707,0.020269158,0.018937685,0.017376123,0.01570063,0.014131878
"GCAM 7.1","Reference","Pakistan","Emissions|VOC|Energy|Demand|Industry","Mt VOC/yr",0.155850977,0.1445867259,0.15334620159,0.284236978,0.32422967868,0.4190389717,0.52940416404,0.65326568595,0.779457929429,0.901384541681,1.0143312670065,1.1107269018613,1.1951023561742,1.26694746855094,1.32630614790876,1.37288636519537,1.40764176230763,1.43082604322456,1.44480980258568,1.45167222022553
"GCAM 7.1","Reference","World","Emissions|VOC|Energy|Demand|Industry","Mt VOC/yr",0.155850977,0.1445867259,0.15334620159,0.284236978,0.32422967868,0.4190389717,0.52940416404,0.65326568595,0.779457929429,0.901384541681,1.0143312670065,1.1107269018613,1.1951023561742,1.26694746855094,1.32630614790876,1.37288636519537,1.40764176230763,1.43082604322456,1.44480980258568,1.45167222022553
"GCAM 7.1","Reference","Pakistan","Emissions|VOC|Energy|Demand|Residential","Mt VOC/yr",1.020472103295,1.126284625599,1.236135554212,1.39015578254,1.34744257234,1.206293418406,1.07635786789,0.956775507509,0.84605955252,0.746845971433,0.639599962375,0.550338742235,0.47607810435,0.41560143249,0.36409152789,0.320030911605,0.282691292063,0.250288419845,0.221855958484,0.197641752446
"GCAM 7.1","Reference","World","Emissions|VOC|Energy|Demand|Residential","Mt VOC/yr",1.020472103295,1.126284625599,1.236135554212,1.39015578254,1.34744257234,1.206293418406,1.07635786789,0.956775507509,0.84605955252,0.746845971433,0.639599962375,0.550338742235,0.47607810435,0.41560143249,0.36409152789,0.320030911605,0.282691292063,0.250288419845,0.221855958484,0.197641752446
"GCAM 7.1","Reference","Pakistan","Emissions|VOC|Energy|Demand|Residential and Commercial","Mt VOC/yr",1.023353171195,1.129593962899,1.241988979912,1.39716518564,1.35412271634,1.214424396406,1.08639895189,0.969045413809,0.86061821372,0.763647114733,0.657931536075,0.570214784535,0.49704626395,0.43703016349,0.38525423489,0.340300069605,0.301628977063,0.267664542845,0.237556588484,0.211773630446
"GCAM 7.1","Reference","World","Emissions|VOC|Energy|Demand|Residential and Commercial","Mt VOC/yr",1.023353171195,1.129593962899,1.241988979912,1.39716518564,1.35412271634,1.214424396406,1.08639895189,0.969045413809,0.86061821372,0.763647114733,0.657931536075,0.570214784535,0.49704626395,0.43703016349,0.38525423489,0.340300069605,0.301628977063,0.267664542845,0.237556588484,0.211773630446
"GCAM 7.1","Reference","Pakistan","Emissions|VOC|Energy|Demand|Residential and Commercial and AFOFI","Mt VOC/yr",1.024487289195,1.129916772899,1.242107072912,1.39727540504,1.35423872259,1.214544683816,1.08651994861,0.969164125679,0.86073385805,0.763756465193,0.658035595165,0.570315587835,0.49714359475,0.43712248443,0.38534037374,0.340379321205,0.301701311663,0.267730407425,0.237616385314,0.211827971866
"GCAM 7.1","Reference","World","Emissions|VOC|Energy|Demand|Residential and Commercial and AFOFI","Mt VOC/yr",1.024487289195,1.129916772899,1.242107072912,1.39727540504,1.35423872259,1.214544683816,1.08651994861,0.969164125679,0.86073385805,0.763756465193,0.658035595165,0.570315587835,0.49714359475,0.43712248443,0.38534037374,0.340379321205,0.301701311663,0.267730407425,0.237616385314,0.211827971866
"GCAM 7.1","Reference","Pakistan","Emissions|VOC|Energy|Demand|Transportation","Mt VOC/yr",0.39336891704,0.50474148951,0.955745547508,1.132096259665,1.1358862865,1.05853729055,1.008197990023,0.9487413045878,0.9121992832238,0.9000934722334,0.9194727474226,0.9412644712854,0.964086666893,0.993757843516,1.020250516288,1.040010971034,1.05258006807,1.058471211469,1.056505351339,1.050389599895
"GCAM 7.1","Reference","World","Emissions|VOC|Energy|Demand|Transportation","Mt VOC/yr",0.39336891704,0.50474148951,0.955745547508,1.132096259665,1.1358862865,1.05853729055,1.008197990023,0.9487413045878,0.9121992832238,0.9000934722334,0.9194727474226,0.9412644712854,0.964086666893,0.993757843516,1.020250516288,1.040010971034,1.05258006807,1.058471211469,1.056505351339,1.050389599895
"GCAM 7.1","Reference","Pakistan","Emissions|VOC|Energy|Demand|Transportation|Light-Duty Vehicle","Mt VOC/yr",0.07613039348,0.09185706889,0.173482935208,0.199970682285,0.200802802374,0.1875288508,0.182633920247,0.166269973956,0.1417220173,0.11613003013,0.096060152632,0.078619252307,0.063430543253,0.05149125055,0.041637975408,0.033624410256,0.027219557608,0.022128913241,0.018033074071,0.015359851143
"GCAM 7.1","Reference","World","Emissions|VOC|Energy|Demand|Transportation|Light-Duty Vehicle","Mt VOC/yr",0.07613039348,0.09185706889,0.173482935208,0.199970682285,0.200802802374,0.1875288508,0.182633920247,0.166269973956,0.1417220173,0.11613003013,0.096060152632,0.078619252307,0.063430543253,0.05149125055,0.041637975408,0.033624410256,0.027219557608,0.022128913241,0.018033074071,0.015359851143
"GCAM 7.1","Reference","Pakistan","Emissions|VOC|Energy|Demand|Transportation|Truck","Mt VOC/yr",0.0232171,0.06132927,0.12364271,0.1787992,0.18215281,0.17172902,0.16308785,0.143218059,0.147288431,0.148998288,0.151381049,0.157064288,0.164274011,0.17098288,0.175989496,0.178875118,0.17997414,0.179931321,0.178909602,0.176644853
"GCAM 7.1","Reference","World","Emissions|VOC|Energy|Demand|Transportation|Truck","Mt VOC/yr",0.0232171,0.06132927,0.12364271,0.1787992,0.18215281,0.17172902,0.16308785,0.143218059,0.147288431,0.148998288,0.151381049,0.157064288,0.164274011,0.17098288,0.175989496,0.178875118,0.17997414,0.179931321,0.178909602,0.176644853
"GCAM 7.1","Reference","Pakistan","Emissions|VOC|Energy|Supply","Mt VOC/yr",0.10507089175,0.110027790474,0.12796314589,0.1676434797,0.17402717483484,0.19841584932233,0.21872334198122,0.24031749128953,0.25720513585528,0.26192124527007,0.25547511468848,0.257638773760074,0.261510183643847,0.264498678072801,0.263685479572433,0.261116900189297,0.253647308129504,0.244893084140744,0.235952196097972,0.227808270495788
"GCAM 7.1","Reference","World","Emissions|VOC|Energy|Supply","Mt VOC/yr",0.10507089175,0.110027790474,0.12796314589,0.1676434797,0.17402717483484,0.19841584932233,0.21872334198122,0.24031749128953,0.25720513585528,0.26192124527007,0.25547511468848,0.257638773760074,0.261510183643847,0.264498678072801,0.263685479572433,0.261116900189297,0.253647308129504,0.244893084140744,0.235952196097972,0.227808270495788
"GCAM 7.1","Reference","Pakistan","Emissions|VOC|Energy|Supply|Electricity","Mt VOC/yr",0.00309137175,0.003505550474,0.00386652589,0.0331126997,0.028297563902,0.0317314121994,0.03421224444,0.037213807815,0.037276572222,0.034485236898,0.029121083591,0.02640517001,0.02296367999,0.01988599389,0.01597236205,0.01276376061,0.00969593897,0.00762875048,0.00654062036,0.00619748288
"GCAM 7.1","Reference","World","Emissions|VOC|Energy|Supply|Electricity","Mt VOC/yr",0.00309137175,0.003505550474,0.00386652589,0.0331126997,0.028297563902,0.0317314121994,0.03421224444,0.037213807815,0.037276572222,0.034485236898,0.029121083591,0.02640517001,0.02296367999,0.01988599389,0.01597236205,0.01276376061,0.00969593897,0.00762875048,0.00654062036,0.00619748288
"GCAM 7.1","Reference","Pakistan","Emissions|VOC|Energy|Supply|Fugitive","Mt VOC/yr",0.10197952,0.10652224,0.12409662,0.13453078,0.14572956,0.166684146,0.184510378,0.203102166,0.219926214,0.227432732,0.226349783,0.2312282157,0.23853997,0.244604925,0.247704168,0.248342904,0.243939457,0.237249676,0.229393849,0.221589513
"GCAM 7.1","Reference","World","Emissions|VOC|Energy|Supply|Fugitive","Mt VOC/yr",0.10197952,0.10652224,0.12409662,0.13453078,0.14572956,0.166684146,0.184510378,0.203102166,0.219926214,0.227432732,0.226349783,0.2312282157,0.23853997,0.244604925,0.247704168,0.248342904,0.243939457,0.237249676,0.229393849,0.221589513
"GCAM 7.1","Reference","Pakistan","Emissions|VOC|Energy|Supply|Hydrogen","Mt VOC/yr",0,0,0,0,6.37759e-09,1.4162107e-07,4.2171657e-07,9.9294773e-07,1.45038094e-06,1.84652445e-06,2.08038844e-06,2.28832426e-06,2.4538006e-06,2.5785746e-06,2.665519e-06,2.747375e-06,2.903883e-06,3.267785e-06,3.649058e-06,4.066008e-06
"GCAM 7.1","Reference","World","Emissions|VOC|Energy|Supply|Hydrogen","Mt VOC/yr",0,0,0,0,6.37759e-09,1.4162107e-07,4.2171657e-07,9.9294773e-07,1.45038094e-06,1.84652445e-06,2.08038844e-06,2.28832426e-06,2.4538006e-06,2.5785746e-06,2.665519e-06,2.747375e-06,2.903883e-06,3.267785e-06,3.649058e-06,4.066008e-06
"GCAM 7.1","Reference","Pakistan","Emissions|VOC|Energy|Supply|Liquids","Mt VOC/yr",0,0,0,0,4.455525e-08,1.4950186e-07,2.9782465e-07,5.245268e-07,8.9925234e-07,1.42984762e-06,2.16770904e-06,3.099725814e-06,4.079853247e-06,5.180608201e-06,6.284003433e-06,7.488204297e-06,9.008276504e-06,1.1389875744e-05,1.4077679972e-05,1.7208607788e-05
"GCAM 7.1","Reference","World","Emissions|VOC|Energy|Supply|Liquids","Mt VOC/yr",0,0,0,0,4.455525e-08,1.4950186e-07,2.9782465e-07,5.245268e-07,8.9925234e-07,1.42984762e-06,2.16770904e-06,3.099725814e-06,4.079853247e-06,5.180608201e-06,6.284003433e-06,7.488204297e-06,9.008276504e-06,1.1389875744e-05,1.4077679972e-05,1.7208607788e-05
"GCAM 7.1","Reference","Pakistan","Emissions|VOC|Industrial Processes","Mt VOC/yr",0.00319446785,0.003172653,0.0018455114586,0.0024172,0.0024644334,0.0026604389,0.0028017545,0.0027892884,0.0026475548,0.0025623561,0.00246474967,0.002417163067,0.00238185501,0.00235636565,0.00235858531,0.0023629703,0.00236389116,0.00237268082,0.00238164745,0.00239501599
"GCAM 7.1","Reference","World","Emissions|VOC|Industrial Processes","Mt VOC/yr",0.00319446785,0.003172653,0.0018455114586,0.0024172,0.0024644334,0.0026604389,0.0028017545,0.0027892884,0.0026475548,0.0025623561,0.00246474967,0.002417163067,0.00238185501,0.00235636565,0.00235858531,0.0023629703,0.00236389116,0.00237268082,0.00238164745,0.00239501599
"GCAM 7.1","Reference","Pakistan","Emissions|VOC|Industrial Processes|Chemicals","Mt VOC/yr",0.00214443,0.00224661,0.00183246,0.0024172,0.0024644334,0.0026604389,0.0028017545,0.0027892884,0.0026475548,0.0025623561,0.00246474967,0.002417163067,0.00238185501,0.00235636565,0.00235858531,0.0023629703,0.00236389116,0.00237268082,0.00238164745,0.00239501599
"GCAM 7.1","Reference","World","Emissions|VOC|Industrial Processes|Chemicals","Mt VOC/yr",0.00214443,0.00224661,0.00183246,0.0024172,0.0024644334,0.0026604389,0.0028017545,0.0027892884,0.0026475548,0.0025623561,0.00246474967,0.002417163067,0.00238185501,0.00235636565,0.00235858531,0.0023629703,0.00236389116,0.00237268082,0.00238164745,0.00239501599
"GCAM 7.1","Reference","Pakistan","Emissions|VOC|Industrial Processes|Chemicals|Ammonia","Mt VOC/yr",0.00214443,0.00224661,0.00183246,0.0024172,0.0024644334,0.0026604389,0.0028017545,0.0027892884,0.0026475548,0.0025623561,0.00246474967,0.002417163067,0.00238185501,0.00235636565,0.00235858531,0.0023629703,0.00236389116,0.00237268082,0.00238164745,0.00239501599
"GCAM 7.1","Reference","World","Emissions|VOC|Industrial Processes|Chemicals|Ammonia","Mt VOC/yr",0.00214443,0.00224661,0.00183246,0.0024172,0.0024644334,0.0026604389,0.0028017545,0.0027892884,0.0026475548,0.0025623561,0.00246474967,0.002417163067,0.00238185501,0.00235636565,0.00235858531,0.0023629703,0.00236389116,0.00237268082,0.00238164745,0.00239501599
"GCAM 7.1","Reference","Pakistan","Emissions|VOC|Industrial Processes|Iron and Steel","Mt VOC/yr",0.00105003785,0.000926043,1.30514586e-05,0,0,0,0,0,0,0,0,0,0,0,0,0,0,0,0,0
"GCAM 7.1","Reference","World","Emissions|VOC|Industrial Processes|Iron and Steel","Mt VOC/yr",0.00105003785,0.000926043,1.30514586e-05,0,0,0,0,0,0,0,0,0,0,0,0,0,0,0,0,0
"GCAM 7.1","Reference","Pakistan","Emissions|VOC|Product Use","Mt VOC/yr",0.24542177,0.28731639,0.32005445,0.35895546,0.4008681,0.4958679,0.604906,0.7266452,0.8550156,0.9816559,1.0952436,1.189494,1.2567513,1.2932529,1.3004791,1.2813082,1.2796432,1.3589371,1.4327421,1.5004723
"GCAM 7.1","Reference","World","Emissions|VOC|Product Use","Mt VOC/yr",0.24542177,0.28731639,0.32005445,0.35895546,0.4008681,0.4958679,0.604906,0.7266452,0.8550156,0.9816559,1.0952436,1.189494,1.2567513,1.2932529,1.3004791,1.2813082,1.2796432,1.3589371,1.4327421,1.5004723
"GCAM 7.1","Reference","Pakistan","Emissions|VOC|Waste","Mt VOC/yr",0.096367899,0.110364183,0.122778504,0.124640173,0.133315044,0.141493574,0.148118674,0.152157092,0.15328466,0.151956247,0.148323044,0.142882107,0.135699239,0.127500786,0.11859138,0.109485214,0.103662663,0.1050967,0.10620942,0.107045791
"GCAM 7.1","Reference","World","Emissions|VOC|Waste","Mt VOC/yr",0.096367899,0.110364183,0.122778504,0.124640173,0.133315044,0.141493574,0.148118674,0.152157092,0.15328466,0.151956247,0.148323044,0.142882107,0.135699239,0.127500786,0.11859138,0.109485214,0.103662663,0.1050967,0.10620942,0.107045791
"GCAM 7.1","Reference","Pakistan","Final Energy","EJ/yr",2.7182891039,3.06030819,3.4812996976,4.292282586502,4.4583812541424,4.9681768019337,5.64362238480903,6.46509826939571,7.5022135354906,8.7451252892582,10.18864243381,11.801225455938,13.5076910002489,15.2283137991827,16.9176010549995,18.4890334563784,19.9319761937888,21.2596487724905,22.4696305542603,23.6008706543717
"GCAM 7.1","Reference","World","Final Energy","EJ/yr",2.7182891039,3.06030819,3.4812996976,4.292282586502,4.4583812541424,4.9681768019337,5.64362238480903,6.46509826939571,7.5022135354906,8.7451252892582,10.18864243381,11.801225455938,13.5076910002489,15.2283137991827,16.9176010549995,18.4890334563784,19.9319761937888,21.2596487724905,22.4696305542603,23.6008706543717
"GCAM 7.1","Reference","Pakistan","Final Energy (w/o bunkers)","EJ/yr",2.6740504039,3.01121589,3.4377292976,4.268865886502,4.4338735800424,4.9392550269337,5.60976090046047,6.4224874764158,7.4483057281983,8.6772571468502,10.104204270753,11.696718134236,13.3798431771739,15.0742388986007,16.7344029340815,18.2746300236424,19.6847099724708,20.9778434950085,22.1521578020333,23.2468872279137
"GCAM 7.1","Reference","World","Final Energy (w/o bunkers)","EJ/yr",2.6740504039,3.01121589,3.4377292976,4.268865886502,4.4338735800424,4.9392550269337,5.60976090046047,6.4224874764158,7.4483057281983,8.6772571468502,10.104204270753,11.696718134236,13.3798431771739,15.0742388986007,16.7344029340815,18.2746300236424,19.6847099724708,20.9778434950085,22.1521578020333,23.2468872279137
"GCAM 7.1","Reference","Pakistan","Final Energy|Agriculture","EJ/yr",0.00431155,0.0018,0.000669815,0.000627902,0.0006693040744,0.0007239588467,0.00076855795667,0.0008064977037,0.0008483305213,0.000879237562,0.00092037062,0.000980854107,0.001044273154,0.001094205947,0.001131226498,0.001154570829,0.001168338963,0.001177762879,0.0011814174,0.001183837163
"GCAM 7.1","Reference","World","Final Energy|Agriculture","EJ/yr",0.00431155,0.0018,0.000669815,0.000627902,0.0006693040744,0.0007239588467,0.00076855795667,0.0008064977037,0.0008483305213,0.000879237562,0.00092037062,0.000980854107,0.001044273154,0.001094205947,0.001131226498,0.001154570829,0.001168338963,0.001177762879,0.0011814174,0.001183837163
"GCAM 7.1","Reference","Pakistan","Final Energy|Agriculture|Electricity","EJ/yr",0,0,0,0,5.57503e-07,4.4457e-06,1.3837281e-05,3.0251163e-05,5.1396418e-05,8.671852e-05,0.00011608289,0.00013731352,0.0001513025,0.0001604789,0.000167738,0.0001730403,0.0001769071,0.0001799836,0.0001820381,0.0001837408
"GCAM 7.1","Reference","World","Final Energy|Agriculture|Electricity","EJ/yr",0,0,0,0,5.57503e-07,4.4457e-06,1.3837281e-05,3.0251163e-05,5.1396418e-05,8.671852e-05,0.00011608289,0.00013731352,0.0001513025,0.0001604789,0.000167738,0.0001730403,0.0001769071,0.0001799836,0.0001820381,0.0001837408
"GCAM 7.1","Reference","Pakistan","Final Energy|Agriculture|Hydrogen","EJ/yr",0,0,0,0,1.0487714e-06,7.3535467e-06,1.914517567e-05,3.35373307e-05,4.52708033e-05,5.9068442e-05,7.113253e-05,8.1403287e-05,8.9641454e-05,9.5803447e-05,0.000100761498,0.000104601429,0.000107839463,0.000110883779,0.0001134647,0.000115731563
"GCAM 7.1","Reference","World","Final Energy|Agriculture|Hydrogen","EJ/yr",0,0,0,0,1.0487714e-06,7.3535467e-06,1.914517567e-05,3.35373307e-05,4.52708033e-05,5.9068442e-05,7.113253e-05,8.1403287e-05,8.9641454e-05,9.5803447e-05,0.000100761498,0.000104601429,0.000107839463,0.000110883779,0.0001134647,0.000115731563
"GCAM 7.1","Reference","Pakistan","Final Energy|Agriculture|Liquids","EJ/yr",0.00431155,0.0018,0.000669815,0.000627902,0.0006676978,0.0007121596,0.0007355755,0.00074270921,0.0007516633,0.0007334506,0.0007331552,0.0007621373,0.0008033292,0.0008379236,0.000862727,0.0008769291,0.0008835924,0.0008868955,0.0008859146,0.0008843648
"GCAM 7.1","Reference","World","Final Energy|Agriculture|Liquids","EJ/yr",0.00431155,0.0018,0.000669815,0.000627902,0.0006676978,0.0007121596,0.0007355755,0.00074270921,0.0007516633,0.0007334506,0.0007331552,0.0007621373,0.0008033292,0.0008379236,0.000862727,0.0008769291,0.0008835924,0.0008868955,0.0008859146,0.0008843648
"GCAM 7.1","Reference","Pakistan","Final Energy|Bunkers","EJ/yr",0.0442387,0.0490923,0.0435704,0.0234167,0.0245076741,0.028921775,0.03386148434856,0.04261079297991,0.0539078072923,0.067868142408,0.084438163057,0.104507321702,0.127847823075,0.154074900582,0.183198120918,0.214403432736,0.247266221318,0.281805277482,0.317472752227,0.353983426458
"GCAM 7.1","Reference","World","Final Energy|Bunkers","EJ/yr",0.0442387,0.0490923,0.0435704,0.0234167,0.0245076741,0.028921775,0.03386148434856,0.04261079297991,0.0539078072923,0.067868142408,0.084438163057,0.104507321702,0.127847823075,0.154074900582,0.183198120918,0.214403432736,0.247266221318,0.281805277482,0.317472752227,0.353983426458
"GCAM 7.1","Reference","Pakistan","Final Energy|Bunkers|Electricity","EJ/yr",0,0,0,0,0,0,3.65657e-09,2.006591e-08,1.783353e-07,1.857948e-06,4.489267e-06,9.788202e-06,1.8746075e-05,3.1327382e-05,4.6501618e-05,6.2349536e-05,7.8337618e-05,9.4964582e-05,0.000112327827,0.000130394958
"GCAM 7.1","Reference","World","Final Energy|Bunkers|Electricity","EJ/yr",0,0,0,0,0,0,3.65657e-09,2.006591e-08,1.783353e-07,1.857948e-06,4.489267e-06,9.788202e-06,1.8746075e-05,3.1327382e-05,4.6501618e-05,6.2349536e-05,7.8337618e-05,9.4964582e-05,0.000112327827,0.000130394958
"GCAM 7.1","Reference","Pakistan","Final Energy|Bunkers|Freight","EJ/yr",0.0064436,0.014056,0.0097164,0.0023319,0.0023560741,0.002545075,0.00267838236962,0.00287574513051,0.0031495400883,0.003452147558,0.003753042037,0.004104153072,0.004467181375,0.004835538882,0.005211105518,0.005576308136,0.005932016418,0.006291833382,0.006647745227,0.007001846458
"GCAM 7.1","Reference","World","Final Energy|Bunkers|Freight","EJ/yr",0.0064436,0.014056,0.0097164,0.0023319,0.0023560741,0.002545075,0.00267838236962,0.00287574513051,0.0031495400883,0.003452147558,0.003753042037,0.004104153072,0.004467181375,0.004835538882,0.005211105518,0.005576308136,0.005932016418,0.006291833382,0.006647745227,0.007001846458
"GCAM 7.1","Reference","Pakistan","Final Energy|Bunkers|Hydrogen","EJ/yr",0,0,0,0,0,0,4.069199e-08,1.82914e-07,1.608957e-06,2.008446e-05,4.853379e-05,0.0001029535,0.000191587,0.0003122732,0.0004565493,0.0006052732,0.0007593037,0.0009202529,0.0010881144,0.0012643615
"GCAM 7.1","Reference","World","Final Energy|Bunkers|Hydrogen","EJ/yr",0,0,0,0,0,0,4.069199e-08,1.82914e-07,1.608957e-06,2.008446e-05,4.853379e-05,0.0001029535,0.000191587,0.0003122732,0.0004565493,0.0006052732,0.0007593037,0.0009202529,0.0010881144,0.0012643615
"GCAM 7.1","Reference","Pakistan","Final Energy|Bunkers|International Aviation","EJ/yr",0.0377951,0.0350363,0.033854,0.0210848,0.0221516,0.0263767,0.03118310197894,0.0397350478494,0.050758267204,0.06441599485,0.08068512102,0.10040316863,0.1233806417,0.1492393617,0.1779870154,0.2088271246,0.2413342049,0.2755134441,0.310825007,0.34698158
"GCAM 7.1","Reference","World","Final Energy|Bunkers|International Aviation","EJ/yr",0.0377951,0.0350363,0.033854,0.0210848,0.0221516,0.0263767,0.03118310197894,0.0397350478494,0.050758267204,0.06441599485,0.08068512102,0.10040316863,0.1233806417,0.1492393617,0.1779870154,0.2088271246,0.2413342049,0.2755134441,0.310825007,0.34698158
"GCAM 7.1","Reference","Pakistan","Final Energy|Bunkers|International Aviation|Passenger","EJ/yr",0.0377951,0.0350363,0.033854,0.0210848,0.0221516,0.0263767,0.03118310197894,0.0397350478494,0.050758267204,0.06441599485,0.08068512102,0.10040316863,0.1233806417,0.1492393617,0.1779870154,0.2088271246,0.2413342049,0.2755134441,0.310825007,0.34698158
"GCAM 7.1","Reference","World","Final Energy|Bunkers|International Aviation|Passenger","EJ/yr",0.0377951,0.0350363,0.033854,0.0210848,0.0221516,0.0263767,0.03118310197894,0.0397350478494,0.050758267204,0.06441599485,0.08068512102,0.10040316863,0.1233806417,0.1492393617,0.1779870154,0.2088271246,0.2413342049,0.2755134441,0.310825007,0.34698158
"GCAM 7.1","Reference","Pakistan","Final Energy|Bunkers|International Shipping","EJ/yr",0.0064436,0.014056,0.0097164,0.0023319,0.0023560741,0.002545075,0.00267838236962,0.00287574513051,0.0031495400883,0.003452147558,0.003753042037,0.004104153072,0.004467181375,0.004835538882,0.005211105518,0.005576308136,0.005932016418,0.006291833382,0.006647745227,0.007001846458
"GCAM 7.1","Reference","World","Final Energy|Bunkers|International Shipping","EJ/yr",0.0064436,0.014056,0.0097164,0.0023319,0.0023560741,0.002545075,0.00267838236962,0.00287574513051,0.0031495400883,0.003452147558,0.003753042037,0.004104153072,0.004467181375,0.004835538882,0.005211105518,0.005576308136,0.005932016418,0.006291833382,0.006647745227,0.007001846458
"GCAM 7.1","Reference","Pakistan","Final Energy|Bunkers|International Shipping|Freight","EJ/yr",0.0064436,0.014056,0.0097164,0.0023319,0.0023560741,0.002545075,0.00267838236962,0.00287574513051,0.0031495400883,0.003452147558,0.003753042037,0.004104153072,0.004467181375,0.004835538882,0.005211105518,0.005576308136,0.005932016418,0.006291833382,0.006647745227,0.007001846458
"GCAM 7.1","Reference","World","Final Energy|Bunkers|International Shipping|Freight","EJ/yr",0.0064436,0.014056,0.0097164,0.0023319,0.0023560741,0.002545075,0.00267838236962,0.00287574513051,0.0031495400883,0.003452147558,0.003753042037,0.004104153072,0.004467181375,0.004835538882,0.005211105518,0.005576308136,0.005932016418,0.006291833382,0.006647745227,0.007001846458
"GCAM 7.1","Reference","Pakistan","Final Energy|Bunkers|Liquids","EJ/yr",0.0442387,0.0490923,0.0435704,0.0234167,0.0245076741,0.028921775,0.03386144,0.04261059,0.05390602,0.0678462,0.08438514,0.10439458,0.12763749,0.1537313,0.18269507,0.21373581,0.24642858,0.28079006,0.31627231,0.35258867
"GCAM 7.1","Reference","World","Final Energy|Bunkers|Liquids","EJ/yr",0.0442387,0.0490923,0.0435704,0.0234167,0.0245076741,0.028921775,0.03386144,0.04261059,0.05390602,0.0678462,0.08438514,0.10439458,0.12763749,0.1537313,0.18269507,0.21373581,0.24642858,0.28079006,0.31627231,0.35258867
"GCAM 7.1","Reference","Pakistan","Final Energy|Bunkers|Passenger","EJ/yr",0.0377951,0.0350363,0.033854,0.0210848,0.0221516,0.0263767,0.03118310197894,0.0397350478494,0.050758267204,0.06441599485,0.08068512102,0.10040316863,0.1233806417,0.1492393617,0.1779870154,0.2088271246,0.2413342049,0.2755134441,0.310825007,0.34698158
"GCAM 7.1","Reference","World","Final Energy|Bunkers|Passenger","EJ/yr",0.0377951,0.0350363,0.033854,0.0210848,0.0221516,0.0263767,0.03118310197894,0.0397350478494,0.050758267204,0.06441599485,0.08068512102,0.10040316863,0.1233806417,0.1492393617,0.1779870154,0.2088271246,0.2413342049,0.2755134441,0.310825007,0.34698158
"GCAM 7.1","Reference","Pakistan","Final Energy|Commercial","EJ/yr",0.116007915,0.136890825,0.163478466,0.201937325,0.21568076238,0.2729278018,0.3481730501,0.451913531,0.594167414,0.780292664,1.013955975,1.308374535,1.653739564,2.038488671,2.45569059,2.87563643,3.28720199,3.68420528,4.05300702,4.39827966
"GCAM 7.1","Reference","World","Final Energy|Commercial","EJ/yr",0.116007915,0.136890825,0.163478466,0.201937325,0.21568076238,0.2729278018,0.3481730501,0.451913531,0.594167414,0.780292664,1.013955975,1.308374535,1.653739564,2.038488671,2.45569059,2.87563643,3.28720199,3.68420528,4.05300702,4.39827966
"GCAM 7.1","Reference","Pakistan","Final Energy|Commercial|Electricity","EJ/yr",0.072682785,0.086030985,0.091521196,0.125375435,0.139236126,0.174641606,0.220403321,0.28456629,0.3739373,0.49565904,0.6537529,0.86087462,1.11488679,1.41075147,1.7430141,2.08810407,2.43401515,2.77771018,3.10708843,3.42149731
"GCAM 7.1","Reference","World","Final Energy|Commercial|Electricity","EJ/yr",0.072682785,0.086030985,0.091521196,0.125375435,0.139236126,0.174641606,0.220403321,0.28456629,0.3739373,0.49565904,0.6537529,0.86087462,1.11488679,1.41075147,1.7430141,2.08810407,2.43401515,2.77771018,3.10708843,3.42149731
"GCAM 7.1","Reference","Pakistan","Final Energy|Commercial|Gases","EJ/yr",0.02725092,0.03394842,0.03131127,0.02687409,0.02856129,0.03775889,0.0496799,0.0666073,0.0925821,0.1258096,0.1723125,0.2252208,0.2813078,0.3377413,0.3962766,0.4525476,0.5077872,0.5576169,0.5999082,0.6359087
"GCAM 7.1","Reference","World","Final Energy|Commercial|Gases","EJ/yr",0.02725092,0.03394842,0.03131127,0.02687409,0.02856129,0.03775889,0.0496799,0.0666073,0.0925821,0.1258096,0.1723125,0.2252208,0.2813078,0.3377413,0.3962766,0.4525476,0.5077872,0.5576169,0.5999082,0.6359087
"GCAM 7.1","Reference","Pakistan","Final Energy|Commercial|Hydrogen","EJ/yr",0,0,0,0,8.54638e-06,0.0001460058,0.0003001291,0.000564941,0.001065014,0.001911624,0.002793975,0.003889115,0.005214574,0.006647901,0.00822489,0.00989776,0.01162574,0.0133103,0.01493449,0.01649695
"GCAM 7.1","Reference","World","Final Energy|Commercial|Hydrogen","EJ/yr",0,0,0,0,8.54638e-06,0.0001460058,0.0003001291,0.000564941,0.001065014,0.001911624,0.002793975,0.003889115,0.005214574,0.006647901,0.00822489,0.00989776,0.01162574,0.0133103,0.01493449,0.01649695
"GCAM 7.1","Reference","Pakistan","Final Energy|Commercial|Liquids","EJ/yr",0.01607421,0.01691142,0.040646,0.0496878,0.0478748,0.0603813,0.0777897,0.100175,0.126583,0.1569124,0.1850966,0.21839,0.2523304,0.283348,0.308175,0.325087,0.3337739,0.3355679,0.3310759,0.3243767
"GCAM 7.1","Reference","World","Final Energy|Commercial|Liquids","EJ/yr",0.01607421,0.01691142,0.040646,0.0496878,0.0478748,0.0603813,0.0777897,0.100175,0.126583,0.1569124,0.1850966,0.21839,0.2523304,0.283348,0.308175,0.325087,0.3337739,0.3355679,0.3310759,0.3243767
"GCAM 7.1","Reference","Pakistan","Final Energy|Commercial|Water","EJ/yr",0.051235595,0.060937795,0.065345086,0.086193035,0.086208126,0.094557506,0.103542221,0.11230059,0.118896,0.12457214,0.1265606,0.13084662,0.13593379,0.14126447,0.1477901,0.15447607,0.16034715,0.16657618,0.17274043,0.17868831
"GCAM 7.1","Reference","World","Final Energy|Commercial|Water","EJ/yr",0.051235595,0.060937795,0.065345086,0.086193035,0.086208126,0.094557506,0.103542221,0.11230059,0.118896,0.12457214,0.1265606,0.13084662,0.13593379,0.14126447,0.1477901,0.15447607,0.16034715,0.16657618,0.17274043,0.17868831
"GCAM 7.1","Reference","Pakistan","Final Energy|Commercial|Water|Groundwater Extraction","EJ/yr",0.035368006,0.041584114,0.043858788,0.06231223,0.06274101,0.06868393,0.07467883,0.07995737,0.08297825,0.08473477,0.08291983,0.08258472,0.0822697,0.08191566,0.08240382,0.08313698,0.08367182,0.08437738,0.08507433,0.08571161
"GCAM 7.1","Reference","World","Final Energy|Commercial|Water|Groundwater Extraction","EJ/yr",0.035368006,0.041584114,0.043858788,0.06231223,0.06274101,0.06868393,0.07467883,0.07995737,0.08297825,0.08473477,0.08291983,0.08258472,0.0822697,0.08191566,0.08240382,0.08313698,0.08367182,0.08437738,0.08507433,0.08571161
"GCAM 7.1","Reference","Pakistan","Final Energy|Commercial|Water|Transfer","EJ/yr",0.007112,0.00881461,0.00973411,0.0106768,0.0103372,0.0111069,0.0120318,0.0130109,0.0138257,0.0145798,0.0150762,0.0157222,0.016493,0.017233,0.0179916,0.0186597,0.0190949,0.0196003,0.0200889,0.0205424
"GCAM 7.1","Reference","World","Final Energy|Commercial|Water|Transfer","EJ/yr",0.007112,0.00881461,0.00973411,0.0106768,0.0103372,0.0111069,0.0120318,0.0130109,0.0138257,0.0145798,0.0150762,0.0157222,0.016493,0.017233,0.0179916,0.0186597,0.0190949,0.0196003,0.0200889,0.0205424
"GCAM 7.1","Reference","Pakistan","Final Energy|Electricity","EJ/yr",0.2608839601,0.301210203,0.3526295684,0.4969891295,0.575190142356,0.768249416685,1.01291011569957,1.35129331215761,1.7828165605963,2.300009029928,2.892800806567,3.582806554512,4.349438814667,5.168329227192,6.011540286748,6.826420149566,7.594516328968,8.321576181002,8.997743875737,9.637505007958
"GCAM 7.1","Reference","World","Final Energy|Electricity","EJ/yr",0.2608839601,0.301210203,0.3526295684,0.4969891295,0.575190142356,0.768249416685,1.01291011569957,1.35129331215761,1.7828165605963,2.300009029928,2.892800806567,3.582806554512,4.349438814667,5.168329227192,6.011540286748,6.826420149566,7.594516328968,8.321576181002,8.997743875737,9.637505007958
"GCAM 7.1","Reference","Pakistan","Final Energy|Gases","EJ/yr",0.65867665,0.80130459,0.75987107,0.8845756,0.922048684,1.058415238,1.2099408369,1.3601221729,1.5382323435,1.7507803401,2.0116367381,2.27770670762,2.524123569886,2.736489220502,2.9251312844145,3.0784706203195,3.20804066440543,3.31075331472704,3.3893379072483,3.4551402224914
"GCAM 7.1","Reference","World","Final Energy|Gases","EJ/yr",0.65867665,0.80130459,0.75987107,0.8845756,0.922048684,1.058415238,1.2099408369,1.3601221729,1.5382323435,1.7507803401,2.0116367381,2.27770670762,2.524123569886,2.736489220502,2.9251312844145,3.0784706203195,3.20804066440543,3.31075331472704,3.3893379072483,3.4551402224914
"GCAM 7.1","Reference","Pakistan","Final Energy|Hydrogen","EJ/yr",0,0,0,0,0.0001335128064,0.0040516957067,0.01496254204866,0.0397687056917,0.0675133456453,0.097150730362,0.126365376237,0.157898462472,0.1907988401499,0.2239777264697,0.258215929306,0.293225606194,0.329779832069,0.36834938688,0.408718002438,0.449354082398
"GCAM 7.1","Reference","World","Final Energy|Hydrogen","EJ/yr",0,0,0,0,0.0001335128064,0.0040516957067,0.01496254204866,0.0397687056917,0.0675133456453,0.097150730362,0.126365376237,0.157898462472,0.1907988401499,0.2239777264697,0.258215929306,0.293225606194,0.329779832069,0.36834938688,0.408718002438,0.449354082398
"GCAM 7.1","Reference","Pakistan","Final Energy|Industry","EJ/yr",0.8080597437,0.843902218,0.8942056036,1.216415924502,1.340351254403,1.669998488687,2.0802399577538,2.5701542196221,3.136678674587,3.7890046840882,4.493080330413,5.230105593709,5.9663998450199,6.6594273466537,7.2932580360835,7.8401618066134,8.29707226610783,8.68543430252954,9.0191162876333,9.3060159417507
"GCAM 7.1","Reference","World","Final Energy|Industry","EJ/yr",0.8080597437,0.843902218,0.8942056036,1.216415924502,1.340351254403,1.669998488687,2.0802399577538,2.5701542196221,3.136678674587,3.7890046840882,4.493080330413,5.230105593709,5.9663998450199,6.6594273466537,7.2932580360835,7.8401618066134,8.29707226610783,8.68543430252954,9.0191162876333,9.3060159417507
"GCAM 7.1","Reference","Pakistan","Final Energy|Industry|Chemicals","EJ/yr",0.1367618,0.1319418,0.14746691,0.1756031,0.181171661,0.197709837,0.2127076649,0.2223198629,0.227405346,0.2349494777,0.2401760505,0.24997654442,0.261704949436,0.274858429852,0.2905559235475,0.3074717950884,0.32574354496183,0.34622013682854,0.3679973148453,0.3912761773807
"GCAM 7.1","Reference","World","Final Energy|Industry|Chemicals","EJ/yr",0.1367618,0.1319418,0.14746691,0.1756031,0.181171661,0.197709837,0.2127076649,0.2223198629,0.227405346,0.2349494777,0.2401760505,0.24997654442,0.261704949436,0.274858429852,0.2905559235475,0.3074717950884,0.32574354496183,0.34622013682854,0.3679973148453,0.3912761773807
"GCAM 7.1","Reference","Pakistan","Final Energy|Industry|Chemicals|Ammonia","EJ/yr",0.102311,0.114235,0.119497,0.14262,0.14540662,0.157525303,0.1674531489,0.1706949909,0.167965689,0.1672057047,0.1635418612,0.1629717267,0.162737390556,0.16249431792,0.1635279289,0.16445127235,0.1650771799,0.1662224584,0.1673321597,0.1687259924
"GCAM 7.1","Reference","World","Final Energy|Industry|Chemicals|Ammonia","EJ/yr",0.102311,0.114235,0.119497,0.14262,0.14540662,0.157525303,0.1674531489,0.1706949909,0.167965689,0.1672057047,0.1635418612,0.1629717267,0.162737390556,0.16249431792,0.1635279289,0.16445127235,0.1650771799,0.1662224584,0.1673321597,0.1687259924
"GCAM 7.1","Reference","Pakistan","Final Energy|Industry|Chemicals|Ammonia|Gases","EJ/yr",0.102311,0.114235,0.119497,0.14262,0.14540662,0.157059128,0.1655904999,0.1651897419,0.157059053,0.1519587107,0.1460577182,0.1430362181,0.140735101806,0.13909581852,0.1391776563,0.13942335745,0.13947473,0.139993359,0.140522429,0.141311144
"GCAM 7.1","Reference","World","Final Energy|Industry|Chemicals|Ammonia|Gases","EJ/yr",0.102311,0.114235,0.119497,0.14262,0.14540662,0.157059128,0.1655904999,0.1651897419,0.157059053,0.1519587107,0.1460577182,0.1430362181,0.140735101806,0.13909581852,0.1391776563,0.13942335745,0.13947473,0.139993359,0.140522429,0.141311144
"GCAM 7.1","Reference","Pakistan","Final Energy|Industry|Chemicals|Ammonia|Hydrogen","EJ/yr",0,0,0,0,0,0.000466175,0.001862649,0.005505249,0.010906636,0.015246994,0.017484143,0.0199355086,0.02200228875,0.0233984994,0.0243502726,0.0250279149,0.0256024499,0.0262290994,0.0268097307,0.0274148484
"GCAM 7.1","Reference","World","Final Energy|Industry|Chemicals|Ammonia|Hydrogen","EJ/yr",0,0,0,0,0,0.000466175,0.001862649,0.005505249,0.010906636,0.015246994,0.017484143,0.0199355086,0.02200228875,0.0233984994,0.0243502726,0.0250279149,0.0256024499,0.0262290994,0.0268097307,0.0274148484
"GCAM 7.1","Reference","Pakistan","Final Energy|Industry|Chemicals|Gases","EJ/yr",0.102311,0.114235,0.12691361,0.1509894,0.154522951,0.167323692,0.1770636059,0.1779463239,0.17133355,0.1679259057,0.1639336135,0.16320714762,0.163483084146,0.164592662602,0.1676002875145,0.1709707181195,0.17449208780543,0.17888769252704,0.1836649225483,0.1889670488914
"GCAM 7.1","Reference","World","Final Energy|Industry|Chemicals|Gases","EJ/yr",0.102311,0.114235,0.12691361,0.1509894,0.154522951,0.167323692,0.1770636059,0.1779463239,0.17133355,0.1679259057,0.1639336135,0.16320714762,0.163483084146,0.164592662602,0.1676002875145,0.1709707181195,0.17449208780543,0.17888769252704,0.1836649225483,0.1889670488914
"GCAM 7.1","Reference","Pakistan","Final Energy|Industry|Chemicals|Hydrogen","EJ/yr",0,0,0,0,0,0.000466175,0.001862649,0.005505249,0.010906636,0.015246994,0.018187251,0.0216429426,0.02510612975,0.0281464134,0.0308084686,0.0332852769,0.035957849,0.0390924657,0.04260082842,0.046538501225
"GCAM 7.1","Reference","World","Final Energy|Industry|Chemicals|Hydrogen","EJ/yr",0,0,0,0,0,0.000466175,0.001862649,0.005505249,0.010906636,0.015246994,0.018187251,0.0216429426,0.02510612975,0.0281464134,0.0308084686,0.0332852769,0.035957849,0.0390924657,0.04260082842,0.046538501225
"GCAM 7.1","Reference","Pakistan","Final Energy|Industry|Chemicals|Liquids","EJ/yr",0.0344508,0.0177068,0.0205533,0.0246137,0.02664871,0.02991997,0.03378141,0.03886829,0.04516516,0.051776578,0.058055186,0.0651264542,0.07311573554,0.08211935385,0.092147167433,0.1032158000689,0.1152936081564,0.1282399786015,0.141731563877,0.1557706272643
"GCAM 7.1","Reference","World","Final Energy|Industry|Chemicals|Liquids","EJ/yr",0.0344508,0.0177068,0.0205533,0.0246137,0.02664871,0.02991997,0.03378141,0.03886829,0.04516516,0.051776578,0.058055186,0.0651264542,0.07311573554,0.08211935385,0.092147167433,0.1032158000689,0.1152936081564,0.1282399786015,0.141731563877,0.1557706272643
"GCAM 7.1","Reference","Pakistan","Final Energy|Industry|Chemicals|Other Sector","EJ/yr",0.0344508,0.0177068,0.02796991,0.0329831,0.035765041,0.040184534,0.045254516,0.051624872,0.059439657,0.067743773,0.0766341893,0.08700481772,0.09896755888,0.112364111932,0.1270279946475,0.1430205227384,0.16066636506183,0.17999767842854,0.2006651551453,0.2225501849807
"GCAM 7.1","Reference","World","Final Energy|Industry|Chemicals|Other Sector","EJ/yr",0.0344508,0.0177068,0.02796991,0.0329831,0.035765041,0.040184534,0.045254516,0.051624872,0.059439657,0.067743773,0.0766341893,0.08700481772,0.09896755888,0.112364111932,0.1270279946475,0.1430205227384,0.16066636506183,0.17999767842854,0.2006651551453,0.2225501849807
"GCAM 7.1","Reference","Pakistan","Final Energy|Industry|Chemicals|Other Sector|Gases","EJ/yr",0,0,0.00741661,0.0083694,0.009116331,0.010264564,0.011473106,0.012756582,0.014274497,0.015967195,0.0178758953,0.02017092952,0.02274798234,0.025496844082,0.0284226312145,0.0315473606695,0.03501735780543,0.03889433352704,0.0431424935483,0.0476559048914
"GCAM 7.1","Reference","World","Final Energy|Industry|Chemicals|Other Sector|Gases","EJ/yr",0,0,0.00741661,0.0083694,0.009116331,0.010264564,0.011473106,0.012756582,0.014274497,0.015967195,0.0178758953,0.02017092952,0.02274798234,0.025496844082,0.0284226312145,0.0315473606695,0.03501735780543,0.03889433352704,0.0431424935483,0.0476559048914
"GCAM 7.1","Reference","Pakistan","Final Energy|Industry|Chemicals|Other Sector|Hydrogen","EJ/yr",0,0,0,0,0,0,0,0,0,0,0.000703108,0.001707434,0.003103841,0.004747914,0.006458196,0.008257362,0.0103553991,0.0128633663,0.01579109772,0.019123652825
"GCAM 7.1","Reference","World","Final Energy|Industry|Chemicals|Other Sector|Hydrogen","EJ/yr",0,0,0,0,0,0,0,0,0,0,0.000703108,0.001707434,0.003103841,0.004747914,0.006458196,0.008257362,0.0103553991,0.0128633663,0.01579109772,0.019123652825
"GCAM 7.1","Reference","Pakistan","Final Energy|Industry|Electricity","EJ/yr",0.0605354451,0.062167528,0.0732599224,0.1042820745,0.112959692653,0.164625078585,0.234065659942,0.3362733795587,0.468642000483,0.61255594756,0.77055488399,0.95305890657,1.154990990092,1.36775043791,1.58527704263,1.79480656953,1.99066187085,2.17880944322,2.36079155681,2.5321473262
"GCAM 7.1","Reference","World","Final Energy|Industry|Electricity","EJ/yr",0.0605354451,0.062167528,0.0732599224,0.1042820745,0.112959692653,0.164625078585,0.234065659942,0.3362733795587,0.468642000483,0.61255594756,0.77055488399,0.95305890657,1.154990990092,1.36775043791,1.58527704263,1.79480656953,1.99066187085,2.17880944322,2.36079155681,2.5321473262
"GCAM 7.1","Reference","Pakistan","Final Energy|Industry|Gases","EJ/yr",0.37675168,0.38659404,0.34772215,0.41476244,0.447659431,0.520519388,0.5946485989,0.6542364929,0.7087688055,0.7819922381,0.8662352671,0.95610167762,1.040025490886,1.109252671502,1.1653942504145,1.2041374893195,1.22809786940543,1.24526556072704,1.2599908812483,1.2721726524914
"GCAM 7.1","Reference","World","Final Energy|Industry|Gases","EJ/yr",0.37675168,0.38659404,0.34772215,0.41476244,0.447659431,0.520519388,0.5946485989,0.6542364929,0.7087688055,0.7819922381,0.8662352671,0.95610167762,1.040025490886,1.109252671502,1.1653942504145,1.2041374893195,1.22809786940543,1.24526556072704,1.2599908812483,1.2721726524914
"GCAM 7.1","Reference","Pakistan","Final Energy|Industry|Hydrogen","EJ/yr",0,0,0,0,4.437167e-05,0.00089432216,0.003083255951,0.008108015527,0.015584547955,0.02267369316,0.028778676617,0.035927156485,0.0433118846959,0.0501575718227,0.056461570508,0.062263665565,0.067976027906,0.073961154201,0.080125809338,0.086455038335
"GCAM 7.1","Reference","World","Final Energy|Industry|Hydrogen","EJ/yr",0,0,0,0,4.437167e-05,0.00089432216,0.003083255951,0.008108015527,0.015584547955,0.02267369316,0.028778676617,0.035927156485,0.0433118846959,0.0501575718227,0.056461570508,0.062263665565,0.067976027906,0.073961154201,0.080125809338,0.086455038335
"GCAM 7.1","Reference","Pakistan","Final Energy|Industry|Iron and Steel","EJ/yr",0.0160932167,0.014705148,0.0098782536,0.015413504502,0.01041723023,0.033426534062,0.0822933832608,0.1533718499264,0.246032194509,0.3664843848482,0.507147699746,0.660580778374,0.815502411222,0.959575721464,1.086365927198,1.18882996512,1.26807011936,1.32778943824,1.36812298326,1.39012599058
"GCAM 7.1","Reference","World","Final Energy|Industry|Iron and Steel","EJ/yr",0.0160932167,0.014705148,0.0098782536,0.015413504502,0.01041723023,0.033426534062,0.0822933832608,0.1533718499264,0.246032194509,0.3664843848482,0.507147699746,0.660580778374,0.815502411222,0.959575721464,1.086365927198,1.18882996512,1.26807011936,1.32778943824,1.36812298326,1.39012599058
"GCAM 7.1","Reference","Pakistan","Final Energy|Industry|Iron and Steel|Electricity","EJ/yr",0.0004772151,0.001767228,0.0042932224,0.0083815745,0.00566469845,0.00920228712,0.0138813581,0.02054228789,0.02951247206,0.03995717278,0.05127420157,0.0628137068,0.0737212068,0.0831502272,0.0907736717,0.096233969,0.0997807774,0.1018380534,0.1025322275,0.1020348826
"GCAM 7.1","Reference","World","Final Energy|Industry|Iron and Steel|Electricity","EJ/yr",0.0004772151,0.001767228,0.0042932224,0.0083815745,0.00566469845,0.00920228712,0.0138813581,0.02054228789,0.02951247206,0.03995717278,0.05127420157,0.0628137068,0.0737212068,0.0831502272,0.0907736717,0.096233969,0.0997807774,0.1018380534,0.1025322275,0.1020348826
"GCAM 7.1","Reference","Pakistan","Final Energy|Industry|Iron and Steel|Gases","EJ/yr",2.20508e-05,0.00056671,0.0010047112,0.003418616201,0.00231047194,0.011632171521,0.0325612326804,0.0626101851182,0.1013711998745,0.1516983727341,0.210350701238,0.274755049687,0.339328014711,0.398440555632,0.449963606249,0.49082497256,0.52190924948,0.54555520842,0.56198325988,0.57083237649
"GCAM 7.1","Reference","World","Final Energy|Industry|Iron and Steel|Gases","EJ/yr",2.20508e-05,0.00056671,0.0010047112,0.003418616201,0.00231047194,0.011632171521,0.0325612326804,0.0626101851182,0.1013711998745,0.1516983727341,0.210350701238,0.274755049687,0.339328014711,0.398440555632,0.449963606249,0.49082497256,0.52190924948,0.54555520842,0.56198325988,0.57083237649
"GCAM 7.1","Reference","Pakistan","Final Energy|Industry|Iron and Steel|Hydrogen","EJ/yr",0,0,0,0,0,0.0001311148,0.0005082503,0.0011613418,0.0022057447,0.0038893176,0.0059089437,0.0081224292,0.010370188,0.012475618,0.014390643,0.016015451,0.017364703,0.018492218,0.019395406,0.020055905
"GCAM 7.1","Reference","World","Final Energy|Industry|Iron and Steel|Hydrogen","EJ/yr",0,0,0,0,0,0.0001311148,0.0005082503,0.0011613418,0.0022057447,0.0038893176,0.0059089437,0.0081224292,0.010370188,0.012475618,0.014390643,0.016015451,0.017364703,0.018492218,0.019395406,0.020055905
"GCAM 7.1","Reference","Pakistan","Final Energy|Industry|Iron and Steel|Liquids","EJ/yr",2.20508e-05,0.00056671,0.00152674,0.003098340101,0.00209401454,0.004505374321,0.0088947874804,0.0151685821182,0.0233713868745,0.0336296297341,0.045305681238,0.057850919687,0.070204644711,0.081312315632,0.090789606249,0.09809735256,0.10344731948,0.10731463842,0.10977394988,0.11081296649
"GCAM 7.1","Reference","World","Final Energy|Industry|Iron and Steel|Liquids","EJ/yr",2.20508e-05,0.00056671,0.00152674,0.003098340101,0.00209401454,0.004505374321,0.0088947874804,0.0151685821182,0.0233713868745,0.0336296297341,0.045305681238,0.057850919687,0.070204644711,0.081312315632,0.090789606249,0.09809735256,0.10344731948,0.10731463842,0.10977394988,0.11081296649
"GCAM 7.1","Reference","Pakistan","Final Energy|Industry|Iron and Steel|Solids","EJ/yr",0.0155719,0.0118045,0.00305358,0.0005149737,0.0003480453,0.0079555863,0.0264477547,0.053889453,0.089571391,0.137309892,0.194308172,0.257038673,0.321878357,0.384197005,0.4404484,0.48765822,0.52556807,0.55458932,0.57443814,0.58638986
"GCAM 7.1","Reference","World","Final Energy|Industry|Iron and Steel|Solids","EJ/yr",0.0155719,0.0118045,0.00305358,0.0005149737,0.0003480453,0.0079555863,0.0264477547,0.053889453,0.089571391,0.137309892,0.194308172,0.257038673,0.321878357,0.384197005,0.4404484,0.48765822,0.52556807,0.55458932,0.57443814,0.58638986
"GCAM 7.1","Reference","Pakistan","Final Energy|Industry|Iron and Steel|Solids|Biomass","EJ/yr",0,0,0,0,0,0.00035632,0.001434948,0.003375002,0.0063730519,0.010944826,0.015992297,0.021062526,0.0259587,0.03047915,0.0344867,0.03775177,0.0402745,0.04210462,0.04324928,0.04387041
"GCAM 7.1","Reference","World","Final Energy|Industry|Iron and Steel|Solids|Biomass","EJ/yr",0,0,0,0,0,0.00035632,0.001434948,0.003375002,0.0063730519,0.010944826,0.015992297,0.021062526,0.0259587,0.03047915,0.0344867,0.03775177,0.0402745,0.04210462,0.04324928,0.04387041
"GCAM 7.1","Reference","Pakistan","Final Energy|Industry|Iron and Steel|Solids|Coal","EJ/yr",0.0155719,0.0118045,0.00305358,0.0005149737,0.0003480453,0.0075992663,0.0250128067,0.050514451,0.0831983391,0.126365066,0.178315875,0.235976147,0.295919657,0.353717855,0.4059617,0.44990645,0.48529357,0.5124847,0.53118886,0.54251945
"GCAM 7.1","Reference","World","Final Energy|Industry|Iron and Steel|Solids|Coal","EJ/yr",0.0155719,0.0118045,0.00305358,0.0005149737,0.0003480453,0.0075992663,0.0250128067,0.050514451,0.0831983391,0.126365066,0.178315875,0.235976147,0.295919657,0.353717855,0.4059617,0.44990645,0.48529357,0.5124847,0.53118886,0.54251945
"GCAM 7.1","Reference","Pakistan","Final Energy|Industry|Liquids","EJ/yr",0.0716023216,0.05858485,0.0856031512,0.071106236302,0.07156214878,0.096493971042,0.1367602547608,0.1901953970364,0.256008881949,0.3365871114682,0.424680205776,0.520872998674,0.616482947232,0.704564958029,0.782984077541,0.8473256059589,0.8984038170364,0.9400295253215,0.972411584497,0.9954863199243
"GCAM 7.1","Reference","World","Final Energy|Industry|Liquids","EJ/yr",0.0716023216,0.05858485,0.0856031512,0.071106236302,0.07156214878,0.096493971042,0.1367602547608,0.1901953970364,0.256008881949,0.3365871114682,0.424680205776,0.520872998674,0.616482947232,0.704564958029,0.782984077541,0.8473256059589,0.8984038170364,0.9400295253215,0.972411584497,0.9954863199243
"GCAM 7.1","Reference","Pakistan","Final Energy|Industry|Non-Metallic Minerals","EJ/yr",0.073380587,0.13587524,0.13587524,0.13587524,0.152255207,0.2042943222,0.26455704146,0.33254260861,0.40217070154,0.46867490548,0.530467328138,0.587154589419,0.6389746525699,0.6848975561447,0.724851103036,0.757527387,0.783370302746,0.803075425567,0.817366240893,0.82684122232
"GCAM 7.1","Reference","World","Final Energy|Industry|Non-Metallic Minerals","EJ/yr",0.073380587,0.13587524,0.13587524,0.13587524,0.152255207,0.2042943222,0.26455704146,0.33254260861,0.40217070154,0.46867490548,0.530467328138,0.587154589419,0.6389746525699,0.6848975561447,0.724851103036,0.757527387,0.783370302746,0.803075425567,0.817366240893,0.82684122232
"GCAM 7.1","Reference","Pakistan","Final Energy|Industry|Non-Metallic Minerals|Cement","EJ/yr",0.073380587,0.13587524,0.13587524,0.13587524,0.152255207,0.2042943222,0.26455704146,0.33254260861,0.40217070154,0.46867490548,0.530467328138,0.587154589419,0.6389746525699,0.6848975561447,0.724851103036,0.757527387,0.783370302746,0.803075425567,0.817366240893,0.82684122232
"GCAM 7.1","Reference","World","Final Energy|Industry|Non-Metallic Minerals|Cement","EJ/yr",0.073380587,0.13587524,0.13587524,0.13587524,0.152255207,0.2042943222,0.26455704146,0.33254260861,0.40217070154,0.46867490548,0.530467328138,0.587154589419,0.6389746525699,0.6848975561447,0.724851103036,0.757527387,0.783370302746,0.803075425567,0.817366240893,0.82684122232
"GCAM 7.1","Reference","Pakistan","Final Energy|Industry|Non-Metallic Minerals|Cement|Electricity","EJ/yr",0.00799443,0.0150483,0.0150483,0.0150483,0.01694285,0.02304901,0.03029972,0.03883358,0.04788965,0.056598998,0.0648364944,0.0726893899,0.0801928735,0.0871688625,0.093534853,0.09911172,0.103962306,0.108152808,0.111732674,0.114745437
"GCAM 7.1","Reference","World","Final Energy|Industry|Non-Metallic Minerals|Cement|Electricity","EJ/yr",0.00799443,0.0150483,0.0150483,0.0150483,0.01694285,0.02304901,0.03029972,0.03883358,0.04788965,0.056598998,0.0648364944,0.0726893899,0.0801928735,0.0871688625,0.093534853,0.09911172,0.103962306,0.108152808,0.111732674,0.114745437
"GCAM 7.1","Reference","Pakistan","Final Energy|Industry|Non-Metallic Minerals|Cement|Gases","EJ/yr",0.00523088,0.00966614,0.00966614,0.00966614,0.01079687,0.0139413,0.01709723,0.019685,0.021921462,0.024018082,0.0260668,0.0278791092,0.0291840411,0.0298719247,0.0302015809,0.0300316236,0.0295388113,0.0290050246,0.0285160812,0.0279184762
"GCAM 7.1","Reference","World","Final Energy|Industry|Non-Metallic Minerals|Cement|Gases","EJ/yr",0.00523088,0.00966614,0.00966614,0.00966614,0.01079687,0.0139413,0.01709723,0.019685,0.021921462,0.024018082,0.0260668,0.0278791092,0.0291840411,0.0298719247,0.0302015809,0.0300316236,0.0295388113,0.0290050246,0.0285160812,0.0279184762
"GCAM 7.1","Reference","Pakistan","Final Energy|Industry|Non-Metallic Minerals|Cement|Hydrogen","EJ/yr",0,0,0,0,0,8.61132e-05,0.00021851146,0.00044851661,0.00072653154,0.00089738198,0.000963466538,0.001093872299,0.0011981697499,0.0012240618547,0.001224463536,0.0012189923,0.001228061246,0.001244341967,0.001252437993,0.00123724272
"GCAM 7.1","Reference","World","Final Energy|Industry|Non-Metallic Minerals|Cement|Hydrogen","EJ/yr",0,0,0,0,0,8.61132e-05,0.00021851146,0.00044851661,0.00072653154,0.00089738198,0.000963466538,0.001093872299,0.0011981697499,0.0012240618547,0.001224463536,0.0012189923,0.001228061246,0.001244341967,0.001252437993,0.00123724272
"GCAM 7.1","Reference","Pakistan","Final Energy|Industry|Non-Metallic Minerals|Cement|Liquids","EJ/yr",0.00588478,0.0108744,0.0108744,0.0108744,0.00864801,0.0122037,0.015708542,0.019354482,0.022566399,0.024813634,0.0252665302,0.02663168788,0.027328937,0.0274508135,0.0273236595,0.0265952668,0.0254087723,0.0243973676,0.0233173872,0.0220613423
"GCAM 7.1","Reference","World","Final Energy|Industry|Non-Metallic Minerals|Cement|Liquids","EJ/yr",0.00588478,0.0108744,0.0108744,0.0108744,0.00864801,0.0122037,0.015708542,0.019354482,0.022566399,0.024813634,0.0252665302,0.02663168788,0.027328937,0.0274508135,0.0273236595,0.0265952668,0.0254087723,0.0243973676,0.0233173872,0.0220613423
"GCAM 7.1","Reference","Pakistan","Final Energy|Industry|Non-Metallic Minerals|Cement|Solids","EJ/yr",0.054270497,0.1002864,0.1002864,0.1002864,0.115867477,0.155014199,0.201233038,0.25422103,0.309066659,0.3623468095,0.413334037,0.45886053014,0.50107063122,0.53918189359,0.5725665461,0.6005697843,0.6232323519,0.6402758834,0.6525476605,0.6608787241
"GCAM 7.1","Reference","World","Final Energy|Industry|Non-Metallic Minerals|Cement|Solids","EJ/yr",0.054270497,0.1002864,0.1002864,0.1002864,0.115867477,0.155014199,0.201233038,0.25422103,0.309066659,0.3623468095,0.413334037,0.45886053014,0.50107063122,0.53918189359,0.5725665461,0.6005697843,0.6232323519,0.6402758834,0.6525476605,0.6608787241
"GCAM 7.1","Reference","Pakistan","Final Energy|Industry|Non-Metallic Minerals|Cement|Solids|Biomass","EJ/yr",0.000653897,0.0012083,0.0012083,0.0012083,0.001406577,0.001935899,0.002570838,0.00331553,0.004087599,0.0047785195,0.005323364,0.00570730714,0.00596687222,0.00612789759,0.0062334151,0.0062900343,0.0063016419,0.0062717334,0.0062127705,0.0061378341
"GCAM 7.1","Reference","World","Final Energy|Industry|Non-Metallic Minerals|Cement|Solids|Biomass","EJ/yr",0.000653897,0.0012083,0.0012083,0.0012083,0.001406577,0.001935899,0.002570838,0.00331553,0.004087599,0.0047785195,0.005323364,0.00570730714,0.00596687222,0.00612789759,0.0062334151,0.0062900343,0.0063016419,0.0062717334,0.0062127705,0.0061378341
"GCAM 7.1","Reference","Pakistan","Final Energy|Industry|Non-Metallic Minerals|Cement|Solids|Coal","EJ/yr",0.0536166,0.0990781,0.0990781,0.0990781,0.1144609,0.1530783,0.1986622,0.2509055,0.30497906,0.35756829,0.408010673,0.453153223,0.495103759,0.533053996,0.566333131,0.59427975,0.61693071,0.63400415,0.64633489,0.65474089
"GCAM 7.1","Reference","World","Final Energy|Industry|Non-Metallic Minerals|Cement|Solids|Coal","EJ/yr",0.0536166,0.0990781,0.0990781,0.0990781,0.1144609,0.1530783,0.1986622,0.2509055,0.30497906,0.35756829,0.408010673,0.453153223,0.495103759,0.533053996,0.566333131,0.59427975,0.61693071,0.63400415,0.64633489,0.65474089
"GCAM 7.1","Reference","Pakistan","Final Energy|Industry|Other Sector","EJ/yr",0.58182414,0.56138003,0.6009852,0.88952408,0.996507156173,1.234567795425,1.520681868133,1.8619198981857,2.261070432538,2.71889591606,3.215289252029,3.732393681496,4.250217831792,4.740095639193,5.191485082302,5.586332659405,5.91988829904,6.208349301894,6.465629748635,6.69777255147
"GCAM 7.1","Reference","World","Final Energy|Industry|Other Sector","EJ/yr",0.58182414,0.56138003,0.6009852,0.88952408,0.996507156173,1.234567795425,1.520681868133,1.8619198981857,2.261070432538,2.71889591606,3.215289252029,3.732393681496,4.250217831792,4.740095639193,5.191485082302,5.586332659405,5.91988829904,6.208349301894,6.465629748635,6.69777255147
"GCAM 7.1","Reference","Pakistan","Final Energy|Industry|Other Sector|Electricity","EJ/yr",0.0520638,0.045352,0.0539184,0.0808522,0.090352144203,0.132373781465,0.189884581842,0.2768975116687,0.391239878423,0.51599977678,0.65444418802,0.81755580987,1.001076909792,1.19743134821,1.40096851793,1.59946088053,1.78691878745,1.96881858182,2.14652665531,2.3153670066
"GCAM 7.1","Reference","World","Final Energy|Industry|Other Sector|Electricity","EJ/yr",0.0520638,0.045352,0.0539184,0.0808522,0.090352144203,0.132373781465,0.189884581842,0.2768975116687,0.391239878423,0.51599977678,0.65444418802,0.81755580987,1.001076909792,1.19743134821,1.40096851793,1.59946088053,1.78691878745,1.96881858182,2.14652665531,2.3153670066
"GCAM 7.1","Reference","Pakistan","Final Energy|Industry|Other Sector|Gases","EJ/yr",0.2692098,0.2626929,0.2111424,0.2541069,0.28233961,0.339254396,0.400487763,0.456605169,0.5155137935,0.5900482504,0.6762348536,0.7650154208,0.84735836564,0.9147880842,0.967592382,1.0031351476,1.0240669703,1.0373728436,1.0478098775,1.0552871274
"GCAM 7.1","Reference","World","Final Energy|Industry|Other Sector|Gases","EJ/yr",0.2692098,0.2626929,0.2111424,0.2541069,0.28233961,0.339254396,0.400487763,0.456605169,0.5155137935,0.5900482504,0.6762348536,0.7650154208,0.84735836564,0.9147880842,0.967592382,1.0031351476,1.0240669703,1.0373728436,1.0478098775,1.0552871274
"GCAM 7.1","Reference","Pakistan","Final Energy|Industry|Other Sector|Hydrogen","EJ/yr",0,0,0,0,4.437167e-05,0.00021091916,0.000493845191,0.000992908117,0.001745635715,0.00263999958,0.003719015379,0.005067912386,0.006637397196,0.008311478568,0.010037995372,0.011743945365,0.01342541466,0.015132128534,0.016877136925,0.01862338939
"GCAM 7.1","Reference","World","Final Energy|Industry|Other Sector|Hydrogen","EJ/yr",0,0,0,0,4.437167e-05,0.00021091916,0.000493845191,0.000992908117,0.001745635715,0.00263999958,0.003719015379,0.005067912386,0.006637397196,0.008311478568,0.010037995372,0.011743945365,0.01342541466,0.015132128534,0.016877136925,0.01862338939
"GCAM 7.1","Reference","Pakistan","Final Energy|Industry|Other Sector|Liquids","EJ/yr",0.03122264,0.02887023,0.051644,0.02910118,0.0318609423,0.0382327552,0.0458142826,0.0541938578,0.0635347362,0.074668897,0.0857021071,0.09650888722,0.10650561527,0.115241919415,0.12276003811,0.12859221397,0.13234486762,0.13452233228,0.13560542366,0.13600900738
"GCAM 7.1","Reference","World","Final Energy|Industry|Other Sector|Liquids","EJ/yr",0.03122264,0.02887023,0.051644,0.02910118,0.0318609423,0.0382327552,0.0458142826,0.0541938578,0.0635347362,0.074668897,0.0857021071,0.09650888722,0.10650561527,0.115241919415,0.12276003811,0.12859221397,0.13234486762,0.13452233228,0.13560542366,0.13600900738
"GCAM 7.1","Reference","Pakistan","Final Energy|Industry|Other Sector|Solids","EJ/yr",0.2293279,0.2244649,0.2842804,0.5254638,0.591910088,0.7244959436,0.8840013955,1.0732304516,1.2890363887,1.5355389923,1.79518908793,2.04824565122,2.288639543894,2.5043228088,2.69012614889,2.84340047194,2.96313225901,3.05250341566,3.11881065524,3.1724860207
"GCAM 7.1","Reference","World","Final Energy|Industry|Other Sector|Solids","EJ/yr",0.2293279,0.2244649,0.2842804,0.5254638,0.591910088,0.7244959436,0.8840013955,1.0732304516,1.2890363887,1.5355389923,1.79518908793,2.04824565122,2.288639543894,2.5043228088,2.69012614889,2.84340047194,2.96313225901,3.05250341566,3.11881065524,3.1724860207
"GCAM 7.1","Reference","Pakistan","Final Energy|Industry|Other Sector|Solids|Biomass","EJ/yr",0.1456449,0.1625068,0.1807549,0.2042397,0.229410418,0.2798398408,0.3397161683,0.408946887,0.4859722686,0.571558409,0.6556114243,0.73060033483,0.794600775467,0.84568179807,0.88585996114,0.91543066556,0.93466623861,0.94533206216,0.95023802104,0.9526106491
"GCAM 7.1","Reference","World","Final Energy|Industry|Other Sector|Solids|Biomass","EJ/yr",0.1456449,0.1625068,0.1807549,0.2042397,0.229410418,0.2798398408,0.3397161683,0.408946887,0.4859722686,0.571558409,0.6556114243,0.73060033483,0.794600775467,0.84568179807,0.88585996114,0.91543066556,0.93466623861,0.94533206216,0.95023802104,0.9526106491
"GCAM 7.1","Reference","Pakistan","Final Energy|Industry|Other Sector|Solids|Coal","EJ/yr",0.083683,0.0619581,0.1035255,0.3212241,0.36249967,0.4446561028,0.5442852272,0.6642835646,0.8030641201,0.9639805833,1.13957766363,1.31764531639,1.494038768427,1.65864101073,1.80426618775,1.92796980638,2.0284660204,2.1071713535,2.1685726342,2.2198753716
"GCAM 7.1","Reference","World","Final Energy|Industry|Other Sector|Solids|Coal","EJ/yr",0.083683,0.0619581,0.1035255,0.3212241,0.36249967,0.4446561028,0.5442852272,0.6642835646,0.8030641201,0.9639805833,1.13957766363,1.31764531639,1.494038768427,1.65864101073,1.80426618775,1.92796980638,2.0284660204,2.1071713535,2.1685726342,2.2198753716
"GCAM 7.1","Reference","Pakistan","Final Energy|Industry|Solids","EJ/yr",0.299170297,0.3365558,0.38762038,0.6262651737,0.7081256103,0.8874657289,1.1116821882,1.3813409346,1.6876744387,2.0351956938,2.40283129693,2.76414485436,3.111588532114,3.42770170739,3.70314109499,3.93162847624,4.11193268091,4.24736861906,4.34579645574,4.4197546048
"GCAM 7.1","Reference","World","Final Energy|Industry|Solids","EJ/yr",0.299170297,0.3365558,0.38762038,0.6262651737,0.7081256103,0.8874657289,1.1116821882,1.3813409346,1.6876744387,2.0351956938,2.40283129693,2.76414485436,3.111588532114,3.42770170739,3.70314109499,3.93162847624,4.11193268091,4.24736861906,4.34579645574,4.4197546048
"GCAM 7.1","Reference","Pakistan","Final Energy|Industry|Solids|Biomass","EJ/yr",0.146298797,0.1637151,0.1819632,0.205448,0.230816995,0.2821320598,0.3437219543,0.415637419,0.4964329195,0.5872817545,0.6769270853,0.75737016797,0.826526347687,0.88228884566,0.92658007624,0.95947246986,0.98124238051,0.99370841556,0.99970007154,1.0026188932
"GCAM 7.1","Reference","World","Final Energy|Industry|Solids|Biomass","EJ/yr",0.146298797,0.1637151,0.1819632,0.205448,0.230816995,0.2821320598,0.3437219543,0.415637419,0.4964329195,0.5872817545,0.6769270853,0.75737016797,0.826526347687,0.88228884566,0.92658007624,0.95947246986,0.98124238051,0.99370841556,0.99970007154,1.0026188932
"GCAM 7.1","Reference","Pakistan","Final Energy|Industry|Solids|Coal","EJ/yr",0.1528715,0.1728407,0.20565718,0.4208171737,0.4773086153,0.6053336691,0.7679602339,0.9657035156,1.1912415192,1.4479139393,1.72590421163,2.00677468639,2.285062184427,2.54541286173,2.77656101875,2.97215600638,3.1306903004,3.2536602035,3.3460963842,3.4171357116
"GCAM 7.1","Reference","World","Final Energy|Industry|Solids|Coal","EJ/yr",0.1528715,0.1728407,0.20565718,0.4208171737,0.4773086153,0.6053336691,0.7679602339,0.9657035156,1.1912415192,1.4479139393,1.72590421163,2.00677468639,2.285062184427,2.54541286173,2.77656101875,2.97215600638,3.1306903004,3.2536602035,3.3460963842,3.4171357116
"GCAM 7.1","Reference","Pakistan","Final Energy|Liquids","EJ/yr",0.5099048578,0.513538268,0.7499935662,0.894156674302,0.94429087068,1.078382556642,1.2374777499608,1.3825663860464,1.575859157049,1.8027808860682,2.073834143976,2.403747308974,2.772522510432,3.157507345629,3.543651749541,3.9158575140589,4.2705663734364,4.6157757138215,4.949266034097,5.2720944907243
"GCAM 7.1","Reference","World","Final Energy|Liquids","EJ/yr",0.5099048578,0.513538268,0.7499935662,0.894156674302,0.94429087068,1.078382556642,1.2374777499608,1.3825663860464,1.575859157049,1.8027808860682,2.073834143976,2.403747308974,2.772522510432,3.157507345629,3.543651749541,3.9158575140589,4.2705663734364,4.6157757138215,4.949266034097,5.2720944907243
"GCAM 7.1","Reference","Pakistan","Final Energy|Non-Energy Use","EJ/yr",0.0871589,0.0811717,0.09071841,0.11436282,0.12384963,0.14051832,0.15981123,0.1830625,0.2113052,0.2443429,0.2821828,0.3259587,0.3748978,0.4278812,0.4840593,0.5420183,0.6012578,0.6621902,0.7245553,0.7871401
"GCAM 7.1","Reference","World","Final Energy|Non-Energy Use","EJ/yr",0.0871589,0.0811717,0.09071841,0.11436282,0.12384963,0.14051832,0.15981123,0.1830625,0.2113052,0.2443429,0.2821828,0.3259587,0.3748978,0.4278812,0.4840593,0.5420183,0.6012578,0.6621902,0.7245553,0.7871401
"GCAM 7.1","Reference","Pakistan","Final Energy|Non-Energy Use|Chemicals|Gases","EJ/yr",0.0621266,0.0679021,0.0732209,0.0976188,0.102863,0.110831,0.118098,0.124311,0.13067,0.137989,0.147023,0.156078,0.164764,0.173508,0.183086,0.193013,0.203577,0.214431,0.225209,0.234893
"GCAM 7.1","Reference","World","Final Energy|Non-Energy Use|Chemicals|Gases","EJ/yr",0.0621266,0.0679021,0.0732209,0.0976188,0.102863,0.110831,0.118098,0.124311,0.13067,0.137989,0.147023,0.156078,0.164764,0.173508,0.183086,0.193013,0.203577,0.214431,0.225209,0.234893
"GCAM 7.1","Reference","Pakistan","Final Energy|Non-Energy Use|Chemicals|Liquids","EJ/yr",0,0,0,0,0.00276951,0.00684942,0.0119507,0.0178548,0.0238717,0.0306985,0.0372843,0.0452619,0.0545681,0.0650869,0.0762626,0.0882735,0.100705,0.11369,0.127108,0.141369
"GCAM 7.1","Reference","World","Final Energy|Non-Energy Use|Chemicals|Liquids","EJ/yr",0,0,0,0,0.00276951,0.00684942,0.0119507,0.0178548,0.0238717,0.0306985,0.0372843,0.0452619,0.0545681,0.0650869,0.0762626,0.0882735,0.100705,0.11369,0.127108,0.141369
"GCAM 7.1","Reference","Pakistan","Final Energy|Non-Energy Use|Gases","EJ/yr",0.0621266,0.0679021,0.0732209,0.0976188,0.102863,0.110831,0.118098,0.124311,0.13067,0.137989,0.147023,0.156078,0.164764,0.173508,0.183086,0.193013,0.203577,0.214431,0.225209,0.234893
"GCAM 7.1","Reference","World","Final Energy|Non-Energy Use|Gases","EJ/yr",0.0621266,0.0679021,0.0732209,0.0976188,0.102863,0.110831,0.118098,0.124311,0.13067,0.137989,0.147023,0.156078,0.164764,0.173508,0.183086,0.193013,0.203577,0.214431,0.225209,0.234893
"GCAM 7.1","Reference","Pakistan","Final Energy|Non-Energy Use|Liquids","EJ/yr",0.0250323,0.0132696,0.01749751,0.01674402,0.02098663,0.02968732,0.04171323,0.0587515,0.0806352,0.1063539,0.1351598,0.1698807,0.2101338,0.2543732,0.3009733,0.3490053,0.3976808,0.4477592,0.4993463,0.5522471
"GCAM 7.1","Reference","World","Final Energy|Non-Energy Use|Liquids","EJ/yr",0.0250323,0.0132696,0.01749751,0.01674402,0.02098663,0.02968732,0.04171323,0.0587515,0.0806352,0.1063539,0.1351598,0.1698807,0.2101338,0.2543732,0.3009733,0.3490053,0.3976808,0.4477592,0.4993463,0.5522471
"GCAM 7.1","Reference","Pakistan","Final Energy|Non-Energy Use|Non-Metallic Minerals","EJ/yr",0.0179161,0.0071999,0.0128929,0.0082464,0.00838457,0.0089683,0.00952323,0.010051,0.0105719,0.0110835,0.0115383,0.0120268,0.0124287,0.0126983,0.0128307,0.0128118,0.0126848,0.0125142,0.0122993,0.0120431
"GCAM 7.1","Reference","World","Final Energy|Non-Energy Use|Non-Metallic Minerals","EJ/yr",0.0179161,0.0071999,0.0128929,0.0082464,0.00838457,0.0089683,0.00952323,0.010051,0.0105719,0.0110835,0.0115383,0.0120268,0.0124287,0.0126983,0.0128307,0.0128118,0.0126848,0.0125142,0.0122993,0.0120431
"GCAM 7.1","Reference","Pakistan","Final Energy|Non-Energy Use|Non-Metallic Minerals|Liquids","EJ/yr",0.0179161,0.0071999,0.0128929,0.0082464,0.00838457,0.0089683,0.00952323,0.010051,0.0105719,0.0110835,0.0115383,0.0120268,0.0124287,0.0126983,0.0128307,0.0128118,0.0126848,0.0125142,0.0122993,0.0120431
"GCAM 7.1","Reference","World","Final Energy|Non-Energy Use|Non-Metallic Minerals|Liquids","EJ/yr",0.0179161,0.0071999,0.0128929,0.0082464,0.00838457,0.0089683,0.00952323,0.010051,0.0105719,0.0110835,0.0115383,0.0120268,0.0124287,0.0126983,0.0128307,0.0128118,0.0126848,0.0125142,0.0122993,0.0120431
"GCAM 7.1","Reference","Pakistan","Final Energy|Non-Energy Use|Other Sector","EJ/yr",0.0071162,0.0060697,0.00460461,0.00849762,0.00983255,0.0138696,0.0202393,0.0308457,0.0461916,0.0645719,0.0863372,0.112592,0.143137,0.176588,0.21188,0.24792,0.284291,0.321555,0.359939,0.398835
"GCAM 7.1","Reference","World","Final Energy|Non-Energy Use|Other Sector","EJ/yr",0.0071162,0.0060697,0.00460461,0.00849762,0.00983255,0.0138696,0.0202393,0.0308457,0.0461916,0.0645719,0.0863372,0.112592,0.143137,0.176588,0.21188,0.24792,0.284291,0.321555,0.359939,0.398835
"GCAM 7.1","Reference","Pakistan","Final Energy|Non-Energy Use|Other Sector|Liquids","EJ/yr",0.0071162,0.0060697,0.00460461,0.00849762,0.00983255,0.0138696,0.0202393,0.0308457,0.0461916,0.0645719,0.0863372,0.112592,0.143137,0.176588,0.21188,0.24792,0.284291,0.321555,0.359939,0.398835
"GCAM 7.1","Reference","World","Final Energy|Non-Energy Use|Other Sector|Liquids","EJ/yr",0.0071162,0.0060697,0.00460461,0.00849762,0.00983255,0.0138696,0.0202393,0.0308457,0.0461916,0.0645719,0.0863372,0.112592,0.143137,0.176588,0.21188,0.24792,0.284291,0.321555,0.359939,0.398835
"GCAM 7.1","Reference","Pakistan","Final Energy|Residential","EJ/yr",1.2823119952,1.467944647,1.665559503,1.944899315,1.913507507585,1.9237630279,1.9812889193,2.0914713794,2.2614649396,2.477589062,2.74271463,3.036904957,3.334587624,3.618226488,3.870896952,4.07475113,4.237232147,4.354513136,4.429124086,4.497387955
"GCAM 7.1","Reference","World","Final Energy|Residential","EJ/yr",1.2823119952,1.467944647,1.665559503,1.944899315,1.913507507585,1.9237630279,1.9812889193,2.0914713794,2.2614649396,2.477589062,2.74271463,3.036904957,3.334587624,3.618226488,3.870896952,4.07475113,4.237232147,4.354513136,4.429124086,4.497387955
"GCAM 7.1","Reference","Pakistan","Final Energy|Residential and Commercial","EJ/yr",1.3983199102,1.604835472,1.829037969,2.14683664,2.129188269965,2.1966908297,2.3294619694,2.5433849104,2.8556323536,3.257881726,3.756670605,4.345279492,4.988327188,5.656715159,6.326587542,6.95038756,7.524434137,8.038718416,8.482131106,8.895667615
"GCAM 7.1","Reference","World","Final Energy|Residential and Commercial","EJ/yr",1.3983199102,1.604835472,1.829037969,2.14683664,2.129188269965,2.1966908297,2.3294619694,2.5433849104,2.8556323536,3.257881726,3.756670605,4.345279492,4.988327188,5.656715159,6.326587542,6.95038756,7.524434137,8.038718416,8.482131106,8.895667615
"GCAM 7.1","Reference","Pakistan","Final Energy|Residential and Commercial|Electricity","EJ/yr",0.182999415,0.214665075,0.250624146,0.357070755,0.4249064996,0.552218846,0.705870121,0.909275861,1.171594055,1.49866779,1.88221126,2.33831741,2.85088435,3.40066752,3.96457797,4.5034424,5.0051807,5.47010404,5.88813571,6.28153694
"GCAM 7.1","Reference","World","Final Energy|Residential and Commercial|Electricity","EJ/yr",0.182999415,0.214665075,0.250624146,0.357070755,0.4249064996,0.552218846,0.705870121,0.909275861,1.171594055,1.49866779,1.88221126,2.33831741,2.85088435,3.40066752,3.96457797,4.5034424,5.0051807,5.47010404,5.88813571,6.28153694
"GCAM 7.1","Reference","Pakistan","Final Energy|Residential and Commercial|Gases","EJ/yr",0.18652807,0.25011335,0.28381092,0.32357766,0.32258143,0.38146794,0.45073809,0.53675043,0.65163245,0.7777635,0.9369794,1.0948936,1.2391126,1.3643133,1.4782654,1.5745343,1.6616988,1.7289966,1.7752435,1.8126404
"GCAM 7.1","Reference","World","Final Energy|Residential and Commercial|Gases","EJ/yr",0.18652807,0.25011335,0.28381092,0.32357766,0.32258143,0.38146794,0.45073809,0.53675043,0.65163245,0.7777635,0.9369794,1.0948936,1.2391126,1.3643133,1.4782654,1.5745343,1.6616988,1.7289966,1.7752435,1.8126404
"GCAM 7.1","Reference","Pakistan","Final Energy|Residential and Commercial|Hydrogen","EJ/yr",0,0,0,0,8.8092365e-05,0.0013665777,0.0025253604,0.0042329754,0.0069967216,0.011079237,0.014306042,0.017853351,0.021744306,0.025470961,0.029139936,0.032739976,0.036198297,0.039280483,0.042065732,0.044769543
"GCAM 7.1","Reference","World","Final Energy|Residential and Commercial|Hydrogen","EJ/yr",0,0,0,0,8.8092365e-05,0.0013665777,0.0025253604,0.0042329754,0.0069967216,0.011079237,0.014306042,0.017853351,0.021744306,0.025470961,0.029139936,0.032739976,0.036198297,0.039280483,0.042065732,0.044769543
"GCAM 7.1","Reference","Pakistan","Final Energy|Residential and Commercial|Liquids","EJ/yr",0.0391390862,0.032357718,0.06341779,0.075892216,0.073019814,0.0900253,0.113679446,0.143118886,0.175291437,0.21116259,0.241999831,0.279293563,0.317367199,0.351954806,0.378683526,0.396239794,0.404216026,0.404511736,0.397917885,0.389698486
"GCAM 7.1","Reference","World","Final Energy|Residential and Commercial|Liquids","EJ/yr",0.0391390862,0.032357718,0.06341779,0.075892216,0.073019814,0.0900253,0.113679446,0.143118886,0.175291437,0.21116259,0.241999831,0.279293563,0.317367199,0.351954806,0.378683526,0.396239794,0.404216026,0.404511736,0.397917885,0.389698486
"GCAM 7.1","Reference","Pakistan","Final Energy|Residential and Commercial|Solids","EJ/yr",0.989653339,1.107699329,1.231185113,1.390296009,1.308592434,1.171612166,1.056648952,0.950006758,0.85011769,0.759208609,0.681174072,0.614921568,0.559218733,0.514308572,0.47592071,0.44343109,0.417140314,0.395825557,0.378768279,0.367022246
"GCAM 7.1","Reference","World","Final Energy|Residential and Commercial|Solids","EJ/yr",0.989653339,1.107699329,1.231185113,1.390296009,1.308592434,1.171612166,1.056648952,0.950006758,0.85011769,0.759208609,0.681174072,0.614921568,0.559218733,0.514308572,0.47592071,0.44343109,0.417140314,0.395825557,0.378768279,0.367022246
"GCAM 7.1","Reference","Pakistan","Final Energy|Residential and Commercial|Solids|Biomass","EJ/yr",0.989653339,1.107699329,1.231185113,1.390296009,1.308592434,1.171612166,1.056648952,0.950006758,0.85011769,0.759208609,0.681174072,0.614921568,0.559218733,0.514308572,0.47592071,0.44343109,0.417140314,0.395825557,0.378768279,0.367022246
"GCAM 7.1","Reference","World","Final Energy|Residential and Commercial|Solids|Biomass","EJ/yr",0.989653339,1.107699329,1.231185113,1.390296009,1.308592434,1.171612166,1.056648952,0.950006758,0.85011769,0.759208609,0.681174072,0.614921568,0.559218733,0.514308572,0.47592071,0.44343109,0.417140314,0.395825557,0.378768279,0.367022246
"GCAM 7.1","Reference","Pakistan","Final Energy|Residential and Commercial|Solids|Coal","EJ/yr",0,0,0,0,0,0,0,0,0,0,0,0,0,0,0,0,0,0,0,0
"GCAM 7.1","Reference","World","Final Energy|Residential and Commercial|Solids|Coal","EJ/yr",0,0,0,0,0,0,0,0,0,0,0,0,0,0,0,0,0,0,0,0
"GCAM 7.1","Reference","Pakistan","Final Energy|Residential|Electricity","EJ/yr",0.11031663,0.12863409,0.15910295,0.23169532,0.2856703736,0.37757724,0.4854668,0.624709571,0.797656755,1.00300875,1.22845836,1.47744279,1.73599756,1.98991605,2.22156387,2.41533833,2.57116555,2.69239386,2.78104728,2.86003963
"GCAM 7.1","Reference","World","Final Energy|Residential|Electricity","EJ/yr",0.11031663,0.12863409,0.15910295,0.23169532,0.2856703736,0.37757724,0.4854668,0.624709571,0.797656755,1.00300875,1.22845836,1.47744279,1.73599756,1.98991605,2.22156387,2.41533833,2.57116555,2.69239386,2.78104728,2.86003963
"GCAM 7.1","Reference","Pakistan","Final Energy|Residential|Gases","EJ/yr",0.15927715,0.21616493,0.25249965,0.29670357,0.29402014,0.34370905,0.40105819,0.47014313,0.55905035,0.6519539,0.7646669,0.8696728,0.9578048,1.026572,1.0819888,1.1219867,1.1539116,1.1713797,1.1753353,1.1767317
"GCAM 7.1","Reference","World","Final Energy|Residential|Gases","EJ/yr",0.15927715,0.21616493,0.25249965,0.29670357,0.29402014,0.34370905,0.40105819,0.47014313,0.55905035,0.6519539,0.7646669,0.8696728,0.9578048,1.026572,1.0819888,1.1219867,1.1539116,1.1713797,1.1753353,1.1767317
"GCAM 7.1","Reference","Pakistan","Final Energy|Residential|Hydrogen","EJ/yr",0,0,0,0,7.9545985e-05,0.0012205719,0.0022252313,0.0036680344,0.0059317076,0.009167613,0.011512067,0.013964236,0.016529732,0.01882306,0.020915046,0.022842216,0.024572557,0.025970183,0.027131242,0.028272593
"GCAM 7.1","Reference","World","Final Energy|Residential|Hydrogen","EJ/yr",0,0,0,0,7.9545985e-05,0.0012205719,0.0022252313,0.0036680344,0.0059317076,0.009167613,0.011512067,0.013964236,0.016529732,0.01882306,0.020915046,0.022842216,0.024572557,0.025970183,0.027131242,0.028272593
"GCAM 7.1","Reference","Pakistan","Final Energy|Residential|Liquids","EJ/yr",0.0230648762,0.015446298,0.02277179,0.026204416,0.025145014,0.029644,0.035889746,0.042943886,0.048708437,0.05425019,0.056903231,0.060903563,0.065036799,0.068606806,0.070508526,0.071152794,0.070442126,0.068943836,0.066841985,0.065321786
"GCAM 7.1","Reference","World","Final Energy|Residential|Liquids","EJ/yr",0.0230648762,0.015446298,0.02277179,0.026204416,0.025145014,0.029644,0.035889746,0.042943886,0.048708437,0.05425019,0.056903231,0.060903563,0.065036799,0.068606806,0.070508526,0.071152794,0.070442126,0.068943836,0.066841985,0.065321786
"GCAM 7.1","Reference","Pakistan","Final Energy|Residential|Solids","EJ/yr",0.989653339,1.107699329,1.231185113,1.390296009,1.308592434,1.171612166,1.056648952,0.950006758,0.85011769,0.759208609,0.681174072,0.614921568,0.559218733,0.514308572,0.47592071,0.44343109,0.417140314,0.395825557,0.378768279,0.367022246
"GCAM 7.1","Reference","World","Final Energy|Residential|Solids","EJ/yr",0.989653339,1.107699329,1.231185113,1.390296009,1.308592434,1.171612166,1.056648952,0.950006758,0.85011769,0.759208609,0.681174072,0.614921568,0.559218733,0.514308572,0.47592071,0.44343109,0.417140314,0.395825557,0.378768279,0.367022246
"GCAM 7.1","Reference","Pakistan","Final Energy|Residential|Solids|Biomass","EJ/yr",0.989653339,1.107699329,1.231185113,1.390296009,1.308592434,1.171612166,1.056648952,0.950006758,0.85011769,0.759208609,0.681174072,0.614921568,0.559218733,0.514308572,0.47592071,0.44343109,0.417140314,0.395825557,0.378768279,0.367022246
"GCAM 7.1","Reference","World","Final Energy|Residential|Solids|Biomass","EJ/yr",0.989653339,1.107699329,1.231185113,1.390296009,1.308592434,1.171612166,1.056648952,0.950006758,0.85011769,0.759208609,0.681174072,0.614921568,0.559218733,0.514308572,0.47592071,0.44343109,0.417140314,0.395825557,0.378768279,0.367022246
"GCAM 7.1","Reference","Pakistan","Final Energy|Residential|Solids|Coal","EJ/yr",0,0,0,0,0,0,0,0,0,0,0,0,0,0,0,0,0,0,0,0
"GCAM 7.1","Reference","World","Final Energy|Residential|Solids|Coal","EJ/yr",0,0,0,0,0,0,0,0,0,0,0,0,0,0,0,0,0,0,0,0
"GCAM 7.1","Reference","Pakistan","Final Energy|Solids","EJ/yr",1.288823636,1.444255129,1.618805493,2.0165611827,2.0167180443,2.0590778949,2.1683311402,2.3313476926,2.5377921287,2.7944043028,3.08400536893,3.37906642236,3.670807265114,3.94201027939,4.17906180499,4.37505956624,4.52907299491,4.64319417606,4.72456473474,4.7867768508
"GCAM 7.1","Reference","World","Final Energy|Solids","EJ/yr",1.288823636,1.444255129,1.618805493,2.0165611827,2.0167180443,2.0590778949,2.1683311402,2.3313476926,2.5377921287,2.7944043028,3.08400536893,3.37906642236,3.670807265114,3.94201027939,4.17906180499,4.37505956624,4.52907299491,4.64319417606,4.72456473474,4.7867768508
"GCAM 7.1","Reference","Pakistan","Final Energy|Solids|Biomass","EJ/yr",1.135952136,1.271414429,1.413148313,1.595744009,1.539409429,1.4537442258,1.4003709063,1.365644177,1.3465506095,1.3464903635,1.3581011573,1.37229173597,1.385745080687,1.39659741766,1.40250078624,1.40290355986,1.39838269451,1.38953397256,1.37846835054,1.3696411392
"GCAM 7.1","Reference","World","Final Energy|Solids|Biomass","EJ/yr",1.135952136,1.271414429,1.413148313,1.595744009,1.539409429,1.4537442258,1.4003709063,1.365644177,1.3465506095,1.3464903635,1.3581011573,1.37229173597,1.385745080687,1.39659741766,1.40250078624,1.40290355986,1.39838269451,1.38953397256,1.37846835054,1.3696411392
"GCAM 7.1","Reference","Pakistan","Final Energy|Solids|Coal","EJ/yr",0.1528715,0.1728407,0.20565718,0.4208171737,0.4773086153,0.6053336691,0.7679602339,0.9657035156,1.1912415192,1.4479139393,1.72590421163,2.00677468639,2.285062184427,2.54541286173,2.77656101875,2.97215600638,3.1306903004,3.2536602035,3.3460963842,3.4171357116
"GCAM 7.1","Reference","World","Final Energy|Solids|Coal","EJ/yr",0.1528715,0.1728407,0.20565718,0.4208171737,0.4773086153,0.6053336691,0.7679602339,0.9657035156,1.1912415192,1.4479139393,1.72590421163,2.00677468639,2.285062184427,2.54541286173,2.77656101875,2.97215600638,3.1306903004,3.2536602035,3.3460963842,3.4171357116
"GCAM 7.1","Reference","Pakistan","Final Energy|Transportation","EJ/yr",0.3762003,0.4795065,0.6230975,0.7906226,0.8398151216,0.9313234297,1.03947918535,1.12507934869,1.24384116949,1.3851485992,1.57135016472,1.79439349442,2.049174071,2.329120987,2.6293668295,2.9409077862,3.2607774304,3.5903228136,3.925173691,4.256879734
"GCAM 7.1","Reference","World","Final Energy|Transportation","EJ/yr",0.3762003,0.4795065,0.6230975,0.7906226,0.8398151216,0.9313234297,1.03947918535,1.12507934869,1.24384116949,1.3851485992,1.57135016472,1.79439349442,2.049174071,2.329120987,2.6293668295,2.9409077862,3.2607774304,3.5903228136,3.925173691,4.256879734
"GCAM 7.1","Reference","Pakistan","Final Energy|Transportation (w/ bunkers)","EJ/yr",0.420439,0.5285988,0.6666679,0.8140393,0.8643227957,0.9602452047,1.07334066969856,1.16769014166991,1.2977489767823,1.453016741608,1.655788327777,1.898900816122,2.177021894075,2.483195887582,2.812564950418,3.155311218936,3.508043651718,3.872128091082,4.242646443227,4.610863160458
"GCAM 7.1","Reference","World","Final Energy|Transportation (w/ bunkers)","EJ/yr",0.420439,0.5285988,0.6666679,0.8140393,0.8643227957,0.9602452047,1.07334066969856,1.16769014166991,1.2977489767823,1.453016741608,1.655788327777,1.898900816122,2.177021894075,2.483195887582,2.812564950418,3.155311218936,3.508043651718,3.872128091082,4.242646443227,4.610863160458
"GCAM 7.1","Reference","Pakistan","Final Energy|Transportation (w/ bunkers)|Electricity","EJ/yr",0.0173491,0.0243776,0.0287455,0.0356363,0.0373233926,0.0514010464,0.07296049747657,0.10571382043591,0.1425291086953,0.188698573848,0.239918579687,0.291292924422,0.343412172075,0.399750790382,0.461517536118,0.527998139736,0.598496851018,0.672482714182,0.748634570827,0.823637000958
"GCAM 7.1","Reference","World","Final Energy|Transportation (w/ bunkers)|Electricity","EJ/yr",0.0173491,0.0243776,0.0287455,0.0356363,0.0373233926,0.0514010464,0.07296049747657,0.10571382043591,0.1425291086953,0.188698573848,0.239918579687,0.291292924422,0.343412172075,0.399750790382,0.461517536118,0.527998139736,0.598496851018,0.672482714182,0.748634570827,0.823637000958
"GCAM 7.1","Reference","Pakistan","Final Energy|Transportation (w/ bunkers)|Gases","EJ/yr",0.0332703,0.0966951,0.0551171,0.0486167,0.048944823,0.04559691,0.046456148,0.04482425,0.047161088,0.053035602,0.061399071,0.07063343,0.080221479,0.089415249,0.098385634,0.106785831,0.114666995,0.122060154,0.128894526,0.13543417
"GCAM 7.1","Reference","World","Final Energy|Transportation (w/ bunkers)|Gases","EJ/yr",0.0332703,0.0966951,0.0551171,0.0486167,0.048944823,0.04559691,0.046456148,0.04482425,0.047161088,0.053035602,0.061399071,0.07063343,0.080221479,0.089415249,0.098385634,0.106785831,0.114666995,0.122060154,0.128894526,0.13543417
"GCAM 7.1","Reference","Pakistan","Final Energy|Transportation (w/ bunkers)|Hydrogen","EJ/yr",0,0,0,0,0,0.0017834423,0.00933478052199,0.027394177434,0.044886805287,0.06333873176,0.08320952509,0.1040365517,0.125653008,0.1482533902,0.1725136613,0.1981173632,0.2254976677,0.2549968659,0.2864129964,0.3180137695
"GCAM 7.1","Reference","World","Final Energy|Transportation (w/ bunkers)|Hydrogen","EJ/yr",0,0,0,0,0,0.0017834423,0.00933478052199,0.027394177434,0.044886805287,0.06333873176,0.08320952509,0.1040365517,0.125653008,0.1482533902,0.1725136613,0.1981173632,0.2254976677,0.2549968659,0.2864129964,0.3180137695
"GCAM 7.1","Reference","Pakistan","Final Energy|Transportation (w/ bunkers)|Liquids","EJ/yr",0.3698196,0.4075261,0.5828053,0.7297863,0.7780545801,0.861463806,0.9445892437,0.9897578938,1.0631719748,1.147943834,1.271261152,1.43293791,1.627735235,1.845776458,2.080148119,2.322409885,2.569382138,2.822588357,3.07870435,3.33377822
"GCAM 7.1","Reference","World","Final Energy|Transportation (w/ bunkers)|Liquids","EJ/yr",0.3698196,0.4075261,0.5828053,0.7297863,0.7780545801,0.861463806,0.9445892437,0.9897578938,1.0631719748,1.147943834,1.271261152,1.43293791,1.627735235,1.845776458,2.080148119,2.322409885,2.569382138,2.822588357,3.07870435,3.33377822
"GCAM 7.1","Reference","Pakistan","Final Energy|Transportation|Bus","EJ/yr",0.0594878,0.0982294,0.0987613,0.1167239,0.1312277,0.156854966,0.1777377,0.18693693,0.2180406,0.2622365,0.3156974,0.3717636,0.4256255,0.4693811,0.5055318,0.5329166,0.5520519,0.5640799,0.5699272,0.5712683
"GCAM 7.1","Reference","World","Final Energy|Transportation|Bus","EJ/yr",0.0594878,0.0982294,0.0987613,0.1167239,0.1312277,0.156854966,0.1777377,0.18693693,0.2180406,0.2622365,0.3156974,0.3717636,0.4256255,0.4693811,0.5055318,0.5329166,0.5520519,0.5640799,0.5699272,0.5712683
"GCAM 7.1","Reference","Pakistan","Final Energy|Transportation|Bus|Electricity","EJ/yr",0,0,0,0,0,0.000545018,0.00350907,0.00981213,0.0151396,0.0198652,0.0239781,0.0282605,0.0323883,0.0357573,0.0385472,0.0406801,0.0421857,0.0431352,0.043608,0.043737
"GCAM 7.1","Reference","World","Final Energy|Transportation|Bus|Electricity","EJ/yr",0,0,0,0,0,0.000545018,0.00350907,0.00981213,0.0151396,0.0198652,0.0239781,0.0282605,0.0323883,0.0357573,0.0385472,0.0406801,0.0421857,0.0431352,0.043608,0.043737
"GCAM 7.1","Reference","Pakistan","Final Energy|Transportation|Bus|Gases","EJ/yr",0.0181045,0.052618,0.0299927,0.0264555,0.0260306,0.0238158,0.0258894,0.025126,0.0282504,0.0336906,0.040629,0.0478483,0.054743,0.0603128,0.0649261,0.0684244,0.0708943,0.0724601,0.0732377,0.0734118
"GCAM 7.1","Reference","World","Final Energy|Transportation|Bus|Gases","EJ/yr",0.0181045,0.052618,0.0299927,0.0264555,0.0260306,0.0238158,0.0258894,0.025126,0.0282504,0.0336906,0.040629,0.0478483,0.054743,0.0603128,0.0649261,0.0684244,0.0708943,0.0724601,0.0732377,0.0734118
"GCAM 7.1","Reference","Pakistan","Final Energy|Transportation|Bus|Hydrogen","EJ/yr",0,0,0,0,0,0.000804648,0.00480463,0.0123908,0.0176791,0.0214909,0.0259493,0.0305898,0.0350592,0.038703,0.0417235,0.0440311,0.0456669,0.0467036,0.0472245,0.0473715
"GCAM 7.1","Reference","World","Final Energy|Transportation|Bus|Hydrogen","EJ/yr",0,0,0,0,0,0.000804648,0.00480463,0.0123908,0.0176791,0.0214909,0.0259493,0.0305898,0.0350592,0.038703,0.0417235,0.0440311,0.0456669,0.0467036,0.0472245,0.0473715
"GCAM 7.1","Reference","Pakistan","Final Energy|Transportation|Bus|Liquids","EJ/yr",0.0413833,0.0456114,0.0687686,0.0902684,0.1051971,0.1316895,0.1435346,0.139608,0.1569715,0.1871898,0.225141,0.265065,0.303435,0.334608,0.360335,0.379781,0.393305,0.401781,0.405857,0.406748
"GCAM 7.1","Reference","World","Final Energy|Transportation|Bus|Liquids","EJ/yr",0.0413833,0.0456114,0.0687686,0.0902684,0.1051971,0.1316895,0.1435346,0.139608,0.1569715,0.1871898,0.225141,0.265065,0.303435,0.334608,0.360335,0.379781,0.393305,0.401781,0.405857,0.406748
"GCAM 7.1","Reference","Pakistan","Final Energy|Transportation|Domestic Aviation","EJ/yr",0.0023487,0.0021772,0.0021038,0.0013103,0.00148597,0.00197689,0.00247388246,0.00333345334,0.0044793554,0.0059298602,0.007629051,0.009733481,0.012237298,0.01523832,0.01883887,0.02301694,0.02775028,0.03307579,0.03890461,0.04515492
"GCAM 7.1","Reference","World","Final Energy|Transportation|Domestic Aviation","EJ/yr",0.0023487,0.0021772,0.0021038,0.0013103,0.00148597,0.00197689,0.00247388246,0.00333345334,0.0044793554,0.0059298602,0.007629051,0.009733481,0.012237298,0.01523832,0.01883887,0.02301694,0.02775028,0.03307579,0.03890461,0.04515492
"GCAM 7.1","Reference","Pakistan","Final Energy|Transportation|Domestic Aviation|Electricity","EJ/yr",0,0,0,0,0,0,2.59133e-06,8.90322e-06,3.03197e-05,9.74452e-05,0.000238453,0.000520763,0.000982737,0.00162102,0.00240496,0.00327377,0.00421752,0.00527231,0.0064402,0.00770567
"GCAM 7.1","Reference","World","Final Energy|Transportation|Domestic Aviation|Electricity","EJ/yr",0,0,0,0,0,0,2.59133e-06,8.90322e-06,3.03197e-05,9.74452e-05,0.000238453,0.000520763,0.000982737,0.00162102,0.00240496,0.00327377,0.00421752,0.00527231,0.0064402,0.00770567
"GCAM 7.1","Reference","Pakistan","Final Energy|Transportation|Domestic Aviation|Hydrogen","EJ/yr",0,0,0,0,0,0,1.02113e-06,4.36012e-06,1.85457e-05,7.2135e-05,0.000178478,0.000389378,0.000730361,0.0011904,0.00175071,0.00236487,0.00304936,0.00381678,0.00466461,0.00559175
"GCAM 7.1","Reference","World","Final Energy|Transportation|Domestic Aviation|Hydrogen","EJ/yr",0,0,0,0,0,0,1.02113e-06,4.36012e-06,1.85457e-05,7.2135e-05,0.000178478,0.000389378,0.000730361,0.0011904,0.00175071,0.00236487,0.00304936,0.00381678,0.00466461,0.00559175
"GCAM 7.1","Reference","Pakistan","Final Energy|Transportation|Domestic Aviation|Liquids","EJ/yr",0.0023487,0.0021772,0.0021038,0.0013103,0.00148597,0.00197689,0.00247027,0.00332019,0.00443049,0.00576028,0.00721212,0.00882334,0.0105242,0.0124269,0.0146832,0.0173783,0.0204834,0.0239867,0.0277998,0.0318575
"GCAM 7.1","Reference","World","Final Energy|Transportation|Domestic Aviation|Liquids","EJ/yr",0.0023487,0.0021772,0.0021038,0.0013103,0.00148597,0.00197689,0.00247027,0.00332019,0.00443049,0.00576028,0.00721212,0.00882334,0.0105242,0.0124269,0.0146832,0.0173783,0.0204834,0.0239867,0.0277998,0.0318575
"GCAM 7.1","Reference","Pakistan","Final Energy|Transportation|Domestic Shipping","EJ/yr",0.0064436,0.014056,0.0097164,0.0023319,0.0023560741,0.002545075,0.00267838236962,0.00287574513051,0.0031495400883,0.003452147558,0.003753042037,0.004104153072,0.004467181375,0.004835538882,0.005211105518,0.005576308136,0.005932016418,0.006291833382,0.006647745227,0.007001846458
"GCAM 7.1","Reference","World","Final Energy|Transportation|Domestic Shipping","EJ/yr",0.0064436,0.014056,0.0097164,0.0023319,0.0023560741,0.002545075,0.00267838236962,0.00287574513051,0.0031495400883,0.003452147558,0.003753042037,0.004104153072,0.004467181375,0.004835538882,0.005211105518,0.005576308136,0.005932016418,0.006291833382,0.006647745227,0.007001846458
"GCAM 7.1","Reference","Pakistan","Final Energy|Transportation|Domestic Shipping|Electricity","EJ/yr",0,0,0,0,0,0,2.72852e-09,8.07451e-09,2.77653e-08,8.6698e-08,1.85147e-07,2.86872e-07,3.70375e-07,4.42682e-07,5.18218e-07,5.86936e-07,6.59718e-07,7.37482e-07,8.20827e-07,9.04958e-07
"GCAM 7.1","Reference","World","Final Energy|Transportation|Domestic Shipping|Electricity","EJ/yr",0,0,0,0,0,0,2.72852e-09,8.07451e-09,2.77653e-08,8.6698e-08,1.85147e-07,2.86872e-07,3.70375e-07,4.42682e-07,5.18218e-07,5.86936e-07,6.59718e-07,7.37482e-07,8.20827e-07,9.04958e-07
"GCAM 7.1","Reference","Pakistan","Final Energy|Transportation|Domestic Shipping|Hydrogen","EJ/yr",0,0,0,0,0,0,3.96411e-08,1.47056e-07,6.92323e-07,2.96086e-06,6.51689e-06,1.02862e-05,1.3321e-05,1.57962e-05,1.85173e-05,2.09112e-05,2.37767e-05,2.70359e-05,3.06144e-05,3.42715e-05
"GCAM 7.1","Reference","World","Final Energy|Transportation|Domestic Shipping|Hydrogen","EJ/yr",0,0,0,0,0,0,3.96411e-08,1.47056e-07,6.92323e-07,2.96086e-06,6.51689e-06,1.02862e-05,1.3321e-05,1.57962e-05,1.85173e-05,2.09112e-05,2.37767e-05,2.70359e-05,3.06144e-05,3.42715e-05
"GCAM 7.1","Reference","Pakistan","Final Energy|Transportation|Domestic Shipping|Liquids","EJ/yr",0.0064436,0.014056,0.0097164,0.0023319,0.0023560741,0.002545075,0.00267834,0.00287559,0.00314882,0.0034491,0.00374634,0.00409358,0.00445349,0.0048193,0.00519207,0.00555481,0.00590758,0.00626406,0.00661631,0.00696667
"GCAM 7.1","Reference","World","Final Energy|Transportation|Domestic Shipping|Liquids","EJ/yr",0.0064436,0.014056,0.0097164,0.0023319,0.0023560741,0.002545075,0.00267834,0.00287559,0.00314882,0.0034491,0.00374634,0.00409358,0.00445349,0.0048193,0.00519207,0.00555481,0.00590758,0.00626406,0.00661631,0.00696667
"GCAM 7.1","Reference","Pakistan","Final Energy|Transportation|Electricity","EJ/yr",0.0173491,0.0243776,0.0287455,0.0356363,0.0373233926,0.0514010464,0.07296049382,0.10571380037,0.14252893036,0.1886967159,0.23991409042,0.29128313622,0.343393426,0.399719463,0.4614710345,0.5279357902,0.5984185134,0.6723877496,0.748522243,0.823506606
"GCAM 7.1","Reference","World","Final Energy|Transportation|Electricity","EJ/yr",0.0173491,0.0243776,0.0287455,0.0356363,0.0373233926,0.0514010464,0.07296049382,0.10571380037,0.14252893036,0.1886967159,0.23991409042,0.29128313622,0.343393426,0.399719463,0.4614710345,0.5279357902,0.5984185134,0.6723877496,0.748522243,0.823506606
"GCAM 7.1","Reference","Pakistan","Final Energy|Transportation|Freight","EJ/yr",0.132199,0.1456814,0.2196453,0.288315,0.31321685,0.3716676379,0.43655321159,0.49736303505,0.57763148473,0.6644191813,0.763706711,0.888427083,1.036330958,1.201266641,1.380497884,1.568614828,1.763837918,1.96773531,2.17841269,2.38709573
"GCAM 7.1","Reference","World","Final Energy|Transportation|Freight","EJ/yr",0.132199,0.1456814,0.2196453,0.288315,0.31321685,0.3716676379,0.43655321159,0.49736303505,0.57763148473,0.6644191813,0.763706711,0.888427083,1.036330958,1.201266641,1.380497884,1.568614828,1.763837918,1.96773531,2.17841269,2.38709573
"GCAM 7.1","Reference","Pakistan","Final Energy|Transportation|Freight|Electricity","EJ/yr",2.19e-05,0,0,0,0,0.0002957686,0.00250781689,0.01152804235,0.0249278794,0.0492031983,0.073408437,0.097144227,0.1202893,0.14407987,0.17056965,0.19959846,0.23100173,0.2646939,0.30037712,0.33592034
"GCAM 7.1","Reference","World","Final Energy|Transportation|Freight|Electricity","EJ/yr",2.19e-05,0,0,0,0,0.0002957686,0.00250781689,0.01152804235,0.0249278794,0.0492031983,0.073408437,0.097144227,0.1202893,0.14407987,0.17056965,0.19959846,0.23100173,0.2646939,0.30037712,0.33592034
"GCAM 7.1","Reference","Pakistan","Final Energy|Transportation|Freight|Hydrogen","EJ/yr",0,0,0,0,0,0.0004282943,0.0032735527,0.0129767347,0.02419252533,0.037719733,0.051580784,0.065939326,0.080937888,0.097256111,0.115395924,0.135149318,0.156897298,0.18090279,0.20693976,0.23342042
"GCAM 7.1","Reference","World","Final Energy|Transportation|Freight|Hydrogen","EJ/yr",0,0,0,0,0,0.0004282943,0.0032735527,0.0129767347,0.02419252533,0.037719733,0.051580784,0.065939326,0.080937888,0.097256111,0.115395924,0.135149318,0.156897298,0.18090279,0.20693976,0.23342042
"GCAM 7.1","Reference","Pakistan","Final Energy|Transportation|Gases","EJ/yr",0.0332703,0.0966951,0.0551171,0.0486167,0.048944823,0.04559691,0.046456148,0.04482425,0.047161088,0.053035602,0.061399071,0.07063343,0.080221479,0.089415249,0.098385634,0.106785831,0.114666995,0.122060154,0.128894526,0.13543417
"GCAM 7.1","Reference","World","Final Energy|Transportation|Gases","EJ/yr",0.0332703,0.0966951,0.0551171,0.0486167,0.048944823,0.04559691,0.046456148,0.04482425,0.047161088,0.053035602,0.061399071,0.07063343,0.080221479,0.089415249,0.098385634,0.106785831,0.114666995,0.122060154,0.128894526,0.13543417
"GCAM 7.1","Reference","Pakistan","Final Energy|Transportation|Hydrogen","EJ/yr",0,0,0,0,0,0.0017834423,0.00933473983,0.02739399452,0.04488519633,0.0633186473,0.0831609913,0.1039335982,0.125461421,0.147941117,0.172057112,0.19751209,0.224738364,0.254076613,0.285324882,0.316749408
"GCAM 7.1","Reference","World","Final Energy|Transportation|Hydrogen","EJ/yr",0,0,0,0,0,0.0017834423,0.00933473983,0.02739399452,0.04488519633,0.0633186473,0.0831609913,0.1039335982,0.125461421,0.147941117,0.172057112,0.19751209,0.224738364,0.254076613,0.285324882,0.316749408
"GCAM 7.1","Reference","Pakistan","Final Energy|Transportation|Light-Duty Vehicle","EJ/yr",0.1614889,0.2049615,0.2682779,0.3414877,0.349015819,0.3529893509,0.3690274656,0.3754805948,0.37115709926,0.3676504038,0.38074624302,0.39929113622,0.424632347,0.461744299,0.5065794955,0.5568247162,0.6113638234,0.6691441186,0.727932846,0.786573582
"GCAM 7.1","Reference","World","Final Energy|Transportation|Light-Duty Vehicle","EJ/yr",0.1614889,0.2049615,0.2682779,0.3414877,0.349015819,0.3529893509,0.3690274656,0.3754805948,0.37115709926,0.3676504038,0.38074624302,0.39929113622,0.424632347,0.461744299,0.5065794955,0.5568247162,0.6113638234,0.6691441186,0.727932846,0.786573582
"GCAM 7.1","Reference","Pakistan","Final Energy|Transportation|Light-Duty Vehicle|Electricity","EJ/yr",0.0173074,0.0243776,0.0287455,0.0356363,0.037307009,0.0493721199,0.0639624966,0.0796006428,0.09576707926,0.1111247364,0.13142179342,0.15155366322,0.172384673,0.196420104,0.2226632065,0.2506575272,0.2798714134,0.3097434396,0.339264263,0.367068776
"GCAM 7.1","Reference","World","Final Energy|Transportation|Light-Duty Vehicle|Electricity","EJ/yr",0.0173074,0.0243776,0.0287455,0.0356363,0.037307009,0.0493721199,0.0639624966,0.0796006428,0.09576707926,0.1111247364,0.13142179342,0.15155366322,0.172384673,0.196420104,0.2226632065,0.2506575272,0.2798714134,0.3097434396,0.339264263,0.367068776
"GCAM 7.1","Reference","Pakistan","Final Energy|Transportation|Light-Duty Vehicle|Gases","EJ/yr",0.0120118,0.0349105,0.0198993,0.0175524,0.01810639,0.0169818,0.01562234,0.014381174,0.013010677,0.012611738,0.01258027,0.012865681,0.013528325,0.01465063,0.016099748,0.017706084,0.019466129,0.021330884,0.023217506,0.02516811
"GCAM 7.1","Reference","World","Final Energy|Transportation|Light-Duty Vehicle|Gases","EJ/yr",0.0120118,0.0349105,0.0198993,0.0175524,0.01810639,0.0169818,0.01562234,0.014381174,0.013010677,0.012611738,0.01258027,0.012865681,0.013528325,0.01465063,0.016099748,0.017706084,0.019466129,0.021330884,0.023217506,0.02516811
"GCAM 7.1","Reference","Pakistan","Final Energy|Transportation|Light-Duty Vehicle|Hydrogen","EJ/yr",0,0,0,0,0,0.000393871,0.000863339,0.001321559,0.001839845,0.0022954294,0.0029170296,0.003601782,0.004349869,0.005235545,0.006250031,0.007394965,0.008665061,0.010052825,0.011529717,0.012959516
"GCAM 7.1","Reference","World","Final Energy|Transportation|Light-Duty Vehicle|Hydrogen","EJ/yr",0,0,0,0,0,0.000393871,0.000863339,0.001321559,0.001839845,0.0022954294,0.0029170296,0.003601782,0.004349869,0.005235545,0.006250031,0.007394965,0.008665061,0.010052825,0.011529717,0.012959516
"GCAM 7.1","Reference","Pakistan","Final Energy|Transportation|Light-Duty Vehicle|Liquids","EJ/yr",0.1321697,0.1456734,0.2196331,0.288299,0.29360242,0.28624156,0.28857929,0.280177219,0.260539498,0.2416185,0.23382715,0.23127001,0.23436948,0.24543802,0.26156651,0.28106614,0.30336122,0.32801697,0.35392136,0.38137718
"GCAM 7.1","Reference","World","Final Energy|Transportation|Light-Duty Vehicle|Liquids","EJ/yr",0.1321697,0.1456734,0.2196331,0.288299,0.29360242,0.28624156,0.28857929,0.280177219,0.260539498,0.2416185,0.23382715,0.23127001,0.23436948,0.24543802,0.26156651,0.28106614,0.30336122,0.32801697,0.35392136,0.38137718
"GCAM 7.1","Reference","Pakistan","Final Energy|Transportation|Liquids","EJ/yr",0.3255809,0.3584338,0.5392349,0.7063696,0.753546906,0.832542031,0.9107278037,0.9471473038,1.0092659548,1.080097634,1.186876012,1.32854333,1.500097745,1.692045158,1.897453049,2.108674075,2.322953558,2.541798297,2.76243204,2.98118955
"GCAM 7.1","Reference","World","Final Energy|Transportation|Liquids","EJ/yr",0.3255809,0.3584338,0.5392349,0.7063696,0.753546906,0.832542031,0.9107278037,0.9471473038,1.0092659548,1.080097634,1.186876012,1.32854333,1.500097745,1.692045158,1.897453049,2.108674075,2.322953558,2.541798297,2.76243204,2.98118955
"GCAM 7.1","Reference","Pakistan","Final Energy|Transportation|Passenger","EJ/yr",0.2440013,0.3338251,0.4034522,0.5023076,0.5265982716,0.5596557918,0.60292597376,0.62771631364,0.66620968476,0.7207294179,0.80764345372,0.90596641142,1.012843113,1.127854346,1.2488689455,1.3722929582,1.4969395124,1.6225875036,1.746761001,1.869784004
"GCAM 7.1","Reference","World","Final Energy|Transportation|Passenger","EJ/yr",0.2440013,0.3338251,0.4034522,0.5023076,0.5265982716,0.5596557918,0.60292597376,0.62771631364,0.66620968476,0.7207294179,0.80764345372,0.90596641142,1.012843113,1.127854346,1.2488689455,1.3722929582,1.4969395124,1.6225875036,1.746761001,1.869784004
"GCAM 7.1","Reference","Pakistan","Final Energy|Transportation|Passenger|Electricity","EJ/yr",0.0173272,0.0243776,0.0287455,0.0356363,0.0373233926,0.0511052778,0.07045267693,0.09418575802,0.11760105096,0.1394935176,0.16650565342,0.19413890922,0.223104126,0.255639593,0.2909013845,0.3283373302,0.3674167834,0.4076938496,0.448145123,0.487586266
"GCAM 7.1","Reference","World","Final Energy|Transportation|Passenger|Electricity","EJ/yr",0.0173272,0.0243776,0.0287455,0.0356363,0.0373233926,0.0511052778,0.07045267693,0.09418575802,0.11760105096,0.1394935176,0.16650565342,0.19413890922,0.223104126,0.255639593,0.2909013845,0.3283373302,0.3674167834,0.4076938496,0.448145123,0.487586266
"GCAM 7.1","Reference","Pakistan","Final Energy|Transportation|Passenger|Gases","EJ/yr",0.0332703,0.0966951,0.0551171,0.0486167,0.048944823,0.04559691,0.046456148,0.04482425,0.047161088,0.053035602,0.061399071,0.07063343,0.080221479,0.089415249,0.098385634,0.106785831,0.114666995,0.122060154,0.128894526,0.13543417
"GCAM 7.1","Reference","World","Final Energy|Transportation|Passenger|Gases","EJ/yr",0.0332703,0.0966951,0.0551171,0.0486167,0.048944823,0.04559691,0.046456148,0.04482425,0.047161088,0.053035602,0.061399071,0.07063343,0.080221479,0.089415249,0.098385634,0.106785831,0.114666995,0.122060154,0.128894526,0.13543417
"GCAM 7.1","Reference","Pakistan","Final Energy|Transportation|Passenger|Hydrogen","EJ/yr",0,0,0,0,0,0.001355148,0.00606118713,0.01441725982,0.020692671,0.0255989143,0.0315802073,0.0379942722,0.044523533,0.050685006,0.056661188,0.062362772,0.067841066,0.073173823,0.078385122,0.083328988
"GCAM 7.1","Reference","World","Final Energy|Transportation|Passenger|Hydrogen","EJ/yr",0,0,0,0,0,0.001355148,0.00606118713,0.01441725982,0.020692671,0.0255989143,0.0315802073,0.0379942722,0.044523533,0.050685006,0.056661188,0.062362772,0.067841066,0.073173823,0.078385122,0.083328988
"GCAM 7.1","Reference","Pakistan","Final Energy|Transportation|Passenger|Liquids","EJ/yr",0.1934038,0.2127524,0.3195896,0.4180546,0.440330056,0.461598456,0.4799559617,0.4742890458,0.4807548748,0.502601384,0.548158522,0.6031998,0.664993975,0.732114498,0.802920739,0.874807025,0.947014668,1.019659677,1.09133623,1.16343458
"GCAM 7.1","Reference","World","Final Energy|Transportation|Passenger|Liquids","EJ/yr",0.1934038,0.2127524,0.3195896,0.4180546,0.440330056,0.461598456,0.4799559617,0.4742890458,0.4807548748,0.502601384,0.548158522,0.6031998,0.664993975,0.732114498,0.802920739,0.874807025,0.947014668,1.019659677,1.09133623,1.16343458
"GCAM 7.1","Reference","Pakistan","Final Energy|Transportation|Rail","EJ/yr",0.0038617,0.0042103,0.0063478,0.0083324,0.0086929836,0.0101301119,0.011241429,0.012630614,0.014587335,0.016724109,0.018982736,0.02153507,0.02423823,0.02718365,0.03042896,0.03391618,0.03774948,0.04210909,0.04699778,0.05271507
"GCAM 7.1","Reference","World","Final Energy|Transportation|Rail","EJ/yr",0.0038617,0.0042103,0.0063478,0.0083324,0.0086929836,0.0101301119,0.011241429,0.012630614,0.014587335,0.016724109,0.018982736,0.02153507,0.02423823,0.02718365,0.03042896,0.03391618,0.03774948,0.04210909,0.04699778,0.05271507
"GCAM 7.1","Reference","Pakistan","Final Energy|Transportation|Rail|Electricity","EJ/yr",4.17e-05,0,0,0,1.63836e-05,0.0001250783,0.000420693,0.000788676,0.001140301,0.001592191,0.0021567,0.00292915,0.00394877,0.00528093,0.00699925,0.00912311,0.01170471,0.01482827,0.01852399,0.02286104
"GCAM 7.1","Reference","World","Final Energy|Transportation|Rail|Electricity","EJ/yr",4.17e-05,0,0,0,1.63836e-05,0.0001250783,0.000420693,0.000788676,0.001140301,0.001592191,0.0021567,0.00292915,0.00394877,0.00528093,0.00699925,0.00912311,0.01170471,0.01482827,0.01852399,0.02286104
"GCAM 7.1","Reference","Pakistan","Final Energy|Transportation|Rail|Hydrogen","EJ/yr",0,0,0,0,0,6.13966e-05,0.000255958,0.000465418,0.000607594,0.000731568,0.000874556,0.00104469,0.00122903,0.00142745,0.00164875,0.00187363,0.00211081,0.00236762,0.00263663,0.00294562
"GCAM 7.1","Reference","World","Final Energy|Transportation|Rail|Hydrogen","EJ/yr",0,0,0,0,0,6.13966e-05,0.000255958,0.000465418,0.000607594,0.000731568,0.000874556,0.00104469,0.00122903,0.00142745,0.00164875,0.00187363,0.00211081,0.00236762,0.00263663,0.00294562
"GCAM 7.1","Reference","Pakistan","Final Energy|Transportation|Rail|Liquids","EJ/yr",0.00382,0.0042103,0.0063478,0.0083324,0.0086766,0.009943637,0.010564778,0.01137652,0.01283944,0.01440035,0.01595148,0.01756123,0.01906043,0.02047527,0.02178096,0.02291944,0.02393396,0.0249132,0.02583716,0.02690841
"GCAM 7.1","Reference","World","Final Energy|Transportation|Rail|Liquids","EJ/yr",0.00382,0.0042103,0.0063478,0.0083324,0.0086766,0.009943637,0.010564778,0.01137652,0.01283944,0.01440035,0.01595148,0.01756123,0.01906043,0.02047527,0.02178096,0.02291944,0.02393396,0.0249132,0.02583716,0.02690841
"GCAM 7.1","Reference","Pakistan","Final Energy|Transportation|Truck","EJ/yr",0.1490132,0.1699281,0.2476067,0.3227683,0.349392649,0.4093721109,0.47899870829,0.54669775655,0.63557677983,0.7326077262,0.8482947347,0.9920702072,1.162440696,1.355573618,1.567987704,1.79423335,2.031861947,2.281913915,2.541411255,2.801167862
"GCAM 7.1","Reference","World","Final Energy|Transportation|Truck","EJ/yr",0.1490132,0.1699281,0.2476067,0.3227683,0.349392649,0.4093721109,0.47899870829,0.54669775655,0.63557677983,0.7326077262,0.8482947347,0.9920702072,1.162440696,1.355573618,1.567987704,1.79423335,2.031861947,2.281913915,2.541411255,2.801167862
"GCAM 7.1","Reference","Pakistan","Final Energy|Transportation|Truck|Electricity","EJ/yr",0,0,0,0,0,0.0013588302,0.00506564289,0.01550344835,0.0304516304,0.0560171433,0.082119044,0.10801906,0.133688946,0.160640109,0.190856418,0.224201283,0.26043917,0.29940853,0.34068579,0.38213412
"GCAM 7.1","Reference","World","Final Energy|Transportation|Truck|Electricity","EJ/yr",0,0,0,0,0,0.0013588302,0.00506564289,0.01550344835,0.0304516304,0.0560171433,0.082119044,0.10801906,0.133688946,0.160640109,0.190856418,0.224201283,0.26043917,0.29940853,0.34068579,0.38213412
"GCAM 7.1","Reference","Pakistan","Final Energy|Transportation|Truck|Gases","EJ/yr",0.003154,0.0091666,0.0052251,0.0046088,0.004807833,0.00479931,0.004944408,0.005317076,0.005900011,0.006733264,0.008189801,0.009919449,0.011950154,0.014451819,0.017359786,0.020655347,0.024306566,0.02826917,0.03243932,0.03685426
"GCAM 7.1","Reference","World","Final Energy|Transportation|Truck|Gases","EJ/yr",0.003154,0.0091666,0.0052251,0.0046088,0.004807833,0.00479931,0.004944408,0.005317076,0.005900011,0.006733264,0.008189801,0.009919449,0.011950154,0.014451819,0.017359786,0.020655347,0.024306566,0.02826917,0.03243932,0.03685426
"GCAM 7.1","Reference","Pakistan","Final Energy|Transportation|Truck|Hydrogen","EJ/yr",0,0,0,0,0,0.0005235267,0.0034097917,0.0132118574,0.02474011163,0.0387286149,0.0532416277,0.0683079482,0.084092961,0.101384722,0.120684121,0.141847525,0.165246233,0.191135788,0.219269425,0.247881022
"GCAM 7.1","Reference","World","Final Energy|Transportation|Truck|Hydrogen","EJ/yr",0,0,0,0,0,0.0005235267,0.0034097917,0.0132118574,0.02474011163,0.0387286149,0.0532416277,0.0683079482,0.084092961,0.101384722,0.120684121,0.141847525,0.165246233,0.191135788,0.219269425,0.247881022
"GCAM 7.1","Reference","Pakistan","Final Energy|Transportation|Truck|Liquids","EJ/yr",0.1458592,0.1607615,0.2423816,0.3181595,0.344584816,0.402690444,0.4655788657,0.5126653748,0.5744850268,0.631128704,0.704744262,0.80582375,0.932708635,1.079096968,1.239087379,1.407529195,1.581869978,1.763100427,1.94901672,2.13429846
"GCAM 7.1","Reference","World","Final Energy|Transportation|Truck|Liquids","EJ/yr",0.1458592,0.1607615,0.2423816,0.3181595,0.344584816,0.402690444,0.4655788657,0.5126653748,0.5744850268,0.631128704,0.704744262,0.80582375,0.932708635,1.079096968,1.239087379,1.407529195,1.581869978,1.763100427,1.94901672,2.13429846
"GCAM 7.1","Reference","China","Investment|Energy Supply","billion USD_2010/yr",0,0,1285.09013211975,12530.9644535629,2684.01237903873,2768.38864628073,2713.33130718733,2707.00607515474,2685.61445686023,3114.53453524445,2833.32990811047,2916.48194709797,2826.73642335549,2761.34307959666,2679.18344036332,3026.72196283282,3003.38384361022,2820.03355189756,2667.64136099812,2561.85153270051
"GCAM 7.1","Reference","Pakistan","Investment|Energy Supply","billion USD_2010/yr",0,0,41.991095414485,556.291315858668,68.6886224295482,109.509883123864,129.137312611991,166.869311521146,200.595955955546,214.038181969726,218.570647842266,298.964873913702,357.667731248847,413.89375134732,468.505715882688,498.570621128493,512.39832278099,551.240882557145,572.692291445171,597.566330787319
"GCAM 7.1","Reference","World","Investment|Energy Supply","billion USD_2010/yr",0,0,1327.08122753424,13087.2557694216,2752.70100146828,2877.8985294046,2842.46861979932,2873.87538667588,2886.21041281578,3328.57271721417,3051.90055595273,3215.44682101167,3184.40415460433,3175.23683094398,3147.68915624601,3525.29258396131,3515.78216639121,3371.27443445471,3240.33365244329,3159.41786348783
"GCAM 7.1","Reference","China","Investment|Energy Supply|Electricity","billion USD_2010/yr",0,0,0,2624.8068111131,259.859360137941,277.415899685434,262.346504762336,267.970277472899,270.079672130334,391.645119284687,339.080912965608,359.393482468451,336.558692870892,320.668885419642,300.931574701813,388.064340128328,391.602285071842,351.896872173332,320.920577973552,301.785988967155
"GCAM 7.1","Reference","Pakistan","Investment|Energy Supply|Electricity","billion USD_2010/yr",0,0,0,113.363268541318,4.62851322422792,11.9885665042244,14.3645571690521,20.8729402576202,26.0372927542028,26.7945418631768,24.6741412410356,38.771688109663,47.9298291742611,56.929800051336,66.2330235422995,70.4066798863879,72.045593487954,79.8515068609045,83.7449596841396,87.9118010105416
"GCAM 7.1","Reference","World","Investment|Energy Supply|Electricity","billion USD_2010/yr",0,0,0,2738.17007965442,264.487873362169,289.404466189659,276.711061931388,288.843217730519,296.116964884537,418.439661147863,363.755054206644,398.165170578114,384.488522045153,377.598685470978,367.164598244112,458.471020014716,463.647878559796,431.748379034237,404.665537657692,389.697789977697
"GCAM 7.1","Reference","China","Investment|Energy Supply|Electricity|Biomass","billion USD_2010/yr",0,0,0,110.318083964124,5.34475825677576,3.42087359394485,2.94972053239208,3.044766478184,3.19573993454534,5.93565282674816,4.65961683421452,4.73524065104256,3.73900926040771,2.96230650002728,2.10430030616443,4.31371609786358,4.67848450561637,3.39620674760894,2.42298656410796,1.92349684735537
"GCAM 7.1","Reference","Pakistan","Investment|Energy Supply|Electricity|Biomass","billion USD_2010/yr",0,0,0,0.486977092975221,0.0537349719316095,0.124536189930773,0.159996327112934,0.27772291148993,0.383177819827238,0.386111437210758,0.292638056204081,0.563906993600353,0.714678849118278,0.868164711289069,1.05215309357927,1.10613323836868,1.12343206266174,1.34660775779997,1.42012607545001,1.4711971962017
"GCAM 7.1","Reference","World","Investment|Energy Supply|Electricity|Biomass","billion USD_2010/yr",0,0,0,110.805061057099,5.39849322870737,3.54540978387562,3.10971685950501,3.32248938967393,3.57891775437258,6.32176426395891,4.95225489041861,5.29914764464291,4.45368810952599,3.83047121131635,3.1564533997437,5.41984933623226,5.80191656827811,4.7428145054089,3.84311263955797,3.39469404355706
"GCAM 7.1","Reference","China","Investment|Energy Supply|Electricity|Biomass|w/o CCS","billion USD_2010/yr",0,0,0,110.318083964124,5.34475825677576,3.42087359394485,2.94972053239208,3.044766478184,3.19573993454534,5.93565282674816,4.65961683421452,4.73524065104256,3.73900926040771,2.96230650002728,2.10430030616443,4.31371609786358,4.67848450561637,3.39620674760894,2.42298656410796,1.92349684735537
"GCAM 7.1","Reference","Pakistan","Investment|Energy Supply|Electricity|Biomass|w/o CCS","billion USD_2010/yr",0,0,0,0.486977092975221,0.0537349719316095,0.124536189930773,0.159996327112934,0.27772291148993,0.383177819827238,0.386111437210758,0.292638056204081,0.563906993600353,0.714678849118278,0.868164711289069,1.05215309357927,1.10613323836868,1.12343206266174,1.34660775779997,1.42012607545001,1.4711971962017
"GCAM 7.1","Reference","World","Investment|Energy Supply|Electricity|Biomass|w/o CCS","billion USD_2010/yr",0,0,0,110.805061057099,5.39849322870737,3.54540978387562,3.10971685950501,3.32248938967393,3.57891775437258,6.32176426395891,4.95225489041861,5.29914764464291,4.45368810952599,3.83047121131635,3.1564533997437,5.41984933623226,5.80191656827811,4.7428145054089,3.84311263955797,3.39469404355706
"GCAM 7.1","Reference","China","Investment|Energy Supply|Electricity|Coal","billion USD_2010/yr",0,0,0,1349.38099460827,105.887518705924,61.5782085546706,49.7950032419265,48.3707867672566,47.3315503325168,82.58415833056,62.7515427490221,60.4315587497476,45.2332456801066,34.1512147993284,23.0944821973084,45.32815401407,47.023546289369,32.5751708782672,22.0744572536157,16.7333130531598
"GCAM 7.1","Reference","Pakistan","Investment|Energy Supply|Electricity|Coal","billion USD_2010/yr",0,0,0,7.23686884882795,0.887671539586296,1.88737997448607,2.27627473725335,3.72184933092951,4.82528084931999,4.60880227882907,3.44549345908937,6.43179034795647,7.87897371032173,9.23915811856153,10.7756881955821,10.9424153556534,10.7281030019141,12.4216618594059,12.6096189291824,12.6374020998617
"GCAM 7.1","Reference","World","Investment|Energy Supply|Electricity|Coal","billion USD_2010/yr",0,0,0,1356.61786345709,106.77519024551,63.4655885291567,52.0712779791798,52.0926360981861,52.1568311818368,87.192960609389,66.1970362081115,66.8633490977041,53.1122193904283,43.3903729178899,33.8701703928905,56.2705693697234,57.7516492912831,44.9968327376731,34.6840761827981,29.3707151530216
"GCAM 7.1","Reference","China","Investment|Energy Supply|Electricity|Coal|w/o CCS","billion USD_2010/yr",0,0,0,1349.38099460827,105.887518705924,61.5782085546706,49.7950032419265,48.3707867672566,47.3315503325168,82.58415833056,62.7515427490221,60.4315587497476,45.2332456801066,34.1512147993284,23.0944821973084,45.32815401407,47.023546289369,32.5751708782672,22.0744572536157,16.7333130531598
"GCAM 7.1","Reference","Pakistan","Investment|Energy Supply|Electricity|Coal|w/o CCS","billion USD_2010/yr",0,0,0,7.23686884882795,0.887671539586296,1.88737997448607,2.27627473725335,3.72184933092951,4.82528084931999,4.60880227882907,3.44549345908937,6.43179034795647,7.87897371032173,9.23915811856153,10.7756881955821,10.9424153556534,10.7281030019141,12.4216618594059,12.6096189291824,12.6374020998617
"GCAM 7.1","Reference","World","Investment|Energy Supply|Electricity|Coal|w/o CCS","billion USD_2010/yr",0,0,0,1356.61786345709,106.77519024551,63.4655885291567,52.0712779791798,52.0926360981861,52.1568311818368,87.192960609389,66.1970362081115,66.8633490977041,53.1122193904283,43.3903729178899,33.8701703928905,56.2705693697234,57.7516492912831,44.9968327376731,34.6840761827981,29.3707151530216
"GCAM 7.1","Reference","China","Investment|Energy Supply|Electricity|Fossil","billion USD_2010/yr",0,0,0,1622.4000515391,107.851115819161,62.7814691195572,50.7366023279677,49.2331947209233,48.1899121967205,84.129310573684,64.0376109534531,61.833842559364,46.3222739373405,35.0094740518378,23.727270564164,46.6143466341429,48.4670009462583,33.6842788175899,22.9481454045901,17.5350745236057
"GCAM 7.1","Reference","Pakistan","Investment|Energy Supply|Electricity|Fossil","billion USD_2010/yr",0,0,0,94.6393728832552,1.52572442760055,3.21722198597517,3.7376550621357,5.90309917523114,7.51913806915204,7.00846410993345,5.10241321832851,9.40976304459122,11.2653078448365,12.8976324219829,14.7724142293147,14.6550311765536,14.0883009677513,16.0751531978471,16.1217048755249,16.0807327432974
"GCAM 7.1","Reference","World","Investment|Energy Supply|Electricity|Fossil","billion USD_2010/yr",0,0,0,1717.03942442236,109.376840246762,65.9986911055323,54.4742573901034,55.1362938961544,55.7090502658725,91.1377746836175,69.1400241717816,71.2436056039552,57.587581782177,47.9071064738207,38.4996847934787,61.2693778106965,62.5553019140096,49.759432015437,39.069850280115,33.6158072669031
"GCAM 7.1","Reference","China","Investment|Energy Supply|Electricity|Fossil|w/o CCS","billion USD_2010/yr",0,0,0,1622.4000515391,107.851115819161,62.7814691195572,50.7366023279677,49.2331947209233,48.1899121967205,84.129310573684,64.0376109534531,61.833842559364,46.3222739373405,35.0094740518378,23.727270564164,46.6143466341429,48.4670009462583,33.6842788175899,22.9481454045901,17.5350745236057
"GCAM 7.1","Reference","Pakistan","Investment|Energy Supply|Electricity|Fossil|w/o CCS","billion USD_2010/yr",0,0,0,94.6393728832552,1.52572442760055,3.21722198597517,3.7376550621357,5.90309917523114,7.51913806915204,7.00846410993345,5.10241321832851,9.40976304459122,11.2653078448365,12.8976324219829,14.7724142293147,14.6550311765536,14.0883009677513,16.0751531978471,16.1217048755249,16.0807327432974
"GCAM 7.1","Reference","World","Investment|Energy Supply|Electricity|Fossil|w/o CCS","billion USD_2010/yr",0,0,0,1717.03942442236,109.376840246762,65.9986911055323,54.4742573901034,55.1362938961544,55.7090502658725,91.1377746836175,69.1400241717816,71.2436056039552,57.587581782177,47.9071064738207,38.4996847934787,61.2693778106965,62.5553019140096,49.759432015437,39.069850280115,33.6158072669031
"GCAM 7.1","Reference","China","Investment|Energy Supply|Electricity|Gas","billion USD_2010/yr",0,0,0,248.695575805714,1.85702637341914,1.14153059135925,0.887109432791276,0.805976942009018,0.799463299727682,1.43992177375726,1.21127492449884,1.32856737310635,1.03401246174127,0.817110789209476,0.60532941145003,1.23413243192344,1.39086489676999,1.07326194732467,0.84951430478517,0.783756027658457
"GCAM 7.1","Reference","Pakistan","Investment|Energy Supply|Electricity|Gas","billion USD_2010/yr",0,0,0,49.4553567025875,0.46828153007849,0.939173179990397,0.968888617192476,1.36387167136117,1.65344865781829,1.47445355845664,1.06704121039187,1.98687123753531,2.3298697026524,2.59539843485937,2.95069078562042,2.86088743792218,2.71548825637909,3.10433316282922,3.14022160032771,3.08133172736627
"GCAM 7.1","Reference","World","Investment|Energy Supply|Electricity|Gas","billion USD_2010/yr",0,0,0,298.150932508301,2.32530790349763,2.08070377134965,1.85599804998375,2.16984861337018,2.45291195754597,2.9143753322139,2.27831613489071,3.31543861064166,3.36388216439366,3.41250922406885,3.55602019707045,4.09501986984561,4.10635315314908,4.17759511015389,3.98973590511288,3.86508775502473
"GCAM 7.1","Reference","China","Investment|Energy Supply|Electricity|Gas|w/o CCS","billion USD_2010/yr",0,0,0,248.695575805714,1.85702637341914,1.14153059135925,0.887109432791276,0.805976942009018,0.799463299727682,1.43992177375726,1.21127492449884,1.32856737310635,1.03401246174127,0.817110789209476,0.60532941145003,1.23413243192344,1.39086489676999,1.07326194732467,0.84951430478517,0.783756027658457
"GCAM 7.1","Reference","Pakistan","Investment|Energy Supply|Electricity|Gas|w/o CCS","billion USD_2010/yr",0,0,0,49.4553567025875,0.46828153007849,0.939173179990397,0.968888617192476,1.36387167136117,1.65344865781829,1.47445355845664,1.06704121039187,1.98687123753531,2.3298697026524,2.59539843485937,2.95069078562042,2.86088743792218,2.71548825637909,3.10433316282922,3.14022160032771,3.08133172736627
"GCAM 7.1","Reference","World","Investment|Energy Supply|Electricity|Gas|w/o CCS","billion USD_2010/yr",0,0,0,298.150932508301,2.32530790349763,2.08070377134965,1.85599804998375,2.16984861337018,2.45291195754597,2.9143753322139,2.27831613489071,3.31543861064166,3.36388216439366,3.41250922406885,3.55602019707045,4.09501986984561,4.10635315314908,4.17759511015389,3.98973590511288,3.86508775502473
"GCAM 7.1","Reference","China","Investment|Energy Supply|Electricity|Geothermal","billion USD_2010/yr",0,0,0,12.620541159872,2.74242687056244,2.09981838491981,1.91985018489827,1.89731052844523,1.87228167548429,2.88460014236771,2.55117620546129,2.64295455685168,2.24262437637107,1.90192665137368,1.46970500241433,2.69599557795907,2.82865175442528,2.28359024591491,1.77442832850441,1.47571900394445
"GCAM 7.1","Reference","Pakistan","Investment|Energy Supply|Electricity|Geothermal","billion USD_2010/yr",0,0,0,0,0.0624583772774945,0.258621378232904,0.376678221947444,0.576202858660436,0.641704025943146,0.552131184841476,0.404720762163681,0.715233575481634,0.845473977328575,0.980573297811234,1.11991200123385,1.09779159657901,1.04883148836593,1.19393858669541,1.23430269029456,1.2544931234949
"GCAM 7.1","Reference","World","Investment|Energy Supply|Electricity|Geothermal","billion USD_2010/yr",0,0,0,12.620541159872,2.80488524783993,2.35843976315271,2.29652840684572,2.47351338710567,2.51398570142743,3.43673132720919,2.95589696762497,3.35818813233331,3.08809835369965,2.88249994918491,2.58961700364818,3.79378717453808,3.87748324279121,3.47752883261033,3.00873101879897,2.73021212743935
"GCAM 7.1","Reference","China","Investment|Energy Supply|Electricity|Non-Biomass Renewables","billion USD_2010/yr",0,0,0,449.411902555003,146.663486062004,202.041161589025,194.303241263598,199.105084738361,199.77983956912,263.760020091474,241.769685069132,265.222209522373,265.909243037166,267.303167715793,264.850875583405,317.40347140973,318.398600295048,301.170772419155,286.41279014453,275.519314197898
"GCAM 7.1","Reference","Pakistan","Investment|Energy Supply|Electricity|Non-Biomass Renewables","billion USD_2010/yr",0,0,0,1.56669091071817,3.04905382469577,8.60494366116045,10.3685492604302,14.516947001916,17.8887021340751,19.1457108208159,19.0774582982506,28.4199643296402,35.4835259446613,42.6115721154296,49.7576971979881,53.9774034026733,56.1695034368024,61.6460847229579,65.3842901572213,69.5138684890168
"GCAM 7.1","Reference","World","Investment|Energy Supply|Electricity|Non-Biomass Renewables","billion USD_2010/yr",0,0,0,450.978593465721,149.7125398867,210.646105250185,204.671790524029,213.622031740277,217.668541703195,282.90573091229,260.847143367383,293.642173852014,301.392768981827,309.914739831223,314.608572781393,371.380874812403,374.56810373185,362.816857142113,351.797080301751,345.033182686915
"GCAM 7.1","Reference","China","Investment|Energy Supply|Electricity|Nuclear","billion USD_2010/yr",0,0,0,442.676773054872,0,9.17239538290779,14.3569406383776,16.5872315354303,18.9141804299487,37.8201357927805,28.6140001088082,27.6021897356713,20.5881666359779,15.3939371519832,10.2491282480795,19.7328059865916,20.0581993249195,13.6456141889782,9.13665586032433,6.80810339829598
"GCAM 7.1","Reference","Pakistan","Investment|Energy Supply|Electricity|Nuclear","billion USD_2010/yr",0,0,0,16.6702276543692,0,0.0418646671579883,0.0983565193732685,0.175171168983151,0.246274731148395,0.254255495216677,0.201631668252443,0.37805374183129,0.466316535645052,0.552430802634393,0.650759021417369,0.66811206879241,0.664357020738622,0.78366118229954,0.818838575943335,0.84600258202568
"GCAM 7.1","Reference","World","Investment|Energy Supply|Electricity|Nuclear","billion USD_2010/yr",0,0,0,459.347000709242,0,9.21426005006577,14.4552971577509,16.7624027044135,19.1604551610971,38.0743912879972,28.8156317770606,27.9802434775026,21.054483171623,15.9463679546175,10.8998872694969,20.400918055384,20.7225563456581,14.4292753712778,9.95549443626767,7.65410598032166
"GCAM 7.1","Reference","China","Investment|Energy Supply|Electricity|Oil","billion USD_2010/yr",0,0,0,24.3234811251203,0.106570739817993,0.0617299735273007,0.0544896532499499,0.0564310116577122,0.0588985644760202,0.105230469366802,0.0747932799320824,0.0737164365100322,0.0550157954926736,0.0411484632999289,0.0274589554056034,0.0520601881494807,0.0525897601193355,0.0358459919980411,0.0241738461892896,0.0180054427873664
"GCAM 7.1","Reference","Pakistan","Investment|Energy Supply|Electricity|Oil","billion USD_2010/yr",0,0,0,37.9471473318397,0.16977135793576,0.3906688314987,0.492491707689874,0.817378172940467,1.04040856201376,0.925208272647737,0.589878548847266,0.99110145909943,1.05646443186236,1.06307586856202,1.04603524811222,0.851728382977983,0.644709709458098,0.549158175611998,0.371864346014777,0.361998916069419
"GCAM 7.1","Reference","World","Investment|Energy Supply|Electricity|Oil","billion USD_2010/yr",0,0,0,62.27062845696,0.276342097753753,0.452398805026001,0.546981360939823,0.873809184598179,1.09930712648978,1.03043874201454,0.664671828779348,1.06481789560946,1.11148022735504,1.10422433186195,1.07349420351783,0.903788571127464,0.697299469577433,0.585004167610039,0.396038192204067,0.380004358856786
"GCAM 7.1","Reference","China","Investment|Energy Supply|Electricity|Oil|w/o CCS","billion USD_2010/yr",0,0,0,24.3234811251203,0.106570739817993,0.0617299735273007,0.0544896532499499,0.0564310116577122,0.0588985644760202,0.105230469366802,0.0747932799320824,0.0737164365100322,0.0550157954926736,0.0411484632999289,0.0274589554056034,0.0520601881494807,0.0525897601193355,0.0358459919980411,0.0241738461892896,0.0180054427873664
"GCAM 7.1","Reference","Pakistan","Investment|Energy Supply|Electricity|Oil|w/o CCS","billion USD_2010/yr",0,0,0,37.9471473318397,0.16977135793576,0.3906688314987,0.492491707689874,0.817378172940467,1.04040856201376,0.925208272647737,0.589878548847266,0.99110145909943,1.05646443186236,1.06307586856202,1.04603524811222,0.851728382977983,0.644709709458098,0.549158175611998,0.371864346014777,0.361998916069419
"GCAM 7.1","Reference","World","Investment|Energy Supply|Electricity|Oil|w/o CCS","billion USD_2010/yr",0,0,0,62.27062845696,0.276342097753753,0.452398805026001,0.546981360939823,0.873809184598179,1.09930712648978,1.03043874201454,0.664671828779348,1.06481789560946,1.11148022735504,1.10422433186195,1.07349420351783,0.903788571127464,0.697299469577433,0.585004167610039,0.396038192204067,0.380004358856786
"GCAM 7.1","Reference","China","Investment|Energy Supply|Electricity|Solar","billion USD_2010/yr",0,0,0,248.484662375027,108.372215768004,156.863883075865,155.885616429698,162.030873753484,164.772312525506,200.923091496373,196.080065013409,222.294906050788,234.416570655413,243.875596715812,248.797320337763,285.634251163325,286.159020722632,278.334417070902,270.56139661004,263.460482135151
"GCAM 7.1","Reference","Pakistan","Investment|Energy Supply|Electricity|Solar","billion USD_2010/yr",0,0,0,0.667523154181928,2.62611309980789,6.87875209980855,8.30036705490628,11.3901929175804,14.1977996311745,15.8270893272633,16.7355526689679,24.1891985373799,30.4922934817075,36.9173002434721,43.2898187017803,47.681275918896,50.3131317342584,55.0522631194742,58.7202021581167,62.8863545995779
"GCAM 7.1","Reference","World","Investment|Energy Supply|Electricity|Solar","billion USD_2010/yr",0,0,0,249.152185529209,110.998328867812,163.742635175673,164.185983484604,173.421066671064,178.970112156681,216.750180823636,212.815617682377,246.484104588167,264.908864137121,280.792896959284,292.087139039544,333.315527082221,336.47215245689,333.386680190376,329.281598768157,326.346836734728
"GCAM 7.1","Reference","China","Investment|Energy Supply|Electricity|Solar|CSP","billion USD_2010/yr",0,0,0,5.06001844492113,0.0594395607207684,0.215528296046171,0.348971936921967,0.589876667852756,0.897608784370065,2.21939438555716,2.05366398710127,2.24667233988129,1.85525294454047,1.49740437142255,1.03814551196623,2.07586170609928,2.28689266038867,1.62473888855773,1.14201550737939,0.900783026411603
"GCAM 7.1","Reference","Pakistan","Investment|Energy Supply|Electricity|Solar|CSP","billion USD_2010/yr",0,0,0,0,0.000440373890169714,0.00794891305469431,0.0215858445879346,0.0624442349330661,0.116958312560143,0.148286471301121,0.13474156291071,0.272600377598038,0.358256510209749,0.437775457994436,0.516865746082216,0.548404155236614,0.560139410277665,0.659795690204632,0.678371477996961,0.685003925468569
"GCAM 7.1","Reference","World","Investment|Energy Supply|Electricity|Solar|CSP","billion USD_2010/yr",0,0,0,5.06001844492113,0.0598799346109381,0.223477209100865,0.370557781509902,0.652320902785823,1.01456709693021,2.36768085685829,2.18840555001198,2.51927271747933,2.21350945475022,1.93517982941699,1.55501125804845,2.6242658613359,2.84703207066633,2.28453457876236,1.82038698537635,1.58578695188017
"GCAM 7.1","Reference","China","Investment|Energy Supply|Electricity|Solar|PV","billion USD_2010/yr",0,0,0,243.424643930106,108.312776207283,156.648354779819,155.536644492776,161.440997085631,163.874703741136,198.703697110816,194.026401026308,220.048233710906,232.561317710873,242.378192344389,247.759174825797,283.558389457226,283.872128062243,276.709678182344,269.419381102661,262.559699108739
"GCAM 7.1","Reference","Pakistan","Investment|Energy Supply|Electricity|Solar|PV","billion USD_2010/yr",0,0,0,0.667523154181928,2.62567272591772,6.87080318675386,8.27878121031835,11.3277486826473,14.0808413186144,15.6788028559621,16.6008111060572,23.9165981597819,30.1340369714977,36.4795247854777,42.7729529556981,47.1328717636593,49.7529923239807,54.3924674292696,58.0418306801197,62.2013506741093
"GCAM 7.1","Reference","World","Investment|Energy Supply|Electricity|Solar|PV","billion USD_2010/yr",0,0,0,244.092167084288,110.938448933201,163.519157966573,163.815425703094,172.768745768278,177.95554505975,214.382499966778,210.627212132365,243.964831870688,262.69535468237,278.857717129867,290.532127781495,330.691261220885,333.625120386224,331.102145611614,327.461211782781,324.761049782848
"GCAM 7.1","Reference","China","Investment|Energy Supply|Electricity|Solar|PV|Residential","billion USD_2010/yr",0,0,0,0,15.4636496423126,44.2701033279327,73.9593683604372,95.6156904499188,111.014374175389,121.593997168823,139.685384539845,168.212777642973,194.701916579626,214.128118916823,228.388268764467,244.91810856605,245.652232714382,250.336219508507,251.751322316852,249.536768608334
"GCAM 7.1","Reference","Pakistan","Investment|Energy Supply|Electricity|Solar|PV|Residential","billion USD_2010/yr",0,0,0,0,1.52208415946622,2.83120122791795,4.40013020018449,6.16840013379035,8.27937982261099,10.8474160039234,13.4169267339133,18.0409521342294,23.1683352251506,28.3556089572618,33.1666026326258,37.6957455846341,40.9251199281479,44.3353103797026,47.8554361821711,52.0316509753318
"GCAM 7.1","Reference","World","Investment|Energy Supply|Electricity|Solar|PV|Residential","billion USD_2010/yr",0,0,0,0,16.9857338017788,47.1013045558507,78.3594985606217,101.784090583709,119.293753998,132.441413172747,153.102311273758,186.253729777202,217.870251804777,242.483727874085,261.554871397093,282.613854150684,286.57735264253,294.67152988821,299.606758499023,301.568419583665
"GCAM 7.1","Reference","China","Investment|Energy Supply|Electricity|Wind","billion USD_2010/yr",0,0,0,188.306699020104,35.5488434234382,43.0774601282399,36.4977746490024,35.1769004564325,33.1352453681294,59.9523284527332,43.1384438502621,40.2843489147342,29.2500480053817,21.5256443486081,14.5838502432268,29.0732246684454,29.4109278179907,20.5527651023384,14.0769652059851,10.583113058803
"GCAM 7.1","Reference","Pakistan","Investment|Energy Supply|Electricity|Wind","billion USD_2010/yr",0,0,0,0.89916775653624,0.36048234761038,1.467570183119,1.69150398357643,2.5505512256752,3.04919847695743,2.76649030871114,1.93718486711897,3.51553221677862,4.1457584856252,4.71369857414621,5.34796649497393,5.19833588719832,4.80754021417807,5.39988301678827,5.42978530881008,5.37302076594402
"GCAM 7.1","Reference","World","Investment|Energy Supply|Electricity|Wind","billion USD_2010/yr",0,0,0,189.20586677664,35.9093257710485,44.5450303113589,38.1892786325788,37.7274516821077,36.1844438450868,62.7188187614444,45.0756287173811,43.7998811315128,33.3958064910069,26.2393429227543,19.9318167382007,34.2715605556438,34.2184680321687,25.9526481191266,19.5067505147952,15.956133824747
"GCAM 7.1","Reference","China","Investment|Energy Supply|Electricity|Wind|Offshore","billion USD_2010/yr",0,0,0,0,3.85176458900141,9.22411818627511,10.8588751318713,12.7433514320769,13.6729557449968,21.9190237577264,15.0202518733931,13.3447454839014,9.45498033682339,6.85481938323017,4.77961529683515,8.85616505136302,8.88873151770594,5.91329699764537,3.85671116081788,2.83400684831956
"GCAM 7.1","Reference","Pakistan","Investment|Energy Supply|Electricity|Wind|Offshore","billion USD_2010/yr",0,0,0,0,0.00198586541717024,0.0198376188232018,0.0393674049545689,0.0864354594447195,0.133216504791416,0.142925078606757,0.100271080079449,0.170708686633352,0.193218535616926,0.209985456322322,0.229023645583962,0.219980815492311,0.208357768405535,0.231375675923617,0.222522368975003,0.21244791444896
"GCAM 7.1","Reference","World","Investment|Energy Supply|Electricity|Wind|Offshore","billion USD_2010/yr",0,0,0,0,3.85375045441858,9.24395580509831,10.8982425368259,12.8297868915217,13.8061722497882,22.0619488363332,15.1205229534725,13.5154541705348,9.64819887244031,7.06480483955249,5.00863894241911,9.07614586685533,9.09708928611147,6.14467267356898,4.07923352979288,3.04645476276852
"GCAM 7.1","Reference","China","Investment|Energy Supply|Electricity|Wind|Onshore","billion USD_2010/yr",0,0,0,188.306699020104,31.6970788344367,33.8533419419648,25.6388995171311,22.4335490243556,19.4622896231326,38.0333046950068,28.1181919768691,26.9396034308328,19.7950676685583,14.6708249653779,9.80423494639162,20.2170596170824,20.5221963002847,14.639468104693,10.2202540451672,7.74910621048343
"GCAM 7.1","Reference","Pakistan","Investment|Energy Supply|Electricity|Wind|Onshore","billion USD_2010/yr",0,0,0,0.89916775653624,0.35849648219321,1.4477325642958,1.65213657862186,2.46411576623048,2.91598197216601,2.62356523010438,1.83691378703952,3.34482353014527,3.95253995000827,4.50371311782389,5.11894284938997,4.97835507170601,4.59918244577253,5.16850734086465,5.20726293983507,5.16057285149506
"GCAM 7.1","Reference","World","Investment|Energy Supply|Electricity|Wind|Onshore","billion USD_2010/yr",0,0,0,189.20586677664,32.05557531663,35.3010745062606,27.291036095753,24.8976647905861,22.3782715952986,40.6568699251112,29.9551057639086,30.284426960978,23.7476076185665,19.1745380832018,14.9231777957816,25.1954146887884,25.1213787460573,19.8079754455576,15.4275169850023,12.9096790619785
"GCAM 7.1","Reference","China","Investment|Energy Supply|Extraction|Coal","billion USD_2010/yr",0,0,332.418838563451,370.935762871393,400.091167912803,392.879437439952,375.888581259403,353.623489775559,325.122567518878,301.408080610116,273.686867395365,245.886496967487,222.341489493617,204.504028438802,190.175549296528,176.056447257137,156.920401906717,143.006120173435,129.340642113618,115.345412997048
"GCAM 7.1","Reference","Pakistan","Investment|Energy Supply|Extraction|Coal","billion USD_2010/yr",0,0,0.308281220525705,0.618112565668167,0.679239039321332,0.79073096543472,0.893947979873131,1.02541542122678,1.14976834948236,1.22381317924613,1.21389426180583,1.21807429200114,1.29385983098056,1.40672504887351,1.52367086971186,1.65149034685137,1.7736739143572,1.89998086901875,2.0139030581934,2.099610581029
"GCAM 7.1","Reference","World","Investment|Energy Supply|Extraction|Coal","billion USD_2010/yr",0,0,332.727119783976,371.553875437061,400.770406952124,393.670168405387,376.782529239276,354.648905196785,326.27233586836,302.631893789362,274.900761657171,247.104571259489,223.635349324597,205.910753487676,191.69922016624,177.707937603988,158.694075821074,144.906101042454,131.354545171811,117.445023578077
"GCAM 7.1","Reference","China","Investment|Energy Supply|Extraction|Fossil","billion USD_2010/yr",0,0,642.545066059877,708.814664402563,756.94185425526,765.634427254125,749.436700541595,716.388464859935,688.986745130661,652.548638874523,599.018334736091,571.615597029047,545.96675584203,525.526966743988,509.512797633857,492.244681101137,472.413385928854,455.530185370554,439.989492839438,427.557193869754
"GCAM 7.1","Reference","Pakistan","Investment|Energy Supply|Extraction|Fossil","billion USD_2010/yr",0,0,20.9955477072425,21.0131506059278,22.8604350676563,26.5714397838176,29.9372780305427,33.1709595779847,36.9431592662138,39.801736005862,44.5192191734206,50.2108511073724,55.4196110772011,59.7596502099192,62.970792678286,65.2187641048258,65.8891927988156,65.5984749326844,65.0859906931885,65.0963937674696
"GCAM 7.1","Reference","World","Investment|Energy Supply|Extraction|Fossil","billion USD_2010/yr",0,0,663.540613767119,729.827815008491,779.802289322916,792.205867037943,779.373978572138,749.55942443792,725.929904396875,692.350374880385,643.537553909512,621.826448136419,601.386366919231,585.286616953907,572.483590312143,557.463445205962,538.30257872767,521.128660303239,505.075483532627,492.653587637224
"GCAM 7.1","Reference","China","Investment|Energy Supply|Extraction|Gas","billion USD_2010/yr",0,0,71.6750320355539,109.703895425867,111.730426662618,121.781950873557,130.479953318633,133.977222573042,133.579157780911,132.690319120271,138.637321939195,146.567284266436,148.541003616393,149.114323924552,149.282983720221,146.889060097207,146.610917493428,147.311954932182,149.285289916151,153.50931838125
"GCAM 7.1","Reference","Pakistan","Investment|Energy Supply|Extraction|Gas","billion USD_2010/yr",0,0,15.4082331196618,15.608810667,16.6117752768886,19.7360711508835,22.8035884810857,25.8371170956739,29.1748852271827,32.21363660682,35.5998794393102,40.449877128183,44.7424457363176,48.0648592153255,50.032182715237,50.8430719534488,50.2726574521615,48.9814952242403,47.5102959673961,46.3662075412407
"GCAM 7.1","Reference","World","Investment|Energy Supply|Extraction|Gas","billion USD_2010/yr",0,0,87.0832651552157,125.312706092867,128.342201939506,141.518022024441,153.283541799719,159.814339668715,162.754043008094,164.903955727091,174.237201378506,187.017161394619,193.28344935271,197.179183139877,199.315166435458,197.732132050656,196.88357494559,196.293450156422,196.795585883547,199.875525922491
"GCAM 7.1","Reference","China","Investment|Energy Supply|Extraction|Oil","billion USD_2010/yr",0,0,238.451195460872,228.175006105303,245.12025967984,250.973038940616,243.068165963559,228.787752511335,230.285019830872,218.450239144136,186.69414540153,179.161815795123,175.08426273202,171.908614380634,170.054264617108,169.299173746793,168.882066528709,165.212110264937,161.36356080967,158.702462491456
"GCAM 7.1","Reference","Pakistan","Investment|Energy Supply|Extraction|Oil","billion USD_2010/yr",0,0,5.27903336705494,4.78622737325959,5.56942075144642,6.04463766749938,6.23974156958388,6.30842706108406,6.61850568954879,6.36428621979591,7.70544547230458,8.54289968718828,9.38330550990292,10.2880659457201,11.4149390933371,12.7242018045257,13.8428614322969,14.7169988394253,15.5617916675991,16.6305756451999
"GCAM 7.1","Reference","World","Investment|Energy Supply|Extraction|Oil","billion USD_2010/yr",0,0,243.730228827927,232.961233478562,250.689680431286,257.017676608115,249.307907533143,235.096179572419,236.903525520421,224.814525363932,194.399590873835,187.704715482312,184.467568241923,182.196680326354,181.469203710445,182.023375551319,182.724927961006,179.929109104363,176.925352477269,175.333038136656
"GCAM 7.1","Reference","China","Primary Energy","EJ/yr",79.469888673726,109.940190538462,130.691104831572,159.400147135324,171.140084012504,179.391305532445,184.64268476174,185.769486527446,184.477918736265,182.284638862933,177.885689940677,172.930390701077,167.092239973722,161.236932104713,155.417138324786,148.639464670632,140.736063949189,134.313382201786,128.249692399428,122.327589158427
"GCAM 7.1","Reference","Pakistan","Primary Energy","EJ/yr",3.20765869128632,3.58976552978294,4.07514146491954,4.91135850179301,5.12388966845698,5.77023379320162,6.62113135755041,7.69628099775511,9.06108880580627,10.703066721043,12.6102723955134,14.7859670444084,17.0853943226398,19.4558007765048,21.7953133423626,23.9718064228084,25.9386660843275,27.7919266862223,29.5148222092708,31.1379744291536
"GCAM 7.1","Reference","World","Primary Energy","EJ/yr",82.6775473650123,113.529956068245,134.766246296491,164.311505637117,176.263973680961,185.161539325646,191.263816119291,193.465767525201,193.539007542071,192.987705583976,190.49596233619,187.716357745485,184.177634296362,180.692732881217,177.212451667148,172.61127109344,166.674730033517,162.105308888008,157.764514608699,153.465563587581
"GCAM 7.1","Reference","China","Primary Energy|Biomass","EJ/yr",7.60030121509416,6.28773130367227,5.56723242631949,7.29357824746213,6.80223853434113,6.82294484727551,7.4963370642709,8.19964751965503,8.92707040061727,10.0676133438263,11.1670385874076,11.8710872230455,12.03946517135,11.9830574981885,11.6022733933489,11.3690850560184,11.0306606082993,10.6564969818052,10.2435599845076,9.77500981859342
"GCAM 7.1","Reference","Pakistan","Primary Energy|Biomass","EJ/yr",1.135952136,1.271414429,1.42315393541921,1.609264336328,1.5476749718483,1.46828865046864,1.42353224707324,1.40398595255721,1.40505115306919,1.43004539524979,1.46944339788672,1.52338810776865,1.58539348259906,1.65651071953287,1.73261434245413,1.80835313075537,1.88246503970205,1.96174918211582,2.03817275799502,2.12050268199017
"GCAM 7.1","Reference","World","Primary Energy|Biomass","EJ/yr",8.73625335109416,7.55914573267227,6.99038636173871,8.90284258379014,8.34991350618942,8.29123349774416,8.91986931134413,9.60363347221224,10.3321215536865,11.4976587390761,12.6364819852943,13.3944753308142,13.624858653949,13.6395682177213,13.334887735803,13.1774381867738,12.9131256480014,12.618246163921,12.2817327425027,11.8955125005836
"GCAM 7.1","Reference","China","Primary Energy|Biomass|1st Generation","EJ/yr",0.0320524767516287,0.0787147233395898,0.0975263298564285,0.157491936763069,0.153710248104251,0.146475693335441,0.158297929607228,0.166583168617926,0.201508529379578,0.251548677478236,0.310106537833381,0.353697577733591,0.378703771339887,0.408388491010653,0.42463735062554,0.475943308015552,0.552116443360429,0.628308131098714,0.685314168952395,0.717562085190042
"GCAM 7.1","Reference","Pakistan","Primary Energy|Biomass|1st Generation","EJ/yr",0,0,0,0,0.000183243390817671,0.000369644208958967,0.000706266897062335,0.00127841928266438,0.00228223720513112,0.00394027280578572,0.00655093354969754,0.0102061191818537,0.0152140618726243,0.022171719027971,0.0310315578355295,0.0421170742443858,0.0549789763478549,0.0689436436583723,0.0831969422278085,0.0975537183503232
"GCAM 7.1","Reference","World","Primary Energy|Biomass|1st Generation","EJ/yr",0.0320524767516287,0.0787147233395898,0.0975263298564285,0.157491936763069,0.153893491495068,0.1468453375444,0.15900419650429,0.16786158790059,0.203790766584709,0.255488950284022,0.316657471383078,0.363903696915445,0.393917833212511,0.430560210038624,0.455668908461069,0.518060382259938,0.607095419708284,0.697251774757086,0.768511111180204,0.815115803540366
"GCAM 7.1","Reference","China","Primary Energy|Biomass|Energy Crops","EJ/yr",0.786424838342532,1.52748378033268,2.09184729646306,4.06211591069907,3.94144738623688,4.39937675394007,5.12849003466367,5.8721545510371,6.6108278712377,7.74545306634811,8.82158414957424,9.51630844531195,9.69285960001008,9.63513110717783,9.26536304272332,9.0072933480029,8.6146139649389,8.18566465070648,7.73661271555525,7.24821253340338
"GCAM 7.1","Reference","Pakistan","Primary Energy|Biomass|Energy Crops","EJ/yr",0.153833596,0.172170799,0.201345425419213,0.229558926328005,0.250433848457477,0.308231746259685,0.378995270176175,0.466493693274545,0.567000425864059,0.681371722444007,0.795394228337025,0.910926498586793,1.02274329072644,1.1308725705049,1.23546202361861,1.33160904051098,1.41823881435419,1.50395155145745,1.58233188776721,1.66141062363985
"GCAM 7.1","Reference","World","Primary Energy|Biomass|Energy Crops","EJ/yr",0.940258434342532,1.69965457933268,2.29319272188228,4.29167483702707,4.19188123469435,4.70760850019976,5.50748530483984,6.33864824431165,7.17782829710175,8.42682478879212,9.61697837791127,10.4272349438987,10.7156028907365,10.7660036776827,10.5008250663419,10.3389023885139,10.0328527792931,9.68961620216393,9.31894460332247,8.90962315704322
"GCAM 7.1","Reference","China","Primary Energy|Biomass|Modern","EJ/yr",0.786424838342532,1.52748378033268,2.09184729646306,4.06211591069907,3.94144738623688,4.39937675394007,5.12849003466367,5.8721545510371,6.6108278712377,7.74545306634811,8.82158414957424,9.51630844531195,9.69285960001008,9.63513110717783,9.26536304272332,9.0072933480029,8.6146139649389,8.18566465070648,7.73661271555525,7.24821253340338
"GCAM 7.1","Reference","Pakistan","Primary Energy|Biomass|Modern","EJ/yr",0.153833596,0.172170799,0.201345425419213,0.229558926328005,0.250433848457477,0.308231746259685,0.378995270176175,0.466493693274545,0.567000425864059,0.681371722444007,0.795394228337025,0.910926498586793,1.02274329072644,1.1308725705049,1.23546202361861,1.33160904051098,1.41823881435419,1.50395155145745,1.58233188776721,1.66141062363985
"GCAM 7.1","Reference","World","Primary Energy|Biomass|Modern","EJ/yr",0.940258434342532,1.69965457933268,2.29319272188228,4.29167483702707,4.19188123469435,4.70760850019976,5.50748530483984,6.33864824431165,7.17782829710175,8.42682478879212,9.61697837791127,10.4272349438987,10.7156028907365,10.7660036776827,10.5008250663419,10.3389023885139,10.0328527792931,9.68961620216393,9.31894460332247,8.90962315704322
"GCAM 7.1","Reference","China","Primary Energy|Biomass|Modern|w/o CCS","EJ/yr",0.786424838342532,1.52748378033268,2.09184729646306,4.06211591069907,3.94144738623688,4.39937675394007,5.12849003466367,5.8721545510371,6.6108278712377,7.74545306634811,8.82158414957424,9.51630844531195,9.69285960001008,9.63513110717783,9.26536304272332,9.0072933480029,8.6146139649389,8.18566465070648,7.73661271555525,7.24821253340338
"GCAM 7.1","Reference","Pakistan","Primary Energy|Biomass|Modern|w/o CCS","EJ/yr",0.153833596,0.172170799,0.201345425419213,0.229558926328005,0.250433848457477,0.308231746259685,0.378995270176175,0.466493693274545,0.567000425864059,0.681371722444007,0.795394228337025,0.910926498586793,1.02274329072644,1.1308725705049,1.23546202361861,1.33160904051098,1.41823881435419,1.50395155145745,1.58233188776721,1.66141062363985
"GCAM 7.1","Reference","World","Primary Energy|Biomass|Modern|w/o CCS","EJ/yr",0.940258434342532,1.69965457933268,2.29319272188228,4.29167483702707,4.19188123469435,4.70760850019976,5.50748530483984,6.33864824431165,7.17782829710175,8.42682478879212,9.61697837791127,10.4272349438987,10.7156028907365,10.7660036776827,10.5008250663419,10.3389023885139,10.0328527792931,9.68961620216393,9.31894460332247,8.90962315704322
"GCAM 7.1","Reference","China","Primary Energy|Biomass|Traditional","EJ/yr",6.7818239,4.6815328,3.3778588,3.0739704,2.7070809,2.2770924,2.2095491,2.1609098,2.114734,2.0706116,2.0353479,2.0010812,1.9679018,1.9395379,1.912273,1.8858484,1.8639302,1.8425242,1.8216331,1.8092352
"GCAM 7.1","Reference","Pakistan","Primary Energy|Biomass|Traditional","EJ/yr",0.98211854,1.09924363,1.22180851,1.37970541,1.29705788,1.15968726,1.04383071,0.93621384,0.83576849,0.7447334,0.667498236,0.60225549,0.54743613,0.50346643,0.466120761,0.434627016,0.409247249,0.388853987,0.372643928,0.36153834
"GCAM 7.1","Reference","World","Primary Energy|Biomass|Traditional","EJ/yr",7.76394244,5.78077643,4.59966731,4.45367581,4.00413878,3.43677966,3.25337981,3.09712364,2.95050249,2.815345,2.702846136,2.60333669,2.51533793,2.44300433,2.378393761,2.320475416,2.273177449,2.231378187,2.194277028,2.17077354
"GCAM 7.1","Reference","China","Primary Energy|Biomass|w/o CCS","EJ/yr",7.60030121509416,6.28773130367227,5.56723242631949,7.29357824746213,6.80223853434113,6.82294484727551,7.4963370642709,8.19964751965503,8.92707040061727,10.0676133438263,11.1670385874076,11.8710872230455,12.03946517135,11.9830574981885,11.6022733933489,11.3690850560184,11.0306606082993,10.6564969818052,10.2435599845076,9.77500981859342
"GCAM 7.1","Reference","Pakistan","Primary Energy|Biomass|w/o CCS","EJ/yr",1.135952136,1.271414429,1.42315393541921,1.609264336328,1.5476749718483,1.46828865046864,1.42353224707324,1.40398595255721,1.40505115306919,1.43004539524979,1.46944339788672,1.52338810776865,1.58539348259906,1.65651071953287,1.73261434245413,1.80835313075537,1.88246503970205,1.96174918211582,2.03817275799502,2.12050268199017
"GCAM 7.1","Reference","World","Primary Energy|Biomass|w/o CCS","EJ/yr",8.73625335109416,7.55914573267227,6.99038636173871,8.90284258379014,8.34991350618942,8.29123349774416,8.91986931134413,9.60363347221224,10.3321215536865,11.4976587390761,12.6364819852943,13.3944753308142,13.624858653949,13.6395682177213,13.334887735803,13.1774381867738,12.9131256480014,12.618246163921,12.2817327425027,11.8955125005836
"GCAM 7.1","Reference","China","Primary Energy|Coal","EJ/yr",52.8565584154275,75.0650710542035,86.6522645308634,96.031604690724,103.368342285726,105.027055634969,103.871821572588,100.807792368686,95.9817745224999,92.3052006256518,87.4890273947561,82.6753468927878,78.1729217554917,74.39857043099,71.1120316696415,67.4405012717675,61.5359767763999,57.7775435215705,54.1051981216166,49.9711659967431
"GCAM 7.1","Reference","Pakistan","Primary Energy|Coal","EJ/yr",0.156261865092279,0.175184949573542,0.210639051763761,0.658321210297647,0.766504291451269,0.966494748134162,1.22676444694558,1.57313152279186,1.99819307123099,2.51470507143023,3.11775814879521,3.81438148076186,4.60261989983746,5.48277415764525,6.41582903103342,7.31178165854565,8.12566530014448,8.93189506140928,9.69539733971565,10.3654274497335
"GCAM 7.1","Reference","World","Primary Energy|Coal","EJ/yr",53.0128202805198,75.2402560037771,86.8629035826271,96.6899259010217,104.134846577177,105.993550383103,105.098586019534,102.380923891478,97.9799675937309,94.819905697082,90.6067855435513,86.4897283735497,82.7755416553291,79.8813445886353,77.5278607006749,74.7522829303132,69.6616420765444,66.7094385829798,63.8005954613323,60.3365934464766
"GCAM 7.1","Reference","China","Primary Energy|Coal|w/o CCS","EJ/yr",52.8565584154275,75.0650710542035,86.6522645308634,96.031604690724,103.368342285726,105.027055634969,103.871821572588,100.807792368686,95.9817745224999,92.3052006256518,87.4890273947561,82.6753468927878,78.1729217554917,74.39857043099,71.1120316696415,67.4405012717675,61.5359767763999,57.7775435215705,54.1051981216166,49.9711659967431
"GCAM 7.1","Reference","Pakistan","Primary Energy|Coal|w/o CCS","EJ/yr",0.156261865092279,0.175184949573542,0.210639051763761,0.658321210297647,0.766504291451269,0.966494748134162,1.22676444694558,1.57313152279186,1.99819307123099,2.51470507143023,3.11775814879521,3.81438148076186,4.60261989983746,5.48277415764525,6.41582903103342,7.31178165854565,8.12566530014448,8.93189506140928,9.69539733971565,10.3654274497335
"GCAM 7.1","Reference","World","Primary Energy|Coal|w/o CCS","EJ/yr",53.0128202805198,75.2402560037771,86.8629035826271,96.6899259010217,104.134846577177,105.993550383103,105.098586019534,102.380923891478,97.9799675937309,94.819905697082,90.6067855435513,86.4897283735497,82.7755416553291,79.8813445886353,77.5278607006749,74.7522829303132,69.6616420765444,66.7094385829798,63.8005954613323,60.3365934464766
"GCAM 7.1","Reference","China","Primary Energy|Fossil","EJ/yr",70.2389342443339,100.658101938418,119.68017114011,142.390468486819,151.531068058217,155.250487766309,155.795518755936,152.533174411807,147.30028895216,142.363906669797,135.870056302228,130.143376862941,124.326757797345,119.158533742372,114.771241826902,109.550555448593,102.388866177622,97.5007809262652,92.9995401295462,88.5809619359154
"GCAM 7.1","Reference","Pakistan","Primary Energy|Fossil","EJ/yr",1.95166193920296,2.19151881973019,2.50715376300589,3.11156564797112,3.33061625519967,3.91150431143895,4.63052962938691,5.49132945552168,6.56849957363303,7.84854037176313,9.33885374303755,11.1012177266836,12.9303870440904,14.8276542058959,16.6801203382231,18.3634625719523,19.8125695134655,21.2306762178282,22.5839526801741,23.8893942216909
"GCAM 7.1","Reference","World","Primary Energy|Fossil","EJ/yr",72.1905961835369,102.849620758148,122.187324903116,145.50203413479,154.861684313417,159.161992077748,160.426048385323,158.024503867329,153.868788525793,150.21244704156,145.208910045265,141.244594589624,137.257144841435,133.986187948268,131.451362165125,127.914018020545,122.201435691087,118.731457144093,115.58349280972,112.470356157606
"GCAM 7.1","Reference","China","Primary Energy|Fossil|w/o CCS","EJ/yr",70.2389342443339,100.658101938418,119.68017114011,142.390468486819,151.531068058217,155.250487766309,155.795518755936,152.533174411807,147.30028895216,142.363906669797,135.870056302228,130.143376862941,124.326757797345,119.158533742372,114.771241826902,109.550555448593,102.388866177622,97.5007809262652,92.9995401295462,88.5809619359154
"GCAM 7.1","Reference","Pakistan","Primary Energy|Fossil|w/o CCS","EJ/yr",1.95166193920296,2.19151881973019,2.50715376300589,3.11156564797112,3.33061625519967,3.91150431143895,4.63052962938691,5.49132945552168,6.56849957363303,7.84854037176313,9.33885374303755,11.1012177266836,12.9303870440904,14.8276542058959,16.6801203382231,18.3634625719523,19.8125695134655,21.2306762178282,22.5839526801741,23.8893942216909
"GCAM 7.1","Reference","World","Primary Energy|Fossil|w/o CCS","EJ/yr",72.1905961835369,102.849620758148,122.187324903116,145.50203413479,154.861684313417,159.161992077748,160.426048385323,158.024503867329,153.868788525793,150.21244704156,145.208910045265,141.244594589624,137.257144841435,133.986187948268,131.451362165125,127.914018020545,122.201435691087,118.731457144093,115.58349280972,112.470356157606
"GCAM 7.1","Reference","China","Primary Energy|Gas","EJ/yr",1.50224738167253,4.32032809776383,6.49162463358047,11.8195289316376,11.8707517355472,12.9773530759142,13.999694753173,14.5118022670351,14.846850817933,15.2460273570852,16.2665965819253,17.3477468840646,17.4432972166336,17.3150867814504,17.2202164665906,16.8495026345153,16.8640021419788,16.962971051641,17.2367319436127,17.9088034194666
"GCAM 7.1","Reference","Pakistan","Primary Energy|Gas","EJ/yr",1.07810622274722,1.13098887964837,1.17466876304084,1.34217653472669,1.41220684848369,1.63160480006358,1.89814210183678,2.21542029482748,2.62098036003871,3.11824533875881,3.72919860598472,4.41688577397538,5.07710210145028,5.70739030007215,6.272837520568,6.75147680054413,7.1290351276296,7.49794054487878,7.86168825645154,8.23896856994161
"GCAM 7.1","Reference","World","Primary Energy|Gas","EJ/yr",2.58035360441975,5.4513169774122,7.66629339662131,13.1617054663642,13.2829585840309,14.6089578759778,15.8978368550098,16.7272225618625,17.4678311779717,18.364272695844,19.99579518791,21.76463265804,22.5203993180838,23.0224770815225,23.4930539871586,23.6009794350595,23.9930372696084,24.4609115965197,25.0984202000642,26.1477719894082
"GCAM 7.1","Reference","China","Primary Energy|Gas|w/o CCS","EJ/yr",1.50224738167253,4.32032809776383,6.49162463358047,11.8195289316376,11.8707517355472,12.9773530759142,13.999694753173,14.5118022670351,14.846850817933,15.2460273570852,16.2665965819253,17.3477468840646,17.4432972166336,17.3150867814504,17.2202164665906,16.8495026345153,16.8640021419788,16.962971051641,17.2367319436127,17.9088034194666
"GCAM 7.1","Reference","Pakistan","Primary Energy|Gas|w/o CCS","EJ/yr",1.07810622274722,1.13098887964837,1.17466876304084,1.34217653472669,1.41220684848369,1.63160480006358,1.89814210183678,2.21542029482748,2.62098036003871,3.11824533875881,3.72919860598472,4.41688577397538,5.07710210145028,5.70739030007215,6.272837520568,6.75147680054413,7.1290351276296,7.49794054487878,7.86168825645154,8.23896856994161
"GCAM 7.1","Reference","World","Primary Energy|Gas|w/o CCS","EJ/yr",2.58035360441975,5.4513169774122,7.66629339662131,13.1617054663642,13.2829585840309,14.6089578759778,15.8978368550098,16.7272225618625,17.4678311779717,18.364272695844,19.99579518791,21.76463265804,22.5203993180838,23.0224770815225,23.4930539871586,23.6009794350595,23.9930372696084,24.4609115965197,25.0984202000642,26.1477719894082
"GCAM 7.1","Reference","China","Primary Energy|Geothermal","EJ/yr",0.00042024403173816,0.00047056316027795,0.00046939634291188,0.00046862237757732,0.0513460076111413,0.0874312738765149,0.107633488034847,0.112633756457586,0.112721719072748,0.112694168122385,0.1126483006829,0.112660181212738,0.112659881069709,0.112679798611007,0.112688402225711,0.112632185588252,0.112621188834523,0.11265729011573,0.112688596866752,0.112717607242938
"GCAM 7.1","Reference","Pakistan","Primary Energy|Geothermal","EJ/yr",0,0,0,0,0.00115671615653805,0.00554873548449236,0.0118237973232601,0.0207228996908287,0.0304507355605832,0.0406889589489205,0.0513127909769534,0.059370031569821,0.0656796109848467,0.0706328706503243,0.0739361477702802,0.0740292164899723,0.07420309214299,0.074246230290236,0.0742696532428645,0.0743053543204013
"GCAM 7.1","Reference","World","Primary Energy|Geothermal","EJ/yr",0.00042024403173816,0.00047056316027795,0.00046939634291188,0.00046862237757732,0.0525027237676793,0.0929800093610073,0.119457285358107,0.133356656148415,0.143172454633331,0.153383127071305,0.163961091659853,0.172030212782559,0.178339492054555,0.183312669261331,0.186624549995992,0.186661402078224,0.186824280977513,0.186903520405966,0.186958250109617,0.18702296156334
"GCAM 7.1","Reference","China","Primary Energy|Hydro","EJ/yr",1.43133856950844,2.56431466296805,4.01612599272488,4.69115428695632,4.67660993087364,4.67351910758743,4.67496943064577,4.67799244793461,4.68162289672848,4.68318218656695,4.68319258053871,4.68355583323809,4.68332926612895,4.68399000292639,4.68402468618705,4.68436699708297,4.68458877912596,4.6847989405125,4.68505475650984,4.68531962358271
"GCAM 7.1","Reference","Pakistan","Primary Energy|Hydro","EJ/yr",0.111103005630245,0.114519802307458,0.124678805875626,0.120773663993384,0.124609815260722,0.116723654856586,0.116099711071606,0.113096548044609,0.113489880378037,0.123838132684005,0.145697811547859,0.155434675827001,0.163564240323309,0.171803783369807,0.178382206524741,0.18413476747011,0.190104982482988,0.195738116532751,0.201322074642868,0.206930318308687
"GCAM 7.1","Reference","World","Primary Energy|Hydro","EJ/yr",1.54244157513869,2.6788344652755,4.14080479860051,4.8119279509497,4.80121974613437,4.79024276244402,4.79106914171738,4.79108899597922,4.79511277710652,4.80702031925096,4.82889039208657,4.83899050906509,4.84689350645226,4.8557937862962,4.86240689271179,4.86850176455308,4.87469376160895,4.88053705704525,4.88637683115271,4.8922499418914
"GCAM 7.1","Reference","China","Primary Energy|Non-Biomass Renewables","EJ/yr",1.43936954705556,2.72812257315548,4.8283511987276,8.24580970738071,11.3821124156355,15.8222043753221,19.7248148656068,23.2708379492704,26.3386044088658,27.5072464517961,28.2081236982695,27.9723726547619,27.5623800313238,26.7614285203726,25.596880918136,24.0460371422791,23.284597815666,22.0189356491735,20.9270088439959,20.0304033283498
"GCAM 7.1","Reference","Pakistan","Primary Energy|Non-Biomass Renewables","EJ/yr",0.111103005630245,0.114519802307458,0.128253992309076,0.135281213753464,0.192190007685283,0.34433690136491,0.524906954108929,0.763095740227259,1.05245426872398,1.38968915267279,1.76553541734393,2.12328589865776,2.52765192526567,2.92286072124587,3.32436630526952,3.73398845136016,4.16512062548017,4.50692198500256,4.78615825134367,5.00813855169691
"GCAM 7.1","Reference","World","Primary Energy|Non-Biomass Renewables","EJ/yr",1.5504725526858,2.84264237546293,4.95660519103668,8.38109092113418,11.5743024233208,16.166541276687,20.2497218197158,24.0339336894977,27.3910586775898,28.8969356044689,29.9736591156134,30.0956585534196,30.0900319565894,29.6842892416185,28.9212472234055,27.7800255936393,27.4497184411461,26.525857634176,25.7131670953396,25.0385418800467
"GCAM 7.1","Reference","China","Primary Energy|Nuclear","EJ/yr",0.19128366724236,0.266234723216172,0.615350066414489,1.47029069366214,1.42466500431085,1.49566854353781,1.62601407592619,1.76582664671346,1.91195497462199,2.34587239751401,2.64047135277227,2.94355396032841,3.16363697370366,3.33391234377982,3.44674218639949,3.67378702374144,4.0319393476019,4.13716864454217,4.07958344137843,3.94121407556872
"GCAM 7.1","Reference","Pakistan","Primary Energy|Nuclear","EJ/yr",0.00894161045312416,0.0123124787452897,0.0165797741853617,0.0552473037404263,0.0534084337237299,0.0461039299291144,0.0421625269813389,0.0378698494489594,0.0350838103800647,0.0347918013572299,0.0364398372452116,0.0380753112983264,0.0419618706846638,0.0487751298301955,0.0582123564158544,0.0660022687406404,0.0785109056797975,0.0925793012757024,0.106538519758089,0.119938973775547
"GCAM 7.1","Reference","World","Primary Energy|Nuclear","EJ/yr",0.200225277695484,0.278547201961462,0.63192984059985,1.52553799740257,1.47807343803458,1.54177247346692,1.66817660290752,1.80369649616242,1.94703878500206,2.38066419887124,2.67691119001748,2.98162927162674,3.20559884438833,3.38268747361001,3.50495454281535,3.73978929248208,4.1104502532817,4.22974794581787,4.18612196113652,4.06115304934427
"GCAM 7.1","Reference","China","Primary Energy|Oil","EJ/yr",15.8801284472339,21.2727027864503,26.5362819756662,34.539334864457,36.2919740369438,37.2460790554264,37.9240024301751,37.2135797760862,36.4716636117269,34.8126786870598,32.1144323255463,30.1202830860883,28.7105388252198,27.4448765299312,26.4389936906695,25.2605515423099,23.9888872592432,22.7602663530537,21.6576100643169,20.7009925197057
"GCAM 7.1","Reference","Pakistan","Primary Energy|Oil","EJ/yr",0.717293851363461,0.88534499050828,1.12184594820129,1.11106790294678,1.15190511526471,1.3134047632412,1.50562308060454,1.70277763790234,1.94932614236333,2.21558996157409,2.49189698825762,2.86995047194639,3.25066504280263,3.63748974817849,3.99145378662168,4.30020411286248,4.55786908569137,4.80084061154015,5.02686708400687,5.2849982020158
"GCAM 7.1","Reference","World","Primary Energy|Oil","EJ/yr",16.5974222985974,22.1580477769585,27.6581279238675,35.6504027674038,37.4438791522085,38.5594838186676,39.4296255107797,38.9163574139886,38.4209897540902,37.0282686486339,34.6063293138039,32.9902335580347,31.9612038680224,31.0823662781097,30.4304474772912,29.5607556551724,28.5467563449345,27.5611069645939,26.6844771483237,25.9859907217215
"GCAM 7.1","Reference","China","Primary Energy|Oil|w/o CCS","EJ/yr",15.8801284472339,21.2727027864503,26.5362819756662,34.539334864457,36.2919740369438,37.2460790554264,37.9240024301751,37.2135797760862,36.4716636117269,34.8126786870598,32.1144323255463,30.1202830860883,28.7105388252198,27.4448765299312,26.4389936906695,25.2605515423099,23.9888872592432,22.7602663530537,21.6576100643169,20.7009925197057
"GCAM 7.1","Reference","Pakistan","Primary Energy|Oil|w/o CCS","EJ/yr",0.717293851363461,0.88534499050828,1.12184594820129,1.11106790294678,1.15190511526471,1.3134047632412,1.50562308060454,1.70277763790234,1.94932614236333,2.21558996157409,2.49189698825762,2.86995047194639,3.25066504280263,3.63748974817849,3.99145378662168,4.30020411286248,4.55786908569137,4.80084061154015,5.02686708400687,5.2849982020158
"GCAM 7.1","Reference","World","Primary Energy|Oil|w/o CCS","EJ/yr",16.5974222985974,22.1580477769585,27.6581279238675,35.6504027674038,37.4438791522085,38.5594838186676,39.4296255107797,38.9163574139886,38.4209897540902,37.0282686486339,34.6063293138039,32.9902335580347,31.9612038680224,31.0823662781097,30.4304474772912,29.5607556551724,28.5467563449345,27.5611069645939,26.6844771483237,25.9859907217215
"GCAM 7.1","Reference","China","Primary Energy|Solar","EJ/yr",0.000302664131800405,0.00253003665266044,0.142437096096975,1.18705766616428,3.10681327322107,6.12161471579682,8.84528176784966,11.2825174767766,13.3384509588094,14.927420489778,15.3762842605819,15.1157805254145,14.799978096722,14.2665002536656,13.6130992014031,12.8167194994826,12.3568747121932,11.6507246407441,11.0130436296174,10.4551467553083
"GCAM 7.1","Reference","Pakistan","Primary Energy|Solar","EJ/yr",0,0,0.00074528083960089,0.00322908775298385,0.0426929415323443,0.151998265045981,0.273397324472442,0.430004902161033,0.617056779263481,0.831566477739478,1.05538757423883,1.28284291557777,1.54502097935659,1.80365288242974,2.06999154689669,2.34691152103259,2.62830620387276,2.86439157627705,3.06490485078335,3.23745259360802
"GCAM 7.1","Reference","World","Primary Energy|Solar","EJ/yr",0.000302664131800405,0.00253003665266044,0.143182376936576,1.19028675391727,3.14950621475341,6.2736129808428,9.11867909232211,11.7125223789376,13.9555077380729,15.7589869675175,16.4316718348207,16.3986234409923,16.3449990760786,16.0701531360953,15.6830907482998,15.1636310205151,14.985180916066,14.5151162170211,14.0779484804008,13.6925993489163
"GCAM 7.1","Reference","China","Primary Energy|Wind","EJ/yr",0.00730806938357577,0.160807310374492,0.669318713562832,2.36712913188253,3.54734320392965,4.93963927806132,6.09693017907657,7.19769426810166,8.20580883425518,7.78394960732871,8.03599855646598,8.06037611489651,7.96641278740309,7.69825846516965,7.18706862832014,6.43231846012536,6.13051313551224,5.5707547778012,5.11622186100189,4.77721934221577
"GCAM 7.1","Reference","Pakistan","Primary Energy|Wind","EJ/yr",0,0,0.00282990559384896,0.0112784620070958,0.0237305347356793,0.0700662459778507,0.123586121241621,0.199271390330789,0.291456873521883,0.39359558330039,0.513137240580289,0.625638275683165,0.753387094600918,0.876771184795998,1.00205640407781,1.12891294636749,1.27250634698143,1.37254606190252,1.44566167267459,1.4894502854598
"GCAM 7.1","Reference","World","Primary Energy|Wind","EJ/yr",0.00730806938357577,0.160807310374492,0.672148619156681,2.37840759388963,3.57107373866533,5.00970552403918,6.22051630031819,7.39696565843245,8.49726570777706,8.1775451906291,8.54913579704627,8.68601439057968,8.71979988200401,8.57502964996565,8.18912503239795,7.56123140649285,7.40301948249367,6.94330083970372,6.56188353367649,6.26666962767557
"GCAM 7.1","Reference","Pakistan","Resource|Extraction|Coal","EJ/yr",0.0776789,0.0564084,0.0719829,0.144328,0.1586,0.184634,0.208734,0.239432,0.268468,0.285757,0.283441,0.284417,0.302113,0.328467,0.355773,0.385619,0.414148,0.44364,0.470241,0.490253
"GCAM 7.1","Reference","World","Resource|Extraction|Coal","EJ/yr",0.0776789,0.0564084,0.0719829,0.144328,0.1586,0.184634,0.208734,0.239432,0.268468,0.285757,0.283441,0.284417,0.302113,0.328467,0.355773,0.385619,0.414148,0.44364,0.470241,0.490253
"GCAM 7.1","Reference","Pakistan","Resource|Extraction|Fossil","EJ/yr",5.1002249,5.7269384,7.9159609,8.949372,15.417504,16.025137,18.201355,20.957806,28.149075,39.008321,54.297268,67.477933,79.849672,98.143034,120.470267,141.426239,153.491718,158.12887,160.637293,163.508026
"GCAM 7.1","Reference","World","Resource|Extraction|Fossil","EJ/yr",5.1002249,5.7269384,7.9159609,8.949372,15.417504,16.025137,18.201355,20.957806,28.149075,39.008321,54.297268,67.477933,79.849672,98.143034,120.470267,141.426239,153.491718,158.12887,160.637293,163.508026
"GCAM 7.1","Reference","Pakistan","Resource|Extraction|Gas","EJ/yr",1.07253,1.14331,1.00218,1.01523,1.08047,1.28368,1.48319,1.6805,1.8976,2.09524,2.31549,2.63095,2.91015,3.12624,3.2542,3.30694,3.26984,3.18586,3.09017,3.01576
"GCAM 7.1","Reference","World","Resource|Extraction|Gas","EJ/yr",1.07253,1.14331,1.00218,1.01523,1.08047,1.28368,1.48319,1.6805,1.8976,2.09524,2.31549,2.63095,2.91015,3.12624,3.2542,3.30694,3.26984,3.18586,3.09017,3.01576
"GCAM 7.1","Reference","Pakistan","Resource|Extraction|Oil","EJ/yr",3.950016,4.52722,6.841798,7.789814,14.178434,14.556823,16.509431,19.037874,25.983007,36.627324,51.698337,64.562566,76.637409,94.688327,116.860294,137.73368,149.80773,154.49937,157.076882,160.002013
"GCAM 7.1","Reference","World","Resource|Extraction|Oil","EJ/yr",3.950016,4.52722,6.841798,7.789814,14.178434,14.556823,16.509431,19.037874,25.983007,36.627324,51.698337,64.562566,76.637409,94.688327,116.860294,137.73368,149.80773,154.49937,157.076882,160.002013
"GCAM 7.1","Reference","China","Secondary Energy|Electricity","EJ/yr",9.140780172,15.24853499395,21.155888285,30.950302005,36.158715548,41.40484178,45.46194006,48.68180418,51.0455992,52.67235579,53.131046544,52.91727425,52.31056313,51.33141241,50.03331023,48.59311203,46.76073771,44.91510824,42.99269458,41.058094326
"GCAM 7.1","Reference","Pakistan","Secondary Energy|Electricity","EJ/yr",0.337044169,0.339792713,0.40070267,0.56093396,0.65308026022,0.9730031838,1.3400819806,1.9086426126,2.6089564126,3.217873047,3.6014472743,4.3345034,5.175154978,6.05220535,6.99450792,7.92332841,8.78740482,9.61087547,10.37413635,11.08905206
"GCAM 7.1","Reference","World","Secondary Energy|Electricity","EJ/yr",9.477824341,15.58832770695,21.556590955,31.511235965,36.81179580822,42.3778449638,46.8020220406,50.5904467926,53.6545556126,55.890228837,56.7324938183,57.25177765,57.485718108,57.38361776,57.02781815,56.51644044,55.54814253,54.52598371,53.36683093,52.147146386
"GCAM 7.1","Reference","China","Secondary Energy|Electricity|Biomass","EJ/yr",0.0187201,0.121906,0.229426,0.613255,0.48848,0.4606806,0.4583343,0.4822249,0.5201686,0.5967609,0.6186549,0.657663,0.690877,0.718055,0.734131,0.794611,0.830356,0.847795,0.852957,0.850206
"GCAM 7.1","Reference","Pakistan","Secondary Energy|Electricity|Biomass","EJ/yr",0,0,0.00200182,0.00270709,0.00194655,0.004077773,0.00685415,0.01224617,0.01957272,0.02655949,0.0306998,0.0410311,0.0539499,0.0696674,0.0888073,0.1088701,0.1292249,0.1536358,0.1782192,0.2040544
"GCAM 7.1","Reference","World","Secondary Energy|Electricity|Biomass","EJ/yr",0.0187201,0.121906,0.23142782,0.61596209,0.49042655,0.464758373,0.46518845,0.49447107,0.53974132,0.62332039,0.6493547,0.6986941,0.7448269,0.7877224,0.8229383,0.9034811,0.9595809,1.0014308,1.0311762,1.0542604
"GCAM 7.1","Reference","China","Secondary Energy|Electricity|Biomass|w/o CCS","EJ/yr",0.0187201,0.121906,0.229426,0.613255,0.48848,0.4606806,0.4583343,0.4822249,0.5201686,0.5967609,0.6186549,0.657663,0.690877,0.718055,0.734131,0.794611,0.830356,0.847795,0.852957,0.850206
"GCAM 7.1","Reference","Pakistan","Secondary Energy|Electricity|Biomass|w/o CCS","EJ/yr",0,0,0.00200182,0.00270709,0.00194655,0.004077773,0.00685415,0.01224617,0.01957272,0.02655949,0.0306998,0.0410311,0.0539499,0.0696674,0.0888073,0.1088701,0.1292249,0.1536358,0.1782192,0.2040544
"GCAM 7.1","Reference","World","Secondary Energy|Electricity|Biomass|w/o CCS","EJ/yr",0.0187201,0.121906,0.23142782,0.61596209,0.49042655,0.464758373,0.46518845,0.49447107,0.53974132,0.62332039,0.6493547,0.6986941,0.7448269,0.7877224,0.8229383,0.9034811,0.9595809,1.0014308,1.0311762,1.0542604
"GCAM 7.1","Reference","China","Secondary Energy|Electricity|Coal","EJ/yr",7.22634,11.7485,14.8819,19.5535,21.9855,22.8007223,22.9390521,22.6166028,21.8334004,21.805758,21.2605167,20.9111009,20.5204048,20.254426,20.0560773,19.8488499,18.3180297,17.5734233,16.8225529,15.9303441
"GCAM 7.1","Reference","Pakistan","Secondary Energy|Electricity|Coal","EJ/yr",0.000464359,0.000316813,0.000532858,0.104867,0.12703,0.176004792,0.234836651,0.33445555,0.46487192,0.58857958,0.67915524,0.86392852,1.09705123,1.37582405,1.70589401,2.039648,2.3511327,2.6883941,3.0209065,3.3128062
"GCAM 7.1","Reference","World","Secondary Energy|Electricity|Coal","EJ/yr",7.226804359,11.748816813,14.882432858,19.658367,22.11253,22.976727092,23.173888751,22.95105835,22.29827232,22.39433758,21.93967194,21.77502942,21.61745603,21.63025005,21.76197131,21.8884979,20.6691624,20.2618174,19.8434594,19.2431503
"GCAM 7.1","Reference","China","Secondary Energy|Electricity|Coal|w/o CCS","EJ/yr",7.22634,11.7485,14.8819,19.5535,21.9855,22.8007223,22.9390521,22.6166028,21.8334004,21.805758,21.2605167,20.9111009,20.5204048,20.254426,20.0560773,19.8488499,18.3180297,17.5734233,16.8225529,15.9303441
"GCAM 7.1","Reference","Pakistan","Secondary Energy|Electricity|Coal|w/o CCS","EJ/yr",0.000464359,0.000316813,0.000532858,0.104867,0.12703,0.176004792,0.234836651,0.33445555,0.46487192,0.58857958,0.67915524,0.86392852,1.09705123,1.37582405,1.70589401,2.039648,2.3511327,2.6883941,3.0209065,3.3128062
"GCAM 7.1","Reference","World","Secondary Energy|Electricity|Coal|w/o CCS","EJ/yr",7.226804359,11.748816813,14.882432858,19.658367,22.11253,22.976727092,23.173888751,22.95105835,22.29827232,22.39433758,21.93967194,21.77502942,21.61745603,21.63025005,21.76197131,21.8884979,20.6691624,20.2618174,19.8434594,19.2431503
"GCAM 7.1","Reference","China","Secondary Energy|Electricity|Fossil","EJ/yr",7.4933774,12.1355296,15.4874444,20.6420903,22.85204104,23.61228373,23.67594491,23.27365724,22.47154354,22.5006476,22.0128039,21.7584957,21.36642379,21.05507499,20.83694048,20.67780318,19.21941386,18.50928729,17.72052662,16.804603126
"GCAM 7.1","Reference","Pakistan","Secondary Energy|Electricity|Fossil","EJ/yr",0.216999559,0.212960213,0.253866858,0.3676994,0.40448851,0.537037292,0.682685951,0.92860705,1.24101972,1.50735528,1.66365984,2.06975422,2.51987473,3.01828415,3.55100371,4.052478,4.4668973,4.9195094,5.3737478,5.8366698
"GCAM 7.1","Reference","World","Secondary Energy|Electricity|Fossil","EJ/yr",7.710376959,12.348489813,15.741311258,21.0097897,23.25652955,24.149321022,24.358630861,24.20226429,23.71256326,24.00800288,23.67646374,23.82824992,23.88629852,24.07335914,24.38794419,24.73028118,23.68631116,23.42879669,23.09427442,22.641272926
"GCAM 7.1","Reference","China","Secondary Energy|Electricity|Fossil|w/o CCS","EJ/yr",7.4933774,12.1355296,15.4874444,20.6420903,22.85204104,23.61228373,23.67594491,23.27365724,22.47154354,22.5006476,22.0128039,21.7584957,21.36642379,21.05507499,20.83694048,20.67780318,19.21941386,18.50928729,17.72052662,16.804603126
"GCAM 7.1","Reference","Pakistan","Secondary Energy|Electricity|Fossil|w/o CCS","EJ/yr",0.216999559,0.212960213,0.253866858,0.3676994,0.40448851,0.537037292,0.682685951,0.92860705,1.24101972,1.50735528,1.66365984,2.06975422,2.51987473,3.01828415,3.55100371,4.052478,4.4668973,4.9195094,5.3737478,5.8366698
"GCAM 7.1","Reference","World","Secondary Energy|Electricity|Fossil|w/o CCS","EJ/yr",7.710376959,12.348489813,15.741311258,21.0097897,23.25652955,24.149321022,24.358630861,24.20226429,23.71256326,24.00800288,23.67646374,23.82824992,23.88629852,24.07335914,24.38794419,24.73028118,23.68631116,23.42879669,23.09427442,22.641272926
"GCAM 7.1","Reference","China","Secondary Energy|Electricity|Gas","EJ/yr",0.0843114,0.332916,0.569537,1.046507,0.833247,0.785182,0.712079,0.632897,0.613359,0.666056,0.72699,0.821319,0.821978,0.7800655,0.7630007,0.8106307,0.8832899,0.9198181,0.8848469,0.8630362
"GCAM 7.1","Reference","Pakistan","Secondary Energy|Electricity|Gas","EJ/yr",0.1486164,0.0931684,0.126017,0.1971782,0.2163729,0.2781011,0.3377734,0.431118,0.5527372,0.657173,0.7281013,0.8950666,1.07287,1.261146,1.447736,1.6206532,1.7514313,1.8992863,2.060602,2.2455923
"GCAM 7.1","Reference","World","Secondary Energy|Electricity|Gas","EJ/yr",0.2329278,0.4260844,0.695554,1.2436852,1.0496199,1.0632831,1.0498524,1.064015,1.1660962,1.323229,1.4550913,1.7163856,1.894848,2.0412115,2.2107367,2.4312839,2.6347212,2.8191044,2.9454489,3.1086285
"GCAM 7.1","Reference","China","Secondary Energy|Electricity|Gas|w/o CCS","EJ/yr",0.0843114,0.332916,0.569537,1.046507,0.833247,0.785182,0.712079,0.632897,0.613359,0.666056,0.72699,0.821319,0.821978,0.7800655,0.7630007,0.8106307,0.8832899,0.9198181,0.8848469,0.8630362
"GCAM 7.1","Reference","Pakistan","Secondary Energy|Electricity|Gas|w/o CCS","EJ/yr",0.1486164,0.0931684,0.126017,0.1971782,0.2163729,0.2781011,0.3377734,0.431118,0.5527372,0.657173,0.7281013,0.8950666,1.07287,1.261146,1.447736,1.6206532,1.7514313,1.8992863,2.060602,2.2455923
"GCAM 7.1","Reference","World","Secondary Energy|Electricity|Gas|w/o CCS","EJ/yr",0.2329278,0.4260844,0.695554,1.2436852,1.0496199,1.0632831,1.0498524,1.064015,1.1660962,1.323229,1.4550913,1.7163856,1.894848,2.0412115,2.2107367,2.4312839,2.6347212,2.8191044,2.9454489,3.1086285
"GCAM 7.1","Reference","China","Secondary Energy|Electricity|Geothermal","EJ/yr",0.00042053,0.000470714,0.000469485,0.000468735,0.051483,0.0877369,0.108037,0.113061,0.113064,0.113005,0.112968,0.112985,0.112999,0.113018,0.113036,0.112978,0.112968,0.113003,0.113029,0.113042
"GCAM 7.1","Reference","Pakistan","Secondary Energy|Electricity|Geothermal","EJ/yr",0,0,0,0,0.0011619,0.00621201,0.0138721,0.0259768,0.0395152,0.0501944,0.0557376,0.0625479,0.0679577,0.0718307,0.0746884,0.0746506,0.074617,0.0745934,0.0745728,0.0745582
"GCAM 7.1","Reference","World","Secondary Energy|Electricity|Geothermal","EJ/yr",0.00042053,0.000470714,0.000469485,0.000468735,0.0526449,0.09394891,0.1219091,0.1390378,0.1525792,0.1631994,0.1687056,0.1755329,0.1809567,0.1848487,0.1877244,0.1876286,0.187585,0.1875964,0.1876018,0.1876002
"GCAM 7.1","Reference","China","Secondary Energy|Electricity|Hydro","EJ/yr",1.42954,2.56149,4.01262,4.68069,4.68069,4.68069,4.68069,4.68069,4.68069,4.68069,4.68069,4.68069,4.68069,4.68069,4.68069,4.68069,4.68069,4.68069,4.68069,4.68069
"GCAM 7.1","Reference","Pakistan","Secondary Energy|Electricity|Hydro","EJ/yr",0.111103,0.11452,0.124679,0.120773,0.125156,0.130635,0.136114,0.141593,0.147072,0.152551,0.15803,0.16351,0.168989,0.174468,0.179947,0.185426,0.190905,0.196384,0.201863,0.207342
"GCAM 7.1","Reference","World","Secondary Energy|Electricity|Hydro","EJ/yr",1.540643,2.67601,4.137299,4.801463,4.805846,4.811325,4.816804,4.822283,4.827762,4.833241,4.83872,4.8442,4.849679,4.855158,4.860637,4.866116,4.871595,4.877074,4.882553,4.888032
"GCAM 7.1","Reference","China","Secondary Energy|Electricity|Non-Biomass Renewables","EJ/yr",1.437564672,2.72513339395,4.824176885,8.227876705,11.392264508,15.83564045,19.70584485,23.17321604,26.16252406,27.25616529,27.891953744,27.59582255,27.13247534,26.27236642,25.06701975,23.50032785,22.73392785,21.47625595,20.39511096,19.5167152
"GCAM 7.1","Reference","Pakistan","Secondary Energy|Electricity|Non-Biomass Renewables","EJ/yr",0.111103,0.11452,0.128254192,0.13528047,0.19294720022,0.3801929328,0.6010048996,0.9204345926,1.3032705026,1.641827077,1.8685457343,2.18504568,2.559785848,2.91695948,3.29868264,3.69880651,4.11629492,4.44929717,4.72039835,4.93380586
"GCAM 7.1","Reference","World","Secondary Energy|Electricity|Non-Biomass Renewables","EJ/yr",1.548667672,2.83965339395,4.952431077,8.363157175,11.58521170822,16.2158333828,20.3068497496,24.0936506326,27.4657945626,28.897992367,29.7604994783,29.78086823,29.692261188,29.1893259,28.36570239,27.19913436,26.85022277,25.92555312,25.11550931,24.45052106
"GCAM 7.1","Reference","China","Secondary Energy|Electricity|Nuclear","EJ/yr",0.191118,0.265966,0.614841,1.46708,1.42593,1.496237,1.621816,1.752706,1.891363,2.318782,2.607634,2.905293,3.120787,3.285916,3.395219,3.62037,3.97704,4.08177,4.0241,3.88657
"GCAM 7.1","Reference","Pakistan","Secondary Energy|Electricity|Nuclear","EJ/yr",0.00894161,0.0123125,0.0165798,0.055247,0.053698,0.051695186,0.04953698,0.0473548,0.04509347,0.0421312,0.0385419,0.0386724,0.0415445,0.04729432,0.05601427,0.0631738,0.0749877,0.0884331,0.101771,0.114522
"GCAM 7.1","Reference","World","Secondary Energy|Electricity|Nuclear","EJ/yr",0.20005961,0.2782785,0.6314208,1.522327,1.479628,1.547932186,1.67135298,1.8000608,1.93645647,2.3609132,2.6461759,2.9439654,3.1623315,3.33321032,3.45123327,3.6835438,4.0520277,4.1702031,4.125871,4.001092
"GCAM 7.1","Reference","China","Secondary Energy|Electricity|Oil","EJ/yr",0.182726,0.0541136,0.0360074,0.0420833,0.03329404,0.02637943,0.02481381,0.02415744,0.02478414,0.0288336,0.0252972,0.0260758,0.02404099,0.02058349,0.01786248,0.01832258,0.01809426,0.01604589,0.01312682,0.011222826
"GCAM 7.1","Reference","Pakistan","Secondary Energy|Electricity|Oil","EJ/yr",0.0679188,0.119475,0.127317,0.0656542,0.06108561,0.0829314,0.1100759,0.1630335,0.2234106,0.2616027,0.2564033,0.3107591,0.3499535,0.3813141,0.3973737,0.3921768,0.3643333,0.331829,0.2922393,0.2782713
"GCAM 7.1","Reference","World","Secondary Energy|Electricity|Oil","EJ/yr",0.2506448,0.1735886,0.1633244,0.1077375,0.09437965,0.10931083,0.13488971,0.18719094,0.24819474,0.2904363,0.2817005,0.3368349,0.37399449,0.40189759,0.41523618,0.41049938,0.38242756,0.34787489,0.30536612,0.289494126
"GCAM 7.1","Reference","China","Secondary Energy|Electricity|Oil|w/o CCS","EJ/yr",0.182726,0.0541136,0.0360074,0.0420833,0.03329404,0.02637943,0.02481381,0.02415744,0.02478414,0.0288336,0.0252972,0.0260758,0.02404099,0.02058349,0.01786248,0.01832258,0.01809426,0.01604589,0.01312682,0.011222826
"GCAM 7.1","Reference","Pakistan","Secondary Energy|Electricity|Oil|w/o CCS","EJ/yr",0.0679188,0.119475,0.127317,0.0656542,0.06108561,0.0829314,0.1100759,0.1630335,0.2234106,0.2616027,0.2564033,0.3107591,0.3499535,0.3813141,0.3973737,0.3921768,0.3643333,0.331829,0.2922393,0.2782713
"GCAM 7.1","Reference","World","Secondary Energy|Electricity|Oil|w/o CCS","EJ/yr",0.2506448,0.1735886,0.1633244,0.1077375,0.09437965,0.10931083,0.13488971,0.18719094,0.24819474,0.2904363,0.2817005,0.3368349,0.37399449,0.40189759,0.41523618,0.41049938,0.38242756,0.34787489,0.30536612,0.289494126
"GCAM 7.1","Reference","China","Secondary Energy|Electricity|Solar","EJ/yr",0.000302402,0.00252767995,0.1423224,1.18475797,3.109644428,6.12573479,8.83486029,11.23249388,13.2469958,14.79547893,15.210144164,14.91849865,14.57500894,14.01144482,13.33778215,12.53517345,12.07487765,11.37491065,10.74498806,10.1983183
"GCAM 7.1","Reference","Pakistan","Secondary Energy|Electricity|Solar","EJ/yr",0,0,0.000745282,0.00322907,0.04279878912,0.1651025337,0.3069169175,0.5061469325,0.7442853925,0.9621533725,1.1077335153,1.313005395,1.559475948,1.79812844,2.05403311,2.32589691,2.59999138,2.83123176,3.02722414,3.19499787
"GCAM 7.1","Reference","World","Secondary Energy|Electricity|Solar","EJ/yr",0.000302402,0.00252767995,0.143067682,1.18798704,3.15244321712,6.2908373237,9.1417772075,11.7386408125,13.9912811925,15.7576323025,16.3178776793,16.231504045,16.134484888,15.80957326,15.39181526,14.86107036,14.67486903,14.20614241,13.7722122,13.39331617
"GCAM 7.1","Reference","China","Secondary Energy|Electricity|Solar|CSP","EJ/yr",0,7.19995e-06,0.0001044,0.00721797,0.007723362,0.00984701,0.0137157,0.02087667,0.03254567,0.0556633,0.0842986,0.114873,0.138529,0.153892,0.157984,0.159348,0.165295,0.157613,0.147713,0.139109
"GCAM 7.1","Reference","Pakistan","Secondary Energy|Electricity|Solar|CSP","EJ/yr",0,0,0,0,3.84192e-06,8.42062e-05,0.000329743,0.00110756,0.00266765,0.00474732,0.00670523,0.0106958,0.0159039,0.0218825,0.0283739,0.0348871,0.0417435,0.0480964,0.0533854,0.0574894
"GCAM 7.1","Reference","World","Secondary Energy|Electricity|Solar|CSP","EJ/yr",0,7.19995e-06,0.0001044,0.00721797,0.00772720392,0.0099312162,0.014045443,0.02198423,0.03521332,0.06041062,0.09100383,0.1255688,0.1544329,0.1757745,0.1863579,0.1942351,0.2070385,0.2057094,0.2010984,0.1965984
"GCAM 7.1","Reference","China","Secondary Energy|Electricity|Solar|PV","EJ/yr",0.000302402,0.00252048,0.142218,1.17754,3.101921066,6.11588778,8.82114459,11.21161721,13.21445013,14.73981563,15.125845564,14.80362565,14.43647994,13.85755282,13.17979815,12.37582545,11.90958265,11.21729765,10.59727506,10.0592093
"GCAM 7.1","Reference","Pakistan","Secondary Energy|Electricity|Solar|PV","EJ/yr",0,0,0.000745282,0.00322907,0.0427949472,0.1650183275,0.3065871745,0.5050393725,0.7416177425,0.9574060525,1.1010282853,1.302309595,1.543572048,1.77624594,2.02565921,2.29100981,2.55824788,2.78313536,2.97383874,3.13750847
"GCAM 7.1","Reference","World","Secondary Energy|Electricity|Solar|PV","EJ/yr",0.000302402,0.00252048,0.142963282,1.18076907,3.1447160132,6.2809061075,9.1277317645,11.7166565825,13.9560678725,15.6972216825,16.2268738493,16.105935245,15.980051988,15.63379876,15.20545736,14.66683526,14.46783053,14.00043301,13.5711138,13.19671777
"GCAM 7.1","Reference","China","Secondary Energy|Electricity|Solar|PV|Commercial","EJ/yr",0,0,0,0,0.163595,0.580388,1.13041,1.62017,2.00986,2.29,2.69753,3.30083,3.85796,4.25675,4.55512,4.90087,4.91556,5.02582,5.05423,5.00977
"GCAM 7.1","Reference","Pakistan","Secondary Energy|Electricity|Solar|PV|Commercial","EJ/yr",0,0,0,0,0.0171872,0.0396175,0.0717822,0.111561,0.15999,0.218051,0.276552,0.377861,0.489994,0.601661,0.70605,0.805106,0.874079,0.950039,1.02547,1.11496
"GCAM 7.1","Reference","World","Secondary Energy|Electricity|Solar|PV|Commercial","EJ/yr",0,0,0,0,0.1807822,0.6200055,1.2021922,1.731731,2.16985,2.508051,2.974082,3.678691,4.347954,4.858411,5.26117,5.705976,5.789639,5.975859,6.0797,6.12473
"GCAM 7.1","Reference","China","Secondary Energy|Electricity|Solar|PV|Residential","EJ/yr",0,0,0,0,0.163595,0.580388,1.13041,1.62017,2.00986,2.29,2.69753,3.30083,3.85796,4.25675,4.55512,4.90087,4.91556,5.02582,5.05423,5.00977
"GCAM 7.1","Reference","Pakistan","Secondary Energy|Electricity|Solar|PV|Residential","EJ/yr",0,0,0,0,0.0171872,0.0396175,0.0717822,0.111561,0.15999,0.218051,0.276552,0.377861,0.489994,0.601661,0.70605,0.805106,0.874079,0.950039,1.02547,1.11496
"GCAM 7.1","Reference","World","Secondary Energy|Electricity|Solar|PV|Residential","EJ/yr",0,0,0,0,0.1807822,0.6200055,1.2021922,1.731731,2.16985,2.508051,2.974082,3.678691,4.347954,4.858411,5.26117,5.705976,5.789639,5.975859,6.0797,6.12473
"GCAM 7.1","Reference","China","Secondary Energy|Electricity|Wind","EJ/yr",0.00730174,0.160645,0.668765,2.36196,3.55044708,4.94147876,6.08225756,7.14697116,8.12177426,7.66699136,7.88815158,7.8836489,7.7637774,7.4672136,6.9355116,6.1714864,5.8653922,5.3076523,4.8564039,4.5246649
"GCAM 7.1","Reference","Pakistan","Secondary Energy|Electricity|Wind","EJ/yr",0,0,0.00282991,0.0112784,0.0238305111,0.0782433891,0.1441018821,0.2467178601,0.3723979101,0.4769283045,0.547044619,0.645982385,0.7633632,0.87253234,0.99001413,1.112833,1.25078154,1.34708801,1.41673841,1.45690779
"GCAM 7.1","Reference","World","Secondary Energy|Electricity|Wind","EJ/yr",0.00730174,0.160645,0.67159491,2.3732384,3.5742775911,5.0197221491,6.2263594421,7.3936890201,8.4941721701,8.1439196645,8.435196199,8.529631285,8.5271406,8.33974594,7.92552573,7.2843194,7.11617374,6.65474031,6.27314231,5.98157269
"GCAM 7.1","Reference","China","Secondary Energy|Electricity|Wind|Offshore","EJ/yr",0,0,0,0,0.0234799,0.0875078,0.1718954,0.2811024,0.4082944,0.6033375,0.6979006,0.760945,0.760269,0.7141797,0.5535759,0.5041539,0.4679359,0.4343274,0.4025898,0.3811318
"GCAM 7.1","Reference","Pakistan","Secondary Energy|Electricity|Wind|Offshore","EJ/yr",0,0,0,0,1.21056e-05,0.0001498056,0.0004557416,0.0011964696,0.0024357096,0.003848504,0.004769514,0.006349558,0.00782673,0.00907193,0.01042233,0.0120753,0.01279625,0.01350992,0.01387372,0.01383169
"GCAM 7.1","Reference","World","Secondary Energy|Electricity|Wind|Offshore","EJ/yr",0,0,0,0,0.0234920056,0.0876576056,0.1723511416,0.2822988696,0.4107301096,0.607186004,0.702670114,0.767294558,0.76809573,0.72325163,0.56399823,0.5162292,0.48073215,0.44783732,0.41646352,0.39496349
"GCAM 7.1","Reference","China","Secondary Energy|Electricity|Wind|Onshore","EJ/yr",0.00730174,0.160645,0.668765,2.36196,3.52696718,4.85397096,5.91036216,6.86586876,7.71347986,7.06365386,7.19025098,7.1227039,7.0035084,6.7530339,6.3819357,5.6673325,5.3974563,4.8733249,4.4538141,4.1435331
"GCAM 7.1","Reference","Pakistan","Secondary Energy|Electricity|Wind|Onshore","EJ/yr",0,0,0.00282991,0.0112784,0.0238184055,0.0780935835,0.1436461405,0.2455213905,0.3699622005,0.4730798005,0.542275105,0.639632827,0.75553647,0.86346041,0.9795918,1.1007577,1.23798529,1.33357809,1.40286469,1.4430761
"GCAM 7.1","Reference","World","Secondary Energy|Electricity|Wind|Onshore","EJ/yr",0.00730174,0.160645,0.67159491,2.3732384,3.5507855855,4.9320645435,6.0540083005,7.1113901505,8.0834420605,7.5367336605,7.732526085,7.762336727,7.75904487,7.61649431,7.3615275,6.7680902,6.63544159,6.20690299,5.85667879,5.5866092
"GCAM 7.1","Reference","China","Secondary Energy|Gases","EJ/yr",1.882343,4.797799,7.089294,13.071067,13.416512,14.377757,15.257721,15.610813,15.710754,15.767321,16.059838,16.338543,16.05193,15.620378,15.263382,14.760165,14.413494,14.055903,13.75589,13.7090907
"GCAM 7.1","Reference","Pakistan","Secondary Energy|Gases","EJ/yr",1.07811,1.13099,1.17467,1.34218,1.4140489159,1.6864010296,1.983986139,2.357929,2.823897749,3.304978277,3.78556102,4.44217223,5.08283912,5.69277735,6.2553126,6.74582013,7.12982827,7.50399997,7.8699797,8.2570036
"GCAM 7.1","Reference","World","Secondary Energy|Gases","EJ/yr",2.960453,5.928789,8.263964,14.413247,14.8305609159,16.0641580296,17.241707139,17.968742,18.534651749,19.072299277,19.84539902,20.78071523,21.13476912,21.31315535,21.5186946,21.50598513,21.54332227,21.55990297,21.6258697,21.9660943
"GCAM 7.1","Reference","China","Secondary Energy|Gases|Biomass","EJ/yr",0.144375,0.295239,0.314327,0.306123,0.396932,0.427797,0.506551,0.615063,0.671994,0.706281,0.666308,0.610333,0.5954,0.564508,0.505362,0.465855,0.400684,0.315433,0.192702,0.0146477
"GCAM 7.1","Reference","Pakistan","Secondary Energy|Gases|Biomass","EJ/yr",0,0,0,0,1.33419e-05,4.28656e-05,0.000117049,0.00028438,0.000516439,0.000893927,0.00128762,0.00178533,0.00264672,0.00388725,0.0051957,0.00679773,0.00834827,0.00963197,0.0108177,0.0125976
"GCAM 7.1","Reference","World","Secondary Energy|Gases|Biomass","EJ/yr",0.144375,0.295239,0.314327,0.306123,0.3969453419,0.4278398656,0.506668049,0.61534738,0.672510439,0.707174927,0.66759562,0.61211833,0.59804672,0.56839525,0.5105577,0.47265273,0.40903227,0.32506497,0.2035197,0.0272453
"GCAM 7.1","Reference","China","Secondary Energy|Gases|Coal","EJ/yr",0.240268,0.19178,0.306627,0.996844,1.15088,1.22156,1.47987,1.84285,2.03756,2.20604,2.20533,2.09561,2.10913,2.06787,1.90542,1.81951,1.62251,1.32677,0.873588,0.208243
"GCAM 7.1","Reference","Pakistan","Secondary Energy|Gases|Coal","EJ/yr",0,0,0,0,0.000135574,0.000428164,0.00117909,0.00290462,0.00533131,0.00952435,0.0147834,0.0217069,0.0338024,0.0518301,0.0716869,0.0971124,0.12301,0.145468,0.166732,0.197176
"GCAM 7.1","Reference","World","Secondary Energy|Gases|Coal","EJ/yr",0.240268,0.19178,0.306627,0.996844,1.151015574,1.221988164,1.48104909,1.84575462,2.04289131,2.21556435,2.2201134,2.1173169,2.1429324,2.1197001,1.9771069,1.9166224,1.74552,1.472238,1.04032,0.405419
"GCAM 7.1","Reference","China","Secondary Energy|Gases|Fossil","EJ/yr",1.737968,4.50256,6.774967,12.764944,13.01958,13.94996,14.75117,14.99575,15.03876,15.06104,15.39353,15.72821,15.45653,15.05587,14.75802,14.29431,14.01281,13.74047,13.563188,13.694443
"GCAM 7.1","Reference","Pakistan","Secondary Energy|Gases|Fossil","EJ/yr",1.07811,1.13099,1.17467,1.34218,1.414035574,1.686358164,1.98386909,2.35764462,2.82338131,3.30408435,3.7842734,4.4403869,5.0801924,5.6888901,6.2501169,6.7390224,7.12148,7.494368,7.859162,8.244406
"GCAM 7.1","Reference","World","Secondary Energy|Gases|Fossil","EJ/yr",2.816078,5.63355,7.949637,14.107124,14.433615574,15.636318164,16.73503909,17.35339462,17.86214131,18.36512435,19.1778034,20.1685969,20.5367224,20.7447601,21.0081369,21.0333324,21.13429,21.234838,21.42235,21.938849
"GCAM 7.1","Reference","China","Secondary Energy|Gases|Gas","EJ/yr",1.4977,4.31078,6.46834,11.7681,11.8687,12.7284,13.2713,13.1529,13.0012,12.855,13.1882,13.6326,13.3474,12.988,12.8526,12.4748,12.3903,12.4137,12.6896,13.4862
"GCAM 7.1","Reference","Pakistan","Secondary Energy|Gases|Gas","EJ/yr",1.07811,1.13099,1.17467,1.34218,1.4139,1.68593,1.98269,2.35474,2.81805,3.29456,3.76949,4.41868,5.04639,5.63706,6.17843,6.64191,6.99847,7.3489,7.69243,8.04723
"GCAM 7.1","Reference","World","Secondary Energy|Gases|Gas","EJ/yr",2.57581,5.44177,7.64301,13.11028,13.2826,14.41433,15.25399,15.50764,15.81925,16.14956,16.95769,18.05128,18.39379,18.62506,19.03103,19.11671,19.38877,19.7626,20.38203,21.53343
"GCAM 7.1","Reference","China","Secondary Energy|Heat","EJ/yr",0.188564,0.4575364,0.5041631,0.5020806,7.428843,7.864043,8.12995,8.11388,7.93847,7.771413,7.583182,7.251871,6.890602,6.511119,6.138139,5.807188,5.503165,5.189653,4.883057,4.546567
"GCAM 7.1","Reference","Pakistan","Secondary Energy|Heat","EJ/yr",0,0,0,0,0,0,0,0,0,0,0,0,0,0,0,0,0,0,0,0
"GCAM 7.1","Reference","World","Secondary Energy|Heat","EJ/yr",0.188564,0.4575364,0.5041631,0.5020806,7.428843,7.864043,8.12995,8.11388,7.93847,7.771413,7.583182,7.251871,6.890602,6.511119,6.138139,5.807188,5.503165,5.189653,4.883057,4.546567
"GCAM 7.1","Reference","China","Secondary Energy|Heat|Biomass","EJ/yr",0.0160401,0.0375754,0.0489931,0.0525456,0.867623,0.985663,1.02121,1.02801,1.01446,0.993263,0.970442,0.908581,0.852162,0.795019,0.742829,0.695508,0.653005,0.611623,0.572957,0.533467
"GCAM 7.1","Reference","Pakistan","Secondary Energy|Heat|Biomass","EJ/yr",0,0,0,0,0,0,0,0,0,0,0,0,0,0,0,0,0,0,0,0
"GCAM 7.1","Reference","World","Secondary Energy|Heat|Biomass","EJ/yr",0.0160401,0.0375754,0.0489931,0.0525456,0.867623,0.985663,1.02121,1.02801,1.01446,0.993263,0.970442,0.908581,0.852162,0.795019,0.742829,0.695508,0.653005,0.611623,0.572957,0.533467
"GCAM 7.1","Reference","China","Secondary Energy|Heat|Coal","EJ/yr",0.0755127,0.226893,0.298044,0.233056,3.40335,3.80166,4.01755,4.12769,4.11198,4.13289,4.25263,4.11668,3.97851,3.8328,3.68454,3.5675,3.45483,3.31061,3.15898,2.96106
"GCAM 7.1","Reference","Pakistan","Secondary Energy|Heat|Coal","EJ/yr",0,0,0,0,0,0,0,0,0,0,0,0,0,0,0,0,0,0,0,0
"GCAM 7.1","Reference","World","Secondary Energy|Heat|Coal","EJ/yr",0.0755127,0.226893,0.298044,0.233056,3.40335,3.80166,4.01755,4.12769,4.11198,4.13289,4.25263,4.11668,3.97851,3.8328,3.68454,3.5675,3.45483,3.31061,3.15898,2.96106
"GCAM 7.1","Reference","China","Secondary Energy|Heat|Fossil","EJ/yr",0.0755127,0.226893,0.298044,0.233056,3.40335,3.80166,4.01755,4.12769,4.11198,4.13289,4.25263,4.11668,3.97851,3.8328,3.68454,3.5675,3.45483,3.31061,3.15898,2.96106
"GCAM 7.1","Reference","Pakistan","Secondary Energy|Heat|Fossil","EJ/yr",0,0,0,0,0,0,0,0,0,0,0,0,0,0,0,0,0,0,0,0
"GCAM 7.1","Reference","World","Secondary Energy|Heat|Fossil","EJ/yr",0.0755127,0.226893,0.298044,0.233056,3.40335,3.80166,4.01755,4.12769,4.11198,4.13289,4.25263,4.11668,3.97851,3.8328,3.68454,3.5675,3.45483,3.31061,3.15898,2.96106
"GCAM 7.1","Reference","China","Secondary Energy|Heat|Gas","EJ/yr",0,0,0,0,0,0,0,0,0,0,0,0,0,0,0,0,0,0,0,0
"GCAM 7.1","Reference","Pakistan","Secondary Energy|Heat|Gas","EJ/yr",0,0,0,0,0,0,0,0,0,0,0,0,0,0,0,0,0,0,0,0
"GCAM 7.1","Reference","World","Secondary Energy|Heat|Gas","EJ/yr",0,0,0,0,0,0,0,0,0,0,0,0,0,0,0,0,0,0,0,0
"GCAM 7.1","Reference","China","Secondary Energy|Heat|Oil","EJ/yr",0.0970112,0.193068,0.157126,0.216479,3.15787,3.07672,3.09119,2.95818,2.81203,2.64526,2.36011,2.22661,2.05993,1.8833,1.71077,1.54418,1.39533,1.26742,1.15112,1.05204
"GCAM 7.1","Reference","Pakistan","Secondary Energy|Heat|Oil","EJ/yr",0,0,0,0,0,0,0,0,0,0,0,0,0,0,0,0,0,0,0,0
"GCAM 7.1","Reference","World","Secondary Energy|Heat|Oil","EJ/yr",0.0970112,0.193068,0.157126,0.216479,3.15787,3.07672,3.09119,2.95818,2.81203,2.64526,2.36011,2.22661,2.05993,1.8833,1.71077,1.54418,1.39533,1.26742,1.15112,1.05204
"GCAM 7.1","Reference","China","Secondary Energy|Hydrogen","EJ/yr",0,0,0,0,0.0042958243,0.252108835477,0.807335941067,1.671917252198,2.342869478452,2.94818774044,3.480110924624,3.9082351233647,4.27806014867,4.5786050325,4.7477292043,4.7894669398,4.7700433241,4.7117619135,4.623294377,4.502014624
"GCAM 7.1","Reference","Pakistan","Secondary Energy|Hydrogen","EJ/yr",0,0,0,0,0.0001380229823,0.00419243585465,0.01538096687476,0.04070309401285,0.06883914365484,0.09884213925635,0.12848354599138,0.16048232944758,0.193806295382,0.227385785915,0.26202164795,0.29744695033,0.33442195203,0.37341411279,0.41419470191,0.45519094576
"GCAM 7.1","Reference","World","Secondary Energy|Hydrogen","EJ/yr",0,0,0,0,0.0044338472823,0.25630127133165,0.82271690794176,1.71262034621085,2.41170862210684,3.04702987969635,3.60859447061538,4.06871745281228,4.471866444052,4.805990818415,5.00975085225,5.08691389013,5.10446527613,5.08517602629,5.03748907891,4.95720556976
"GCAM 7.1","Reference","China","Secondary Energy|Hydrogen|Biomass","EJ/yr",0,0,0,0,0.000138448,0.0080435051,0.0222328453,0.0430513656,0.0557598058,0.0673639654,0.0754950929,0.0806782001,0.08664031,0.09308189,0.0964445,0.09750784,0.09849664,0.0988405,0.09928526,0.09884197
"GCAM 7.1","Reference","Pakistan","Secondary Energy|Hydrogen|Biomass","EJ/yr",0,0,0,0,5.96463e-06,0.00013822772,0.00043178368,0.00107783625,0.00168545671,0.00231841245,0.00284470667,0.00343255256,0.0040662928,0.0047408045,0.005458551,0.006278821,0.007184425,0.008140519,0.009150602,0.010264141
"GCAM 7.1","Reference","World","Secondary Energy|Hydrogen|Biomass","EJ/yr",0,0,0,0,0.00014441263,0.00818173282,0.02266462898,0.04412920185,0.05744526251,0.06968237785,0.07833979957,0.08411075266,0.0907066028,0.0978226945,0.101903051,0.103786661,0.105681065,0.106981019,0.108435862,0.109106111
"GCAM 7.1","Reference","China","Secondary Energy|Hydrogen|Electricity","EJ/yr",0,0,0,0,0.0001800676,0.014817240597,0.053986108557,0.131701717008,0.193758267652,0.26427349504,0.335665541724,0.3996341132647,0.45834585867,0.5199652425,0.5649567643,0.5824058998,0.5879224841,0.5802194135,0.569526017,0.549766754
"GCAM 7.1","Reference","Pakistan","Secondary Energy|Hydrogen|Electricity","EJ/yr",0,0,0,0,9.22115e-06,0.00031426641595,0.00132150199031,0.00436813889865,0.00800820520484,0.01265265430635,0.01734832092138,0.02292203818758,0.028938252582,0.035219765415,0.04181061995,0.04878246733,0.05573636103,0.06245736479,0.06905951991,0.07546973476
"GCAM 7.1","Reference","World","Secondary Energy|Hydrogen|Electricity","EJ/yr",0,0,0,0,0.00018928875,0.01513150701295,0.05530761054731,0.13606985590665,0.20176647285684,0.27692614934635,0.35301386264538,0.42255615145228,0.487284111252,0.555185007915,0.60676738425,0.63118836713,0.64365884513,0.64267677829,0.63858553691,0.62523648876
"GCAM 7.1","Reference","China","Secondary Energy|Hydrogen|Fossil","EJ/yr",0,0,0,0,0.003950657,0.21226412,0.667499588,1.342265652,1.83986099,2.25358928,2.59777315,2.85446507,3.0445623,3.167379,3.208533,3.148176,3.093216,3.014404,2.927872,2.831248
"GCAM 7.1","Reference","Pakistan","Secondary Energy|Hydrogen|Fossil","EJ/yr",0,0,0,0,0.00012280906,0.00362424766,0.013059716711,0.033385162223,0.0552605397,0.0776307434,0.0995963314,0.1222627137,0.145301884,0.16802042,0.19136886,0.21521848,0.24080318,0.26837207,0.29757213,0.3270143
"GCAM 7.1","Reference","World","Secondary Energy|Hydrogen|Fossil","EJ/yr",0,0,0,0,0.00407346606,0.21588836766,0.680559304711,1.375650814223,1.8951215297,2.3312200234,2.6973694814,2.9767277837,3.189864184,3.33539942,3.39990186,3.36339448,3.33401918,3.28277607,3.22544413,3.1582623
"GCAM 7.1","Reference","China","Secondary Energy|Hydrogen|Gas","EJ/yr",0,0,0,0,0.003950657,0.21226412,0.667499588,1.342265652,1.83986099,2.25358928,2.59777315,2.85446507,3.0445623,3.167379,3.208533,3.148176,3.093216,3.014404,2.927872,2.831248
"GCAM 7.1","Reference","Pakistan","Secondary Energy|Hydrogen|Gas","EJ/yr",0,0,0,0,0.00012280906,0.00362424766,0.013059716711,0.033385162223,0.0552605397,0.0776307434,0.0995963314,0.1222627137,0.145301884,0.16802042,0.19136886,0.21521848,0.24080318,0.26837207,0.29757213,0.3270143
"GCAM 7.1","Reference","World","Secondary Energy|Hydrogen|Gas","EJ/yr",0,0,0,0,0.00407346606,0.21588836766,0.680559304711,1.375650814223,1.8951215297,2.3312200234,2.6973694814,2.9767277837,3.189864184,3.33539942,3.39990186,3.36339448,3.33401918,3.28277607,3.22544413,3.1582623
"GCAM 7.1","Reference","China","Secondary Energy|Hydrogen|Other","EJ/yr",0,0,0,0,2.66517e-05,0.01698396978,0.06361739921,0.15489851759,0.253490415,0.362961,0.47117714,0.57345774,0.68851168,0.7981789,0.87779494,0.9613772,0.9904082,1.018298,1.0266111,1.0221579
"GCAM 7.1","Reference","Pakistan","Secondary Energy|Hydrogen|Other","EJ/yr",0,0,0,0,2.81423e-08,0.0001156940587,0.00056796449345,0.0018719566412,0.00388494204,0.0062403291,0.008694187,0.011865025,0.015499866,0.019404796,0.023383617,0.027167182,0.030697986,0.034444159,0.03841245,0.04244277
"GCAM 7.1","Reference","World","Secondary Energy|Hydrogen|Other","EJ/yr",0,0,0,0,2.66798423e-05,0.0170996638387,0.06418536370345,0.1567704742312,0.25737535704,0.3692013291,0.479871327,0.585322765,0.704011546,0.817583696,0.901178557,0.988544382,1.021106186,1.052742159,1.06502355,1.06460067
"GCAM 7.1","Reference","China","Secondary Energy|Liquids","EJ/yr",13.7964764,18.3200222,23.1965002,28.7432875,34.166388,35.06555406,35.81476534,35.23931143,34.9571906,34.26564468,33.01980674,32.255931352,31.467106487,30.6270855555,29.713908772,28.76177536,27.846029416,27.0005154,26.19709585,25.40488111
"GCAM 7.1","Reference","Pakistan","Secondary Energy|Liquids","EJ/yr",0.696281,0.860856,1.09037,1.09793,1.1339216443,1.3080831127,1.5067724537,1.7267836368,1.9932883468,2.2401790163,2.4509766758,2.81354374425,3.18740982542,3.57234920743,3.93798371187,4.27033760999,4.55970699871,4.8429174159,5.1157206795,5.427537167
"GCAM 7.1","Reference","World","Secondary Energy|Liquids","EJ/yr",14.4927574,19.1808782,24.2868702,29.8412175,35.3003096443,36.3736371727,37.3215377937,36.9660950668,36.9504789468,36.5058236963,35.4707834158,35.06947509625,34.65451631242,34.19943476293,33.65189248387,33.03211296999,32.40573641471,31.8434328159,31.3128165295,30.832418277
"GCAM 7.1","Reference","China","Secondary Energy|Liquids|Biomass","EJ/yr",0.0291764,0.072669,0.0912547,0.1386825,0.223086,0.25541197,0.34597648,0.41827175,0.69006669,1.18816294,1.86839061,2.38415515,2.592039137,2.699208117,2.654161608,2.638180619,2.639210016,2.64130904,2.63652402,2.61988918
"GCAM 7.1","Reference","Pakistan","Secondary Energy|Liquids|Biomass","EJ/yr",0,0,0,0,0.0003196443,0.0009189265,0.0017796725,0.0031732116,0.005528987,0.0090622773,0.0140352123,0.02066586565,0.02911622478,0.04033955105,0.0540190654,0.07083604331,0.09006359531,0.1106510723,0.1315335778,0.1528820555
"GCAM 7.1","Reference","World","Secondary Energy|Liquids|Biomass","EJ/yr",0.0291764,0.072669,0.0912547,0.1386825,0.2234056443,0.2563308965,0.3477561525,0.4214449616,0.695595677,1.1972252173,1.8824258223,2.40482101565,2.62115536178,2.73954766805,2.7081806734,2.70901666231,2.72927361131,2.7519601123,2.7680575978,2.7727712355
"GCAM 7.1","Reference","China","Secondary Energy|Liquids|Coal","EJ/yr",0,0.0277532,0.0838455,0.437605,0.432712,0.42292349,0.40097649,0.3497334,0.28333665,0.25028401,0.30315918,0.397046782,0.45282747,0.5118194605,0.540447793,0.602062776,0.70519594,0.82780652,0.93325203,1.00246823
"GCAM 7.1","Reference","Pakistan","Secondary Energy|Liquids|Coal","EJ/yr",0,0,0,0,0,2.42368e-05,9.51236e-05,0.0002641226,0.0006610634,0.0014472431,0.0029750643,0.0055381473,0.00898555023,0.01375616546,0.01970179704,0.02774468171,0.0383984864,0.0520604488,0.0688704229,0.090309595
"GCAM 7.1","Reference","World","Secondary Energy|Liquids|Coal","EJ/yr",0,0.0277532,0.0838455,0.437605,0.432712,0.4229477268,0.4010716136,0.3499975226,0.2839977134,0.2517312531,0.3061342443,0.4025849293,0.46181302023,0.52557562596,0.56014959004,0.62980745771,0.7435944264,0.8798669688,1.0021224529,1.092777825
"GCAM 7.1","Reference","China","Secondary Energy|Liquids|Fossil","EJ/yr",0,0.0277532,0.0838455,0.437605,0.432712,0.42629209,0.41654886,0.38013168,0.37762291,0.49260074,0.80620513,1.170075202,1.38128935,1.5477462385,1.622636364,1.777159541,2.0235214,2.29278836,2.50234883,2.61326393
"GCAM 7.1","Reference","Pakistan","Secondary Energy|Liquids|Fossil","EJ/yr",0,0,0,0,0,7.61862e-05,0.0002547812,0.0005984252,0.0013703598,0.002765639,0.0054152635,0.0097524786,0.01510905064,0.02199716638,0.03026934647,0.04105716668,0.0550364034,0.0728849436,0.0949251017,0.1227845115
"GCAM 7.1","Reference","World","Secondary Energy|Liquids|Fossil","EJ/yr",0,0.0277532,0.0838455,0.437605,0.432712,0.4263682762,0.4168036412,0.3807301052,0.3789932698,0.495366379,0.8116203935,1.1798276806,1.39639840064,1.56974340488,1.65290571047,1.81821670768,2.0785578034,2.3656733036,2.5972739317,2.7360484415
"GCAM 7.1","Reference","China","Secondary Energy|Liquids|Gas","EJ/yr",0,0,0,0,0,0.0033686,0.01557237,0.03039828,0.09428626,0.24231673,0.50304595,0.77302842,0.92846188,1.035926778,1.082188571,1.175096765,1.31832546,1.46498184,1.5690968,1.6107957
"GCAM 7.1","Reference","Pakistan","Secondary Energy|Liquids|Gas","EJ/yr",0,0,0,0,0,5.19494e-05,0.0001596576,0.0003343026,0.0007092964,0.0013183959,0.0024401992,0.0042143313,0.00612350041,0.00824100092,0.01056754943,0.01331248497,0.016637917,0.0208244948,0.0260546788,0.0324749165
"GCAM 7.1","Reference","World","Secondary Energy|Liquids|Gas","EJ/yr",0,0,0,0,0,0.0034205494,0.0157320276,0.0307325826,0.0949955564,0.2436351259,0.5054861492,0.7772427513,0.93458538041,1.04416777892,1.09275612043,1.18840924997,1.334963377,1.4858063348,1.5951514788,1.6432706165
"GCAM 7.1","Reference","China","Secondary Energy|Liquids|Hydrogen","EJ/yr",0,0,0,0,0,0.00186773,0.00331962,0.00268755,0.00866898,0.0168503,0.0252381,0.0228251,0.0120335,0.0080725,0.00540953,0.00957949,0.0137786,0.01487,0.0121397,0.00817018
"GCAM 7.1","Reference","Pakistan","Secondary Energy|Liquids|Hydrogen","EJ/yr",0,0,0,0,0,1.76904e-05,2.20692e-05,2.93517e-05,4.67569e-05,6.78398e-05,9.58645e-05,0.000132223,0.000160895,0.000199181,0.000234543,0.000279522,0.000321177,0.000362335,0.000396912,0.000435877
"GCAM 7.1","Reference","World","Secondary Energy|Liquids|Hydrogen","EJ/yr",0,0,0,0,0,0.0018854204,0.0033416892,0.0027169017,0.0087157369,0.0169181398,0.0253339645,0.022957323,0.012194395,0.008271681,0.005644073,0.009859012,0.014099777,0.015232335,0.012536612,0.008606057
"GCAM 7.1","Reference","China","Secondary Energy|Liquids|Oil","EJ/yr",13.7673,18.2196,23.0214,28.167,33.51059,34.38385,35.05224,34.440908,33.889501,32.584881,30.345211,28.701701,27.493778,26.3801312,25.4371108,24.3464352,23.183298,22.066418,21.058223,20.171728
"GCAM 7.1","Reference","Pakistan","Secondary Energy|Liquids|Oil","EJ/yr",0.696281,0.860856,1.09037,1.09793,1.133602,1.307088,1.504738,1.723012,1.986389,2.2283511,2.4315262,2.7831254,3.14318455,3.51001249,3.8536953,4.1584444,4.414607,4.6593814,4.889262,5.1518706
"GCAM 7.1","Reference","World","Secondary Energy|Liquids|Oil","EJ/yr",14.463581,19.080456,24.11177,29.26493,34.644192,35.690938,36.556978,36.16392,35.87589,34.8132321,32.7767372,31.4848264,30.63696255,29.89014369,29.2908061,28.5048796,27.597905,26.7257994,25.947485,25.3235986
"GCAM 7.1","Reference","Pakistan","Secondary Energy|Solids","EJ/yr",0.293549496,0.330338399,0.382988783,0.6267251727,0.7084457663,0.8857517359,1.1079254062,1.3749035256,1.6775225367,2.0205433226,2.38257995223,2.73795239283,3.079603727314,3.39022066789,3.66032895279,3.88387494754,4.05970836831,4.19093307396,4.28550132834,4.3562353802
"GCAM 7.1","Reference","World","Secondary Energy|Solids","EJ/yr",0.293549496,0.330338399,0.382988783,0.6267251727,0.7084457663,0.8857517359,1.1079254062,1.3749035256,1.6775225367,2.0205433226,2.38257995223,2.73795239283,3.079603727314,3.39022066789,3.66032895279,3.88387494754,4.05970836831,4.19093307396,4.28550132834,4.3562353802
"GCAM 7.1","Reference","Pakistan","Secondary Energy|Solids|Biomass","EJ/yr",0.140677996,0.157497699,0.177331603,0.205907999,0.231137151,0.2804180668,0.3399651723,0.40920001,0.4862810175,0.5726293833,0.6566757406,0.73117770644,0.794541542887,0.84480780616,0.88376793404,0.91171894116,0.92901806791,0.93727287046,0.93940494414,0.9390996686
"GCAM 7.1","Reference","World","Secondary Energy|Solids|Biomass","EJ/yr",0.140677996,0.157497699,0.177331603,0.205907999,0.231137151,0.2804180668,0.3399651723,0.40920001,0.4862810175,0.5726293833,0.6566757406,0.73117770644,0.794541542887,0.84480780616,0.88376793404,0.91171894116,0.92901806791,0.93727287046,0.93940494414,0.9390996686
"GCAM 7.1","Reference","Pakistan","Secondary Energy|Solids|Coal","EJ/yr",0.1528715,0.1728407,0.20565718,0.4208171737,0.4773086153,0.6053336691,0.7679602339,0.9657035156,1.1912415192,1.4479139393,1.72590421163,2.00677468639,2.285062184427,2.54541286173,2.77656101875,2.97215600638,3.1306903004,3.2536602035,3.3460963842,3.4171357116
"GCAM 7.1","Reference","World","Secondary Energy|Solids|Coal","EJ/yr",0.1528715,0.1728407,0.20565718,0.4208171737,0.4773086153,0.6053336691,0.7679602339,0.9657035156,1.1912415192,1.4479139393,1.72590421163,2.00677468639,2.285062184427,2.54541286173,2.77656101875,2.97215600638,3.1306903004,3.2536602035,3.3460963842,3.4171357116
"GCAM 7.1","Reference","China","Trade|Agriculture","million t DM/yr",-38.6982731073221,-68.0401208313323,-116.579455416211,-159.481850920654,-170.537496230806,-179.559455748116,-184.555882787118,-186.869386977517,-189.506301952139,-184.782437215648,-167.133945714592,-148.347275238703,-127.611753376827,-105.70871122186,-84.6132316025948,-66.3320264612624,-49.5029204521964,-33.261647504332,-17.4601822391844,-1.36846672301246
"GCAM 7.1","Reference","Pakistan","Trade|Agriculture","million t DM/yr",-0.00778722540660937,-2.49986461654245,-3.0390762791224,-10.1955126186281,-12.9655474327248,-16.671526955316,-20.1310354977996,-24.4352285995026,-30.5160823461521,-37.9496833759445,-47.8874446422129,-57.9682091438518,-67.2625114611416,-75.8098701581655,-83.4622970150723,-90.0076841651251,-95.8829248364911,-101.028039902845,-105.488686650863,-109.372240234758
"GCAM 7.1","Reference","World","Trade|Agriculture","million t DM/yr",-38.7060603327287,-70.5399854478748,-119.618531695333,-169.677363539282,-183.50304366353,-196.230982703432,-204.686918284918,-211.304615577019,-220.022384298291,-222.732120591593,-215.021390356805,-206.315484382555,-194.874264837969,-181.518581380025,-168.075528617667,-156.339710626388,-145.385845288688,-134.289687407177,-122.948868890048,-110.74070695777
"GCAM 7.1","Reference","China","Trade|Agriculture|Crops","million t DM/yr",-38.4052987342452,-66.8541772082462,-114.383451996966,-154.276911221139,-164.829508183059,-173.43646861941,-178.254383639883,-180.571486413079,-183.313358458804,-178.78758832472,-161.466271368324,-143.070671520349,-122.753429666002,-101.27653994176,-80.5991253490407,-62.7514631367207,-46.3594166007301,-30.5245926980105,-15.0880852767874,0.666211905421704
"GCAM 7.1","Reference","Pakistan","Trade|Agriculture|Crops","million t DM/yr",-0.00180031560909999,-2.48039589302115,-3.016624231459,-10.2226330859956,-12.9896979352831,-16.6927743054686,-20.148538933326,-24.445129460138,-30.5125185595748,-37.9292562486171,-47.8456517623718,-57.9068650139975,-67.1840836914186,-75.7159840869647,-83.3553119125092,-89.8896698998914,-95.7549730209243,-100.891355054436,-105.344468574824,-109.221480725481
"GCAM 7.1","Reference","World","Trade|Agriculture|Crops","million t DM/yr",-38.4070990498543,-69.3345731012674,-117.400076228425,-164.499544307134,-177.819206118342,-190.129242924879,-198.402922573209,-205.016615873217,-213.825877018378,-216.716844573338,-209.311923130696,-200.977536534346,-189.937513357421,-176.992524028725,-163.95443726155,-152.641133036612,-142.114389621654,-131.415947752446,-120.432553851611,-108.555268820059
"GCAM 7.1","Reference","China","Trade|Agriculture|Crops|Cereals","million t DM/yr",0.44296003770942,0.0521567195280932,-14.4665475310634,-33.1515530822143,-34.9869290327674,-34.6770618846855,-32.6961142830044,-30.1491099950577,-27.0197536242088,-22.9611416357056,-16.8019411046692,-9.455705152928,-1.58056660543001,6.68448224079718,14.9721808647293,23.6385651264668,32.6696723049001,41.3819356934219,49.3192448277551,56.6589872597431
"GCAM 7.1","Reference","Pakistan","Trade|Agriculture|Crops|Cereals","million t DM/yr",3.38355390188932,4.14524641938345,5.63449091137774,4.00335522078662,3.43659779168197,2.91931278823056,2.65277902157611,2.1299134119738,0.738304126889361,-1.36718139188808,-5.20293006408023,-8.96604875656108,-12.2070536382252,-15.1898874217069,-17.6721729937055,-19.7536834918458,-21.6930989798248,-23.3799415241545,-24.8323069480803,-26.1037806682701
"GCAM 7.1","Reference","World","Trade|Agriculture|Crops|Cereals","million t DM/yr",3.82651393959874,4.19740313891154,-8.83205661968562,-29.1481978614277,-31.5503312410855,-31.7577490964549,-30.0433352614282,-28.0191965830839,-26.2814494973194,-24.3283230275937,-22.0048711687494,-18.4217539094891,-13.7876202436552,-8.50540518090976,-2.69999212897611,3.88488163462099,10.9765733250753,18.0019941692674,24.4869378796749,30.555206591473
"GCAM 7.1","Reference","China","Trade|Agriculture|Crops|Oil Crops","million t DM/yr",-34.1344929803147,-61.2764429666166,-87.8430972825918,-101.706872507935,-110.315834154165,-119.602900117242,-127.82602418417,-134.503388214926,-142.466280442628,-144.856695558071,-137.836685890035,-131.411426718732,-123.71700138214,-115.232178867727,-107.306687687817,-102.486061944701,-99.3446134235268,-96.1034140781817,-92.0521855250236,-86.7454589338684
"GCAM 7.1","Reference","Pakistan","Trade|Agriculture|Crops|Oil Crops","million t DM/yr",-2.43727843845771,-5.23936302420779,-9.30220504353539,-11.1443933756174,-12.5458431249925,-14.7276179344647,-16.9627605947752,-19.55696547419,-22.5987445555446,-25.8907284808814,-29.4179940125115,-33.0572226592479,-36.6277346473571,-39.9800647968224,-43.2130752528934,-46.1299629461214,-48.7743245062271,-51.1527930976925,-53.2879540865168,-55.2524449241319
"GCAM 7.1","Reference","World","Trade|Agriculture|Crops|Oil Crops","million t DM/yr",-36.5717714187724,-66.5158059908244,-97.1453023261272,-112.851265883553,-122.861677279158,-134.330518051707,-144.788784778946,-154.060353689116,-165.065024998173,-170.747424038952,-167.254679902547,-164.46864937798,-160.344736029497,-155.212243664549,-150.519762940711,-148.616024890822,-148.118937929754,-147.256207175874,-145.34013961154,-141.997903858
"GCAM 7.1","Reference","China","Trade|Agriculture|Crops|Other Crops","million t DM/yr",-4.45824955848389,-4.27700431526419,-8.88909345113799,-12.5430816668739,-12.8093790882208,-12.3475532654371,-11.4683253715063,-10.3169379482021,-8.96583872565085,-7.36233643067035,-5.10569317330238,-2.55029386815902,0.0965705688108045,2.71739053110016,5.26243494927123,7.77084896281643,10.2286612322848,12.5127945755918,14.5630223830908,16.4390563952917
"GCAM 7.1","Reference","Pakistan","Trade|Agriculture|Crops|Other Crops","million t DM/yr",-0.77026564932064,-0.957498558313148,-1.87542269857889,-2.69579483254436,-3.17439138769142,-3.8096490544072,-4.36243365241204,-5.00512457791219,-5.81143668581396,-6.75074574024693,-7.94408523296683,-9.17009920929861,-10.3348839334645,-11.436033380116,-12.426357170481,-13.3025035907059,-14.0947309715713,-14.8106056291025,-15.4400509906154,-15.9849620653822
"GCAM 7.1","Reference","World","Trade|Agriculture|Crops|Other Crops","million t DM/yr",-5.22851520780453,-5.23450287357734,-10.7645161497169,-15.2388764994182,-15.9837704759122,-16.1572023198443,-15.8307590239183,-15.3220625261143,-14.7772754114648,-14.1130821709173,-13.0497784062692,-11.7203930774576,-10.2383133646537,-8.71864284901584,-7.16392222120977,-5.53165462788948,-3.86606973928645,-2.29781105351073,-0.87702860752459,0.454094329909518
"GCAM 7.1","Reference","China","Trade|Agriculture|Crops|Sugar Crops","million t DM/yr",-0.255516233155989,-1.35288664589349,-3.18471373217322,-6.87540396411536,-6.7173659079058,-6.80895335204591,-6.26391980120188,-5.60205025489343,-4.86148566631579,-3.60741470027339,-1.72195120031755,0.346754219470689,2.44756775275718,4.55376615406948,6.4729465247761,8.32518471869721,10.0868632856118,11.6840911111574,13.0818330373903,14.3136271842554
"GCAM 7.1","Reference","Pakistan","Trade|Agriculture|Crops|Sugar Crops","million t DM/yr",-0.177810129720072,-0.428780729883657,2.52651259927754,-0.385800098620443,-0.706061214281196,-1.07482010482728,-1.47612370771488,-2.01295282000956,-2.84064144510559,-3.92060063560066,-5.28064245281324,-6.7134943888899,-8.01441147237171,-9.10999848831938,-10.0437064954294,-10.7035198712183,-11.1928185633011,-11.548014803486,-11.7841565496113,-11.8802930676969
"GCAM 7.1","Reference","World","Trade|Agriculture|Crops|Sugar Crops","million t DM/yr",-0.433326362876061,-1.78166737577714,-0.658201132895679,-7.2612040627358,-7.423427122187,-7.88377345687319,-7.74004350891676,-7.61500307490299,-7.70212711142138,-7.52801533587405,-7.0025936531308,-6.36674016941921,-5.56684371961453,-4.5562323342499,-3.5707599706533,-2.3783351525211,-1.10595527768937,0.136076307671413,1.29767648777896,2.43333411655854
"GCAM 7.1","Reference","China","Trade|Agriculture|Livestock","million t DM/yr",-0.292974373076922,-1.18594362308613,-2.19600341924425,-5.20493969951476,-5.70798804774646,-6.1229871287055,-6.301499147235,-6.29790056443776,-6.19294349333579,-5.99484889092777,-5.66767434626783,-5.27660371835474,-4.858323710825,-4.43217128009992,-4.01410625355409,-3.58056332454172,-3.14350385146636,-2.73705480632154,-2.3720969623971,-2.03467862843415
"GCAM 7.1","Reference","Pakistan","Trade|Agriculture|Livestock","million t DM/yr",-0.00598690979750969,-0.0194687235212995,-0.0224520476634044,0.0271204673675473,0.0241505025583064,0.0212473501525821,0.0175034355264178,0.0099008606353839,-0.00356378657734406,-0.0204271273273959,-0.041792879841141,-0.0613441298542718,-0.0784277697230963,-0.0938860712007046,-0.106985102563067,-0.118014265233749,-0.127951815566792,-0.136684848409402,-0.144218076039561,-0.15075950927643
"GCAM 7.1","Reference","World","Trade|Agriculture|Livestock","million t DM/yr",-0.298961282874431,-1.20541234660743,-2.21845546690765,-5.17781923214721,-5.68383754518815,-6.10173977855291,-6.28399571170858,-6.28799970380238,-6.19650727991313,-6.01527601825516,-5.70946722610897,-5.33794784820901,-4.93675148054809,-4.52605735130062,-4.12109135611716,-3.69857758977547,-3.27145566703315,-2.87373965473094,-2.51631503843666,-2.18543813771058
"GCAM 7.1","Reference","China","Trade|Agriculture|Livestock|Non-Ruminant","million t DM/yr",-0.111243920899871,-0.574043597983179,-0.744632468294295,-2.32442972689127,-2.55761417378534,-2.73143827729893,-2.77309250329377,-2.73150885425828,-2.64761727034255,-2.53121479622874,-2.36446231409853,-2.17409339269458,-1.97595831512635,-1.77551505441545,-1.57891763824173,-1.36346171073209,-1.13809124404121,-0.92576906802031,-0.734926103130852,-0.559443986189398
"GCAM 7.1","Reference","Pakistan","Trade|Agriculture|Livestock|Non-Ruminant","million t DM/yr",-0.000204211845261199,-0.00799562258225921,-0.00333072879935372,0.00622005789618339,0.00488715957181795,0.00368858737595707,0.00294291816087147,0.00194448398059313,0.000242338820666786,-0.00194606087717894,-0.00483460770196961,-0.00736795853555666,-0.00947275893269706,-0.0113330885984873,-0.0127967488171504,-0.0139056341801524,-0.0148004684039551,-0.0155171415164882,-0.0160958668458814,-0.0165625710434211
"GCAM 7.1","Reference","World","Trade|Agriculture|Livestock|Non-Ruminant","million t DM/yr",-0.111448132745132,-0.582039220565438,-0.747963197093648,-2.31820966899508,-2.55272701421352,-2.72774968992297,-2.7701495851329,-2.72956437027768,-2.64737493152188,-2.53316085710592,-2.3692969218005,-2.18146135123014,-1.98543107405905,-1.78684814301394,-1.59171438705888,-1.37736734491224,-1.15289171244517,-0.941286209536798,-0.751021969976733,-0.576006557232819
"GCAM 7.1","Reference","China","Trade|Agriculture|Livestock|Non-Ruminant|Meat","million t DM/yr",-0.111243920899871,-0.574043597983179,-0.744632468294295,-2.32442972689127,-2.55761417378534,-2.73143827729893,-2.77309250329377,-2.73150885425828,-2.64761727034255,-2.53121479622874,-2.36446231409853,-2.17409339269458,-1.97595831512635,-1.77551505441545,-1.57891763824173,-1.36346171073209,-1.13809124404121,-0.92576906802031,-0.734926103130852,-0.559443986189398
"GCAM 7.1","Reference","Pakistan","Trade|Agriculture|Livestock|Non-Ruminant|Meat","million t DM/yr",-0.000204211845261199,-0.00799562258225921,-0.00333072879935372,0.00622005789618339,0.00488715957181795,0.00368858737595707,0.00294291816087147,0.00194448398059313,0.000242338820666786,-0.00194606087717894,-0.00483460770196961,-0.00736795853555666,-0.00947275893269706,-0.0113330885984873,-0.0127967488171504,-0.0139056341801524,-0.0148004684039551,-0.0155171415164882,-0.0160958668458814,-0.0165625710434211
"GCAM 7.1","Reference","World","Trade|Agriculture|Livestock|Non-Ruminant|Meat","million t DM/yr",-0.111448132745132,-0.582039220565438,-0.747963197093648,-2.31820966899508,-2.55272701421352,-2.72774968992297,-2.7701495851329,-2.72956437027768,-2.64737493152188,-2.53316085710592,-2.3692969218005,-2.18146135123014,-1.98543107405905,-1.78684814301394,-1.59171438705888,-1.37736734491224,-1.15289171244517,-0.941286209536798,-0.751021969976733,-0.576006557232819
"GCAM 7.1","Reference","China","Trade|Agriculture|Livestock|Non-Ruminant|Meat|Pig","million t DM/yr",0.0933610127516835,-0.232523066204968,-0.530152280747255,-1.65738250787922,-1.81591510179601,-1.95205221985501,-2.01489196891277,-2.02748657654305,-2.01408690278716,-1.96583722026343,-1.88210937382507,-1.79068905027684,-1.7019757070486,-1.61491175576826,-1.53181497260235,-1.44094380011993,-1.34695220878341,-1.26056875891206,-1.1849730012488,-1.11649391181088
"GCAM 7.1","Reference","Pakistan","Trade|Agriculture|Livestock|Non-Ruminant|Meat|Pig","million t DM/yr",0,-6.90679848880179e-05,-3.11157330515686e-05,-0.000153894618145609,-0.000166967127762554,-0.000184740622540404,-0.000203002197744796,-0.000221335991403562,-0.000239461369388631,-0.000257333740439584,-0.000274491197260994,-0.000290766037938677,-0.000305597963591718,-0.000318751900727689,-0.0003300233111738,-0.000339328828660573,-0.000347045055463501,-0.000353489946656876,-0.000358742991009271,-0.000362961711994993
"GCAM 7.1","Reference","World","Trade|Agriculture|Livestock|Non-Ruminant|Meat|Pig","million t DM/yr",0.0933610127516835,-0.232592134189856,-0.530183396480306,-1.65753640249737,-1.81608206892377,-1.95223696047755,-2.01509497111052,-2.02770791253446,-2.01432636415655,-1.96609455400387,-1.88238386502234,-1.79097981631478,-1.7022813050122,-1.61523050766898,-1.53214499591352,-1.44128312894859,-1.34729925383887,-1.26092224885872,-1.18533174423981,-1.11685687352288
"GCAM 7.1","Reference","China","Trade|Agriculture|Livestock|Non-Ruminant|Meat|Poultry","million t DM/yr",-0.204604933651555,-0.341520531778211,-0.21448018754704,-0.667047219012046,-0.741699071989327,-0.779386057443923,-0.758200534381001,-0.704022277715221,-0.633530367555381,-0.56537757596531,-0.482352940273458,-0.383404342417738,-0.273982608077745,-0.160603298647199,-0.0471026656393821,0.07748208938784,0.208860964742193,0.334799690891751,0.45004689811795,0.557049925621483
"GCAM 7.1","Reference","Pakistan","Trade|Agriculture|Livestock|Non-Ruminant|Meat|Poultry","million t DM/yr",-0.000204211845261199,-0.0079265545973712,-0.00329961306630215,0.006373952514329,0.0050541266995805,0.00387332799849747,0.00314592035861627,0.00216581997199669,0.000481800190055417,-0.00168872713673936,-0.00456011650470862,-0.00707719249761798,-0.00916716096910535,-0.0110143366977596,-0.0124667255059766,-0.0135663053514919,-0.0144534233484916,-0.0151636515698313,-0.0157371238548721,-0.0161996093314261
"GCAM 7.1","Reference","World","Trade|Agriculture|Livestock|Non-Ruminant|Meat|Poultry","million t DM/yr",-0.204809145496816,-0.349447086375582,-0.217779800613342,-0.660673266497717,-0.736644945289746,-0.775512729445426,-0.755054614022385,-0.701856457743224,-0.633048567365325,-0.567066303102049,-0.486913056778167,-0.390481534915356,-0.283149769046851,-0.171617635344958,-0.0595693911453587,0.0639157840363481,0.194407541393702,0.31963603932192,0.434309774263077,0.540850316290057
"GCAM 7.1","Reference","China","Trade|Agriculture|Livestock|Ruminant","million t DM/yr",-0.181730452177051,-0.611900025102955,-1.45137095094995,-2.88050997262349,-3.15037387396112,-3.39154885140656,-3.52840664394123,-3.56639171017949,-3.54532622299324,-3.46363409469903,-3.3032120321693,-3.10251032566016,-2.88236539569865,-2.65665622568446,-2.43518861531236,-2.21710161380963,-2.00541260742515,-1.81128573830123,-1.63717085926624,-1.47523464224475
"GCAM 7.1","Reference","Pakistan","Trade|Agriculture|Livestock|Ruminant","million t DM/yr",-0.00578269795224849,-0.0114731009390403,-0.0191213188640507,0.0209004094713639,0.0192633429864885,0.0175587627766251,0.0145605173655463,0.00795637665479078,-0.00380612539801084,-0.018481066450217,-0.0369582721391714,-0.0539761713187151,-0.0689550107903992,-0.0825529826022173,-0.0941883537459171,-0.104108631053596,-0.113151347162837,-0.121167706892914,-0.12812220919368,-0.134196938233009
"GCAM 7.1","Reference","World","Trade|Agriculture|Livestock|Ruminant","million t DM/yr",-0.187513150129299,-0.623373126041995,-1.470492269814,-2.85960956315213,-3.13111053097463,-3.37399008862994,-3.51384612657568,-3.5584353335247,-3.54913234839125,-3.48211516114925,-3.34017030430847,-3.15648649697888,-2.95132040648905,-2.73920920828668,-2.52937696905828,-2.32121024486322,-2.11856395458798,-1.93245344519414,-1.76529306845992,-1.60943158047776
"GCAM 7.1","Reference","China","Trade|Agriculture|Livestock|Ruminant|Dairy","million t DM/yr",-0.170301091321541,-0.482331772872335,-0.917587298048327,-1.40747116491794,-1.51814723961637,-1.60739578584188,-1.6573646253202,-1.67044295528203,-1.66053905221011,-1.62684849594864,-1.56409096061334,-1.48600402001915,-1.40048114737167,-1.31305530641336,-1.22721895850631,-1.14226372742321,-1.05955494710635,-0.983719055681932,-0.915904765707244,-0.853181574698393
"GCAM 7.1","Reference","Pakistan","Trade|Agriculture|Livestock|Ruminant|Dairy","million t DM/yr",-0.00861196069524471,-0.0208876863481216,-0.0667328029418925,-0.0248064798112285,-0.0282553347215519,-0.0336829532192512,-0.0395656569037508,-0.0464688273286024,-0.0549872392518102,-0.0648477318266641,-0.0766998556806208,-0.0885622083697268,-0.09977265897502,-0.110339111002586,-0.119725393212276,-0.127930094730276,-0.135375262781582,-0.142005180914198,-0.14777041629006,-0.152766411909935
"GCAM 7.1","Reference","World","Trade|Agriculture|Livestock|Ruminant|Dairy","million t DM/yr",-0.178913052016786,-0.503219459220457,-0.984320100990219,-1.43227764472917,-1.54640257433792,-1.64107873906113,-1.69693028222395,-1.71691178261063,-1.71552629146192,-1.6916962277753,-1.64079081629396,-1.57456622838888,-1.50025380634669,-1.42339441741595,-1.34694435171859,-1.27019382215349,-1.19493020988793,-1.12572423659613,-1.0636751819973,-1.00594798660833
"GCAM 7.1","Reference","China","Trade|Agriculture|Livestock|Ruminant|Meat","million t DM/yr",-0.0114293608555097,-0.12956825223062,-0.533783652901626,-1.47303880770555,-1.63222663434475,-1.78415306556468,-1.87104201862103,-1.89594875489746,-1.88478717078313,-1.83678559875039,-1.73912107155595,-1.61650630564101,-1.48188424832698,-1.3436009192711,-1.20796965680605,-1.07483788638641,-0.945857660318796,-0.827566682619299,-0.721266093558998,-0.622053067546355
"GCAM 7.1","Reference","Pakistan","Trade|Agriculture|Livestock|Ruminant|Meat","million t DM/yr",0.00282926274299621,0.00941458540908137,0.0476114840778418,0.0457068892825925,0.0475186777080404,0.0512417159958762,0.0541261742692971,0.0544252039833932,0.0511811138537994,0.0463666653764471,0.0397415835414493,0.0345860370510117,0.0308176481846207,0.0277861284003689,0.025537039466359,0.0238214636766797,0.022223915618745,0.0208374740212847,0.0196482070963805,0.0185694736769262
"GCAM 7.1","Reference","World","Trade|Agriculture|Livestock|Ruminant|Meat","million t DM/yr",-0.00860009811251347,-0.120153666821538,-0.486172168823784,-1.42733191842296,-1.58470795663671,-1.73291134956881,-1.81691584435173,-1.84152355091407,-1.83360605692933,-1.79041893337394,-1.6993794880145,-1.58192026859,-1.45106660014236,-1.31581479087073,-1.18243261733969,-1.05101642270974,-0.923633744700051,-0.806729208598014,-0.701617886462618,-0.603483593869429
"GCAM 7.1","Reference","China","Trade|Forestry|Roundwood","million m3/yr",0.0342973913043478,0.0189184347826087,0.0601346956521739,0.0401997391304348,0.0408360869565217,0.0417480869565217,0.04328,0.0454093913043478,0.0479904347826087,0.0512833043478261,0.0553737391304348,0.0602212173913044,0.0657786956521739,0.071868,0.0783695652173913,0.0851445217391305,0.0920347826086957,0.0987060869565217,0.104917391304348,0.110733913043478
"GCAM 7.1","Reference","Pakistan","Trade|Forestry|Roundwood","million m3/yr",0.00114594782608696,0.000219912173913044,0.000185555652173913,0.00017573652173913,0.000171045217391304,0.000149707826086957,0.000128951304347826,0.000109484347826087,9.24469565217391e-05,7.78506086956522e-05,6.49286086956522e-05,5.38546956521739e-05,4.49784347826087e-05,3.8193652173913e-05,3.28384347826087e-05,2.86685217391304e-05,2.52748695652174e-05,2.24480869565217e-05,2.01007826086957e-05,1.81064347826087e-05
"GCAM 7.1","Reference","World","Trade|Forestry|Roundwood","million m3/yr",0.0354433391304348,0.0191383469565217,0.0603202513043478,0.0403754756521739,0.041007132173913,0.0418977947826087,0.0434089513043478,0.0455188756521739,0.0480828817391304,0.0513611549565217,0.0554386677391304,0.0602750720869565,0.0658236740869565,0.0719061936521739,0.0784024036521739,0.0851731902608696,0.0920600574782609,0.0987285350434783,0.104937492086957,0.110752019478261
"GCAM 7.1","Reference","China","Trade|Forestry|Roundwood|Industrial Roundwood","million m3/yr",0.0342973913043478,0.0189184347826087,0.0601346956521739,0.0401997391304348,0.0408360869565217,0.0417480869565217,0.04328,0.0454093913043478,0.0479904347826087,0.0512833043478261,0.0553737391304348,0.0602212173913044,0.0657786956521739,0.071868,0.0783695652173913,0.0851445217391305,0.0920347826086957,0.0987060869565217,0.104917391304348,0.110733913043478
"GCAM 7.1","Reference","Pakistan","Trade|Forestry|Roundwood|Industrial Roundwood","million m3/yr",0.00114594782608696,0.000219912173913044,0.000185555652173913,0.00017573652173913,0.000171045217391304,0.000149707826086957,0.000128951304347826,0.000109484347826087,9.24469565217391e-05,7.78506086956522e-05,6.49286086956522e-05,5.38546956521739e-05,4.49784347826087e-05,3.8193652173913e-05,3.28384347826087e-05,2.86685217391304e-05,2.52748695652174e-05,2.24480869565217e-05,2.01007826086957e-05,1.81064347826087e-05
"GCAM 7.1","Reference","World","Trade|Forestry|Roundwood|Industrial Roundwood","million m3/yr",0.0354433391304348,0.0191383469565217,0.0603202513043478,0.0403754756521739,0.041007132173913,0.0418977947826087,0.0434089513043478,0.0455188756521739,0.0480828817391304,0.0513611549565217,0.0554386677391304,0.0602750720869565,0.0658236740869565,0.0719061936521739,0.0784024036521739,0.0851731902608696,0.0920600574782609,0.0987285350434783,0.104937492086957,0.110752019478261
"GCAM 7.1","Reference","China","Trade|Goods [Value]","billion USD_2010/yr",0.000606358800041562,0,0,0,0.00151589699999022,0.000454769100031172,0,0,0,0,0,0,0,0,0,0,0,0,0,0
"GCAM 7.1","Reference","Pakistan","Trade|Goods [Value]","billion USD_2010/yr",1.51589699997068e-05,1.5158970000595e-05,-8.03425410002001e-05,-4.54769099995644e-05,1.51589700010391e-05,7.5794849998978e-05,0,0,0,0,0,0,0,0,0,0,0,0,0,0
"GCAM 7.1","Reference","World","Trade|Goods [Value]","billion USD_2010/yr",0.000621517770041269,1.5158970000595e-05,-8.03425410002001e-05,-4.54769099995644e-05,0.00153105596999126,0.00053056395003015,0,0,0,0,0,0,0,0,0,0,0,0,0,0
"GCAM 7.1","Reference","China","Trade|Primary Energy|Biomass [Volume]","EJ/yr",0.756918246767184,0.62327704890587,0.64058772218303,0.279568635905015,0.0927159214553468,0.0292148627732427,-0.168041999680576,-0.412609588862242,-0.692783943710827,-1.07004926291299,-1.30764347581926,-1.39189177729813,-1.18228993246611,-0.842535910546356,-0.350476986738741,0.0560650107959919,0.505710992202159,0.94144864341585,1.3441590863437,1.70127405002731
"GCAM 7.1","Reference","Pakistan","Trade|Primary Energy|Biomass [Volume]","EJ/yr",0.00736314651422301,0.026977425072272,0.026039766139855,0.037789598794103,0.017396642891707,-0.00216915561553294,-0.03040292099134,-0.077863407243647,-0.144215450506031,-0.214430174350881,-0.266698163941263,-0.319145332849324,-0.377300490516051,-0.437354369848231,-0.501347244131125,-0.55999235334692,-0.616307155422824,-0.675397251524884,-0.732325828824074,-0.795534367267045
"GCAM 7.1","Reference","World","Trade|Primary Energy|Biomass [Volume]","EJ/yr",0.764281393281407,0.650254473978142,0.666627488322885,0.317358234699118,0.110112564347054,0.0270457071577098,-0.198444920671916,-0.490472996105889,-0.836999394216858,-1.28447943726387,-1.57434163976052,-1.71103711014745,-1.55959042298216,-1.27989028039459,-0.851824230869866,-0.503927342550928,-0.110596163220665,0.266051391890966,0.611833257519625,0.905739682760263
"GCAM 7.1","Reference","China","Trade|Primary Energy|Coal [Volume]","EJ/yr",-0.422000000000004,-2.4807,-6.4216,-5.4345,-10.0037,-13.3906,-16.182,-18.2739,-20.0549,-21.8969,-23.5553,-25.2307,-26.2304,-26.6156,-26.6752,-26.2987,-24.8639,-24.3545,-23.8726,-23.0061
"GCAM 7.1","Reference","Pakistan","Trade|Primary Energy|Coal [Volume]","EJ/yr",-0.0785831,-0.1187766,-0.1386561,-0.513994,-0.609139,-0.824676,-1.096476,-1.485028,-1.965262,-2.471723,-2.948159,-3.619213,-4.371947,-5.194093,-6.085617,-6.949461,-7.725082,-8.49891,-9.233459,-9.879647
"GCAM 7.1","Reference","World","Trade|Primary Energy|Coal [Volume]","EJ/yr",-0.500583100000004,-2.5994766,-6.5602561,-5.948494,-10.612839,-14.215276,-17.278476,-19.758928,-22.020162,-24.368623,-26.503459,-28.849913,-30.602347,-31.809693,-32.760817,-33.248161,-32.588982,-32.85341,-33.106059,-32.885747
"GCAM 7.1","Reference","China","Trade|Primary Energy|Gas [Volume]","EJ/yr",0.22869,-0.91187,-1.80644,-4.63272,-4.60581,-5.06003,-5.5165,-5.80042,-6.16073,-6.61783,-7.35943,-8.03744,-8.13758,-8.09618,-8.09492,-7.96191,-7.99291,-8.03201,-8.16206,-8.54872
"GCAM 7.1","Reference","Pakistan","Trade|Primary Energy|Gas [Volume]","EJ/yr",-0.00557999999999992,0.0123200000000001,-0.17249,-0.32695,-0.33359,-0.40605,-0.51065,-0.69881,-0.95772,-1.24983,-1.52603,-1.88139,-2.2531,-2.64974,-3.08186,-3.51003,-3.92214,-4.37625,-4.83742,-5.29114
"GCAM 7.1","Reference","World","Trade|Primary Energy|Gas [Volume]","EJ/yr",0.22311,-0.89955,-1.97893,-4.95967,-4.9394,-5.46608,-6.02715,-6.49923,-7.11845,-7.86766,-8.88546,-9.91883,-10.39068,-10.74592,-11.17678,-11.47194,-11.91505,-12.40826,-12.99948,-13.83986
"GCAM 7.1","Reference","China","Trade|Primary Energy|Oil [Volume]","EJ/yr",-6.82394,-11.03293,-15.89932,-22.03779,-26.85907,-27.58794,-28.56994,-28.40911,-27.60969,-26.40613,-24.92925,-23.22562,-21.97324,-20.82915,-19.8945,-18.74518,-17.48952,-16.40216,-15.44756,-14.59337
"GCAM 7.1","Reference","Pakistan","Trade|Primary Energy|Oil [Volume]","EJ/yr",-0.566718,-0.733985,-0.918692,-0.926876,-0.938306,-1.102957,-1.303949,-1.532246,-1.800113,-2.068926,-2.234803,-2.570284,-2.910201,-3.252053,-3.558226,-3.81519,-4.02769,-4.23623,-4.429218,-4.645857
"GCAM 7.1","Reference","World","Trade|Primary Energy|Oil [Volume]","EJ/yr",-7.390658,-11.766915,-16.818012,-22.964666,-27.797376,-28.690897,-29.873889,-29.941356,-29.409803,-28.475056,-27.164053,-25.795904,-24.883441,-24.081203,-23.452726,-22.56037,-21.51721,-20.63839,-19.876778,-19.239227
"GCAM 7.1","Reference","China","Capacity|Electricity|Other","GW",0,0,0,0,0,0,0,0,0,0,0,0,0,0,0,0,0,0,0,0
"GCAM 7.1","Reference","Pakistan","Capacity|Electricity|Other","GW",0,0,0,0,0,0,0,0,0,0,0,0,0,0,0,0,0,0,0,0
"GCAM 7.1","Reference","World","Capacity|Electricity|Other","GW",0,0,0,0,0,0,0,0,0,0,0,0,0,0,0,0,0,0,0,0
"GCAM 7.1","Reference","China","Emissions|BC|AFOLU|Land|Other","Mt BC/yr",0,0,0,0,0,0,0,0,0,0,0,0,0,0,0,0,0,0,0,0
"GCAM 7.1","Reference","Pakistan","Emissions|BC|AFOLU|Land|Other","Mt BC/yr",0,0,0,0,0,0,0,0,0,0,0,0,0,0,0,0,0,0,0,0
"GCAM 7.1","Reference","World","Emissions|BC|AFOLU|Land|Other","Mt BC/yr",0,0,0,0,0,0,0,0,0,0,0,0,0,0,0,0,0,0,0,0
"GCAM 7.1","Reference","China","Emissions|BC|Energy|Demand|Other Sector","Mt BC/yr",0,0,0,0,0,0,0,0,0,0,0,0,0,0,0,0,0,0,0,0
"GCAM 7.1","Reference","Pakistan","Emissions|BC|Energy|Demand|Other Sector","Mt BC/yr",0,0,0,0,0,0,0,0,0,0,0,0,0,0,0,0,0,0,0,0
"GCAM 7.1","Reference","World","Emissions|BC|Energy|Demand|Other Sector","Mt BC/yr",0,0,0,0,0,0,0,0,0,0,0,0,0,0,0,0,0,0,0,0
"GCAM 7.1","Reference","China","Emissions|BC|Energy|Supply|Other","Mt BC/yr",0,0,0,0,0,0,0,0,0,0,0,0,0,0,0,0,0,0,0,0
"GCAM 7.1","Reference","Pakistan","Emissions|BC|Energy|Supply|Other","Mt BC/yr",0,0,0,0,0,0,0,0,0,0,0,0,0,0,0,0,0,0,0,0
"GCAM 7.1","Reference","World","Emissions|BC|Energy|Supply|Other","Mt BC/yr",0,0,0,0,0,0,0,0,0,0,0,0,0,0,0,0,0,0,0,0
"GCAM 7.1","Reference","China","Emissions|BC|Industrial Processes|Other Sector","Mt BC/yr",0,0,0,0,0,0,0,0,0,0,0,0,0,0,0,0,0,0,0,0
"GCAM 7.1","Reference","Pakistan","Emissions|BC|Industrial Processes|Other Sector","Mt BC/yr",0,0,0,0,0,0,0,0,0,0,0,0,0,0,0,0,0,0,0,0
"GCAM 7.1","Reference","World","Emissions|BC|Industrial Processes|Other Sector","Mt BC/yr",0,0,0,0,0,0,0,0,0,0,0,0,0,0,0,0,0,0,0,0
"GCAM 7.1","Reference","China","Emissions|BC|Other","Mt BC/yr",0,0,0,0,0,0,0,0,0,0,0,0,0,0,0,0,0,0,0,0
"GCAM 7.1","Reference","Pakistan","Emissions|BC|Other","Mt BC/yr",0,0,0,0,0,0,0,0,0,0,0,0,0,0,0,0,0,0,0,0
"GCAM 7.1","Reference","World","Emissions|BC|Other","Mt BC/yr",0,0,0,0,0,0,0,0,0,0,0,0,0,0,0,0,0,0,0,0
"GCAM 7.1","Reference","China","Emissions|BC|Other Capture and Removal","Mt BC/yr",0,0,0,0,0,0,0,0,0,0,0,0,0,0,0,0,0,0,0,0
"GCAM 7.1","Reference","Pakistan","Emissions|BC|Other Capture and Removal","Mt BC/yr",0,0,0,0,0,0,0,0,0,0,0,0,0,0,0,0,0,0,0,0
"GCAM 7.1","Reference","World","Emissions|BC|Other Capture and Removal","Mt BC/yr",0,0,0,0,0,0,0,0,0,0,0,0,0,0,0,0,0,0,0,0
"GCAM 7.1","Reference","China","Emissions|C2F6|AFOLU|Land|Other","kt C2F6/yr",0,0,0,0,0,0,0,0,0,0,0,0,0,0,0,0,0,0,0,0
"GCAM 7.1","Reference","Pakistan","Emissions|C2F6|AFOLU|Land|Other","kt C2F6/yr",0,0,0,0,0,0,0,0,0,0,0,0,0,0,0,0,0,0,0,0
"GCAM 7.1","Reference","World","Emissions|C2F6|AFOLU|Land|Other","kt C2F6/yr",0,0,0,0,0,0,0,0,0,0,0,0,0,0,0,0,0,0,0,0
"GCAM 7.1","Reference","China","Emissions|C2F6|Energy|Demand|Other Sector","kt C2F6/yr",0,0,0,0,0,0,0,0,0,0,0,0,0,0,0,0,0,0,0,0
"GCAM 7.1","Reference","Pakistan","Emissions|C2F6|Energy|Demand|Other Sector","kt C2F6/yr",0,0,0,0,0,0,0,0,0,0,0,0,0,0,0,0,0,0,0,0
"GCAM 7.1","Reference","World","Emissions|C2F6|Energy|Demand|Other Sector","kt C2F6/yr",0,0,0,0,0,0,0,0,0,0,0,0,0,0,0,0,0,0,0,0
"GCAM 7.1","Reference","China","Emissions|C2F6|Energy|Supply|Other","kt C2F6/yr",0,0,0,0,0,0,0,0,0,0,0,0,0,0,0,0,0,0,0,0
"GCAM 7.1","Reference","Pakistan","Emissions|C2F6|Energy|Supply|Other","kt C2F6/yr",0,0,0,0,0,0,0,0,0,0,0,0,0,0,0,0,0,0,0,0
"GCAM 7.1","Reference","World","Emissions|C2F6|Energy|Supply|Other","kt C2F6/yr",0,0,0,0,0,0,0,0,0,0,0,0,0,0,0,0,0,0,0,0
"GCAM 7.1","Reference","China","Emissions|C2F6|Industrial Processes|Other Sector","kt C2F6/yr",0,0,0,0,0,0,0,0,0,0,0,0,0,0,0,0,0,0,0,0
"GCAM 7.1","Reference","Pakistan","Emissions|C2F6|Industrial Processes|Other Sector","kt C2F6/yr",0,0,0,0,0,0,0,0,0,0,0,0,0,0,0,0,0,0,0,0
"GCAM 7.1","Reference","World","Emissions|C2F6|Industrial Processes|Other Sector","kt C2F6/yr",0,0,0,0,0,0,0,0,0,0,0,0,0,0,0,0,0,0,0,0
"GCAM 7.1","Reference","China","Emissions|C2F6|Other","kt C2F6/yr",0,0,0,0,0,0,0,0,0,0,0,0,0,0,0,0,0,0,0,0
"GCAM 7.1","Reference","Pakistan","Emissions|C2F6|Other","kt C2F6/yr",0,0,0,0,0,0,0,0,0,0,0,0,0,0,0,0,0,0,0,0
"GCAM 7.1","Reference","World","Emissions|C2F6|Other","kt C2F6/yr",0,0,0,0,0,0,0,0,0,0,0,0,0,0,0,0,0,0,0,0
"GCAM 7.1","Reference","China","Emissions|C2F6|Other Capture and Removal","kt C2F6/yr",0,0,0,0,0,0,0,0,0,0,0,0,0,0,0,0,0,0,0,0
"GCAM 7.1","Reference","Pakistan","Emissions|C2F6|Other Capture and Removal","kt C2F6/yr",0,0,0,0,0,0,0,0,0,0,0,0,0,0,0,0,0,0,0,0
"GCAM 7.1","Reference","World","Emissions|C2F6|Other Capture and Removal","kt C2F6/yr",0,0,0,0,0,0,0,0,0,0,0,0,0,0,0,0,0,0,0,0
"GCAM 7.1","Reference","China","Emissions|CH4|AFOLU|Land|Other","Mt CH4/yr",0,0,0,0,0,0,0,0,0,0,0,0,0,0,0,0,0,0,0,0
"GCAM 7.1","Reference","Pakistan","Emissions|CH4|AFOLU|Land|Other","Mt CH4/yr",0,0,0,0,0,0,0,0,0,0,0,0,0,0,0,0,0,0,0,0
"GCAM 7.1","Reference","World","Emissions|CH4|AFOLU|Land|Other","Mt CH4/yr",0,0,0,0,0,0,0,0,0,0,0,0,0,0,0,0,0,0,0,0
"GCAM 7.1","Reference","China","Emissions|CH4|Energy|Demand|Other Sector","Mt CH4/yr",0,0,0,0,0,0,0,0,0,0,0,0,0,0,0,0,0,0,0,0
"GCAM 7.1","Reference","Pakistan","Emissions|CH4|Energy|Demand|Other Sector","Mt CH4/yr",0,0,0,0,0,0,0,0,0,0,0,0,0,0,0,0,0,0,0,0
"GCAM 7.1","Reference","World","Emissions|CH4|Energy|Demand|Other Sector","Mt CH4/yr",0,0,0,0,0,0,0,0,0,0,0,0,0,0,0,0,0,0,0,0
"GCAM 7.1","Reference","China","Emissions|CH4|Energy|Supply|Other","Mt CH4/yr",0,0,0,0,0,0,0,0,0,0,0,0,0,0,0,0,0,0,0,0
"GCAM 7.1","Reference","Pakistan","Emissions|CH4|Energy|Supply|Other","Mt CH4/yr",0,0,0,0,0,0,0,0,0,0,0,0,0,0,0,0,0,0,0,0
"GCAM 7.1","Reference","World","Emissions|CH4|Energy|Supply|Other","Mt CH4/yr",0,0,0,0,0,0,0,0,0,0,0,0,0,0,0,0,0,0,0,0
"GCAM 7.1","Reference","China","Emissions|CH4|Industrial Processes|Other Sector","Mt CH4/yr",0,0,0,0,0,0,0,0,0,0,0,0,0,0,0,0,0,0,0,0
"GCAM 7.1","Reference","Pakistan","Emissions|CH4|Industrial Processes|Other Sector","Mt CH4/yr",0,0,0,0,0,0,0,0,0,0,0,0,0,0,0,0,0,0,0,0
"GCAM 7.1","Reference","World","Emissions|CH4|Industrial Processes|Other Sector","Mt CH4/yr",0,0,0,0,0,0,0,0,0,0,0,0,0,0,0,0,0,0,0,0
"GCAM 7.1","Reference","China","Emissions|CH4|Other","Mt CH4/yr",0,0,0,0,0,0,0,0,0,0,0,0,0,0,0,0,0,0,0,0
"GCAM 7.1","Reference","Pakistan","Emissions|CH4|Other","Mt CH4/yr",0,0,0,0,0,0,0,0,0,0,0,0,0,0,0,0,0,0,0,0
"GCAM 7.1","Reference","World","Emissions|CH4|Other","Mt CH4/yr",0,0,0,0,0,0,0,0,0,0,0,0,0,0,0,0,0,0,0,0
"GCAM 7.1","Reference","China","Emissions|CH4|Other Capture and Removal","Mt CH4/yr",0,0,0,0,0,0,0,0,0,0,0,0,0,0,0,0,0,0,0,0
"GCAM 7.1","Reference","Pakistan","Emissions|CH4|Other Capture and Removal","Mt CH4/yr",0,0,0,0,0,0,0,0,0,0,0,0,0,0,0,0,0,0,0,0
"GCAM 7.1","Reference","World","Emissions|CH4|Other Capture and Removal","Mt CH4/yr",0,0,0,0,0,0,0,0,0,0,0,0,0,0,0,0,0,0,0,0
"GCAM 7.1","Reference","China","Emissions|CO|AFOLU|Land|Other","Mt CO/yr",0,0,0,0,0,0,0,0,0,0,0,0,0,0,0,0,0,0,0,0
"GCAM 7.1","Reference","Pakistan","Emissions|CO|AFOLU|Land|Other","Mt CO/yr",0,0,0,0,0,0,0,0,0,0,0,0,0,0,0,0,0,0,0,0
"GCAM 7.1","Reference","World","Emissions|CO|AFOLU|Land|Other","Mt CO/yr",0,0,0,0,0,0,0,0,0,0,0,0,0,0,0,0,0,0,0,0
"GCAM 7.1","Reference","China","Emissions|CO|Energy|Demand|Other Sector","Mt CO/yr",0,0,0,0,0,0,0,0,0,0,0,0,0,0,0,0,0,0,0,0
"GCAM 7.1","Reference","Pakistan","Emissions|CO|Energy|Demand|Other Sector","Mt CO/yr",0,0,0,0,0,0,0,0,0,0,0,0,0,0,0,0,0,0,0,0
"GCAM 7.1","Reference","World","Emissions|CO|Energy|Demand|Other Sector","Mt CO/yr",0,0,0,0,0,0,0,0,0,0,0,0,0,0,0,0,0,0,0,0
"GCAM 7.1","Reference","China","Emissions|CO|Energy|Supply|Other","Mt CO/yr",0,0,0,0,0,0,0,0,0,0,0,0,0,0,0,0,0,0,0,0
"GCAM 7.1","Reference","Pakistan","Emissions|CO|Energy|Supply|Other","Mt CO/yr",0,0,0,0,0,0,0,0,0,0,0,0,0,0,0,0,0,0,0,0
"GCAM 7.1","Reference","World","Emissions|CO|Energy|Supply|Other","Mt CO/yr",0,0,0,0,0,0,0,0,0,0,0,0,0,0,0,0,0,0,0,0
"GCAM 7.1","Reference","China","Emissions|CO|Industrial Processes|Other Sector","Mt CO/yr",0,0,0,0,0,0,0,0,0,0,0,0,0,0,0,0,0,0,0,0
"GCAM 7.1","Reference","Pakistan","Emissions|CO|Industrial Processes|Other Sector","Mt CO/yr",0,0,0,0,0,0,0,0,0,0,0,0,0,0,0,0,0,0,0,0
"GCAM 7.1","Reference","World","Emissions|CO|Industrial Processes|Other Sector","Mt CO/yr",0,0,0,0,0,0,0,0,0,0,0,0,0,0,0,0,0,0,0,0
"GCAM 7.1","Reference","China","Emissions|CO|Other","Mt CO/yr",0,0,0,0,0,0,0,0,0,0,0,0,0,0,0,0,0,0,0,0
"GCAM 7.1","Reference","Pakistan","Emissions|CO|Other","Mt CO/yr",0,0,0,0,0,0,0,0,0,0,0,0,0,0,0,0,0,0,0,0
"GCAM 7.1","Reference","World","Emissions|CO|Other","Mt CO/yr",0,0,0,0,0,0,0,0,0,0,0,0,0,0,0,0,0,0,0,0
"GCAM 7.1","Reference","China","Emissions|CO|Other Capture and Removal","Mt CO/yr",0,0,0,0,0,0,0,0,0,0,0,0,0,0,0,0,0,0,0,0
"GCAM 7.1","Reference","Pakistan","Emissions|CO|Other Capture and Removal","Mt CO/yr",0,0,0,0,0,0,0,0,0,0,0,0,0,0,0,0,0,0,0,0
"GCAM 7.1","Reference","World","Emissions|CO|Other Capture and Removal","Mt CO/yr",0,0,0,0,0,0,0,0,0,0,0,0,0,0,0,0,0,0,0,0
"GCAM 7.1","Reference","China","Emissions|CO2|AFOLU|Land|Other","Mt CO2/yr",0,0,0,0,0,0,0,0,0,0,0,0,0,0,0,0,0,0,0,0
"GCAM 7.1","Reference","Pakistan","Emissions|CO2|AFOLU|Land|Other","Mt CO2/yr",0,0,0,0,0,0,0,0,0,0,0,0,0,0,0,0,0,0,0,0
"GCAM 7.1","Reference","World","Emissions|CO2|AFOLU|Land|Other","Mt CO2/yr",0,0,0,0,0,0,0,0,0,0,0,0,0,0,0,0,0,0,0,0
"GCAM 7.1","Reference","China","Emissions|CO2|Energy|Demand|Other Sector","Mt CO2/yr",0,0,0,0,0,0,0,0,0,0,0,0,0,0,0,0,0,0,0,0
"GCAM 7.1","Reference","Pakistan","Emissions|CO2|Energy|Demand|Other Sector","Mt CO2/yr",0,0,0,0,0,0,0,0,0,0,0,0,0,0,0,0,0,0,0,0
"GCAM 7.1","Reference","World","Emissions|CO2|Energy|Demand|Other Sector","Mt CO2/yr",0,0,0,0,0,0,0,0,0,0,0,0,0,0,0,0,0,0,0,0
"GCAM 7.1","Reference","China","Emissions|CO2|Other","Mt CO2/yr",0,0,0,0,0,0,0,0,0,0,0,0,0,0,0,0,0,0,0,0
"GCAM 7.1","Reference","Pakistan","Emissions|CO2|Other","Mt CO2/yr",0,0,0,0,0,0,0,0,0,0,0,0,0,0,0,0,0,0,0,0
"GCAM 7.1","Reference","World","Emissions|CO2|Other","Mt CO2/yr",0,0,0,0,0,0,0,0,0,0,0,0,0,0,0,0,0,0,0,0
"GCAM 7.1","Reference","China","Emissions|CO2|Other Capture and Removal","Mt CO2/yr",0,0,0,0,0,0,0,0,0,0,0,0,0,0,0,0,0,0,0,0
"GCAM 7.1","Reference","Pakistan","Emissions|CO2|Other Capture and Removal","Mt CO2/yr",0,0,0,0,0,0,0,0,0,0,0,0,0,0,0,0,0,0,0,0
"GCAM 7.1","Reference","World","Emissions|CO2|Other Capture and Removal","Mt CO2/yr",0,0,0,0,0,0,0,0,0,0,0,0,0,0,0,0,0,0,0,0
"GCAM 7.1","Reference","China","Emissions|Kyoto Gases|AFOLU|Land|Other","Mt CO2-equiv/yr",0,0,0,0,0,0,0,0,0,0,0,0,0,0,0,0,0,0,0,0
"GCAM 7.1","Reference","Pakistan","Emissions|Kyoto Gases|AFOLU|Land|Other","Mt CO2-equiv/yr",0,0,0,0,0,0,0,0,0,0,0,0,0,0,0,0,0,0,0,0
"GCAM 7.1","Reference","World","Emissions|Kyoto Gases|AFOLU|Land|Other","Mt CO2-equiv/yr",0,0,0,0,0,0,0,0,0,0,0,0,0,0,0,0,0,0,0,0
"GCAM 7.1","Reference","China","Emissions|Kyoto Gases|Energy|Demand|Other Sector","Mt CO2-equiv/yr",0,0,0,0,0,0,0,0,0,0,0,0,0,0,0,0,0,0,0,0
"GCAM 7.1","Reference","Pakistan","Emissions|Kyoto Gases|Energy|Demand|Other Sector","Mt CO2-equiv/yr",0,0,0,0,0,0,0,0,0,0,0,0,0,0,0,0,0,0,0,0
"GCAM 7.1","Reference","World","Emissions|Kyoto Gases|Energy|Demand|Other Sector","Mt CO2-equiv/yr",0,0,0,0,0,0,0,0,0,0,0,0,0,0,0,0,0,0,0,0
"GCAM 7.1","Reference","China","Emissions|Kyoto Gases|Energy|Supply|Other","Mt CO2-equiv/yr",0,0,0,0,0,0,0,0,0,0,0,0,0,0,0,0,0,0,0,0
"GCAM 7.1","Reference","Pakistan","Emissions|Kyoto Gases|Energy|Supply|Other","Mt CO2-equiv/yr",0,0,0,0,0,0,0,0,0,0,0,0,0,0,0,0,0,0,0,0
"GCAM 7.1","Reference","World","Emissions|Kyoto Gases|Energy|Supply|Other","Mt CO2-equiv/yr",0,0,0,0,0,0,0,0,0,0,0,0,0,0,0,0,0,0,0,0
"GCAM 7.1","Reference","China","Emissions|Kyoto Gases|Other Capture and Removal","Mt CO2-equiv/yr",0,0,0,0,0,0,0,0,0,0,0,0,0,0,0,0,0,0,0,0
"GCAM 7.1","Reference","Pakistan","Emissions|Kyoto Gases|Other Capture and Removal","Mt CO2-equiv/yr",0,0,0,0,0,0,0,0,0,0,0,0,0,0,0,0,0,0,0,0
"GCAM 7.1","Reference","World","Emissions|Kyoto Gases|Other Capture and Removal","Mt CO2-equiv/yr",0,0,0,0,0,0,0,0,0,0,0,0,0,0,0,0,0,0,0,0
"GCAM 7.1","Reference","China","Emissions|N2O|AFOLU|Land|Other","kt N2O/yr",0,0,0,0,0,0,0,0,0,0,0,0,0,0,0,0,0,0,0,0
"GCAM 7.1","Reference","Pakistan","Emissions|N2O|AFOLU|Land|Other","kt N2O/yr",0,0,0,0,0,0,0,0,0,0,0,0,0,0,0,0,0,0,0,0
"GCAM 7.1","Reference","World","Emissions|N2O|AFOLU|Land|Other","kt N2O/yr",0,0,0,0,0,0,0,0,0,0,0,0,0,0,0,0,0,0,0,0
"GCAM 7.1","Reference","China","Emissions|N2O|Energy|Demand|Other Sector","kt N2O/yr",0,0,0,0,0,0,0,0,0,0,0,0,0,0,0,0,0,0,0,0
"GCAM 7.1","Reference","Pakistan","Emissions|N2O|Energy|Demand|Other Sector","kt N2O/yr",0,0,0,0,0,0,0,0,0,0,0,0,0,0,0,0,0,0,0,0
"GCAM 7.1","Reference","World","Emissions|N2O|Energy|Demand|Other Sector","kt N2O/yr",0,0,0,0,0,0,0,0,0,0,0,0,0,0,0,0,0,0,0,0
"GCAM 7.1","Reference","China","Emissions|N2O|Energy|Supply|Other","kt N2O/yr",0,0,0,0,0,0,0,0,0,0,0,0,0,0,0,0,0,0,0,0
"GCAM 7.1","Reference","Pakistan","Emissions|N2O|Energy|Supply|Other","kt N2O/yr",0,0,0,0,0,0,0,0,0,0,0,0,0,0,0,0,0,0,0,0
"GCAM 7.1","Reference","World","Emissions|N2O|Energy|Supply|Other","kt N2O/yr",0,0,0,0,0,0,0,0,0,0,0,0,0,0,0,0,0,0,0,0
"GCAM 7.1","Reference","China","Emissions|N2O|Industrial Processes|Other Sector","kt N2O/yr",0,0,0,0,0,0,0,0,0,0,0,0,0,0,0,0,0,0,0,0
"GCAM 7.1","Reference","Pakistan","Emissions|N2O|Industrial Processes|Other Sector","kt N2O/yr",0,0,0,0,0,0,0,0,0,0,0,0,0,0,0,0,0,0,0,0
"GCAM 7.1","Reference","World","Emissions|N2O|Industrial Processes|Other Sector","kt N2O/yr",0,0,0,0,0,0,0,0,0,0,0,0,0,0,0,0,0,0,0,0
"GCAM 7.1","Reference","China","Emissions|N2O|Other","kt N2O/yr",0,0,0,0,0,0,0,0,0,0,0,0,0,0,0,0,0,0,0,0
"GCAM 7.1","Reference","Pakistan","Emissions|N2O|Other","kt N2O/yr",0,0,0,0,0,0,0,0,0,0,0,0,0,0,0,0,0,0,0,0
"GCAM 7.1","Reference","World","Emissions|N2O|Other","kt N2O/yr",0,0,0,0,0,0,0,0,0,0,0,0,0,0,0,0,0,0,0,0
"GCAM 7.1","Reference","China","Emissions|N2O|Other Capture and Removal","kt N2O/yr",0,0,0,0,0,0,0,0,0,0,0,0,0,0,0,0,0,0,0,0
"GCAM 7.1","Reference","Pakistan","Emissions|N2O|Other Capture and Removal","kt N2O/yr",0,0,0,0,0,0,0,0,0,0,0,0,0,0,0,0,0,0,0,0
"GCAM 7.1","Reference","World","Emissions|N2O|Other Capture and Removal","kt N2O/yr",0,0,0,0,0,0,0,0,0,0,0,0,0,0,0,0,0,0,0,0
"GCAM 7.1","Reference","China","Emissions|NH3|AFOLU|Land|Other","Mt NH3/yr",0,0,0,0,0,0,0,0,0,0,0,0,0,0,0,0,0,0,0,0
"GCAM 7.1","Reference","Pakistan","Emissions|NH3|AFOLU|Land|Other","Mt NH3/yr",0,0,0,0,0,0,0,0,0,0,0,0,0,0,0,0,0,0,0,0
"GCAM 7.1","Reference","World","Emissions|NH3|AFOLU|Land|Other","Mt NH3/yr",0,0,0,0,0,0,0,0,0,0,0,0,0,0,0,0,0,0,0,0
"GCAM 7.1","Reference","China","Emissions|NH3|Energy|Demand|Other Sector","Mt NH3/yr",0,0,0,0,0,0,0,0,0,0,0,0,0,0,0,0,0,0,0,0
"GCAM 7.1","Reference","Pakistan","Emissions|NH3|Energy|Demand|Other Sector","Mt NH3/yr",0,0,0,0,0,0,0,0,0,0,0,0,0,0,0,0,0,0,0,0
"GCAM 7.1","Reference","World","Emissions|NH3|Energy|Demand|Other Sector","Mt NH3/yr",0,0,0,0,0,0,0,0,0,0,0,0,0,0,0,0,0,0,0,0
"GCAM 7.1","Reference","China","Emissions|NH3|Energy|Supply|Other","Mt NH3/yr",0,0,0,0,0,0,0,0,0,0,0,0,0,0,0,0,0,0,0,0
"GCAM 7.1","Reference","Pakistan","Emissions|NH3|Energy|Supply|Other","Mt NH3/yr",0,0,0,0,0,0,0,0,0,0,0,0,0,0,0,0,0,0,0,0
"GCAM 7.1","Reference","World","Emissions|NH3|Energy|Supply|Other","Mt NH3/yr",0,0,0,0,0,0,0,0,0,0,0,0,0,0,0,0,0,0,0,0
"GCAM 7.1","Reference","China","Emissions|NH3|Industrial Processes|Other Sector","Mt NH3/yr",0,0,0,0,0,0,0,0,0,0,0,0,0,0,0,0,0,0,0,0
"GCAM 7.1","Reference","Pakistan","Emissions|NH3|Industrial Processes|Other Sector","Mt NH3/yr",0,0,0,0,0,0,0,0,0,0,0,0,0,0,0,0,0,0,0,0
"GCAM 7.1","Reference","World","Emissions|NH3|Industrial Processes|Other Sector","Mt NH3/yr",0,0,0,0,0,0,0,0,0,0,0,0,0,0,0,0,0,0,0,0
"GCAM 7.1","Reference","China","Emissions|NH3|Other","Mt NH3/yr",0,0,0,0,0,0,0,0,0,0,0,0,0,0,0,0,0,0,0,0
"GCAM 7.1","Reference","Pakistan","Emissions|NH3|Other","Mt NH3/yr",0,0,0,0,0,0,0,0,0,0,0,0,0,0,0,0,0,0,0,0
"GCAM 7.1","Reference","World","Emissions|NH3|Other","Mt NH3/yr",0,0,0,0,0,0,0,0,0,0,0,0,0,0,0,0,0,0,0,0
"GCAM 7.1","Reference","China","Emissions|NH3|Other Capture and Removal","Mt NH3/yr",0,0,0,0,0,0,0,0,0,0,0,0,0,0,0,0,0,0,0,0
"GCAM 7.1","Reference","Pakistan","Emissions|NH3|Other Capture and Removal","Mt NH3/yr",0,0,0,0,0,0,0,0,0,0,0,0,0,0,0,0,0,0,0,0
"GCAM 7.1","Reference","World","Emissions|NH3|Other Capture and Removal","Mt NH3/yr",0,0,0,0,0,0,0,0,0,0,0,0,0,0,0,0,0,0,0,0
"GCAM 7.1","Reference","China","Emissions|NOx|AFOLU|Land|Other","Mt NO2/yr",0,0,0,0,0,0,0,0,0,0,0,0,0,0,0,0,0,0,0,0
"GCAM 7.1","Reference","Pakistan","Emissions|NOx|AFOLU|Land|Other","Mt NO2/yr",0,0,0,0,0,0,0,0,0,0,0,0,0,0,0,0,0,0,0,0
"GCAM 7.1","Reference","World","Emissions|NOx|AFOLU|Land|Other","Mt NO2/yr",0,0,0,0,0,0,0,0,0,0,0,0,0,0,0,0,0,0,0,0
"GCAM 7.1","Reference","China","Emissions|NOx|Energy|Demand|Other Sector","Mt NO2/yr",0,0,0,0,0,0,0,0,0,0,0,0,0,0,0,0,0,0,0,0
"GCAM 7.1","Reference","Pakistan","Emissions|NOx|Energy|Demand|Other Sector","Mt NO2/yr",0,0,0,0,0,0,0,0,0,0,0,0,0,0,0,0,0,0,0,0
"GCAM 7.1","Reference","World","Emissions|NOx|Energy|Demand|Other Sector","Mt NO2/yr",0,0,0,0,0,0,0,0,0,0,0,0,0,0,0,0,0,0,0,0
"GCAM 7.1","Reference","China","Emissions|NOx|Energy|Supply|Other","Mt NO2/yr",0,0,0,0,0,0,0,0,0,0,0,0,0,0,0,0,0,0,0,0
"GCAM 7.1","Reference","Pakistan","Emissions|NOx|Energy|Supply|Other","Mt NO2/yr",0,0,0,0,0,0,0,0,0,0,0,0,0,0,0,0,0,0,0,0
"GCAM 7.1","Reference","World","Emissions|NOx|Energy|Supply|Other","Mt NO2/yr",0,0,0,0,0,0,0,0,0,0,0,0,0,0,0,0,0,0,0,0
"GCAM 7.1","Reference","China","Emissions|NOx|Industrial Processes|Other Sector","Mt NO2/yr",0,0,0,0,0,0,0,0,0,0,0,0,0,0,0,0,0,0,0,0
"GCAM 7.1","Reference","Pakistan","Emissions|NOx|Industrial Processes|Other Sector","Mt NO2/yr",0,0,0,0,0,0,0,0,0,0,0,0,0,0,0,0,0,0,0,0
"GCAM 7.1","Reference","World","Emissions|NOx|Industrial Processes|Other Sector","Mt NO2/yr",0,0,0,0,0,0,0,0,0,0,0,0,0,0,0,0,0,0,0,0
"GCAM 7.1","Reference","China","Emissions|NOx|Other","Mt NO2/yr",0,0,0,0,0,0,0,0,0,0,0,0,0,0,0,0,0,0,0,0
"GCAM 7.1","Reference","Pakistan","Emissions|NOx|Other","Mt NO2/yr",0,0,0,0,0,0,0,0,0,0,0,0,0,0,0,0,0,0,0,0
"GCAM 7.1","Reference","World","Emissions|NOx|Other","Mt NO2/yr",0,0,0,0,0,0,0,0,0,0,0,0,0,0,0,0,0,0,0,0
"GCAM 7.1","Reference","China","Emissions|NOx|Other Capture and Removal","Mt NO2/yr",0,0,0,0,0,0,0,0,0,0,0,0,0,0,0,0,0,0,0,0
"GCAM 7.1","Reference","Pakistan","Emissions|NOx|Other Capture and Removal","Mt NO2/yr",0,0,0,0,0,0,0,0,0,0,0,0,0,0,0,0,0,0,0,0
"GCAM 7.1","Reference","World","Emissions|NOx|Other Capture and Removal","Mt NO2/yr",0,0,0,0,0,0,0,0,0,0,0,0,0,0,0,0,0,0,0,0
"GCAM 7.1","Reference","China","Emissions|OC|AFOLU|Land|Other","Mt OC/yr",0,0,0,0,0,0,0,0,0,0,0,0,0,0,0,0,0,0,0,0
"GCAM 7.1","Reference","Pakistan","Emissions|OC|AFOLU|Land|Other","Mt OC/yr",0,0,0,0,0,0,0,0,0,0,0,0,0,0,0,0,0,0,0,0
"GCAM 7.1","Reference","World","Emissions|OC|AFOLU|Land|Other","Mt OC/yr",0,0,0,0,0,0,0,0,0,0,0,0,0,0,0,0,0,0,0,0
"GCAM 7.1","Reference","China","Emissions|OC|Energy|Demand|Other Sector","Mt OC/yr",0,0,0,0,0,0,0,0,0,0,0,0,0,0,0,0,0,0,0,0
"GCAM 7.1","Reference","Pakistan","Emissions|OC|Energy|Demand|Other Sector","Mt OC/yr",0,0,0,0,0,0,0,0,0,0,0,0,0,0,0,0,0,0,0,0
"GCAM 7.1","Reference","World","Emissions|OC|Energy|Demand|Other Sector","Mt OC/yr",0,0,0,0,0,0,0,0,0,0,0,0,0,0,0,0,0,0,0,0
"GCAM 7.1","Reference","China","Emissions|OC|Energy|Supply|Other","Mt OC/yr",0,0,0,0,0,0,0,0,0,0,0,0,0,0,0,0,0,0,0,0
"GCAM 7.1","Reference","Pakistan","Emissions|OC|Energy|Supply|Other","Mt OC/yr",0,0,0,0,0,0,0,0,0,0,0,0,0,0,0,0,0,0,0,0
"GCAM 7.1","Reference","World","Emissions|OC|Energy|Supply|Other","Mt OC/yr",0,0,0,0,0,0,0,0,0,0,0,0,0,0,0,0,0,0,0,0
"GCAM 7.1","Reference","China","Emissions|OC|Industrial Processes|Other Sector","Mt OC/yr",0,0,0,0,0,0,0,0,0,0,0,0,0,0,0,0,0,0,0,0
"GCAM 7.1","Reference","Pakistan","Emissions|OC|Industrial Processes|Other Sector","Mt OC/yr",0,0,0,0,0,0,0,0,0,0,0,0,0,0,0,0,0,0,0,0
"GCAM 7.1","Reference","World","Emissions|OC|Industrial Processes|Other Sector","Mt OC/yr",0,0,0,0,0,0,0,0,0,0,0,0,0,0,0,0,0,0,0,0
"GCAM 7.1","Reference","China","Emissions|OC|Other","Mt OC/yr",0,0,0,0,0,0,0,0,0,0,0,0,0,0,0,0,0,0,0,0
"GCAM 7.1","Reference","Pakistan","Emissions|OC|Other","Mt OC/yr",0,0,0,0,0,0,0,0,0,0,0,0,0,0,0,0,0,0,0,0
"GCAM 7.1","Reference","World","Emissions|OC|Other","Mt OC/yr",0,0,0,0,0,0,0,0,0,0,0,0,0,0,0,0,0,0,0,0
"GCAM 7.1","Reference","China","Emissions|OC|Other Capture and Removal","Mt OC/yr",0,0,0,0,0,0,0,0,0,0,0,0,0,0,0,0,0,0,0,0
"GCAM 7.1","Reference","Pakistan","Emissions|OC|Other Capture and Removal","Mt OC/yr",0,0,0,0,0,0,0,0,0,0,0,0,0,0,0,0,0,0,0,0
"GCAM 7.1","Reference","World","Emissions|OC|Other Capture and Removal","Mt OC/yr",0,0,0,0,0,0,0,0,0,0,0,0,0,0,0,0,0,0,0,0
"GCAM 7.1","Reference","China","Emissions|Sulfur|AFOLU|Land|Other","Mt SO2/yr",0,0,0,0,0,0,0,0,0,0,0,0,0,0,0,0,0,0,0,0
"GCAM 7.1","Reference","Pakistan","Emissions|Sulfur|AFOLU|Land|Other","Mt SO2/yr",0,0,0,0,0,0,0,0,0,0,0,0,0,0,0,0,0,0,0,0
"GCAM 7.1","Reference","World","Emissions|Sulfur|AFOLU|Land|Other","Mt SO2/yr",0,0,0,0,0,0,0,0,0,0,0,0,0,0,0,0,0,0,0,0
"GCAM 7.1","Reference","China","Emissions|Sulfur|Energy|Demand|Other Sector","Mt SO2/yr",0,0,0,0,0,0,0,0,0,0,0,0,0,0,0,0,0,0,0,0
"GCAM 7.1","Reference","Pakistan","Emissions|Sulfur|Energy|Demand|Other Sector","Mt SO2/yr",0,0,0,0,0,0,0,0,0,0,0,0,0,0,0,0,0,0,0,0
"GCAM 7.1","Reference","World","Emissions|Sulfur|Energy|Demand|Other Sector","Mt SO2/yr",0,0,0,0,0,0,0,0,0,0,0,0,0,0,0,0,0,0,0,0
"GCAM 7.1","Reference","China","Emissions|Sulfur|Energy|Supply|Other","Mt SO2/yr",0,0,0,0,0,0,0,0,0,0,0,0,0,0,0,0,0,0,0,0
"GCAM 7.1","Reference","Pakistan","Emissions|Sulfur|Energy|Supply|Other","Mt SO2/yr",0,0,0,0,0,0,0,0,0,0,0,0,0,0,0,0,0,0,0,0
"GCAM 7.1","Reference","World","Emissions|Sulfur|Energy|Supply|Other","Mt SO2/yr",0,0,0,0,0,0,0,0,0,0,0,0,0,0,0,0,0,0,0,0
"GCAM 7.1","Reference","China","Emissions|Sulfur|Industrial Processes|Other Sector","Mt SO2/yr",0,0,0,0,0,0,0,0,0,0,0,0,0,0,0,0,0,0,0,0
"GCAM 7.1","Reference","Pakistan","Emissions|Sulfur|Industrial Processes|Other Sector","Mt SO2/yr",0,0,0,0,0,0,0,0,0,0,0,0,0,0,0,0,0,0,0,0
"GCAM 7.1","Reference","World","Emissions|Sulfur|Industrial Processes|Other Sector","Mt SO2/yr",0,0,0,0,0,0,0,0,0,0,0,0,0,0,0,0,0,0,0,0
"GCAM 7.1","Reference","China","Emissions|Sulfur|Other","Mt SO2/yr",0,0,0,0,0,0,0,0,0,0,0,0,0,0,0,0,0,0,0,0
"GCAM 7.1","Reference","Pakistan","Emissions|Sulfur|Other","Mt SO2/yr",0,0,0,0,0,0,0,0,0,0,0,0,0,0,0,0,0,0,0,0
"GCAM 7.1","Reference","World","Emissions|Sulfur|Other","Mt SO2/yr",0,0,0,0,0,0,0,0,0,0,0,0,0,0,0,0,0,0,0,0
"GCAM 7.1","Reference","China","Emissions|Sulfur|Other Capture and Removal","Mt SO2/yr",0,0,0,0,0,0,0,0,0,0,0,0,0,0,0,0,0,0,0,0
"GCAM 7.1","Reference","Pakistan","Emissions|Sulfur|Other Capture and Removal","Mt SO2/yr",0,0,0,0,0,0,0,0,0,0,0,0,0,0,0,0,0,0,0,0
"GCAM 7.1","Reference","World","Emissions|Sulfur|Other Capture and Removal","Mt SO2/yr",0,0,0,0,0,0,0,0,0,0,0,0,0,0,0,0,0,0,0,0
"GCAM 7.1","Reference","China","Emissions|VOC|AFOLU|Land|Other","Mt VOC/yr",0,0,0,0,0,0,0,0,0,0,0,0,0,0,0,0,0,0,0,0
"GCAM 7.1","Reference","Pakistan","Emissions|VOC|AFOLU|Land|Other","Mt VOC/yr",0,0,0,0,0,0,0,0,0,0,0,0,0,0,0,0,0,0,0,0
"GCAM 7.1","Reference","World","Emissions|VOC|AFOLU|Land|Other","Mt VOC/yr",0,0,0,0,0,0,0,0,0,0,0,0,0,0,0,0,0,0,0,0
"GCAM 7.1","Reference","China","Emissions|VOC|Energy|Demand|Other Sector","Mt VOC/yr",0,0,0,0,0,0,0,0,0,0,0,0,0,0,0,0,0,0,0,0
"GCAM 7.1","Reference","Pakistan","Emissions|VOC|Energy|Demand|Other Sector","Mt VOC/yr",0,0,0,0,0,0,0,0,0,0,0,0,0,0,0,0,0,0,0,0
"GCAM 7.1","Reference","World","Emissions|VOC|Energy|Demand|Other Sector","Mt VOC/yr",0,0,0,0,0,0,0,0,0,0,0,0,0,0,0,0,0,0,0,0
"GCAM 7.1","Reference","China","Emissions|VOC|Energy|Supply|Other","Mt VOC/yr",0,0,0,0,0,0,0,0,0,0,0,0,0,0,0,0,0,0,0,0
"GCAM 7.1","Reference","Pakistan","Emissions|VOC|Energy|Supply|Other","Mt VOC/yr",0,0,0,0,0,0,0,0,0,0,0,0,0,0,0,0,0,0,0,0
"GCAM 7.1","Reference","World","Emissions|VOC|Energy|Supply|Other","Mt VOC/yr",0,0,0,0,0,0,0,0,0,0,0,0,0,0,0,0,0,0,0,0
"GCAM 7.1","Reference","China","Emissions|VOC|Industrial Processes|Other Sector","Mt VOC/yr",0,0,0,0,0,0,0,0,0,0,0,0,0,0,0,0,0,0,0,0
"GCAM 7.1","Reference","Pakistan","Emissions|VOC|Industrial Processes|Other Sector","Mt VOC/yr",0,0,0,0,0,0,0,0,0,0,0,0,0,0,0,0,0,0,0,0
"GCAM 7.1","Reference","World","Emissions|VOC|Industrial Processes|Other Sector","Mt VOC/yr",0,0,0,0,0,0,0,0,0,0,0,0,0,0,0,0,0,0,0,0
"GCAM 7.1","Reference","China","Emissions|VOC|Other","Mt VOC/yr",0,0,0,0,0,0,0,0,0,0,0,0,0,0,0,0,0,0,0,0
"GCAM 7.1","Reference","Pakistan","Emissions|VOC|Other","Mt VOC/yr",0,0,0,0,0,0,0,0,0,0,0,0,0,0,0,0,0,0,0,0
"GCAM 7.1","Reference","World","Emissions|VOC|Other","Mt VOC/yr",0,0,0,0,0,0,0,0,0,0,0,0,0,0,0,0,0,0,0,0
"GCAM 7.1","Reference","China","Emissions|VOC|Other Capture and Removal","Mt VOC/yr",0,0,0,0,0,0,0,0,0,0,0,0,0,0,0,0,0,0,0,0
"GCAM 7.1","Reference","Pakistan","Emissions|VOC|Other Capture and Removal","Mt VOC/yr",0,0,0,0,0,0,0,0,0,0,0,0,0,0,0,0,0,0,0,0
"GCAM 7.1","Reference","World","Emissions|VOC|Other Capture and Removal","Mt VOC/yr",0,0,0,0,0,0,0,0,0,0,0,0,0,0,0,0,0,0,0,0
"GCAM 7.1","Reference","China","Final Energy|Agriculture|Other","EJ/yr",0,0,0,0,0,0,0,0,0,0,0,0,0,0,0,0,0,0,0,0
"GCAM 7.1","Reference","Pakistan","Final Energy|Agriculture|Other","EJ/yr",0,0,0,0,0,0,0,0,0,0,0,0,0,0,0,0,0,0,0,0
"GCAM 7.1","Reference","World","Final Energy|Agriculture|Other","EJ/yr",0,0,0,0,0,0,0,0,0,0,0,0,0,0,0,0,0,0,0,0
"GCAM 7.1","Reference","China","Final Energy|Bunkers|Other","EJ/yr",0,0,0,0,0,0,0,0,0,0,0,0,0,0,0,0,0,0,0,0
"GCAM 7.1","Reference","Pakistan","Final Energy|Bunkers|Other","EJ/yr",0,0,0,0,0,0,0,0,0,0,0,0,0,0,0,0,0,0,0,0
"GCAM 7.1","Reference","World","Final Energy|Bunkers|Other","EJ/yr",0,0,0,0,0,0,0,0,0,0,0,0,0,0,0,0,0,0,0,0
"GCAM 7.1","Reference","China","Final Energy|Commercial|Other","EJ/yr",0,0,0,0,0,0,0,0,0,0,0,0,0,0,0,0,0,0,0,0
"GCAM 7.1","Reference","Pakistan","Final Energy|Commercial|Other","EJ/yr",0,0,0,0,0,0,0,0,0,0,0,0,0,0,0,0,0,0,0,0
"GCAM 7.1","Reference","World","Final Energy|Commercial|Other","EJ/yr",0,0,0,0,0,0,0,0,0,0,0,0,0,0,0,0,0,0,0,0
"GCAM 7.1","Reference","China","Final Energy|Industry|Chemicals|Ammonia|Other","EJ/yr",0,0,0,0,0,0,0,0,0,0,0,0,0,0,0,0,0,0,0,0
"GCAM 7.1","Reference","Pakistan","Final Energy|Industry|Chemicals|Ammonia|Other","EJ/yr",0,0,0,0,0,0,0,0,0,0,0,0,0,0,0,0,0,0,0,0
"GCAM 7.1","Reference","World","Final Energy|Industry|Chemicals|Ammonia|Other","EJ/yr",0,0,0,0,0,0,0,0,0,0,0,0,0,0,0,0,0,0,0,0
"GCAM 7.1","Reference","China","Final Energy|Industry|Chemicals|Other","EJ/yr",0,0,0,0,0,0,0,0,0,0,0,0,0,0,0,0,0,0,0,0
"GCAM 7.1","Reference","Pakistan","Final Energy|Industry|Chemicals|Other","EJ/yr",0,0,0,0,0,0,0,0,0,0,0,0,0,0,0,0,0,0,0,0
"GCAM 7.1","Reference","World","Final Energy|Industry|Chemicals|Other","EJ/yr",0,0,0,0,0,0,0,0,0,0,0,0,0,0,0,0,0,0,0,0
"GCAM 7.1","Reference","China","Final Energy|Industry|Chemicals|Other Sector|Electricity","EJ/yr",0,0,0,0,0,0,0,0,0,0,0,0,0,0,0,0,0,0,0,0
"GCAM 7.1","Reference","Pakistan","Final Energy|Industry|Chemicals|Other Sector|Electricity","EJ/yr",0,0,0,0,0,0,0,0,0,0,0,0,0,0,0,0,0,0,0,0
"GCAM 7.1","Reference","World","Final Energy|Industry|Chemicals|Other Sector|Electricity","EJ/yr",0,0,0,0,0,0,0,0,0,0,0,0,0,0,0,0,0,0,0,0
"GCAM 7.1","Reference","China","Final Energy|Industry|Chemicals|Other Sector|Heat","EJ/yr",0,0,0,0,0,0,0,0,0,0,0,0,0,0,0,0,0,0,0,0
"GCAM 7.1","Reference","Pakistan","Final Energy|Industry|Chemicals|Other Sector|Heat","EJ/yr",0,0,0,0,0,0,0,0,0,0,0,0,0,0,0,0,0,0,0,0
"GCAM 7.1","Reference","World","Final Energy|Industry|Chemicals|Other Sector|Heat","EJ/yr",0,0,0,0,0,0,0,0,0,0,0,0,0,0,0,0,0,0,0,0
"GCAM 7.1","Reference","China","Final Energy|Industry|Chemicals|Other Sector|Other","EJ/yr",0,0,0,0,0,0,0,0,0,0,0,0,0,0,0,0,0,0,0,0
"GCAM 7.1","Reference","Pakistan","Final Energy|Industry|Chemicals|Other Sector|Other","EJ/yr",0,0,0,0,0,0,0,0,0,0,0,0,0,0,0,0,0,0,0,0
"GCAM 7.1","Reference","World","Final Energy|Industry|Chemicals|Other Sector|Other","EJ/yr",0,0,0,0,0,0,0,0,0,0,0,0,0,0,0,0,0,0,0,0
"GCAM 7.1","Reference","China","Final Energy|Industry|Chemicals|Other Sector|Solids","EJ/yr",0,0,0,0,0,0,0,0,0,0,0,0,0,0,0,0,0,0,0,0
"GCAM 7.1","Reference","Pakistan","Final Energy|Industry|Chemicals|Other Sector|Solids","EJ/yr",0,0,0,0,0,0,0,0,0,0,0,0,0,0,0,0,0,0,0,0
"GCAM 7.1","Reference","World","Final Energy|Industry|Chemicals|Other Sector|Solids","EJ/yr",0,0,0,0,0,0,0,0,0,0,0,0,0,0,0,0,0,0,0,0
"GCAM 7.1","Reference","China","Final Energy|Industry|Chemicals|Other Sector|Solids|Biomass","EJ/yr",0,0,0,0,0,0,0,0,0,0,0,0,0,0,0,0,0,0,0,0
"GCAM 7.1","Reference","Pakistan","Final Energy|Industry|Chemicals|Other Sector|Solids|Biomass","EJ/yr",0,0,0,0,0,0,0,0,0,0,0,0,0,0,0,0,0,0,0,0
"GCAM 7.1","Reference","World","Final Energy|Industry|Chemicals|Other Sector|Solids|Biomass","EJ/yr",0,0,0,0,0,0,0,0,0,0,0,0,0,0,0,0,0,0,0,0
"GCAM 7.1","Reference","China","Final Energy|Industry|Chemicals|Other Sector|Solids|Coal","EJ/yr",0,0,0,0,0,0,0,0,0,0,0,0,0,0,0,0,0,0,0,0
"GCAM 7.1","Reference","Pakistan","Final Energy|Industry|Chemicals|Other Sector|Solids|Coal","EJ/yr",0,0,0,0,0,0,0,0,0,0,0,0,0,0,0,0,0,0,0,0
"GCAM 7.1","Reference","World","Final Energy|Industry|Chemicals|Other Sector|Solids|Coal","EJ/yr",0,0,0,0,0,0,0,0,0,0,0,0,0,0,0,0,0,0,0,0
"GCAM 7.1","Reference","China","Final Energy|Industry|Iron and Steel|Other","EJ/yr",0,0,0,0,0,0,0,0,0,0,0,0,0,0,0,0,0,0,0,0
"GCAM 7.1","Reference","Pakistan","Final Energy|Industry|Iron and Steel|Other","EJ/yr",0,0,0,0,0,0,0,0,0,0,0,0,0,0,0,0,0,0,0,0
"GCAM 7.1","Reference","World","Final Energy|Industry|Iron and Steel|Other","EJ/yr",0,0,0,0,0,0,0,0,0,0,0,0,0,0,0,0,0,0,0,0
"GCAM 7.1","Reference","China","Final Energy|Industry|Non-Ferrous Metals|Other","EJ/yr",0,0,0,0,0,0,0,0,0,0,0,0,0,0,0,0,0,0,0,0
"GCAM 7.1","Reference","Pakistan","Final Energy|Industry|Non-Ferrous Metals|Other","EJ/yr",0,0,0,0,0,0,0,0,0,0,0,0,0,0,0,0,0,0,0,0
"GCAM 7.1","Reference","World","Final Energy|Industry|Non-Ferrous Metals|Other","EJ/yr",0,0,0,0,0,0,0,0,0,0,0,0,0,0,0,0,0,0,0,0
"GCAM 7.1","Reference","China","Final Energy|Industry|Other Sector|Heat","EJ/yr",0,0,0,0,0,0,0,0,0,0,0,0,0,0,0,0,0,0,0,0
"GCAM 7.1","Reference","Pakistan","Final Energy|Industry|Other Sector|Heat","EJ/yr",0,0,0,0,0,0,0,0,0,0,0,0,0,0,0,0,0,0,0,0
"GCAM 7.1","Reference","World","Final Energy|Industry|Other Sector|Heat","EJ/yr",0,0,0,0,0,0,0,0,0,0,0,0,0,0,0,0,0,0,0,0
"GCAM 7.1","Reference","China","Final Energy|Industry|Other Sector|Other","EJ/yr",0,0,0,0,0,0,0,0,0,0,0,0,0,0,0,0,0,0,0,0
"GCAM 7.1","Reference","Pakistan","Final Energy|Industry|Other Sector|Other","EJ/yr",0,0,0,0,0,0,0,0,0,0,0,0,0,0,0,0,0,0,0,0
"GCAM 7.1","Reference","World","Final Energy|Industry|Other Sector|Other","EJ/yr",0,0,0,0,0,0,0,0,0,0,0,0,0,0,0,0,0,0,0,0
"GCAM 7.1","Reference","China","Final Energy|Industry|Pulp and Paper|Other","EJ/yr",0,0,0,0,0,0,0,0,0,0,0,0,0,0,0,0,0,0,0,0
"GCAM 7.1","Reference","Pakistan","Final Energy|Industry|Pulp and Paper|Other","EJ/yr",0,0,0,0,0,0,0,0,0,0,0,0,0,0,0,0,0,0,0,0
"GCAM 7.1","Reference","World","Final Energy|Industry|Pulp and Paper|Other","EJ/yr",0,0,0,0,0,0,0,0,0,0,0,0,0,0,0,0,0,0,0,0
"GCAM 7.1","Reference","China","Final Energy|Non-Energy Use|Other","EJ/yr",0,0,0,0,0,0,0,0,0,0,0,0,0,0,0,0,0,0,0,0
"GCAM 7.1","Reference","Pakistan","Final Energy|Non-Energy Use|Other","EJ/yr",0,0,0,0,0,0,0,0,0,0,0,0,0,0,0,0,0,0,0,0
"GCAM 7.1","Reference","World","Final Energy|Non-Energy Use|Other","EJ/yr",0,0,0,0,0,0,0,0,0,0,0,0,0,0,0,0,0,0,0,0
"GCAM 7.1","Reference","China","Final Energy|Non-Energy Use|Other Sector|Gases","EJ/yr",0,0,0,0,0,0,0,0,0,0,0,0,0,0,0,0,0,0,0,0
"GCAM 7.1","Reference","Pakistan","Final Energy|Non-Energy Use|Other Sector|Gases","EJ/yr",0,0,0,0,0,0,0,0,0,0,0,0,0,0,0,0,0,0,0,0
"GCAM 7.1","Reference","World","Final Energy|Non-Energy Use|Other Sector|Gases","EJ/yr",0,0,0,0,0,0,0,0,0,0,0,0,0,0,0,0,0,0,0,0
"GCAM 7.1","Reference","China","Final Energy|Non-Energy Use|Other Sector|Heat","EJ/yr",0,0,0,0,0,0,0,0,0,0,0,0,0,0,0,0,0,0,0,0
"GCAM 7.1","Reference","Pakistan","Final Energy|Non-Energy Use|Other Sector|Heat","EJ/yr",0,0,0,0,0,0,0,0,0,0,0,0,0,0,0,0,0,0,0,0
"GCAM 7.1","Reference","World","Final Energy|Non-Energy Use|Other Sector|Heat","EJ/yr",0,0,0,0,0,0,0,0,0,0,0,0,0,0,0,0,0,0,0,0
"GCAM 7.1","Reference","China","Final Energy|Non-Energy Use|Other Sector|Hydrogen","EJ/yr",0,0,0,0,0,0,0,0,0,0,0,0,0,0,0,0,0,0,0,0
"GCAM 7.1","Reference","Pakistan","Final Energy|Non-Energy Use|Other Sector|Hydrogen","EJ/yr",0,0,0,0,0,0,0,0,0,0,0,0,0,0,0,0,0,0,0,0
"GCAM 7.1","Reference","World","Final Energy|Non-Energy Use|Other Sector|Hydrogen","EJ/yr",0,0,0,0,0,0,0,0,0,0,0,0,0,0,0,0,0,0,0,0
"GCAM 7.1","Reference","China","Final Energy|Non-Energy Use|Other Sector|Solids","EJ/yr",0,0,0,0,0,0,0,0,0,0,0,0,0,0,0,0,0,0,0,0
"GCAM 7.1","Reference","Pakistan","Final Energy|Non-Energy Use|Other Sector|Solids","EJ/yr",0,0,0,0,0,0,0,0,0,0,0,0,0,0,0,0,0,0,0,0
"GCAM 7.1","Reference","World","Final Energy|Non-Energy Use|Other Sector|Solids","EJ/yr",0,0,0,0,0,0,0,0,0,0,0,0,0,0,0,0,0,0,0,0
"GCAM 7.1","Reference","China","Final Energy|Non-Energy Use|Other Sector|Solids|Biomass","EJ/yr",0,0,0,0,0,0,0,0,0,0,0,0,0,0,0,0,0,0,0,0
"GCAM 7.1","Reference","Pakistan","Final Energy|Non-Energy Use|Other Sector|Solids|Biomass","EJ/yr",0,0,0,0,0,0,0,0,0,0,0,0,0,0,0,0,0,0,0,0
"GCAM 7.1","Reference","World","Final Energy|Non-Energy Use|Other Sector|Solids|Biomass","EJ/yr",0,0,0,0,0,0,0,0,0,0,0,0,0,0,0,0,0,0,0,0
"GCAM 7.1","Reference","China","Final Energy|Non-Energy Use|Other Sector|Solids|Coal","EJ/yr",0,0,0,0,0,0,0,0,0,0,0,0,0,0,0,0,0,0,0,0
"GCAM 7.1","Reference","Pakistan","Final Energy|Non-Energy Use|Other Sector|Solids|Coal","EJ/yr",0,0,0,0,0,0,0,0,0,0,0,0,0,0,0,0,0,0,0,0
"GCAM 7.1","Reference","World","Final Energy|Non-Energy Use|Other Sector|Solids|Coal","EJ/yr",0,0,0,0,0,0,0,0,0,0,0,0,0,0,0,0,0,0,0,0
"GCAM 7.1","Reference","China","Final Energy|Residential and Commercial|Other","EJ/yr",0,0,0,0,0,0,0,0,0,0,0,0,0,0,0,0,0,0,0,0
"GCAM 7.1","Reference","Pakistan","Final Energy|Residential and Commercial|Other","EJ/yr",0,0,0,0,0,0,0,0,0,0,0,0,0,0,0,0,0,0,0,0
"GCAM 7.1","Reference","World","Final Energy|Residential and Commercial|Other","EJ/yr",0,0,0,0,0,0,0,0,0,0,0,0,0,0,0,0,0,0,0,0
"GCAM 7.1","Reference","China","Final Energy|Residential|Other","EJ/yr",0,0,0,0,0,0,0,0,0,0,0,0,0,0,0,0,0,0,0,0
"GCAM 7.1","Reference","Pakistan","Final Energy|Residential|Other","EJ/yr",0,0,0,0,0,0,0,0,0,0,0,0,0,0,0,0,0,0,0,0
"GCAM 7.1","Reference","World","Final Energy|Residential|Other","EJ/yr",0,0,0,0,0,0,0,0,0,0,0,0,0,0,0,0,0,0,0,0
"GCAM 7.1","Reference","China","Final Energy|Transportation (w/ bunkers)|Other","EJ/yr",0,0,0,0,0,0,0,0,0,0,0,0,0,0,0,0,0,0,0,0
"GCAM 7.1","Reference","Pakistan","Final Energy|Transportation (w/ bunkers)|Other","EJ/yr",0,0,0,0,0,0,0,0,0,0,0,0,0,0,0,0,0,0,0,0
"GCAM 7.1","Reference","World","Final Energy|Transportation (w/ bunkers)|Other","EJ/yr",0,0,0,0,0,0,0,0,0,0,0,0,0,0,0,0,0,0,0,0
"GCAM 7.1","Reference","China","Final Energy|Transportation|Bus|Other","EJ/yr",0,0,0,0,0,0,0,0,0,0,0,0,0,0,0,0,0,0,0,0
"GCAM 7.1","Reference","Pakistan","Final Energy|Transportation|Bus|Other","EJ/yr",0,0,0,0,0,0,0,0,0,0,0,0,0,0,0,0,0,0,0,0
"GCAM 7.1","Reference","World","Final Energy|Transportation|Bus|Other","EJ/yr",0,0,0,0,0,0,0,0,0,0,0,0,0,0,0,0,0,0,0,0
"GCAM 7.1","Reference","China","Final Energy|Transportation|Domestic Aviation|Other","EJ/yr",0,0,0,0,0,0,0,0,0,0,0,0,0,0,0,0,0,0,0,0
"GCAM 7.1","Reference","Pakistan","Final Energy|Transportation|Domestic Aviation|Other","EJ/yr",0,0,0,0,0,0,0,0,0,0,0,0,0,0,0,0,0,0,0,0
"GCAM 7.1","Reference","World","Final Energy|Transportation|Domestic Aviation|Other","EJ/yr",0,0,0,0,0,0,0,0,0,0,0,0,0,0,0,0,0,0,0,0
"GCAM 7.1","Reference","China","Final Energy|Transportation|Domestic Shipping|Other","EJ/yr",0,0,0,0,0,0,0,0,0,0,0,0,0,0,0,0,0,0,0,0
"GCAM 7.1","Reference","Pakistan","Final Energy|Transportation|Domestic Shipping|Other","EJ/yr",0,0,0,0,0,0,0,0,0,0,0,0,0,0,0,0,0,0,0,0
"GCAM 7.1","Reference","World","Final Energy|Transportation|Domestic Shipping|Other","EJ/yr",0,0,0,0,0,0,0,0,0,0,0,0,0,0,0,0,0,0,0,0
"GCAM 7.1","Reference","China","Final Energy|Transportation|Freight|Other","EJ/yr",0,0,0,0,0,0,0,0,0,0,0,0,0,0,0,0,0,0,0,0
"GCAM 7.1","Reference","Pakistan","Final Energy|Transportation|Freight|Other","EJ/yr",0,0,0,0,0,0,0,0,0,0,0,0,0,0,0,0,0,0,0,0
"GCAM 7.1","Reference","World","Final Energy|Transportation|Freight|Other","EJ/yr",0,0,0,0,0,0,0,0,0,0,0,0,0,0,0,0,0,0,0,0
"GCAM 7.1","Reference","China","Final Energy|Transportation|Other","EJ/yr",0,0,0,0,0,0,0,0,0,0,0,0,0,0,0,0,0,0,0,0
"GCAM 7.1","Reference","Pakistan","Final Energy|Transportation|Other","EJ/yr",0,0,0,0,0,0,0,0,0,0,0,0,0,0,0,0,0,0,0,0
"GCAM 7.1","Reference","World","Final Energy|Transportation|Other","EJ/yr",0,0,0,0,0,0,0,0,0,0,0,0,0,0,0,0,0,0,0,0
"GCAM 7.1","Reference","China","Final Energy|Transportation|Passenger|Other","EJ/yr",0,0,0,0,0,0,0,0,0,0,0,0,0,0,0,0,0,0,0,0
"GCAM 7.1","Reference","Pakistan","Final Energy|Transportation|Passenger|Other","EJ/yr",0,0,0,0,0,0,0,0,0,0,0,0,0,0,0,0,0,0,0,0
"GCAM 7.1","Reference","World","Final Energy|Transportation|Passenger|Other","EJ/yr",0,0,0,0,0,0,0,0,0,0,0,0,0,0,0,0,0,0,0,0
"GCAM 7.1","Reference","China","Final Energy|Transportation|Rail|Other","EJ/yr",0,0,0,0,0,0,0,0,0,0,0,0,0,0,0,0,0,0,0,0
"GCAM 7.1","Reference","Pakistan","Final Energy|Transportation|Rail|Other","EJ/yr",0,0,0,0,0,0,0,0,0,0,0,0,0,0,0,0,0,0,0,0
"GCAM 7.1","Reference","World","Final Energy|Transportation|Rail|Other","EJ/yr",0,0,0,0,0,0,0,0,0,0,0,0,0,0,0,0,0,0,0,0
"GCAM 7.1","Reference","China","Final Energy|Transportation|Truck|Other","EJ/yr",0,0,0,0,0,0,0,0,0,0,0,0,0,0,0,0,0,0,0,0
"GCAM 7.1","Reference","Pakistan","Final Energy|Transportation|Truck|Other","EJ/yr",0,0,0,0,0,0,0,0,0,0,0,0,0,0,0,0,0,0,0,0
"GCAM 7.1","Reference","World","Final Energy|Transportation|Truck|Other","EJ/yr",0,0,0,0,0,0,0,0,0,0,0,0,0,0,0,0,0,0,0,0
"GCAM 7.1","Reference","China","Secondary Energy|Electricity|Other","EJ/yr",0,0,0,0,0,0,0,0,0,0,0,0,0,0,0,0,0,0,0,0
"GCAM 7.1","Reference","Pakistan","Secondary Energy|Electricity|Other","EJ/yr",0,0,0,0,0,0,0,0,0,0,0,0,0,0,0,0,0,0,0,0
"GCAM 7.1","Reference","World","Secondary Energy|Electricity|Other","EJ/yr",0,0,0,0,0,0,0,0,0,0,0,0,0,0,0,0,0,0,0,0
"GCAM 7.1","Reference","China","Water Consumption|Electricity|Other","km3/yr",0,0,0,0,0,0,0,0,0,0,0,0,0,0,0,0,0,0,0,0
"GCAM 7.1","Reference","Pakistan","Water Consumption|Electricity|Other","km3/yr",0,0,0,0,0,0,0,0,0,0,0,0,0,0,0,0,0,0,0,0
"GCAM 7.1","Reference","World","Water Consumption|Electricity|Other","km3/yr",0,0,0,0,0,0,0,0,0,0,0,0,0,0,0,0,0,0,0,0
"GCAM 7.1","Reference","China","Water Withdrawal|Electricity|Other","km3/yr",0,0,0,0,0,0,0,0,0,0,0,0,0,0,0,0,0,0,0,0
"GCAM 7.1","Reference","Pakistan","Water Withdrawal|Electricity|Other","km3/yr",0,0,0,0,0,0,0,0,0,0,0,0,0,0,0,0,0,0,0,0
"GCAM 7.1","Reference","World","Water Withdrawal|Electricity|Other","km3/yr",0,0,0,0,0,0,0,0,0,0,0,0,0,0,0,0,0,0,0,0
