"Model","Scenario","Region","Variable","Unit","2005","2010","2015","2021","2025","2030","2035","2040","2045","2050","2055","2060","2065","2070","2075","2080","2085","2090","2095","2100"
"GCAM 7.1","CurrentMeasures","Pakistan","Capacity Additions|Electricity","GW/yr",0,0,0,122.987352698865,11.2686561102647,18.507349286198,20.3144088944757,27.0164337299111,31.3716653489004,31.5996288166248,30.0363162385473,42.9985789770598,52.1052622629804,60.9829245693167,68.950201727754,72.2297270069648,73.0252142534177,81.0086668851297,85.8013338337614,92.5801290823646
"GCAM 7.1","Reference","Pakistan","Capacity Additions|Electricity","GW/yr",0,0,0,122.987352698865,10.2479154290915,17.2080369233883,20.1586572908834,26.9608724728602,32.6059877217907,33.8762204001876,32.4421795882652,46.348124568984,55.6199923029163,64.6849479334808,74.1542849334065,78.5452833096392,80.2797117754621,87.9215325801651,92.0576527903438,96.5849765657862
"GCAM 7.1","CurrentMeasures","Pakistan","Capacity Additions|Electricity|Biomass","GW/yr",0,0,0,0.145383152940468,0.0107208397891723,0.0317526671550905,0.0467952504357455,0.0946147281751568,0.138272874380108,0.148775874261419,0.12335275292818,0.228919039352179,0.306471303536642,0.385410274717588,0.464945810893585,0.498433614920066,0.513466904168978,0.638872803203238,0.699192175674069,0.811167465478213
"GCAM 7.1","Reference","Pakistan","Capacity Additions|Electricity|Biomass","GW/yr",0,0,0,0.145383152940468,0.0163061150051612,0.0357798353170743,0.0466389963337609,0.0820953806297661,0.114776352288008,0.117092131919519,0.089508836913373,0.174295248644488,0.223065811515193,0.273579517209706,0.334688730600223,0.355182261039218,0.363553911657006,0.439488511289792,0.467010316936,0.487533451376735
"GCAM 7.1","CurrentMeasures","Pakistan","Capacity Additions|Electricity|Biomass|w/o CCS","GW/yr",0,0,0,0.145383152940468,0.0107208397891723,0.0317526671550905,0.0467952504357455,0.0946147281751568,0.138272874380108,0.148775874261419,0.12335275292818,0.228919039352179,0.306471303536642,0.385410274717588,0.464945810893585,0.498433614920066,0.513466904168978,0.638872803203238,0.699192175674069,0.811167465478213
"GCAM 7.1","Reference","Pakistan","Capacity Additions|Electricity|Biomass|w/o CCS","GW/yr",0,0,0,0.145383152940468,0.0163061150051612,0.0357798353170743,0.0466389963337609,0.0820953806297661,0.114776352288008,0.117092131919519,0.089508836913373,0.174295248644488,0.223065811515193,0.273579517209706,0.334688730600223,0.355182261039218,0.363553911657006,0.439488511289792,0.467010316936,0.487533451376735
"GCAM 7.1","CurrentMeasures","Pakistan","Capacity Additions|Electricity|Coal","GW/yr",0,0,0,2.25072990569359,0.153368495868514,0.381997851908308,0.471015071403611,0.82207078162954,1.05217506052799,1.01265452739029,0.789629703700082,1.36287479380829,1.70356811898106,2.00417305806741,2.26352058268486,2.28679036111065,2.22514769461802,2.62086729520073,2.70969507593045,2.99181012119248
"GCAM 7.1","Reference","Pakistan","Capacity Additions|Electricity|Coal","GW/yr",0,0,0,2.25072990569359,0.27921277314056,0.601505680044247,0.733823511024448,1.21382030835855,1.58883124248198,1.53226017565658,1.15420080593766,2.17104723353357,2.68001161359655,3.16005557915127,3.70604667178261,3.78438915672132,3.72692430169265,4.33467616470737,4.4151829364174,4.44495036426826
"GCAM 7.1","CurrentMeasures","Pakistan","Capacity Additions|Electricity|Coal|w/o CCS","GW/yr",0,0,0,2.25072990569359,0.153368495868514,0.381997851908308,0.471015071403611,0.82207078162954,1.05217506052799,1.01265452739029,0.789629703700082,1.36287479380829,1.70356811898106,2.00417305806741,2.26352058268486,2.28679036111065,2.22514769461802,2.62086729520073,2.70969507593045,2.99181012119248
"GCAM 7.1","Reference","Pakistan","Capacity Additions|Electricity|Coal|w/o CCS","GW/yr",0,0,0,2.25072990569359,0.27921277314056,0.601505680044247,0.733823511024448,1.21382030835855,1.58883124248198,1.53226017565658,1.15420080593766,2.17104723353357,2.68001161359655,3.16005557915127,3.70604667178261,3.78438915672132,3.72692430169265,4.33467616470737,4.4151829364174,4.44495036426826
"GCAM 7.1","CurrentMeasures","Pakistan","Capacity Additions|Electricity|Fossil","GW/yr",0,0,0,111.84040025206,0.604357763039036,1.51894273000846,1.7711398477753,2.90682438832262,3.60407175846848,3.27924906076585,2.42097819767818,4.07323051055588,4.87977966147099,5.42139071604826,5.86040196561589,5.60269060430169,5.18383685683126,5.87484803424383,5.89101614080071,6.0609089890527
"GCAM 7.1","Reference","Pakistan","Capacity Additions|Electricity|Fossil","GW/yr",0,0,0,111.84040025206,1.09809486706994,2.37052146039625,2.73531278027252,4.26095143338226,5.39992537125365,4.95622567550438,3.53086018071065,6.4624716562953,7.58271085178757,8.45675651527897,9.49397361318309,9.18471076482348,8.61462358376159,9.64899608677634,9.52493402714477,9.45463137246928
"GCAM 7.1","CurrentMeasures","Pakistan","Capacity Additions|Electricity|Fossil|w/o CCS","GW/yr",0,0,0,111.84040025206,0.604357763039036,1.51894273000846,1.7711398477753,2.90682438832262,3.60407175846848,3.27924906076585,2.42097819767818,4.07323051055588,4.87977966147099,5.42139071604826,5.86040196561589,5.60269060430169,5.18383685683126,5.87484803424383,5.89101614080071,6.0609089890527
"GCAM 7.1","Reference","Pakistan","Capacity Additions|Electricity|Fossil|w/o CCS","GW/yr",0,0,0,111.84040025206,1.09809486706994,2.37052146039625,2.73531278027252,4.26095143338226,5.39992537125365,4.95622567550438,3.53086018071065,6.4624716562953,7.58271085178757,8.45675651527897,9.49397361318309,9.18471076482348,8.61462358376159,9.64899608677634,9.52493402714477,9.45463137246928
"GCAM 7.1","CurrentMeasures","Pakistan","Capacity Additions|Electricity|Gas","GW/yr",0,0,0,60.1071383774608,0.328828775666969,0.805431481183162,0.868202966436704,1.31474990360632,1.57925437125155,1.39699326814073,1.05427516102896,1.81602345674753,2.20575818586208,2.44330263250738,2.67417562831121,2.56889728116975,2.39974656178039,2.77190179619165,2.85003183521238,3.05980426876094
"GCAM 7.1","Reference","Pakistan","Capacity Additions|Electricity|Gas","GW/yr",0,0,0,60.1071383774608,0.59596410631759,1.2449165829438,1.32548019219772,1.90486811399647,2.33919170832282,2.10372568161174,1.53054695727178,2.86319205118208,3.37316105338053,3.7575907822252,4.27323998044044,4.1614088272708,3.94991311110561,4.51552174173251,4.56875859849139,4.48303906298671
"GCAM 7.1","CurrentMeasures","Pakistan","Capacity Additions|Electricity|Gas|w/o CCS","GW/yr",0,0,0,60.1071383774608,0.328828775666969,0.805431481183162,0.868202966436704,1.31474990360632,1.57925437125155,1.39699326814073,1.05427516102896,1.81602345674753,2.20575818586208,2.44330263250738,2.67417562831121,2.56889728116975,2.39974656178039,2.77190179619165,2.85003183521238,3.05980426876094
"GCAM 7.1","Reference","Pakistan","Capacity Additions|Electricity|Gas|w/o CCS","GW/yr",0,0,0,60.1071383774608,0.59596410631759,1.2449165829438,1.32548019219772,1.90486811399647,2.33919170832282,2.10372568161174,1.53054695727178,2.86319205118208,3.37316105338053,3.7575907822252,4.27323998044044,4.1614088272708,3.94991311110561,4.51552174173251,4.56875859849139,4.48303906298671
"GCAM 7.1","CurrentMeasures","Pakistan","Capacity Additions|Electricity|Geothermal","GW/yr",0,0,0,0,0.00911233251970818,0.0480458676571176,0.0781401795865148,0.137655174168232,0.160366087991384,0.142092302977304,0.107435760463293,0.173718583712387,0.206179157854919,0.239463748081453,0.267522671298591,0.266098910038123,0.253027703251998,0.28695511894232,0.29757159406252,0.327663033972762
"GCAM 7.1","Reference","Pakistan","Capacity Additions|Electricity|Geothermal","GW/yr",0,0,0,0,0.0163578103531537,0.0710983828174005,0.107860509570663,0.170835583307774,0.195879027197517,0.172793061461194,0.129271553155716,0.232283700194196,0.278670892318205,0.327026966201103,0.377151021287298,0.372536080704077,0.358275942458973,0.410104625384755,0.425384048859344,0.4342746375668
"GCAM 7.1","CurrentMeasures","Pakistan","Capacity Additions|Electricity|Hydro","GW/yr",0,0,0,6.81857692957334,8.1117991162277,8.46691862875961,8.82203814129152,9.17715765382343,9.53227716635534,9.88739667888725,10.2425161914192,10.5976357039511,10.952755216483,11.3078747290149,11.6629942415468,12.0181137540787,12.3732332666106,12.7283527791425,13.0834722916744,13.4385918042063
"GCAM 7.1","Reference","Pakistan","Capacity Additions|Electricity|Hydro","GW/yr",0,0,0,6.81857692957334,7.06603143250297,7.37536367561304,7.6846959187231,7.99402816183317,8.30336040494324,8.61269264805331,8.92202489116338,9.23141359206558,9.54074583517565,9.85007807828572,10.1594103213958,10.4687425645059,10.7780748076159,11.087407050726,11.3967392938361,11.7060715369461
"GCAM 7.1","CurrentMeasures","Pakistan","Capacity Additions|Electricity|Non-Biomass Renewables","GW/yr",0,0,0,7.97053285767177,10.5173972076899,16.6186273134728,18.0887966211499,23.3146211050872,26.7414418397046,27.3205201425572,26.8348053045111,37.567614382618,45.5175030680779,53.5377059298324,60.7956782622016,64.3090881998637,65.5895261243332,72.4843413331766,77.1654273111555,83.5009376236962
"GCAM 7.1","Reference","Pakistan","Capacity Additions|Electricity|Non-Biomass Renewables","GW/yr",0,0,0,7.97053285767177,9.13351444701639,14.7937240137867,17.3575758832889,22.5832129342703,27.0418992324199,28.7511788835461,28.7802187408182,39.6322683699793,47.7153938623972,55.8360814574195,64.1843312831081,68.8585823855865,71.1539817916597,77.6571064111411,81.8799849666651,86.4489401333828
"GCAM 7.1","CurrentMeasures","Pakistan","Capacity Additions|Electricity|Nuclear","GW/yr",0,0,0,3.03103643619275,0.13618029974666,0.338026575561641,0.407677175114806,0.70037350832616,0.887878876347173,0.85108373904031,0.657179983429815,1.12881504453365,1.40150822989489,1.63841764871847,1.82917568904291,1.81951458787933,1.73838436808427,2.01060471450599,2.04569820613115,2.20711500413743
"GCAM 7.1","Reference","Pakistan","Capacity Additions|Electricity|Nuclear","GW/yr",0,0,0,3.03103643619275,0,0.00801161388819097,0.0191296309882138,0.0346127245779098,0.049386765829183,0.0517237092175773,0.0415918298230145,0.0790892940650006,0.0988217772162994,0.118530443572626,0.141291306515079,0.146807898190017,0.147552488383759,0.17594157095787,0.185723479597991,0.193871608557397
"GCAM 7.1","CurrentMeasures","Pakistan","Capacity Additions|Electricity|Oil","GW/yr",0,0,0,49.4825319689059,0.122160491503553,0.331513396916995,0.431921809934989,0.770003703086763,0.972642326688942,0.869601265234837,0.577073332949135,0.894332260000067,0.97045335662785,0.973915025473471,0.922705754619815,0.74700296202129,0.558942600432854,0.482078942851445,0.331289229657884,0.00929459909927708
"GCAM 7.1","Reference","Pakistan","Capacity Additions|Electricity|Oil","GW/yr",0,0,0,49.4825319689059,0.22291798761179,0.524099197408203,0.676009077050358,1.14226301102724,1.47190242044886,1.32023981823607,0.846112417501206,1.42823237157965,1.52953818481049,1.53911015390249,1.51468696096005,1.23891278083136,0.937786170963326,0.798798180336468,0.540992492235973,0.526641945214299
"GCAM 7.1","CurrentMeasures","Pakistan","Capacity Additions|Electricity|Oil|w/o CCS","GW/yr",0,0,0,49.4825319689059,0.122160491503553,0.331513396916995,0.431921809934989,0.770003703086763,0.972642326688942,0.869601265234837,0.577073332949135,0.894332260000067,0.97045335662785,0.973915025473471,0.922705754619815,0.74700296202129,0.558942600432854,0.482078942851445,0.331289229657884,0.00929459909927708
"GCAM 7.1","Reference","Pakistan","Capacity Additions|Electricity|Oil|w/o CCS","GW/yr",0,0,0,49.4825319689059,0.22291798761179,0.524099197408203,0.676009077050358,1.14226301102724,1.47190242044886,1.32023981823607,0.846112417501206,1.42823237157965,1.52953818481049,1.53911015390249,1.51468696096005,1.23891278083136,0.937786170963326,0.798798180336468,0.540992492235973,0.526641945214299
"GCAM 7.1","CurrentMeasures","Pakistan","Capacity Additions|Electricity|Solar","GW/yr",0,0,0,0.453744350197113,2.28207025632036,7.50940815343008,8.17198178897078,11.9260965823623,14.5679918545035,14.9949038696112,14.7922946180343,24.0055923294926,30.9923150955416,38.0716371564511,44.4995133206199,47.7539010989628,48.9907537056868,54.9413620919304,59.154480795988,64.7437506092512
"GCAM 7.1","Reference","Pakistan","Capacity Additions|Electricity|Solar","GW/yr",0,0,0,0.453744350197113,1.75164657214019,6.04578888149361,7.9844805983262,11.9456110084448,15.5015013221787,17.1523294727837,17.716274391376,26.4396023153752,33.4360067044136,40.5073158785127,47.7450255555755,52.2378537230448,54.6400887458171,60.0886758341906,63.9083167382376,68.1836090560202
"GCAM 7.1","CurrentMeasures","Pakistan","Capacity Additions|Electricity|Solar|CSP","GW/yr",0,0,0,0,0.000185702708160122,0.00593608273982975,0.0202211693958868,0.0693244947558574,0.133620242511404,0.171498928253833,0.158717791612408,0.288051081273821,0.382584004209083,0.466828301502308,0.535833407449933,0.565255244781087,0.572889456098486,0.684261131559728,0.712784471849427,0.78664899565833
"GCAM 7.1","Reference","Pakistan","Capacity Additions|Electricity|Solar|CSP","GW/yr",0,0,0,0,8.9059861034587e-05,0.00186292558950077,0.00569181002284033,0.0180306691221701,0.0361645103229618,0.0482089693328213,0.0454755663158766,0.0943675401361757,0.126420875017581,0.156621989310619,0.186642129238263,0.19919155517594,0.20441259723347,0.241634158494923,0.249025803428375,0.25175882465362
"GCAM 7.1","CurrentMeasures","Pakistan","Capacity Additions|Electricity|Solar|PV","GW/yr",0,0,0,0.453744350197113,2.2818845536122,7.50347207069025,8.15176061957489,11.8567720876064,14.4343716119921,14.8234049413574,14.6335768264218,23.7175412482187,30.6097310913326,37.6048088549488,43.9636799131699,47.1886458541817,48.4178642495883,54.2571009603707,58.4416963241386,63.9571016135929
"GCAM 7.1","Reference","Pakistan","Capacity Additions|Electricity|Solar|PV","GW/yr",0,0,0,0.453744350197113,1.75155751227915,6.04392595590411,7.97878878830336,11.9275803393227,15.4653368118557,17.1041205034509,17.6707988250602,26.345234775239,33.309585829396,40.3506938892021,47.5583834263372,52.0386621678689,54.4356761485837,59.8470416756957,63.6592909348092,67.9318502313666
"GCAM 7.1","CurrentMeasures","Pakistan","Capacity Additions|Electricity|Wind","GW/yr",0,0,0,0.698211577901318,0.114415502622096,0.594254663626015,1.01663651130108,2.07371169473319,2.48080673085439,2.29612729108145,1.69255873459442,2.79066776546205,3.36625359819837,3.91873029628496,4.36564802873634,4.27097443678406,3.97251144878382,4.52767134316134,4.62990262943049,4.99093217626593
"GCAM 7.1","Reference","Pakistan","Capacity Additions|Electricity|Wind","GW/yr",0,0,0,0.698211577901318,0.299478632020086,1.30147307386269,1.5805388566689,2.47273818068448,3.04115847810046,2.81336370124792,2.01264790512309,3.7289687623443,4.45997043048978,5.15166053441999,5.90274438484955,5.77945001733173,5.37754229576767,6.07091890083976,6.14954488573205,6.12498490284967
"GCAM 7.1","CurrentMeasures","Pakistan","Capacity Additions|Electricity|Wind|Offshore","GW/yr",0,0,0,0,0.000280382241750344,0.00302419266096487,0.00866963789225726,0.0277182270436885,0.045862664888618,0.0530158915345378,0.0410940947525541,0.0689649843858923,0.082655710947539,0.0917708933076424,0.09821664709285,0.094559183266207,0.0892382791379071,0.101993591372868,0.100926315198675,0.106795096017324
"GCAM 7.1","Reference","Pakistan","Capacity Additions|Electricity|Wind|Offshore","GW/yr",0,0,0,0,0.000749421024031973,0.0085245898599989,0.0189395709760975,0.0458562265636693,0.0767175943217504,0.0882112424946436,0.0655415289083473,0.116755308526948,0.137303470228697,0.153804154188639,0.171810415675054,0.167871894201611,0.161387139024887,0.181484617980225,0.176325910115056,0.169208465698178
"GCAM 7.1","CurrentMeasures","Pakistan","Capacity Additions|Electricity|Wind|Onshore","GW/yr",0,0,0,0.698211577901318,0.114135120380346,0.59123047096505,1.00796687340882,2.0459934676895,2.43494406596577,2.24311139954692,1.65146463984186,2.72170278107615,3.28359788725083,3.82695940297732,4.26743138164349,4.17641525351786,3.88327316964591,4.42567775178847,4.52897631423181,4.88413708024861
"GCAM 7.1","Reference","Pakistan","Capacity Additions|Electricity|Wind|Onshore","GW/yr",0,0,0,0.698211577901318,0.298729210996054,1.29294848400269,1.56159928569281,2.42688195412082,2.96444088377871,2.72515245875328,1.94710637621474,3.61221345381735,4.32266696026108,4.99785638023135,5.73093396917449,5.61157812313012,5.21615515674279,5.88943428285954,5.97321897561699,5.95577643715149
"GCAM 7.1","CurrentMeasures","Pakistan","Capacity|Electricity","GW",516.33053746385,627.97523579338,713.595605124848,614.936763494326,550.541289042063,595.819290570033,643.488563367868,733.136257208606,849.750636516939,952.401967414896,1013.34276552666,1140.47897578596,1278.35720295637,1482.38914198385,1696.34514208603,1914.55579688185,2123.23547374269,2310.60821087332,2476.61318341483,2636.81025876535
"GCAM 7.1","Reference","Pakistan","Capacity|Electricity","GW",516.33053746385,627.97523579338,713.595605124848,614.936763494326,542.550147402627,572.021830919746,617.042236869941,701.65704882456,817.856880924259,921.302303704912,979.479836067293,1119.24480115972,1260.70152908253,1459.09889305427,1670.07282346129,1883.15672103826,2088.11313640343,2271.26317882012,2433.98155082114,2581.86411940871
"GCAM 7.1","CurrentMeasures","Pakistan","Capacity|Electricity|Biomass","GW",0,0,0.53753442767882,0.726915764702338,0.303435997807815,0.563475541866616,0.96336161723727,1.82428393618353,3.05097221072023,4.3202785598517,5.23152239905085,7.15104114459948,9.72101982813928,12.9306792285688,16.7819240025686,20.9352800358032,25.2488516438605,30.5728994081647,36.1790433409653,42.5097345907512
"GCAM 7.1","Reference","Pakistan","Capacity|Electricity|Biomass","GW",0,0,0.53753442767882,0.726915764702338,0.351564470507584,0.607786391994035,0.967505304688777,1.67585222909327,2.63911592083906,3.55752395917627,4.09899178132152,5.46893846875343,7.19004218918165,9.28916679657844,11.8493296802788,14.5345916584877,17.264234614625,20.5378676821931,23.8379390874875,27.3050264213032
"GCAM 7.1","CurrentMeasures","Pakistan","Capacity|Electricity|Biomass|w/o CCS","GW",0,0,0.53753442767882,0.726915764702338,0.303435997807815,0.563475541866616,0.96336161723727,1.82428393618353,3.05097221072023,4.3202785598517,5.23152239905085,7.15104114459948,9.72101982813928,12.9306792285688,16.7819240025686,20.9352800358032,25.2488516438605,30.5728994081647,36.1790433409653,42.5097345907512
"GCAM 7.1","Reference","Pakistan","Capacity|Electricity|Biomass|w/o CCS","GW",0,0,0.53753442767882,0.726915764702338,0.351564470507584,0.607786391994035,0.967505304688777,1.67585222909327,2.63911592083906,3.55752395917627,4.09899178132152,5.46893846875343,7.19004218918165,9.28916679657844,11.8493296802788,14.5345916584877,17.264234614625,20.5378676821931,23.8379390874875,27.3050264213032
"GCAM 7.1","CurrentMeasures","Pakistan","Capacity|Electricity|Coal","GW",0.049831753703652,0.0339982553749251,0.0571827214579929,11.253649528468,12.4603772736674,15.7182477236158,19.6487154857866,26.8180418080983,35.9773653221282,44.5517197290296,50.9659228986035,63.3668664833502,79.4492098804948,98.7912716440803,120.942859962592,142.96190513544,163.692313339597,186.094008522921,208.488579432045,230.193969580336
"GCAM 7.1","Reference","Pakistan","Capacity|Electricity|Coal","GW",0.049831753703652,0.0339982553749251,0.0571827214579929,11.253649528468,13.7181278769925,19.1611919759159,25.7030710070345,36.7710034622633,51.2601508715552,65.0111846072021,75.0891083510825,95.5918979736618,121.440915707379,152.338951809927,188.910036686029,225.900548408973,260.398547872573,297.749552966816,334.573903201097,366.899988180387
"GCAM 7.1","CurrentMeasures","Pakistan","Capacity|Electricity|Coal|w/o CCS","GW",0.049831753703652,0.0339982553749251,0.0571827214579929,11.253649528468,12.4603772736674,15.7182477236158,19.6487154857866,26.8180418080983,35.9773653221282,44.5517197290296,50.9659228986035,63.3668664833502,79.4492098804948,98.7912716440803,120.942859962592,142.96190513544,163.692313339597,186.094008522921,208.488579432045,230.193969580336
"GCAM 7.1","Reference","Pakistan","Capacity|Electricity|Coal|w/o CCS","GW",0.049831753703652,0.0339982553749251,0.0571827214579929,11.253649528468,13.7181278769925,19.1611919759159,25.7030710070345,36.7710034622633,51.2601508715552,65.0111846072021,75.0891083510825,95.5918979736618,121.440915707379,152.338951809927,188.910036686029,225.900548408973,260.398547872573,297.749552966816,334.573903201097,366.899988180387
"GCAM 7.1","CurrentMeasures","Pakistan","Capacity|Electricity|Fossil","GW",482.51455521029,592.26997024261,671.91486311384,559.202001260301,463.7724167792,429.861606145243,391.417957478731,351.085222064741,315.411065476925,283.924154884642,251.209423504151,250.262603013823,224.952491898181,267.148186876792,308.464680178195,346.402906169046,375.192340125048,406.432192465712,439.177722666484,474.295531577983
"GCAM 7.1","Reference","Pakistan","Capacity|Electricity|Fossil","GW",482.51455521029,592.26997024261,671.91486311384,559.202001260301,465.707284046553,428.081811184163,394.287606206124,366.255002688487,347.442134763143,331.242598687085,307.467479959469,329.708464149899,331.002681449019,393.919361156857,459.922277633934,521.205640099409,570.480209822436,624.436956811055,678.830070350784,736.013778834689
"GCAM 7.1","CurrentMeasures","Pakistan","Capacity|Electricity|Fossil|w/o CCS","GW",482.51455521029,592.26997024261,671.91486311384,559.202001260301,463.7724167792,429.861606145243,391.417957478731,351.085222064741,315.411065476925,283.924154884642,251.209423504151,250.262603013823,224.952491898181,267.148186876792,308.464680178195,346.402906169046,375.192340125048,406.432192465712,439.177722666484,474.295531577983
"GCAM 7.1","Reference","Pakistan","Capacity|Electricity|Fossil|w/o CCS","GW",482.51455521029,592.26997024261,671.91486311384,559.202001260301,465.707284046553,428.081811184163,394.287606206124,366.255002688487,347.442134763143,331.242598687085,307.467479959469,329.708464149899,331.002681449019,393.919361156857,459.922277633934,521.205640099409,570.480209822436,624.436956811055,678.830070350784,736.013778834689
"GCAM 7.1","CurrentMeasures","Pakistan","Capacity|Electricity|Gas","GW",226.518253564487,142.005251393198,192.073174533234,300.535691887304,272.238222500928,252.171877456719,225.299970812029,197.030737624242,172.625184286244,151.189650874624,132.432983232492,127.859696733163,106.647027873051,125.690770512805,143.001403411695,158.78571641702,169.407479933728,181.66010649708,196.10741955155,214.917888888487
"GCAM 7.1","Reference","Pakistan","Capacity|Electricity|Gas","GW",226.518253564487,142.005251393198,192.073174533234,300.535691887304,274.041329768324,254.789665498524,230.363617254998,206.920026685439,189.795874414292,175.254380407065,161.087002660782,166.836405328858,157.190490523892,184.625087212562,211.782059586525,236.936487479784,255.937939169379,277.435979760896,300.908248114018,327.848362866678
"GCAM 7.1","CurrentMeasures","Pakistan","Capacity|Electricity|Gas|w/o CCS","GW",226.518253564487,142.005251393198,192.073174533234,300.535691887304,272.238222500928,252.171877456719,225.299970812029,197.030737624242,172.625184286244,151.189650874624,132.432983232492,127.859696733163,106.647027873051,125.690770512805,143.001403411695,158.78571641702,169.407479933728,181.66010649708,196.10741955155,214.917888888487
"GCAM 7.1","Reference","Pakistan","Capacity|Electricity|Gas|w/o CCS","GW",226.518253564487,142.005251393198,192.073174533234,300.535691887304,274.041329768324,254.789665498524,230.363617254998,206.920026685439,189.795874414292,175.254380407065,161.087002660782,166.836405328858,157.190490523892,184.625087212562,211.782059586525,236.936487479784,255.937939169379,277.435979760896,300.908248114018,327.848362866678
"GCAM 7.1","CurrentMeasures","Pakistan","Capacity|Electricity|Geothermal","GW",0,0,0,0,0.0911233251970818,0.571581368234621,1.35295765381198,2.7289012172812,4.32410612664117,5.70161726350648,6.5899466413868,7.61997927627715,8.50200592365089,9.07785984273419,9.571455754375,10.0588894955055,10.5056771263315,10.5014958043266,10.4981042875893,10.4955757844509
"GCAM 7.1","Reference","Pakistan","Capacity|Electricity|Geothermal","GW",0,0,0,0,0.163578103531537,0.874558834429983,1.95299372076611,3.65715612430719,5.5631569947922,7.06662664177574,7.84703350826012,8.80582190681128,9.56743915111572,10.1127060661993,10.5150266749627,10.5097148473787,10.5049661608054,10.5016520759571,10.4987504918991,10.4966837643896
"GCAM 7.1","CurrentMeasures","Pakistan","Capacity|Electricity|Hydro","GW",31.3631503981182,32.3277317767522,35.1955053282718,34.0928846478667,40.5589955811385,42.334593143798,44.1101907064576,45.8857882691171,47.6613858317767,49.4369833944362,51.2125809570958,52.9881785197553,54.7637760824149,56.5393736450744,58.314971207734,60.0905687703935,61.8661663330531,63.6417638957126,65.4173614583722,67.1929590210317
"GCAM 7.1","Reference","Pakistan","Capacity|Electricity|Hydro","GW",31.3631503981182,32.3277317767522,35.1955053282718,34.0928846478667,35.3301571625148,36.8768183780652,38.4234795936155,39.9701408091659,41.5168020247162,43.0634632402666,44.6101244558169,46.1570679603279,47.7037291758783,49.2503903914286,50.7970516069789,52.3437128225293,53.8903740380796,55.43703525363,56.9836964691803,58.5303576847307
"GCAM 7.1","CurrentMeasures","Pakistan","Capacity|Electricity|Non-Biomass Renewables","GW",31.3631503981182,32.3277317767522,36.5950909686985,39.8526642883589,70.3733542250435,146.647255325645,229.295718342617,352.770356685178,496.658498372562,622.965324756018,711.035971865029,827.61276182327,975.598782918465,1118.86752718416,1270.07561408654,1429.26039689454,1588.81567432064,1722.89926524152,1834.17299653013,1937.85510531163
"GCAM 7.1","Reference","Pakistan","Capacity|Electricity|Non-Biomass Renewables","GW",31.3631503981182,32.3277317767522,36.5950909686985,39.8526642883589,61.7610198430211,129.247219786479,208.523017502045,321.474810723772,456.735476995717,576.893458247807,659.786882469437,776.851376063281,915.687247232737,1048.90963001233,1190.61891508891,1339.52661845537,1491.00337040557,1615.24380318453,1718.60316696677,1804.24245990206
"GCAM 7.1","CurrentMeasures","Pakistan","Capacity|Electricity|Nuclear","GW",2.45283185544236,3.37753377401833,4.5481166146301,15.1551821809637,16.0920820400113,18.7469535572778,21.8115259292838,27.4563945225029,34.6301004567324,41.1922092143847,45.8658477584285,55.4525698042685,68.084908311584,83.4427486943307,101.022923818724,117.957213782459,133.978607653139,150.70385375793,167.083420877249,182.14988728498
"GCAM 7.1","Reference","Pakistan","Capacity|Electricity|Nuclear","GW",2.45283185544236,3.37753377401833,4.5481166146301,15.1551821809637,14.7302790425447,14.0850135571107,13.2641078570842,12.2513831832077,11.0401532445596,9.60872281084398,8.1264818570654,7.2160224777834,6.82155821159197,6.98073508851087,7.68230105817137,7.88987082499529,9.36532156079316,11.0445511423347,12.7103744160918,14.3028542506499
"GCAM 7.1","CurrentMeasures","Pakistan","Capacity|Electricity|Oil","GW",255.946469892099,450.230720594037,479.784505859149,247.41265984453,179.073817004605,161.971480964908,146.469271180916,127.2364426324,106.808515868552,88.1827842809887,67.8105173730558,59.0360397973092,38.8562541446355,42.6661447199065,44.5204168039084,44.6552846165858,42.0925468517235,38.6780774457111,34.5817236828887,29.1836731091601
"GCAM 7.1","Reference","Pakistan","Capacity|Electricity|Oil","GW",255.946469892099,450.230720594037,479.784505859149,247.41265984453,177.947826401237,154.130953709722,138.220917944091,122.563972540785,106.386109477296,90.9770336728185,71.2913689476038,67.280160847379,52.3712752177485,56.9553221343672,59.2301813613802,58.3686042106526,54.1437227804837,49.251424083343,43.3479190356688,41.2654277876244
"GCAM 7.1","CurrentMeasures","Pakistan","Capacity|Electricity|Oil|w/o CCS","GW",255.946469892099,450.230720594037,479.784505859149,247.41265984453,179.073817004605,161.971480964908,146.469271180916,127.2364426324,106.808515868552,88.1827842809887,67.8105173730558,59.0360397973092,38.8562541446355,42.6661447199065,44.5204168039084,44.6552846165858,42.0925468517235,38.6780774457111,34.5817236828887,29.1836731091601
"GCAM 7.1","Reference","Pakistan","Capacity|Electricity|Oil|w/o CCS","GW",255.946469892099,450.230720594037,479.784505859149,247.41265984453,177.947826401237,154.130953709722,138.220917944091,122.563972540785,106.386109477296,90.9770336728185,71.2913689476038,67.280160847379,52.3712752177485,56.9553221343672,59.2301813613802,58.3686042106526,54.1437227804837,49.251424083343,43.3479190356688,41.2654277876244
"GCAM 7.1","CurrentMeasures","Pakistan","Capacity|Electricity|Solar","GW",0,0,0.52362986371247,2.26872175098557,25.0894243141892,93.1798441361383,163.148316381323,262.872887785643,378.811473016906,482.761457048411,552.604532511809,644.769492438921,767.066891766143,889.94498405512,1020.33300054864,1157.65438807056,1292.56782853138,1407.74356410235,1504.74552796578,1596.03989867042
"GCAM 7.1","Reference","Pakistan","Capacity|Electricity|Solar","GW",0,0,0.52362986371247,2.26872175098557,19.7851874723875,72.0416376800695,132.98164858194,218.18451751055,319.964524887063,412.87459947124,476.672099263407,567.549132568289,676.008812313881,781.044089902396,892.721466434807,1010.71191194306,1127.73310440652,1227.4370760256,1312.63455124316,1387.16305887109
"GCAM 7.1","CurrentMeasures","Pakistan","Capacity|Electricity|Solar|CSP","GW",0,0,0,0,0.00185702708160122,0.0612178544798987,0.263429548438767,0.956674495997342,2.29287692111138,4.0078662036497,5.59318709269219,8.4143370780321,12.0379654261641,16.0130034936286,20.0351351430139,23.9726983082864,28.1144149531472,32.0765154560062,35.3785201324097,38.5767270739699
"GCAM 7.1","Reference","Pakistan","Capacity|Electricity|Solar|CSP","GW",0,0,0,0,0.00089059861034587,0.0195198545053535,0.0764379547337568,0.256744645955458,0.618389749185075,1.10047944251329,1.55434450706171,2.47939065252846,3.68668130247587,5.07259450436036,6.57737069351337,8.08719655194456,9.67656686112049,11.149233044708,12.3752823288159,13.3266506822459
"GCAM 7.1","CurrentMeasures","Pakistan","Capacity|Electricity|Solar|PV","GW",0,0,0.52362986371247,2.26872175098557,25.0875672871076,93.1186262816585,162.884886832885,261.916213289646,376.518596095795,478.753590844761,547.011345419117,636.355155360888,755.028926339979,873.931980561491,1000.29786540562,1133.68168976228,1264.45341357823,1375.66704864634,1469.36700783337,1557.46317159645
"GCAM 7.1","Reference","Pakistan","Capacity|Electricity|Solar|PV","GW",0,0,0.52362986371247,2.26872175098557,19.7842968737771,72.0221178255642,132.905210627206,217.927772864594,319.346135137878,411.774120028727,475.117754756346,565.06974191576,672.322131011406,775.971495398036,886.144095741294,1002.62471539112,1118.0565375454,1216.28784298089,1300.25926891434,1373.83640818884
"GCAM 7.1","CurrentMeasures","Pakistan","Capacity|Electricity|Wind","GW",0,0,0.875955776714215,3.49105788950659,4.6338110045188,10.5612366774741,20.6842536010236,41.2827794131371,65.8615333972379,85.0652670496644,100.628911754738,122.235111588317,145.266109146256,163.305309641229,181.856186575798,201.456550558076,223.876002329876,241.012441439126,253.512002818391,264.126671835726
"GCAM 7.1","Reference","Pakistan","Capacity|Electricity|Wind","GW",0,0,0.875955776714215,3.49105788950659,6.48209710458729,19.4542048939142,35.1648956057227,59.6629962797492,89.6909930891451,113.888768894524,130.657625241953,154.339353627854,182.407266591862,208.502443652301,236.585370372161,265.961278842396,298.874925800166,321.868039829346,338.486168762537,348.052359581854
"GCAM 7.1","CurrentMeasures","Pakistan","Capacity|Electricity|Wind|Offshore","GW",0,0,0,0,0.00140191120875172,0.016522874513576,0.0598710639748624,0.198462199193305,0.427775523636395,0.691453070100332,0.881802580558279,1.18327931302645,1.45796673254571,1.68750787464083,1.91351165243239,2.18083709500065,2.28220356876073,2.37889297088737,2.42467008034254,2.46756232496491
"GCAM 7.1","Reference","Pakistan","Capacity|Electricity|Wind|Offshore","GW",0,0,0,0,0.00374710512015986,0.0463700544201543,0.141067909300642,0.370349042118988,0.75393701372774,1.1912461210808,1.47633081632254,1.96540950407679,2.42264572240193,2.80807852173638,3.22607438763843,3.73772621410474,3.96088536659444,4.18179110535208,4.29439988498416,4.28139013509979
"GCAM 7.1","CurrentMeasures","Pakistan","Capacity|Electricity|Wind|Onshore","GW",0,0,0.875955776714215,3.49105788950659,4.63240909331005,10.5447138029605,20.6243825370487,41.0843172139438,65.4337578736015,84.3738139795641,99.7471091741792,121.05183227529,143.80814241371,161.617801766589,179.942674923366,199.275713463075,221.593798761116,238.633548468239,251.087332738049,261.659109510762
"GCAM 7.1","Reference","Pakistan","Capacity|Electricity|Wind|Onshore","GW",0,0,0.875955776714215,3.49105788950659,6.47834999946713,19.407834839494,35.0238276964221,59.2926472376303,88.9370560754174,112.697522773444,129.18129442563,152.373944123777,179.98462086946,205.694365130565,233.359295984523,262.223552628291,294.914040433572,317.686248723994,334.191768877553,343.770969446754
"GCAM 7.1","CurrentMeasures","Pakistan","Capital Cost|Electricity|Biomass","USD_2010/kW",5705.604042,5705.604042,5705.604042,0,5246.476804,5049.592716,4871.267374,4710.693876,4564.644614,4433.119588,4314.504994,4206.380126,4109.551886,4021.599568,3942.523172,3869.901992,3805.349832,3746.445986,3693.190454,3645.583236
"GCAM 7.1","Reference","Pakistan","Capital Cost|Electricity|Biomass","USD_2010/kW",5705.604042,5705.604042,5705.604042,0,5246.476804,5049.592716,4871.267374,4710.693876,4564.644614,4433.119588,4314.504994,4206.380126,4109.551886,4021.599568,3942.523172,3869.901992,3805.349832,3746.445986,3693.190454,3645.583236
"GCAM 7.1","CurrentMeasures","Pakistan","Capital Cost|Electricity|Biomass|w/ CCS","USD_2010/kW",7113.648032,7113.648032,7113.648032,0,6464.898824,6187.324536,5935.571112,5709.638552,5503.07164,5317.48418,5149.648564,4997.950988,4860.777648,4736.51474,4625.162264,4523.492612,4431.505784,4349.20178,4273.352992,4207.187028
"GCAM 7.1","Reference","Pakistan","Capital Cost|Electricity|Biomass|w/ CCS","USD_2010/kW",7113.648032,7113.648032,7113.648032,0,6464.898824,6187.324536,5935.571112,5709.638552,5503.07164,5317.48418,5149.648564,4997.950988,4860.777648,4736.51474,4625.162264,4523.492612,4431.505784,4349.20178,4273.352992,4207.187028
"GCAM 7.1","CurrentMeasures","Pakistan","Capital Cost|Electricity|Biomass|w/o CCS","USD_2010/kW",4297.560052,4297.560052,4297.560052,0,4028.054784,3911.860896,3806.963636,3711.7492,3626.217588,3548.754996,3479.361424,3414.809264,3358.326124,3306.684396,3259.88408,3216.311372,3179.19388,3143.690192,3113.027916,3083.979444
"GCAM 7.1","Reference","Pakistan","Capital Cost|Electricity|Biomass|w/o CCS","USD_2010/kW",4297.560052,4297.560052,4297.560052,0,4028.054784,3911.860896,3806.963636,3711.7492,3626.217588,3548.754996,3479.361424,3414.809264,3358.326124,3306.684396,3259.88408,3216.311372,3179.19388,3143.690192,3113.027916,3083.979444
"GCAM 7.1","CurrentMeasures","Pakistan","Capital Cost|Electricity|Coal","USD_2010/kW",4400.843508,4400.843508,4400.843508,0,4148.283182,4044.192824,3953.8198,3874.743404,3803.736028,3741.604574,3687.54214,3639.12802,3594.74841,3556.824016,3523.741034,3493.078758,3464.837188,3441.43703,3418.843774,3398.671224
"GCAM 7.1","Reference","Pakistan","Capital Cost|Electricity|Coal","USD_2010/kW",4400.843508,4400.843508,4400.843508,0,4148.283182,4044.192824,3953.8198,3874.743404,3803.736028,3741.604574,3687.54214,3639.12802,3594.74841,3556.824016,3523.741034,3493.078758,3464.837188,3441.43703,3418.843774,3398.671224
"GCAM 7.1","CurrentMeasures","Pakistan","Capital Cost|Electricity|Coal|w/ CCS","USD_2010/kW",5406.2434,5406.2434,5406.2434,0,5060.889344,4917.260788,4791.384076,4683.259208,4584.817164,4499.285552,4421.82296,4354.043192,4292.71864,4237.849304,4189.435184,4145.862476,4105.517376,4071.627492,4037.737608,4008.689136
"GCAM 7.1","Reference","Pakistan","Capital Cost|Electricity|Coal|w/ CCS","USD_2010/kW",5406.2434,5406.2434,5406.2434,0,5060.889344,4917.260788,4791.384076,4683.259208,4584.817164,4499.285552,4421.82296,4354.043192,4292.71864,4237.849304,4189.435184,4145.862476,4105.517376,4071.627492,4037.737608,4008.689136
"GCAM 7.1","CurrentMeasures","Pakistan","Capital Cost|Electricity|Coal|w/o CCS","USD_2010/kW",3395.443616,3395.443616,3395.443616,0,3235.67702,3171.12486,3116.255524,3066.2276,3022.654892,2983.923596,2953.26132,2924.212848,2896.77818,2875.798728,2858.046884,2840.29504,2824.157,2811.246568,2799.94994,2788.653312
"GCAM 7.1","Reference","Pakistan","Capital Cost|Electricity|Coal|w/o CCS","USD_2010/kW",3395.443616,3395.443616,3395.443616,0,3235.67702,3171.12486,3116.255524,3066.2276,3022.654892,2983.923596,2953.26132,2924.212848,2896.77818,2875.798728,2858.046884,2840.29504,2824.157,2811.246568,2799.94994,2788.653312
"GCAM 7.1","CurrentMeasures","Pakistan","Capital Cost|Electricity|Fossil","USD_2010/kW",2530.1219112,2530.1219112,2530.1219112,0,2358.7359264,2293.8610056,2238.346148,2191.545832,2151.200732,2116.9880872,2086.9713328,2061.1504688,2037.5889304,2018.5460432,2000.7941992,1984.97892,1971.4229664,1959.8035776,1948.1841888,1938.5013648
"GCAM 7.1","Reference","Pakistan","Capital Cost|Electricity|Fossil","USD_2010/kW",2530.1219112,2530.1219112,2530.1219112,0,2358.7359264,2293.8610056,2238.346148,2191.545832,2151.200732,2116.9880872,2086.9713328,2061.1504688,2037.5889304,2018.5460432,2000.7941992,1984.97892,1971.4229664,1959.8035776,1948.1841888,1938.5013648
"GCAM 7.1","CurrentMeasures","Pakistan","Capital Cost|Electricity|Fossil|w/ CCS","USD_2010/kW",3765.811634,3765.811634,3765.811634,0,3507.602994,3401.898832,3309.912004,3230.835608,3159.828232,3098.50368,3043.634344,2996.834028,2954.875124,2917.757632,2883.867748,2854.819276,2828.998412,2806.405156,2784.618802,2766.060056
"GCAM 7.1","Reference","Pakistan","Capital Cost|Electricity|Fossil|w/ CCS","USD_2010/kW",3765.811634,3765.811634,3765.811634,0,3507.602994,3401.898832,3309.912004,3230.835608,3159.828232,3098.50368,3043.634344,2996.834028,2954.875124,2917.757632,2883.867748,2854.819276,2828.998412,2806.405156,2784.618802,2766.060056
"GCAM 7.1","CurrentMeasures","Pakistan","Capital Cost|Electricity|Fossil|w/o CCS","USD_2010/kW",1706.32876266667,1706.32876266667,1706.32876266667,0,1592.824548,1555.16912133333,1523.96891066667,1498.68598133333,1478.78239866667,1462.64435866667,1449.195992,1437.36142933333,1426.06480133333,1419.07165066667,1412.0785,1405.08534933333,1399.70600266667,1395.40252533333,1390.56111333333,1386.79557066667
"GCAM 7.1","Reference","Pakistan","Capital Cost|Electricity|Fossil|w/o CCS","USD_2010/kW",1706.32876266667,1706.32876266667,1706.32876266667,0,1592.824548,1555.16912133333,1523.96891066667,1498.68598133333,1478.78239866667,1462.64435866667,1449.195992,1437.36142933333,1426.06480133333,1419.07165066667,1412.0785,1405.08534933333,1399.70600266667,1395.40252533333,1390.56111333333,1386.79557066667
"GCAM 7.1","CurrentMeasures","Pakistan","Capital Cost|Electricity|Gas","USD_2010/kW",1221.11169333333,1221.11169333333,1221.11169333333,0,1112.44889066667,1075.86933333333,1046.82086133333,1023.151736,1005.93782666667,991.951525333333,979.041093333333,969.358269333333,960.751314666667,955.371968,948.916752,943.537405333333,940.309797333333,937.082189333333,932.778712,930.626973333333
"GCAM 7.1","Reference","Pakistan","Capital Cost|Electricity|Gas","USD_2010/kW",1221.11169333333,1221.11169333333,1221.11169333333,0,1112.44889066667,1075.86933333333,1046.82086133333,1023.151736,1005.93782666667,991.951525333333,979.041093333333,969.358269333333,960.751314666667,955.371968,948.916752,943.537405333333,940.309797333333,937.082189333333,932.778712,930.626973333333
"GCAM 7.1","CurrentMeasures","Pakistan","Capital Cost|Electricity|Gas|w/ CCS","USD_2010/kW",1939.792408,1939.792408,1939.792408,0,1794.550048,1733.225496,1684.811376,1639.624864,1604.121176,1571.845096,1542.796624,1520.203368,1500.83772,1484.69968,1468.56164,1455.651208,1445.968384,1436.28556,1426.602736,1420.14752
"GCAM 7.1","Reference","Pakistan","Capital Cost|Electricity|Gas|w/ CCS","USD_2010/kW",1939.792408,1939.792408,1939.792408,0,1794.550048,1733.225496,1684.811376,1639.624864,1604.121176,1571.845096,1542.796624,1520.203368,1500.83772,1484.69968,1468.56164,1455.651208,1445.968384,1436.28556,1426.602736,1420.14752
"GCAM 7.1","CurrentMeasures","Pakistan","Capital Cost|Electricity|Gas|w/o CCS","USD_2010/kW",861.771336,861.771336,861.771336,0,771.398312,747.191252,727.825604,714.915172,706.846152,702.00474,697.163328,693.93572,690.708112,690.708112,689.094308,687.480504,687.480504,687.480504,685.8667,685.8667
"GCAM 7.1","Reference","Pakistan","Capital Cost|Electricity|Gas|w/o CCS","USD_2010/kW",861.771336,861.771336,861.771336,0,771.398312,747.191252,727.825604,714.915172,706.846152,702.00474,697.163328,693.93572,690.708112,690.708112,689.094308,687.480504,687.480504,687.480504,685.8667,685.8667
"GCAM 7.1","CurrentMeasures","Pakistan","Capital Cost|Electricity|Geothermal","USD_2010/kW",4308.85668,4308.85668,4308.85668,0,3818.260264,3637.514216,3492.271856,3372.85036,3276.02212,3195.33192,3130.77976,3079.138032,3033.95152,2998.447832,2969.39936,2946.806104,2927.440456,2911.302416,2901.619592,2888.70916
"GCAM 7.1","Reference","Pakistan","Capital Cost|Electricity|Geothermal","USD_2010/kW",4308.85668,4308.85668,4308.85668,0,3818.260264,3637.514216,3492.271856,3372.85036,3276.02212,3195.33192,3130.77976,3079.138032,3033.95152,2998.447832,2969.39936,2946.806104,2927.440456,2911.302416,2901.619592,2888.70916
"GCAM 7.1","CurrentMeasures","Pakistan","Capital Cost|Electricity|Non-Biomass Renewables","USD_2010/kW",4254.34596711111,4254.34596711111,4254.34596711111,0,2948.24059644444,2573.83806844444,2308.45696622222,2119.10396355556,1981.751312,1883.12995644444,1810.32946488889,1757.61186755556,1717.44607911111,1688.038984,1665.80435111111,1650.02493422222,1637.83174844444,1627.79030133333,1620.61783911111,1615.23849244444
"GCAM 7.1","Reference","Pakistan","Capital Cost|Electricity|Non-Biomass Renewables","USD_2010/kW",4254.34596711111,4254.34596711111,4254.34596711111,0,2948.24059644444,2573.83806844444,2308.45696622222,2119.10396355556,1981.751312,1883.12995644444,1810.32946488889,1757.61186755556,1717.44607911111,1688.038984,1665.80435111111,1650.02493422222,1637.83174844444,1627.79030133333,1620.61783911111,1615.23849244444
"GCAM 7.1","CurrentMeasures","Pakistan","Capital Cost|Electricity|Nuclear","USD_2010/kW",5414.31242,5414.31242,5501.457836,0,5406.2434,5362.670692,5320.711788,5280.366688,5243.249196,5207.745508,5173.855624,5139.96574,5109.303464,5080.254992,5052.820324,5025.385656,5001.178596,4976.971536,4954.37828,4931.785024
"GCAM 7.1","Reference","Pakistan","Capital Cost|Electricity|Nuclear","USD_2010/kW",5414.31242,5414.31242,5501.457836,0,5406.2434,5362.670692,5320.711788,5280.366688,5243.249196,5207.745508,5173.855624,5139.96574,5109.303464,5080.254992,5052.820324,5025.385656,5001.178596,4976.971536,4954.37828,4931.785024
"GCAM 7.1","CurrentMeasures","Pakistan","Capital Cost|Electricity|Oil","USD_2010/kW",1344.83666666667,1344.83666666667,1344.83666666667,0,1218.95995466667,1178.07692,1142.573232,1115.67649866667,1093.08324266667,1075.86933333333,1060.80716266667,1048.9726,1038.21390666667,1030.68282133333,1022.07586666667,1015.62065066667,1011.31717333333,1007.013696,1002.71021866667,999.482610666667
"GCAM 7.1","Reference","Pakistan","Capital Cost|Electricity|Oil","USD_2010/kW",1344.83666666667,1344.83666666667,1344.83666666667,0,1218.95995466667,1178.07692,1142.573232,1115.67649866667,1093.08324266667,1075.86933333333,1060.80716266667,1048.9726,1038.21390666667,1030.68282133333,1022.07586666667,1015.62065066667,1011.31717333333,1007.013696,1002.71021866667,999.482610666667
"GCAM 7.1","CurrentMeasures","Pakistan","Capital Cost|Electricity|Oil|w/ CCS","USD_2010/kW",2310.967328,2310.967328,2310.967328,0,2114.08324,2039.848256,1972.068488,1917.199152,1865.557424,1823.59852,1788.094832,1759.04636,1733.225496,1710.63224,1688.038984,1671.900944,1658.990512,1646.08008,1636.397256,1626.714432
"GCAM 7.1","Reference","Pakistan","Capital Cost|Electricity|Oil|w/ CCS","USD_2010/kW",2310.967328,2310.967328,2310.967328,0,2114.08324,2039.848256,1972.068488,1917.199152,1865.557424,1823.59852,1788.094832,1759.04636,1733.225496,1710.63224,1688.038984,1671.900944,1658.990512,1646.08008,1636.397256,1626.714432
"GCAM 7.1","CurrentMeasures","Pakistan","Capital Cost|Electricity|Oil|w/o CCS","USD_2010/kW",861.771336,861.771336,861.771336,0,771.398312,747.191252,727.825604,714.915172,706.846152,702.00474,697.163328,693.93572,690.708112,690.708112,689.094308,687.480504,687.480504,687.480504,685.8667,685.8667
"GCAM 7.1","Reference","Pakistan","Capital Cost|Electricity|Oil|w/o CCS","USD_2010/kW",861.771336,861.771336,861.771336,0,771.398312,747.191252,727.825604,714.915172,706.846152,702.00474,697.163328,693.93572,690.708112,690.708112,689.094308,687.480504,687.480504,687.480504,685.8667,685.8667
"GCAM 7.1","CurrentMeasures","Pakistan","Capital Cost|Electricity|Solar","USD_2010/kW",4698.1062048,4698.1062048,4698.1062048,0,2980.3732272,2522.6984128,2213.4935664,2004.344568,1860.3932512,1762.9194896,1695.7852432,1649.307688,1616.3860864,1593.7928304,1577.6547904,1566.6809232,1559.5801856,1553.1249696,1549.25184,1546.6697536
"GCAM 7.1","Reference","Pakistan","Capital Cost|Electricity|Solar","USD_2010/kW",4698.1062048,4698.1062048,4698.1062048,0,2980.3732272,2522.6984128,2213.4935664,2004.344568,1860.3932512,1762.9194896,1695.7852432,1649.307688,1616.3860864,1593.7928304,1577.6547904,1566.6809232,1559.5801856,1553.1249696,1549.25184,1546.6697536
"GCAM 7.1","CurrentMeasures","Pakistan","Capital Cost|Electricity|Solar|CSP","USD_2010/kW",5861.336128,5861.336128,5861.336128,0,3887.653836,3343.801888,2971.013164,2717.645936,2543.355104,2425.547412,2344.857212,2289.987876,2251.25658,2225.435716,2207.683872,2196.387244,2188.318224,2181.863008,2177.021596,2175.407792
"GCAM 7.1","Reference","Pakistan","Capital Cost|Electricity|Solar|CSP","USD_2010/kW",5861.336128,5861.336128,5861.336128,0,3887.653836,3343.801888,2971.013164,2717.645936,2543.355104,2425.547412,2344.857212,2289.987876,2251.25658,2225.435716,2207.683872,2196.387244,2188.318224,2181.863008,2177.021596,2175.407792
"GCAM 7.1","CurrentMeasures","Pakistan","Capital Cost|Electricity|Solar|PV","USD_2010/kW",3922.61958933333,3922.61958933333,3922.61958933333,0,2375.519488,1975.296096,1708.48050133333,1528.81032266667,1405.08534933333,1321.16754133333,1263.07059733333,1222.18756266667,1193.13909066667,1172.69757333333,1157.63540266667,1146.87670933333,1140.42149333333,1133.96627733333,1130.73866933333,1127.51106133333
"GCAM 7.1","Reference","Pakistan","Capital Cost|Electricity|Solar|PV","USD_2010/kW",3922.61958933333,3922.61958933333,3922.61958933333,0,2375.519488,1975.296096,1708.48050133333,1528.81032266667,1405.08534933333,1321.16754133333,1263.07059733333,1222.18756266667,1193.13909066667,1172.69757333333,1157.63540266667,1146.87670933333,1140.42149333333,1133.96627733333,1130.73866933333,1127.51106133333
"GCAM 7.1","CurrentMeasures","Pakistan","Capital Cost|Electricity|Solar|PV|Commercial","USD_2010/kW",3495.499464,3495.499464,3495.499464,0,1855.8746,1497.610112,1284.587984,1158.711272,1084.476288,1042.517384,1016.69652,1000.55848,990.875656,987.648048,984.42044,981.192832,981.192832,977.965224,977.965224,977.965224
"GCAM 7.1","Reference","Pakistan","Capital Cost|Electricity|Solar|PV|Commercial","USD_2010/kW",3495.499464,3495.499464,3495.499464,0,1855.8746,1497.610112,1284.587984,1158.711272,1084.476288,1042.517384,1016.69652,1000.55848,990.875656,987.648048,984.42044,981.192832,981.192832,977.965224,977.965224,977.965224
"GCAM 7.1","CurrentMeasures","Pakistan","Capital Cost|Electricity|Solar|PV|Residential","USD_2010/kW",3495.499464,3495.499464,3495.499464,0,1855.8746,1497.610112,1284.587984,1158.711272,1084.476288,1042.517384,1016.69652,1000.55848,990.875656,987.648048,984.42044,981.192832,981.192832,977.965224,977.965224,977.965224
"GCAM 7.1","Reference","Pakistan","Capital Cost|Electricity|Solar|PV|Residential","USD_2010/kW",3495.499464,3495.499464,3495.499464,0,1855.8746,1497.610112,1284.587984,1158.711272,1084.476288,1042.517384,1016.69652,1000.55848,990.875656,987.648048,984.42044,981.192832,981.192832,977.965224,977.965224,977.965224
"GCAM 7.1","CurrentMeasures","Pakistan","Capital Cost|Electricity|Wind","USD_2010/kW",3496.57533333333,3496.57533333333,3496.57533333333,0,2604.679656,2304.512112,2072.124336,1892.45415733333,1752.591144,1646.08008,1561.08640266667,1497.610112,1447.04425333333,1408.31295733333,1378.188616,1356.67122933333,1338.38145066667,1324.39514933333,1312.56058666667,1305.02950133333
"GCAM 7.1","Reference","Pakistan","Capital Cost|Electricity|Wind","USD_2010/kW",3496.57533333333,3496.57533333333,3496.57533333333,0,2604.679656,2304.512112,2072.124336,1892.45415733333,1752.591144,1646.08008,1561.08640266667,1497.610112,1447.04425333333,1408.31295733333,1378.188616,1356.67122933333,1338.38145066667,1324.39514933333,1312.56058666667,1305.02950133333
"GCAM 7.1","CurrentMeasures","Pakistan","Capital Cost|Electricity|Wind|Offshore","USD_2010/kW",3608.465744,3608.465744,3608.465744,0,2649.866168,2327.105368,2078.579552,1884.923072,1736.453104,1620.259216,1529.886192,1462.106424,1407.237088,1365.278184,1333.002104,1310.408848,1291.0432,1274.90516,1261.994728,1255.539512
"GCAM 7.1","Reference","Pakistan","Capital Cost|Electricity|Wind|Offshore","USD_2010/kW",3608.465744,3608.465744,3608.465744,0,2649.866168,2327.105368,2078.579552,1884.923072,1736.453104,1620.259216,1529.886192,1462.106424,1407.237088,1365.278184,1333.002104,1310.408848,1291.0432,1274.90516,1261.994728,1255.539512
"GCAM 7.1","CurrentMeasures","Pakistan","Capital Cost|Electricity|Wind|Onshore","USD_2010/kW",3440.630128,3440.630128,3440.630128,0,2582.0864,2293.215484,2068.896728,1896.2197,1760.660164,1658.990512,1576.686508,1515.361956,1466.947836,1429.830344,1400.781872,1379.80242,1362.050576,1349.140144,1337.843516,1329.774496
"GCAM 7.1","Reference","Pakistan","Capital Cost|Electricity|Wind|Onshore","USD_2010/kW",3440.630128,3440.630128,3440.630128,0,2582.0864,2293.215484,2068.896728,1896.2197,1760.660164,1658.990512,1576.686508,1515.361956,1466.947836,1429.830344,1400.781872,1379.80242,1362.050576,1349.140144,1337.843516,1329.774496
"GCAM 7.1","CurrentMeasures","Pakistan","Emissions|BC","Mt BC/yr",0.128999908487239,0.140633001703743,0.156840139480784,0.177810234856769,0.17238239718709,0.163605740599733,0.156404562381432,0.15011809992239,0.146681960387423,0.143897403368372,0.138858155681701,0.13646760738227,0.134874467036977,0.133757341947794,0.132598677322701,0.131130766949092,0.129372778935138,0.127723683050551,0.125867432009712,0.124109425336459
"GCAM 7.1","Reference","Pakistan","Emissions|BC","Mt BC/yr",0.128999908487239,0.140633001703743,0.156840139480784,0.177810234856769,0.172740962898624,0.164142950611002,0.157084662048337,0.150765033276948,0.146892024321436,0.143561037528211,0.138077997275009,0.135237108727999,0.133112375480192,0.131435068756931,0.129782917790296,0.12785873054679,0.125703839588502,0.12358909289747,0.121310456530331,0.119096923324625
"GCAM 7.1","CurrentMeasures","Pakistan","Emissions|BC|AFOLU","Mt BC/yr",0.000696414210139,0.000123493481343,0.000120709555691,0.000127050721858,0.000128713411533,0.000133225932676,0.000136920745317,0.000138596589539,0.000137615253477,0.00013503318651,0.000128611717474,0.000122963731658,0.000117270608604,0.000111555008149,0.000106281344989,0.00010141319924,9.8202925307e-05,9.8348543631e-05,9.8468311538e-05,9.8540958803e-05
"GCAM 7.1","Reference","Pakistan","Emissions|BC|AFOLU","Mt BC/yr",0.000696414210139,0.000123493481343,0.000120709555691,0.000127050721858,0.000128711381691,0.000133272833663,0.000136982895166,0.000138733411418,0.000137704254529,0.000135023756134,0.000128367339448,0.000122931733207,0.000117219130558,0.000111485578717,0.000106269772527,0.000101399407547,9.8184725174e-05,9.8339240987e-05,9.8461619572e-05,9.8536420034e-05
"GCAM 7.1","CurrentMeasures","Pakistan","Emissions|BC|AFOLU [NGHGI]","Mt BC/yr",0.000696414210139,0.000123493481343,0.000120709555691,0.000127050721858,0.000128713411533,0.000133225932676,0.000136920745317,0.000138596589539,0.000137615253477,0.00013503318651,0.000128611717474,0.000122963731658,0.000117270608604,0.000111555008149,0.000106281344989,0.00010141319924,9.8202925307e-05,9.8348543631e-05,9.8468311538e-05,9.8540958803e-05
"GCAM 7.1","Reference","Pakistan","Emissions|BC|AFOLU [NGHGI]","Mt BC/yr",0.000696414210139,0.000123493481343,0.000120709555691,0.000127050721858,0.000128711381691,0.000133272833663,0.000136982895166,0.000138733411418,0.000137704254529,0.000135023756134,0.000128367339448,0.000122931733207,0.000117219130558,0.000111485578717,0.000106269772527,0.000101399407547,9.8184725174e-05,9.8339240987e-05,9.8461619572e-05,9.8536420034e-05
"GCAM 7.1","CurrentMeasures","Pakistan","Emissions|BC|AFOLU|Agricultural Waste Burning","Mt BC/yr",0.000627113940139,6.0125541343e-05,6.5089045691e-05,7.1445986358e-05,7.3181058433e-05,7.7839304976e-05,8.1675409317e-05,8.3491415439e-05,8.2642530277e-05,8.019000431e-05,7.3914761274e-05,6.8425931258e-05,6.2882278704e-05,5.7295919549e-05,5.2135955489e-05,4.736283124e-05,4.4231479807e-05,4.4445837831e-05,4.4622702638e-05,4.4741023203e-05
"GCAM 7.1","Reference","Pakistan","Emissions|BC|AFOLU|Agricultural Waste Burning","Mt BC/yr",0.000627113940139,6.0125541343e-05,6.5089045691e-05,7.1445986358e-05,7.3179008391e-05,7.7886792763e-05,8.1737935366e-05,8.3629642318e-05,8.2731986329e-05,8.0179803334e-05,7.3667314248e-05,6.8393807407e-05,6.2830378458e-05,5.7226006417e-05,5.2123981027e-05,4.7348477847e-05,4.4212492274e-05,4.4435934287e-05,4.4615388772e-05,4.4735851634e-05
"GCAM 7.1","CurrentMeasures","Pakistan","Emissions|BC|AFOLU|Land","Mt BC/yr",6.930027e-05,6.336794e-05,5.562051e-05,5.56047355e-05,5.55323531e-05,5.53866277e-05,5.5245336e-05,5.51051741e-05,5.49727232e-05,5.48431822e-05,5.46969562e-05,5.45378004e-05,5.43883299e-05,5.42590886e-05,5.41453895e-05,5.4050368e-05,5.39714455e-05,5.39027058e-05,5.38456089e-05,5.37999356e-05
"GCAM 7.1","Reference","Pakistan","Emissions|BC|AFOLU|Land","Mt BC/yr",6.930027e-05,6.336794e-05,5.562051e-05,5.56047355e-05,5.55323733e-05,5.53860409e-05,5.52449598e-05,5.51037691e-05,5.49722682e-05,5.48439528e-05,5.47000252e-05,5.45379258e-05,5.43887521e-05,5.42595723e-05,5.41457915e-05,5.40509297e-05,5.39722329e-05,5.39033067e-05,5.38462308e-05,5.38005684e-05
"GCAM 7.1","CurrentMeasures","Pakistan","Emissions|BC|AFOLU|Land|Fires","Mt BC/yr",6.930027e-05,6.336794e-05,5.562051e-05,5.56047355e-05,5.55323531e-05,5.53866277e-05,5.5245336e-05,5.51051741e-05,5.49727232e-05,5.48431822e-05,5.46969562e-05,5.45378004e-05,5.43883299e-05,5.42590886e-05,5.41453895e-05,5.4050368e-05,5.39714455e-05,5.39027058e-05,5.38456089e-05,5.37999356e-05
"GCAM 7.1","Reference","Pakistan","Emissions|BC|AFOLU|Land|Fires","Mt BC/yr",6.930027e-05,6.336794e-05,5.562051e-05,5.56047355e-05,5.55323733e-05,5.53860409e-05,5.52449598e-05,5.51037691e-05,5.49722682e-05,5.48439528e-05,5.47000252e-05,5.45379258e-05,5.43887521e-05,5.42595723e-05,5.41457915e-05,5.40509297e-05,5.39722329e-05,5.39033067e-05,5.38462308e-05,5.38005684e-05
"GCAM 7.1","CurrentMeasures","Pakistan","Emissions|BC|AFOLU|Land|Fires|Forest Burning","Mt BC/yr",0,0,0,0,0,0,0,0,0,0,0,0,0,0,0,0,0,0,0,0
"GCAM 7.1","Reference","Pakistan","Emissions|BC|AFOLU|Land|Fires|Forest Burning","Mt BC/yr",0,0,0,0,0,0,0,0,0,0,0,0,0,0,0,0,0,0,0,0
"GCAM 7.1","CurrentMeasures","Pakistan","Emissions|BC|Energy","Mt BC/yr",0.1206324599555,0.1317164666624,0.146992664820313,0.167956579624911,0.161850379370157,0.152431659223257,0.144710674323915,0.138108607254451,0.134586979322846,0.131910411671272,0.127114491181857,0.124134578729027,0.12201790861752,0.120448569634165,0.118914537812022,0.117148548894172,0.115151319758001,0.113306820209908,0.111298886513659,0.109426839937699
"GCAM 7.1","Reference","Pakistan","Emissions|BC|Energy","Mt BC/yr",0.1206324599555,0.1317164666624,0.146992664820313,0.167956579624911,0.162208947854233,0.152968824254539,0.145390713993071,0.13875540511913,0.134796956184207,0.131574056634207,0.126334580895331,0.12290411413881,0.120255872252014,0.118126369523244,0.116098792894479,0.113876529069613,0.111482401085588,0.109172241514213,0.106741919795981,0.10441434422117
"GCAM 7.1","CurrentMeasures","Pakistan","Emissions|BC|Energy and Industrial Processes","Mt BC/yr",0.1206342375771,0.1317181152224,0.146993521025093,0.167957774134911,0.161851583775557,0.152432914667057,0.144711941636115,0.138109803332851,0.134588045133946,0.131911370181862,0.127115343964227,0.124135343650612,0.122018596428373,0.120449186939645,0.118915095977712,0.117149053749852,0.115151776009831,0.11330723450692,0.111299263698174,0.109427184377656
"GCAM 7.1","Reference","Pakistan","Emissions|BC|Energy and Industrial Processes","Mt BC/yr",0.1206342375771,0.1317181152224,0.146993521025093,0.167957774134911,0.162210151516933,0.152970077777339,0.145391979153171,0.13875659986553,0.134798020066907,0.131575013772077,0.126335429935561,0.122904876994792,0.120256556349634,0.118126983178214,0.116099348017769,0.113877031139243,0.111482854863328,0.109172653656483,0.106742294910759,0.104414686904591
"GCAM 7.1","CurrentMeasures","Pakistan","Emissions|BC|Energy|Demand","Mt BC/yr",0.1267386448555,0.1308861856564,0.144913357850313,0.166457871347911,0.160706864827037,0.150806420599601,0.142484615550745,0.134756400502293,0.129870194384836,0.126104288388602,0.120892273820337,0.116764501631087,0.11337526559397,0.110501012204325,0.107722215154972,0.104944984902352,0.102221397134581,0.099502781758298,0.096818032904229,0.094278002266279
"GCAM 7.1","Reference","Pakistan","Emissions|BC|Energy|Demand","Mt BC/yr",0.1267386448555,0.1308861856564,0.144913357850313,0.166457871347911,0.160926346832043,0.151172160222582,0.143022901311415,0.1354277003035,0.130390428356397,0.126419127981317,0.121076495543461,0.11685612460594,0.113436751143604,0.110555960572894,0.107794174958369,0.105037979423293,0.102331364022888,0.099630307941513,0.096970667187681,0.09445651558047
"GCAM 7.1","CurrentMeasures","Pakistan","Emissions|BC|Energy|Demand|AFOFI","Mt BC/yr",0.000227836,0.0001131076,4.1372e-05,3.86222e-05,4.064975e-05,4.21591e-05,4.243417e-05,4.1676091e-05,4.064752e-05,3.849299e-05,3.667755e-05,3.5546254e-05,3.4314693e-05,3.2539236e-05,3.0355683e-05,2.7931333e-05,2.5501554e-05,2.3228768e-05,2.3045394e-05,2.3053262e-05
"GCAM 7.1","Reference","Pakistan","Emissions|BC|Energy|Demand|AFOFI","Mt BC/yr",0.000227836,0.0001131076,4.1372e-05,3.86222e-05,4.064993e-05,4.214997e-05,4.239865e-05,4.1597909e-05,4.05231e-05,3.831764e-05,3.646347e-05,3.5322631e-05,3.4105847e-05,3.2350336e-05,3.0184051e-05,2.7770647e-05,2.5346918e-05,2.3079687e-05,2.2891711e-05,2.2899899e-05
"GCAM 7.1","CurrentMeasures","Pakistan","Emissions|BC|Energy|Demand|Bunkers","Mt BC/yr",7.28467e-05,9.38083e-05,5.33599e-05,2.304162e-05,2.379445e-05,2.696408e-05,2.917979e-05,3.519566e-05,4.390519e-05,5.48767e-05,6.805533e-05,8.40443e-05,0.00010261672,0.00012347507,0.00014664382,0.00017149483,0.00019768911,0.00022523239,0.00025368454,0.00028279244
"GCAM 7.1","Reference","Pakistan","Emissions|BC|Energy|Demand|Bunkers","Mt BC/yr",7.28467e-05,9.38083e-05,5.33599e-05,2.304162e-05,2.379561e-05,2.696544e-05,2.918172e-05,3.519804e-05,4.38978e-05,5.487463e-05,6.805501e-05,8.404248e-05,0.00010261361,0.00012347214,0.00014663998,0.00017148057,0.0001976584,0.0002251936,0.00025364285,0.00028275294
"GCAM 7.1","CurrentMeasures","Pakistan","Emissions|BC|Energy|Demand|Bunkers|International Aviation","Mt BC/yr",3.18795e-05,2.95938e-05,2.84309e-05,1.71227e-05,1.79883e-05,2.14193e-05,2.53221e-05,3.22665e-05,4.12252e-05,5.22978e-05,6.5486e-05,8.14551e-05,0.000100039,0.000120932,0.000144152,0.000169076,0.000195354,0.000222977,0.000251509,0.000280714
"GCAM 7.1","Reference","Pakistan","Emissions|BC|Energy|Demand|Bunkers|International Aviation","Mt BC/yr",3.18795e-05,2.95938e-05,2.84309e-05,1.71227e-05,1.79891e-05,2.14202e-05,2.53234e-05,3.22683e-05,4.12193e-05,5.22961e-05,6.54858e-05,8.14535e-05,0.000100036,0.000120929,0.000144148,0.000169062,0.000195324,0.000222939,0.000251468,0.000280675
"GCAM 7.1","CurrentMeasures","Pakistan","Emissions|BC|Energy|Demand|Bunkers|International Shipping","Mt BC/yr",4.09672e-05,6.42145e-05,2.4929e-05,5.91892e-06,5.80615e-06,5.54478e-06,3.85769e-06,2.92916e-06,2.67999e-06,2.5789e-06,2.56933e-06,2.5892e-06,2.57772e-06,2.54307e-06,2.49182e-06,2.41883e-06,2.33511e-06,2.25539e-06,2.17554e-06,2.07844e-06
"GCAM 7.1","Reference","Pakistan","Emissions|BC|Energy|Demand|Bunkers|International Shipping","Mt BC/yr",4.09672e-05,6.42145e-05,2.4929e-05,5.91892e-06,5.80651e-06,5.54524e-06,3.85832e-06,2.92974e-06,2.6785e-06,2.57853e-06,2.56921e-06,2.58898e-06,2.57761e-06,2.54314e-06,2.49198e-06,2.41857e-06,2.3344e-06,2.2546e-06,2.17485e-06,2.07794e-06
"GCAM 7.1","CurrentMeasures","Pakistan","Emissions|BC|Energy|Demand|Commercial","Mt BC/yr",0.000292526611,0.0004071868112,0.000531900166,0.0003946412498,0.000377382342,0.0004672136388,0.0005825222147,0.000714327952,0.000849267097,0.000979766138,0.001062581233,0.001145751598,0.001199983978,0.001219746008,0.001197574186,0.001141107525,0.00105971583,0.000964672106,0.000862723124,0.000766068283
"GCAM 7.1","Reference","Pakistan","Emissions|BC|Energy|Demand|Commercial","Mt BC/yr",0.000292526611,0.0004071868112,0.000531900166,0.0003946412498,0.0003758343436,0.000457291263,0.0005646202672,0.000689716197,0.000817671969,0.000942271617,0.001025159026,0.001108271786,0.001165426281,0.001186710262,0.001166586366,0.00111103788,0.001030731804,0.000937827522,0.000839092734,0.000746946966
"GCAM 7.1","CurrentMeasures","Pakistan","Emissions|BC|Energy|Demand|Industry","Mt BC/yr",0.0092881186638,0.009537388375,0.0105213754508,0.0152379557582,0.017216509208458,0.021647757069818,0.02678170513529,0.032534051783917,0.038406899617092,0.044101269464016,0.049240880223142,0.053536398769732,0.057158081506179,0.060169086883881,0.062622632236205,0.064558061423475,0.066053211177273,0.067143922564857,0.067923907109201,0.068508744870525
"GCAM 7.1","Reference","Pakistan","Emissions|BC|Energy|Demand|Industry","Mt BC/yr",0.0092881186638,0.009537388375,0.0105213754508,0.0152379557582,0.017216391393352,0.021659358305578,0.026790393846225,0.032516851153661,0.038349365566738,0.043985411144506,0.049080960140792,0.053350112091131,0.056984919164867,0.06001522069894,0.062500995817841,0.064472315114552,0.065995402650073,0.067104224146143,0.067898816237499,0.068478052714297
"GCAM 7.1","CurrentMeasures","Pakistan","Emissions|BC|Energy|Demand|Residential","Mt BC/yr",0.0942942309807,0.1055195750302,0.116813118993513,0.131842005919911,0.124630901047579,0.111626315072983,0.098702026364755,0.086923802046476,0.076129355538644,0.066534270745586,0.055885719477195,0.047029847010955,0.039657788486591,0.033601176499644,0.028403181679767,0.023914830605877,0.020048456014308,0.016654004888441,0.013644020242028,0.010991136416754
"GCAM 7.1","Reference","Pakistan","Emissions|BC|Energy|Demand|Residential","Mt BC/yr",0.0942942309807,0.1055195750302,0.116813118993513,0.131842005919911,0.124620441754091,0.111579415658004,0.09862842403099,0.086833005746939,0.076027021426959,0.066420194831811,0.055777169999669,0.046930827504809,0.039568340936937,0.033517263119854,0.028324620842528,0.023838736100741,0.019974424355815,0.01658437450937,0.013580647932182,0.010938032923173
"GCAM 7.1","CurrentMeasures","Pakistan","Emissions|BC|Energy|Demand|Residential and Commercial","Mt BC/yr",0.0945867575917,0.1059267618414,0.117345019159513,0.132236647169711,0.125008283389579,0.112093528711783,0.099284548579455,0.087638129998476,0.076978622635644,0.067514036883586,0.056948300710195,0.048175598608955,0.040857772464591,0.034820922507644,0.029600755865767,0.025055938130877,0.021108171844308,0.017618676994441,0.014506743366028,0.011757204699754
"GCAM 7.1","Reference","Pakistan","Emissions|BC|Energy|Demand|Residential and Commercial","Mt BC/yr",0.0945867575917,0.1059267618414,0.117345019159513,0.132236647169711,0.124996276097691,0.112036706921004,0.09919304429819,0.087522721943939,0.076844693395959,0.067362466448811,0.056802329025669,0.048039099290809,0.040733767217937,0.034703973381854,0.029491207208528,0.024949773980741,0.021005156159815,0.01752220203137,0.014419740666182,0.011684979889173
"GCAM 7.1","CurrentMeasures","Pakistan","Emissions|BC|Energy|Demand|Residential and Commercial and AFOFI","Mt BC/yr",0.0948145935917,0.1060398694414,0.117386391159513,0.132275269369711,0.125048933139579,0.112135687811783,0.099326982749455,0.087679806089476,0.077019270155644,0.067552529873586,0.056984978260195,0.048211144862955,0.040892087157591,0.034853461743644,0.029631111548767,0.025083869463877,0.021133673398308,0.017641905762441,0.014529788760028,0.011780257961754
"GCAM 7.1","Reference","Pakistan","Emissions|BC|Energy|Demand|Residential and Commercial and AFOFI","Mt BC/yr",0.0948145935917,0.1060398694414,0.117386391159513,0.132275269369711,0.125036926027691,0.112078856891004,0.09923544294819,0.087564319852939,0.076885216495959,0.067400784088811,0.056838792495669,0.048074421921809,0.040767873064937,0.034736323717854,0.029521391259528,0.024977544627741,0.021030503077815,0.01754528171837,0.014442632377182,0.011707879788173
"GCAM 7.1","CurrentMeasures","Pakistan","Emissions|BC|Energy|Demand|Transportation","Mt BC/yr",0.0196712622,0.0192754866,0.021561063,0.0243570054,0.02341253066,0.02153363144,0.020959227,0.0187701996,0.018821312,0.01920312764,0.0198668167,0.02058075578,0.02109842584,0.02127492604,0.02116449136,0.02080372426,0.02028519096,0.0196946748,0.0190626978,0.0184213944
"GCAM 7.1","Reference","Pakistan","Emissions|BC|Energy|Demand|Transportation","Mt BC/yr",0.0196712622,0.0192754866,0.021561063,0.0243570054,0.02361415058,0.02191668186,0.02155896974,0.01957465274,0.01956157722,0.01982654802,0.02041729604,0.02108006776,0.02156884164,0.02174293276,0.0216426853,0.0212974423,0.020799158,0.0202364045,0.0196400412,0.019052201
"GCAM 7.1","CurrentMeasures","Pakistan","Emissions|BC|Energy|Demand|Transportation|Light-Duty Vehicle","Mt BC/yr",0.00322262,0.00380234,0.00394635,0.00463213,0.00439001,0.00390465,0.00358185,0.00301996,0.00254282,0.00205427,0.00167017,0.00134737,0.00107035,0.000853483,0.000676438,0.000534418,0.000422346,0.000334563,0.000265084,0.000225086
"GCAM 7.1","Reference","Pakistan","Emissions|BC|Energy|Demand|Transportation|Light-Duty Vehicle","Mt BC/yr",0.00322262,0.00380234,0.00394635,0.00463213,0.0046514,0.00434391,0.00423054,0.00385148,0.00328283,0.00269003,0.00222513,0.00182112,0.00146929,0.00119273,0.000964494,0.000778867,0.000630507,0.000512587,0.000417712,0.00035579
"GCAM 7.1","CurrentMeasures","Pakistan","Emissions|BC|Energy|Demand|Transportation|Truck","Mt BC/yr",0.00800571,0.006250272,0.007994819,0.008478815,0.008637695,0.008143853,0.0077396091,0.0068187826,0.0070399739,0.0071582323,0.0073013287,0.0075897544,0.0079396133,0.0082616736,0.0085035136,0.0086488516,0.0087131951,0.0087230252,0.0086827982,0.008573661
"GCAM 7.1","Reference","Pakistan","Emissions|BC|Energy|Demand|Transportation|Truck","Mt BC/yr",0.00800571,0.006250272,0.007994819,0.008478815,0.008637895,0.0081435671,0.0077337918,0.0067915391,0.0069845692,0.0070656543,0.0071786369,0.0074481503,0.0077900362,0.0081081882,0.0083455959,0.0084824327,0.0085345534,0.0085325303,0.0084840786,0.0083766756
"GCAM 7.1","CurrentMeasures","Pakistan","Emissions|BC|Energy|Supply","Mt BC/yr",0.0010071049,0.001381351246,0.00228042231,0.001686337677,0.00134102474212,0.001830183041656,0.00243246359917,0.003555082621058,0.00491485141011,0.00599392066367,0.00640141966852,0.00754405070634,0.00881092866375,0.01010750461664,0.01134192872705,0.01234162624682,0.01305638004242,0.01391962799261,0.01458621610443,0.01524497396542
"GCAM 7.1","Reference","Pakistan","Emissions|BC|Energy|Supply","Mt BC/yr",0.0010071049,0.001381351246,0.00228042231,0.001686337677,0.00148011203319,0.002001564137957,0.002574044708656,0.00353020015253,0.00460398811151,0.00534187061089,0.00543624177887,0.00622086861587,0.00698638249221,0.00772942748645,0.00845337823711,0.00897581775732,0.0092767277577,0.0096567811497,0.0098759124313,0.0100533254787
"GCAM 7.1","CurrentMeasures","Pakistan","Emissions|BC|Energy|Supply|Electricity","Mt BC/yr",0.0003802773,0.000724798446,0.00118386191,0.001120398277,0.00074787424212,0.001167303651656,0.00171455402917,0.002798631371058,0.00411801129011,0.00519628370367,0.00560767110852,0.00674343082634,0.00802375466375,0.00935617906664,0.01064096682705,0.01169739534682,0.01247945114242,0.01341023549261,0.01413336120443,0.01484209326542
"GCAM 7.1","Reference","Pakistan","Emissions|BC|Energy|Supply|Electricity","Mt BC/yr",0.0003802773,0.000724798446,0.00118386191,0.001120398277,0.00087628473319,0.001319406437957,0.001831018148656,0.00274361552253,0.00377818995151,0.00451023719089,0.00461084070887,0.00538226279587,0.00616393849221,0.00694595683645,0.00772206333711,0.00830492525732,0.0086774007577,0.0091283891497,0.0094111929313,0.0096413199787
"GCAM 7.1","CurrentMeasures","Pakistan","Emissions|BC|Energy|Supply|Fugitive","Mt BC/yr",0.0006268276,0.0006565528,0.0010965604,0.0005659394,0.0005931505,0.00066287939,0.00071790957,0.00075645125,0.00079684012,0.00079763696,0.00079374856,0.00080061988,0.000787174,0.00075132555,0.0007009619,0.0006442309,0.0005769289,0.0005093925,0.0004528549,0.0004028807
"GCAM 7.1","Reference","Pakistan","Emissions|BC|Energy|Supply|Fugitive","Mt BC/yr",0.0006268276,0.0006565528,0.0010965604,0.0005659394,0.0006038273,0.0006821577,0.00074302656,0.00078658463,0.00082579816,0.00083163342,0.00082540107,0.00083860582,0.000822444,0.00078347065,0.0007313149,0.0006708925,0.000599327,0.000528392,0.0004647195,0.0004120055
"GCAM 7.1","CurrentMeasures","Pakistan","Emissions|BC|Industrial Processes","Mt BC/yr",1.7776216e-06,1.64856e-06,8.5620478e-07,1.19451e-06,1.2044054e-06,1.2554438e-06,1.2673122e-06,1.1960784e-06,1.0658111e-06,9.5851059e-07,8.5278237e-07,7.64921585e-07,6.87810853e-07,6.1730548e-07,5.5816569e-07,5.0485568e-07,4.5625183e-07,4.14297012e-07,3.77184515e-07,3.44439957e-07
"GCAM 7.1","Reference","Pakistan","Emissions|BC|Industrial Processes","Mt BC/yr",1.7776216e-06,1.64856e-06,8.5620478e-07,1.19451e-06,1.2036627e-06,1.2535228e-06,1.2651601e-06,1.1947464e-06,1.0638827e-06,9.5713787e-07,8.4904023e-07,7.62855982e-07,6.8409762e-07,6.1365497e-07,5.5512329e-07,5.0206963e-07,4.5377774e-07,4.1214227e-07,3.75114778e-07,3.42683421e-07
"GCAM 7.1","CurrentMeasures","Pakistan","Emissions|BC|Industrial Processes|Chemicals","Mt BC/yr",1.30839e-06,1.29099e-06,8.50157e-07,1.19451e-06,1.2044054e-06,1.2554438e-06,1.2673122e-06,1.1960784e-06,1.0658111e-06,9.5851059e-07,8.5278237e-07,7.64921585e-07,6.87810853e-07,6.1730548e-07,5.5816569e-07,5.0485568e-07,4.5625183e-07,4.14297012e-07,3.77184515e-07,3.44439957e-07
"GCAM 7.1","Reference","Pakistan","Emissions|BC|Industrial Processes|Chemicals","Mt BC/yr",1.30839e-06,1.29099e-06,8.50157e-07,1.19451e-06,1.2036627e-06,1.2535228e-06,1.2651601e-06,1.1947464e-06,1.0638827e-06,9.5713787e-07,8.4904023e-07,7.62855982e-07,6.8409762e-07,6.1365497e-07,5.5512329e-07,5.0206963e-07,4.5377774e-07,4.1214227e-07,3.75114778e-07,3.42683421e-07
"GCAM 7.1","CurrentMeasures","Pakistan","Emissions|BC|Industrial Processes|Chemicals|Ammonia","Mt BC/yr",1.30839e-06,1.29099e-06,8.50157e-07,1.19451e-06,1.2044054e-06,1.2554438e-06,1.2673122e-06,1.1960784e-06,1.0658111e-06,9.5851059e-07,8.5278237e-07,7.64921585e-07,6.87810853e-07,6.1730548e-07,5.5816569e-07,5.0485568e-07,4.5625183e-07,4.14297012e-07,3.77184515e-07,3.44439957e-07
"GCAM 7.1","Reference","Pakistan","Emissions|BC|Industrial Processes|Chemicals|Ammonia","Mt BC/yr",1.30839e-06,1.29099e-06,8.50157e-07,1.19451e-06,1.2036627e-06,1.2535228e-06,1.2651601e-06,1.1947464e-06,1.0638827e-06,9.5713787e-07,8.4904023e-07,7.62855982e-07,6.8409762e-07,6.1365497e-07,5.5512329e-07,5.0206963e-07,4.5377774e-07,4.1214227e-07,3.75114778e-07,3.42683421e-07
"GCAM 7.1","CurrentMeasures","Pakistan","Emissions|BC|Industrial Processes|Iron and Steel","Mt BC/yr",4.692316e-07,3.5757e-07,6.04778e-09,0,0,0,0,0,0,0,0,0,0,0,0,0,0,0,0,0
"GCAM 7.1","Reference","Pakistan","Emissions|BC|Industrial Processes|Iron and Steel","Mt BC/yr",4.692316e-07,3.5757e-07,6.04778e-09,0,0,0,0,0,0,0,0,0,0,0,0,0,0,0,0,0
"GCAM 7.1","CurrentMeasures","Pakistan","Emissions|BC|Product Use","Mt BC/yr",5.467e-07,6.23e-07,4.989e-07,0,0,0,0,0,0,0,0,0,0,0,0,0,0,0,0,0
"GCAM 7.1","Reference","Pakistan","Emissions|BC|Product Use","Mt BC/yr",5.467e-07,6.23e-07,4.989e-07,0,0,0,0,0,0,0,0,0,0,0,0,0,0,0,0,0
"GCAM 7.1","CurrentMeasures","Pakistan","Emissions|BC|Waste","Mt BC/yr",0.00766871,0.00879077,0.00972541,0.00972541,0.0104021,0.0110396,0.0115557,0.0118697,0.0119563,0.011851,0.0116142,0.0122093,0.0127386,0.0131966,0.0135773,0.0138803,0.0141228,0.0143181,0.0144697,0.0145837
"GCAM 7.1","Reference","Pakistan","Emissions|BC|Waste","Mt BC/yr",0.00766871,0.00879077,0.00972541,0.00972541,0.0104021,0.0110396,0.0115557,0.0118697,0.0119563,0.011851,0.0116142,0.0122093,0.0127386,0.0131966,0.0135773,0.0138803,0.0141228,0.0143181,0.0144697,0.0145837
"GCAM 7.1","CurrentMeasures","Pakistan","Emissions|CH4","Mt CH4/yr",5.59326942584296,6.38888443221644,7.3157804829443,8.44803532066574,9.0659523635606,10.1570135303971,11.3234806143143,12.567359578392,13.8865723454916,15.3153226431935,16.7787441649798,18.2980885229053,19.7728946849721,21.1397915302974,22.3739541649382,23.4550632043606,24.3717485829797,25.1630179595608,25.8561434668766,26.4531797770974
"GCAM 7.1","Reference","Pakistan","Emissions|CH4","Mt CH4/yr",5.59326942584296,6.38888443221644,7.3157804829443,8.44803532066574,9.08106574770196,10.1850875809637,11.3614350925863,12.6158082101892,13.9337555201539,15.37066993611,16.831285903298,18.3684181049922,19.8496895851658,21.2178809714068,22.4575707485897,23.5412762424297,24.4569862257547,25.2477977009275,25.9265841090145,26.5207091095124
"GCAM 7.1","CurrentMeasures","Pakistan","Emissions|CH4|AFOLU","Mt CH4/yr",3.42276662894696,4.00400968624344,4.762537639148,5.59858301767374,6.1310710375239,7.04638783217451,8.04477273930055,9.13298993126911,10.2853099180084,11.5216443697058,12.7686227317589,14.0440269901708,15.2932914313728,16.4660917317323,17.5468429443757,18.5115270413936,19.3623685268757,20.1190902185306,20.7811018902928,21.3581273558167
"GCAM 7.1","Reference","Pakistan","Emissions|CH4|AFOLU","Mt CH4/yr",3.42276662894696,4.00400968624344,4.762537639148,5.59858301767374,6.13108662169446,7.04721641068733,8.04584017306381,9.13510393036712,10.2867088710303,11.5213655803097,12.7652453075687,14.0441419722224,15.2930809147818,16.465257078694,17.5469581605095,18.5113779505,19.3618090872741,20.1189603694382,20.7810292565659,21.3579641383743
"GCAM 7.1","CurrentMeasures","Pakistan","Emissions|CH4|AFOLU [NGHGI]","Mt CH4/yr",3.42276662894696,4.00400968624344,4.762537639148,5.59858301767374,6.1310710375239,7.04638783217451,8.04477273930055,9.13298993126911,10.2853099180084,11.5216443697058,12.7686227317589,14.0440269901708,15.2932914313728,16.4660917317323,17.5468429443757,18.5115270413936,19.3623685268757,20.1190902185306,20.7811018902928,21.3581273558167
"GCAM 7.1","Reference","Pakistan","Emissions|CH4|AFOLU [NGHGI]","Mt CH4/yr",3.42276662894696,4.00400968624344,4.762537639148,5.59858301767374,6.13108662169446,7.04721641068733,8.04584017306381,9.13510393036712,10.2867088710303,11.5213655803097,12.7652453075687,14.0441419722224,15.2930809147818,16.465257078694,17.5469581605095,18.5113779505,19.3618090872741,20.1189603694382,20.7810292565659,21.3579641383743
"GCAM 7.1","CurrentMeasures","Pakistan","Emissions|CH4|AFOLU|Agricultural Waste Burning","Mt CH4/yr",0.004866403946961,0.005419617543435,0.005866921548,0.006439867429743,0.006596255863899,0.007016074842514,0.007361828668549,0.00752550456311,0.007449003323401,0.007227922669786,0.006662272966936,0.006167556111763,0.005667862273803,0.005164360772338,0.004699261506678,0.004269066601645,0.003986811030743,0.004006127147601,0.004022061141797,0.004032706583734
"GCAM 7.1","Reference","Pakistan","Emissions|CH4|AFOLU|Agricultural Waste Burning","Mt CH4/yr",0.004866403946961,0.005419617543435,0.005866921548,0.006439867429743,0.006596070107459,0.007020353726332,0.007367476772813,0.007537954162118,0.007457061404347,0.007226991779699,0.006639969716683,0.006164661547368,0.005663178044772,0.00515805623304,0.004698187318513,0.004267784114045,0.003985097553107,0.004005235563228,0.004021404837884,0.004032244760278
"GCAM 7.1","CurrentMeasures","Pakistan","Emissions|CH4|AFOLU|Agriculture","Mt CH4/yr",3.4175368671,3.9982578157,4.7563790858,5.5918516012,6.124183612119,7.03908135186,8.037121245949,9.125175497018,10.277572679444,11.514128890984,12.761673669499,14.0375734792,15.287338398006,16.460642877442,17.54185978548,18.506974575707,19.358098730543,20.114801466517,20.776797503671,21.353812563192
"GCAM 7.1","Reference","Pakistan","Emissions|CH4|AFOLU|Agriculture","Mt CH4/yr",3.4175368671,3.9982578157,4.7563790858,5.5918516012,6.124199381945,7.039905654573,8.038183033689,9.127277053891,10.278963576758,11.513851028475,12.758318532464,14.03769135514,15.287132563433,16.459814526424,17.541976073692,18.506826764292,19.357541000233,20.114672505804,20.776725522938,21.353649804259
"GCAM 7.1","CurrentMeasures","Pakistan","Emissions|CH4|AFOLU|Agriculture|Livestock","Mt CH4/yr",3.05054033,3.66711579,4.37284943,5.12493657,5.65363525,6.5306853,7.49910283,8.56738316,9.72036148,10.96180727,12.24187602,13.52633135,14.77889694,15.95869145,17.04383532,18.01283131,18.87064124,19.63058399,20.29558438,20.87595834
"GCAM 7.1","Reference","Pakistan","Emissions|CH4|AFOLU|Agriculture|Livestock","Mt CH4/yr",3.05054033,3.66711579,4.37284943,5.12493657,5.65363683,6.53078984,7.49921541,8.56757964,9.72048806,10.9617398,12.24144851,13.52619734,14.77892473,15.95869263,17.04389423,18.01283949,18.8705223,19.63054411,20.29559475,20.87601872
"GCAM 7.1","CurrentMeasures","Pakistan","Emissions|CH4|AFOLU|Agriculture|Livestock|Enteric Fermentation","Mt CH4/yr",3.04263117,3.65604351,4.35682182,5.09951688,5.62552082,6.49799269,7.46128146,8.52383077,9.67055815,10.90523802,12.17832272,13.45573165,14.70138144,15.87463155,16.95372012,17.91728441,18.77026534,19.52591489,20.18714598,20.76421814
"GCAM 7.1","Reference","Pakistan","Emissions|CH4|AFOLU|Agriculture|Livestock|Enteric Fermentation","Mt CH4/yr",3.04263117,3.65604351,4.35682182,5.09951688,5.62552243,6.49809709,7.46139371,8.52402649,9.67068429,10.90517081,12.17789731,13.45559814,14.70140943,15.87463273,16.95377903,17.91729289,18.7701471,19.52587541,20.18715645,20.76427852
"GCAM 7.1","CurrentMeasures","Pakistan","Emissions|CH4|AFOLU|Agriculture|Rice","Mt CH4/yr",0.3669965371,0.3311420257,0.3835296558,0.4669150312,0.470548362119,0.50839605186,0.538018415949,0.557792337018,0.557211199444,0.552321620984,0.519797649499,0.5112421292,0.508441458006,0.501951427442,0.49802446548,0.494143265707,0.487457490543,0.484217476517,0.481213123671,0.477854223192
"GCAM 7.1","Reference","Pakistan","Emissions|CH4|AFOLU|Agriculture|Rice","Mt CH4/yr",0.3669965371,0.3311420257,0.3835296558,0.4669150312,0.470562551945,0.509115814573,0.538967623689,0.559697413891,0.558475516758,0.552111228475,0.516870022464,0.51149401514,0.508207833433,0.501121896424,0.498081843692,0.493987274292,0.487018700233,0.484128395804,0.481130772938,0.477631084259
"GCAM 7.1","CurrentMeasures","Pakistan","Emissions|CH4|AFOLU|Land","Mt CH4/yr",0.0003633579,0.000332253,0.0002916318,0.000291549044,0.000291169541,0.000290405472,0.000289664683,0.000288929688,0.000288235241,0.000287556052,0.000286789293,0.000285954859,0.000285171093,0.000284493518,0.000283897389,0.000283399085,0.000282985302,0.000282624866,0.00028232548,0.000282086041
"GCAM 7.1","Reference","Pakistan","Emissions|CH4|AFOLU|Land","Mt CH4/yr",0.0003633579,0.000332253,0.0002916318,0.000291549044,0.000291169642,0.000290402388,0.000289662602,0.000288922314,0.000288232868,0.000287560055,0.000286805388,0.000285955535,0.000285173304,0.000284496037,0.000283899499,0.000283402094,0.000282989488,0.000282628071,0.00028232879,0.000282089355
"GCAM 7.1","CurrentMeasures","Pakistan","Emissions|CH4|AFOLU|Land|Fires","Mt CH4/yr",0.0003633579,0.000332253,0.0002916318,0.000291549044,0.000291169541,0.000290405472,0.000289664683,0.000288929688,0.000288235241,0.000287556052,0.000286789293,0.000285954859,0.000285171093,0.000284493518,0.000283897389,0.000283399085,0.000282985302,0.000282624866,0.00028232548,0.000282086041
"GCAM 7.1","Reference","Pakistan","Emissions|CH4|AFOLU|Land|Fires","Mt CH4/yr",0.0003633579,0.000332253,0.0002916318,0.000291549044,0.000291169642,0.000290402388,0.000289662602,0.000288922314,0.000288232868,0.000287560055,0.000286805388,0.000285955535,0.000285173304,0.000284496037,0.000283899499,0.000283402094,0.000282989488,0.000282628071,0.00028232879,0.000282089355
"GCAM 7.1","CurrentMeasures","Pakistan","Emissions|CH4|AFOLU|Land|Fires|Forest Burning","Mt CH4/yr",0,0,0,0,0,0,0,0,0,0,0,0,0,0,0,0,0,0,0,0
"GCAM 7.1","Reference","Pakistan","Emissions|CH4|AFOLU|Land|Fires|Forest Burning","Mt CH4/yr",0,0,0,0,0,0,0,0,0,0,0,0,0,0,0,0,0,0,0,0
"GCAM 7.1","CurrentMeasures","Pakistan","Emissions|CH4|Energy","Mt CH4/yr",1.179477551406,1.257165744173,1.277931024694,1.375667562992,1.3691593790367,1.42787223622263,1.48431978901374,1.53874190512291,1.61704854488318,1.68932629708774,1.78375921567087,1.91406240016449,2.03848694497934,2.1450848430651,2.22572848916251,2.28420909876694,2.30369728860399,2.30088143143019,2.30298426628379,2.30118519888063
"GCAM 7.1","Reference","Pakistan","Emissions|CH4|Energy","Mt CH4/yr",1.179477551406,1.257165744173,1.277931024694,1.375667562992,1.3842609600075,1.4551277852764,1.5212186265225,1.58508420982208,1.66284464942356,1.74496148050028,1.83970524704933,1.98429318232986,2.11552434832402,2.22404362751275,2.30926182638018,2.37060368332961,2.38952625488063,2.38582170290931,2.37353005014866,2.36890810463813
"GCAM 7.1","CurrentMeasures","Pakistan","Emissions|CH4|Energy and Industrial Processes","Mt CH4/yr",1.184317019796,1.262860570973,1.2824624609963,1.381646302992,1.3752587260367,1.43446269822263,1.49126147501374,1.54564864712291,1.62360892748318,1.69567317348774,1.78988243322087,1.92005723273449,2.04441025359934,2.1509477985651,2.23159422056251,2.29008616296694,2.30957605610399,2.30678074103019,2.30890757658379,2.30713942128063
"GCAM 7.1","Reference","Pakistan","Emissions|CH4|Energy and Industrial Processes","Mt CH4/yr",1.184317019796,1.262860570973,1.2824624609963,1.381646302992,1.3903565260075,1.4617081702764,1.5281485195225,1.59198327982208,1.66939314912356,1.75129925580028,1.84580159572933,1.99027183276986,2.12141567038402,2.22987189271275,2.31509558808018,2.37644829192961,2.39537313848063,2.39169033148931,2.37942085244866,2.37483197113813
"GCAM 7.1","CurrentMeasures","Pakistan","Emissions|CH4|Energy|Demand","Mt CH4/yr",0.434810416166,0.523530004893,0.551644009324,0.617416841592,0.591451260525,0.556671078356,0.53307576946,0.514087114544,0.5054716016568,0.5026038569623,0.5100396553046,0.5216792811575,0.53669263897828,0.55195393956486,0.568099422624412,0.583624014977443,0.599497771210092,0.613921877873389,0.626514722441788,0.637283849636228
"GCAM 7.1","Reference","Pakistan","Emissions|CH4|Energy|Demand","Mt CH4/yr",0.434810416166,0.523530004893,0.551644009324,0.617416841592,0.592250246797,0.557260539034,0.534461097464,0.516472718907,0.5073258304151,0.503736199108,0.5103936696916,0.5211547167326,0.5343683841951,0.5495049342471,0.565393952521203,0.580660212522714,0.596325138624326,0.610707382801709,0.623419631786158,0.636778701564228
"GCAM 7.1","CurrentMeasures","Pakistan","Emissions|CH4|Energy|Demand|AFOFI","Mt CH4/yr",5.67098e-05,7.22024e-06,2.64134e-06,2.4714e-06,2.631799e-06,2.829418e-06,2.971546e-06,3.0767189e-06,3.1986621e-06,3.258591e-06,3.366877e-06,3.5615584e-06,3.7779902e-06,3.9510168e-06,4.07835e-06,4.156905e-06,4.200819e-06,4.228651e-06,4.235045e-06,4.236494e-06
"GCAM 7.1","Reference","Pakistan","Emissions|CH4|Energy|Demand|AFOFI","Mt CH4/yr",5.67098e-05,7.22024e-06,2.64134e-06,2.4714e-06,2.631811e-06,2.828806e-06,2.969057e-06,3.0709469e-06,3.1888737e-06,3.243748e-06,3.347227e-06,3.539153e-06,3.7549938e-06,3.9280761e-06,4.055291e-06,4.132991e-06,4.175345e-06,4.201507e-06,4.206803e-06,4.208308e-06
"GCAM 7.1","CurrentMeasures","Pakistan","Emissions|CH4|Energy|Demand|Bunkers","Mt CH4/yr",6.59503e-06,1.09095e-05,4.36509e-06,1.0246e-06,1.01692e-06,1.00668e-06,7.308e-07,5.84989e-07,5.70521e-07,5.90592e-07,6.38045e-07,7.01803e-07,7.6775e-07,8.3534e-07,9.05661e-07,9.7384e-07,1.04059e-06,1.11071e-06,1.18159e-06,1.24262e-06
"GCAM 7.1","Reference","Pakistan","Emissions|CH4|Energy|Demand|Bunkers","Mt CH4/yr",6.59503e-06,1.09095e-05,4.36509e-06,1.0246e-06,1.01698e-06,1.00677e-06,7.30918e-07,5.85106e-07,5.70203e-07,5.90507e-07,6.38016e-07,7.01745e-07,7.67719e-07,8.35362e-07,9.0572e-07,9.73736e-07,1.04027e-06,1.11032e-06,1.18122e-06,1.24233e-06
"GCAM 7.1","CurrentMeasures","Pakistan","Emissions|CH4|Energy|Demand|Bunkers|International Shipping","Mt CH4/yr",6.59503e-06,1.09095e-05,4.36509e-06,1.0246e-06,1.01692e-06,1.00668e-06,7.308e-07,5.84989e-07,5.70521e-07,5.90592e-07,6.38045e-07,7.01803e-07,7.6775e-07,8.3534e-07,9.05661e-07,9.7384e-07,1.04059e-06,1.11071e-06,1.18159e-06,1.24262e-06
"GCAM 7.1","Reference","Pakistan","Emissions|CH4|Energy|Demand|Bunkers|International Shipping","Mt CH4/yr",6.59503e-06,1.09095e-05,4.36509e-06,1.0246e-06,1.01698e-06,1.00677e-06,7.30918e-07,5.85106e-07,5.70203e-07,5.90507e-07,6.38016e-07,7.01745e-07,7.67719e-07,8.35362e-07,9.0572e-07,9.73736e-07,1.04027e-06,1.11032e-06,1.18122e-06,1.24233e-06
"GCAM 7.1","CurrentMeasures","Pakistan","Emissions|CH4|Energy|Demand|Commercial","Mt CH4/yr",0.0022927489,0.0027760156,0.0026957744,0.0023593354,0.0025160603,0.0034233022,0.0045692615,0.00615816,0.00857206,0.011567912,0.015778255,0.020600987,0.025951746,0.031091264,0.036502182,0.041758425,0.046949659,0.051700373,0.055825981,0.058814929
"GCAM 7.1","Reference","Pakistan","Emissions|CH4|Energy|Demand|Commercial","Mt CH4/yr",0.0022927489,0.0027760156,0.0026957744,0.0023593354,0.0024931239,0.0032875332,0.0043206392,0.005780839,0.007998409,0.010825141,0.0147398,0.019197193,0.02391859,0.02865989,0.033556485,0.038243513,0.042821535,0.046933828,0.050406335,0.053354009
"GCAM 7.1","CurrentMeasures","Pakistan","Emissions|CH4|Energy|Demand|Industry","Mt CH4/yr",0.0113454957,0.011981711,0.0139559351,0.0255761361,0.0291213045,0.0374701105,0.04719736358,0.05813104359,0.069462700739,0.080797162783,0.0918550706126,0.1019430638055,0.11131910533628,0.11980321627586,0.127297057802412,0.133659939016443,0.138957551841092,0.143222415332389,0.146655203039788,0.149459617350228
"GCAM 7.1","Reference","Pakistan","Emissions|CH4|Energy|Demand|Industry","Mt CH4/yr",0.0113454957,0.011981711,0.0139559351,0.0255761361,0.02912831346,0.03754269096,0.04732171363,0.05827905932,0.0696262157,0.080962476477,0.0920217604526,0.1021018792266,0.1114866302901,0.1199608424141,0.127452304338203,0.133828860861714,0.139143012880326,0.143410437096709,0.146829071140158,0.149560156890228
"GCAM 7.1","CurrentMeasures","Pakistan","Emissions|CH4|Energy|Demand|Residential","Mt CH4/yr",0.386956769196,0.431816926783,0.477992840194,0.537360385162,0.508086191154,0.467113911183,0.434752137539,0.406773864572,0.384057654927,0.364690499524,0.352846548255,0.344257016248,0.33801901937,0.331929998011,0.326621138783,0.321450851536,0.317407337157,0.313077633216,0.308304074166,0.303381499412
"GCAM 7.1","Reference","Pakistan","Emissions|CH4|Energy|Demand|Residential","Mt CH4/yr",0.386956769196,0.431816926783,0.477992840194,0.537360385162,0.507739545789,0.465280105152,0.431726033475,0.402710520596,0.37874128768,0.358518348746,0.345529620097,0.335740654706,0.327491501113,0.320537646134,0.314145050704,0.307816646307,0.30263528189,0.297316285652,0.291728062519,0.287703729095
"GCAM 7.1","CurrentMeasures","Pakistan","Emissions|CH4|Energy|Demand|Residential and Commercial","Mt CH4/yr",0.389249518096,0.434592942383,0.480688614594,0.539719720562,0.510602251454,0.470537213383,0.439321399039,0.412932024572,0.392629714927,0.376258411524,0.368624803255,0.364858003248,0.36397076537,0.363021262011,0.363123320783,0.363209276536,0.364356996157,0.364778006216,0.364130055166,0.362196428412
"GCAM 7.1","Reference","Pakistan","Emissions|CH4|Energy|Demand|Residential and Commercial","Mt CH4/yr",0.389249518096,0.434592942383,0.480688614594,0.539719720562,0.510232669689,0.468567638352,0.436046672675,0.408491359596,0.38673969668,0.369343489746,0.360269420097,0.354937847706,0.351410091113,0.349197536134,0.347701535704,0.346060159307,0.34545681689,0.344250113652,0.342134397519,0.341057738095
"GCAM 7.1","CurrentMeasures","Pakistan","Emissions|CH4|Energy|Demand|Residential and Commercial and AFOFI","Mt CH4/yr",0.389306227896,0.434600162623,0.480691255934,0.539722191962,0.510604883253,0.470540042801,0.439324370585,0.4129351012909,0.3926329135891,0.376261670115,0.368628170132,0.3648615648064,0.3639745433602,0.3630252130278,0.363127399133,0.363213433441,0.364361196976,0.364782234867,0.364134290211,0.362200664906
"GCAM 7.1","Reference","Pakistan","Emissions|CH4|Energy|Demand|Residential and Commercial and AFOFI","Mt CH4/yr",0.389306227896,0.434600162623,0.480691255934,0.539722191962,0.5102353015,0.468570467158,0.436049641732,0.4084944305429,0.3867428855537,0.369346733494,0.360272767324,0.354941386859,0.3514138461068,0.3492014642101,0.347705590995,0.346064292298,0.345460992235,0.344254315159,0.342138604322,0.341061946403
"GCAM 7.1","CurrentMeasures","Pakistan","Emissions|CH4|Energy|Demand|Transportation","Mt CH4/yr",0.0516535108,0.11288521256,0.08433289938,0.07535096793,0.074616982152,0.069837488276,0.066253537352,0.061542840786,0.0617892601396,0.0657716033566,0.072833312184,0.081653073672,0.092150722034,0.104476001763,0.118083218609,0.132523340356,0.14750797546,0.162923101231,0.178358777211,0.193896530777
"GCAM 7.1","Reference","Pakistan","Emissions|CH4|Energy|Demand|Transportation","Mt CH4/yr",0.0516535108,0.11288521256,0.08433289938,0.07535096793,0.076192041796,0.073508511484,0.073329858422,0.07224576509,0.0745047912442,0.079385741676,0.087995724412,0.09844231287,0.110827239226,0.125632731474,0.142113038988,0.159669684017,0.177933766018,0.196751626329,0.215619620614,0.234953638747
"GCAM 7.1","CurrentMeasures","Pakistan","Emissions|CH4|Energy|Demand|Transportation|Light-Duty Vehicle","Mt CH4/yr",0.00940822288,0.01967987146,0.0150486797,0.01309492273,0.01255687315,0.01157749931,0.01108162973,0.009850059,0.0088409052,0.00768357177,0.0067740336,0.00596475093,0.00520673701,0.004578826113,0.004015404147,0.003514107814,0.003073910784,0.002690967999,0.002351455081,0.002197874731
"GCAM 7.1","Reference","Pakistan","Emissions|CH4|Energy|Demand|Transportation|Light-Duty Vehicle","Mt CH4/yr",0.00940822288,0.01967987146,0.0150486797,0.01309492273,0.01330455554,0.01287994942,0.01308858406,0.01256218818,0.01141377222,0.01006149708,0.00902488684,0.00806206234,0.00714739092,0.0063988412,0.00572531553,0.005121499219,0.00458893715,0.004122861137,0.0037053452,0.003474140751
"GCAM 7.1","CurrentMeasures","Pakistan","Emissions|CH4|Energy|Demand|Transportation|Truck","Mt CH4/yr",0.007355881,0.0213238,0.01460861,0.01579403,0.01627952,0.015910508,0.015777385,0.014654023,0.0161270656,0.017640209,0.019510941,0.0221372,0.025446542,0.029202424,0.033257654,0.037470203,0.041782479,0.046226622,0.050746333,0.055158717
"GCAM 7.1","Reference","Pakistan","Emissions|CH4|Energy|Demand|Transportation|Truck","Mt CH4/yr",0.007355881,0.0213238,0.01460861,0.01579403,0.016279896,0.015909945,0.015765518,0.0145954765,0.0160001322,0.017412046,0.019183091,0.0217242009,0.02496716,0.028659868,0.032640059,0.036749254,0.040925834,0.045216956,0.049584998,0.053891349
"GCAM 7.1","CurrentMeasures","Pakistan","Emissions|CH4|Energy|Supply","Mt CH4/yr",0.74461042544,0.73362851904,0.72628437403,0.75824825,0.7777054867127,0.87119832844863,0.95124104800774,1.02465171386001,1.11157374456428,1.18671918153444,1.27371619348927,1.39237955744859,1.50179052801086,1.59312695248344,1.6576249881881,1.7005809268845,1.7041953165749,1.6869553249058,1.676465308797,1.6638971127504
"GCAM 7.1","Reference","Pakistan","Emissions|CH4|Energy|Supply","Mt CH4/yr",0.74461042544,0.73362851904,0.72628437403,0.75824825,0.7920080813995,0.8978644174364,0.9867545600015,1.06860841996818,1.15551563013476,1.24122203764428,1.32930823013073,1.46313492644426,1.58115220913512,1.67453476518955,1.74386381856798,1.7899393378159,1.7931969409113,1.7751101186006,1.7501062115595,1.7321251947659
"GCAM 7.1","CurrentMeasures","Pakistan","Emissions|CH4|Energy|Supply|Electricity","Mt CH4/yr",0.01361422544,0.01091601904,0.01452104403,0.0109377,0.00327311424,0.003918720003,0.004517253901,0.00563421962,0.00707768972,0.00818142645,0.00881990904,0.01041848624,0.01206253181,0.0138225302,0.01551764472,0.01721002395,0.01867895913,0.02053285013,0.02258904609,0.0249796347
"GCAM 7.1","Reference","Pakistan","Emissions|CH4|Energy|Supply|Electricity","Mt CH4/yr",0.01361422544,0.01091601904,0.01452104403,0.0109377,0.00357797894,0.004530748731,0.005399750907,0.00685514475,0.00869214764,0.00999894848,0.01059985295,0.01257356089,0.01425682749,0.0158247727,0.01734214448,0.0187752524,0.0199514681,0.0214604889,0.0230815836,0.0248921154
"GCAM 7.1","CurrentMeasures","Pakistan","Emissions|CH4|Energy|Supply|Fugitive","Mt CH4/yr",0.7309962,0.7227125,0.71176333,0.74731055,0.77443212,0.86727639,0.94671496,1.0189993,1.104458492,1.178468957,1.264771287,1.3817557541,1.48942959,1.578901592,1.64158844,1.68271046,1.68468423,1.66538153,1.652581774,1.63734369
"GCAM 7.1","Reference","Pakistan","Emissions|CH4|Energy|Supply|Fugitive","Mt CH4/yr",0.7309962,0.7227125,0.71176333,0.74731055,0.78842983,0.89333009,0.98134493,1.06173285,1.146782881,1.231150811,1.318580955,1.4503490532,1.566590253,1.658299673,1.725994794,1.770498449,1.77241218,1.75260921,1.72573107,1.70563139
"GCAM 7.1","CurrentMeasures","Pakistan","Emissions|CH4|Energy|Supply|Hydrogen","Mt CH4/yr",0,0,0,0,1.28577e-08,2.9301853e-07,9.1217564e-07,2.27227811e-06,3.54690308e-06,4.89804754e-06,6.00880987e-06,7.22043379e-06,8.5061069e-06,9.869525e-06,1.1299658e-05,1.292423e-05,1.4705883e-05,1.65558e-05,1.8482909e-05,2.0515968e-05
"GCAM 7.1","Reference","Pakistan","Emissions|CH4|Energy|Supply|Hydrogen","Mt CH4/yr",0,0,0,0,1.29055e-08,2.97068e-07,9.23017e-07,2.29113098e-06,3.56729366e-06,4.88569598e-06,5.96889373e-06,7.16615206e-06,8.4438853e-06,9.785962e-06,1.1193054e-05,1.2779651e-05,1.4519412e-05,1.6338924e-05,1.8245289e-05,2.0330051e-05
"GCAM 7.1","CurrentMeasures","Pakistan","Emissions|CH4|Energy|Supply|Liquids","Mt CH4/yr",0,0,0,0,2.39615e-07,2.9254271e-06,7.9219311e-06,1.59219619e-05,3.40159412e-05,6.39000369e-05,0.0001189886394,0.0001980966748,0.00028990009396,0.00039296075844,0.0005076038101,0.0006475187045,0.0008174215619,0.0010243889758,0.001276005798,0.0015532720824
"GCAM 7.1","Reference","Pakistan","Emissions|CH4|Energy|Supply|Liquids","Mt CH4/yr",0,0,0,0,2.59554e-07,3.2816374e-06,8.9560775e-06,1.81340872e-05,3.70342011e-05,6.73924683e-05,0.000121453287,0.0002051462022,0.00029668475982,0.00040053352755,0.00051568703398,0.0006528567649,0.0008187733993,0.0010240807766,0.0012753126705,0.0015813593149
"GCAM 7.1","CurrentMeasures","Pakistan","Emissions|CH4|Industrial Processes","Mt CH4/yr",0.00483946839,0.0056948268,0.0045314363023,0.00597874,0.006099347,0.006590462,0.006941686,0.006906742,0.0065603826,0.0063468764,0.00612321755,0.00599483257,0.00592330862,0.0058629555,0.0058657314,0.0058770642,0.0058787675,0.0058993096,0.0059233103,0.0059542224
"GCAM 7.1","Reference","Pakistan","Emissions|CH4|Industrial Processes","Mt CH4/yr",0.00483946839,0.0056948268,0.0045314363023,0.00597874,0.006095566,0.006580385,0.006929893,0.00689907,0.0065484997,0.0063377753,0.00609634868,0.00597865044,0.00589132206,0.0058282652,0.0058337617,0.0058446086,0.0058468836,0.00586862858,0.0058908023,0.0059238665
"GCAM 7.1","CurrentMeasures","Pakistan","Emissions|CH4|Industrial Processes|Chemicals","Mt CH4/yr",0.00457928,0.00521965,0.00449939,0.00597874,0.006099347,0.006590462,0.006941686,0.006906742,0.0065603826,0.0063468764,0.00612321755,0.00599483257,0.00592330862,0.0058629555,0.0058657314,0.0058770642,0.0058787675,0.0058993096,0.0059233103,0.0059542224
"GCAM 7.1","Reference","Pakistan","Emissions|CH4|Industrial Processes|Chemicals","Mt CH4/yr",0.00457928,0.00521965,0.00449939,0.00597874,0.006095566,0.006580385,0.006929893,0.00689907,0.0065484997,0.0063377753,0.00609634868,0.00597865044,0.00589132206,0.0058282652,0.0058337617,0.0058446086,0.0058468836,0.00586862858,0.0058908023,0.0059238665
"GCAM 7.1","CurrentMeasures","Pakistan","Emissions|CH4|Industrial Processes|Chemicals|Ammonia","Mt CH4/yr",0.00457928,0.00521965,0.00449939,0.00597874,0.006099347,0.006590462,0.006941686,0.006906742,0.0065603826,0.0063468764,0.00612321755,0.00599483257,0.00592330862,0.0058629555,0.0058657314,0.0058770642,0.0058787675,0.0058993096,0.0059233103,0.0059542224
"GCAM 7.1","Reference","Pakistan","Emissions|CH4|Industrial Processes|Chemicals|Ammonia","Mt CH4/yr",0.00457928,0.00521965,0.00449939,0.00597874,0.006095566,0.006580385,0.006929893,0.00689907,0.0065484997,0.0063377753,0.00609634868,0.00597865044,0.00589132206,0.0058282652,0.0058337617,0.0058446086,0.0058468836,0.00586862858,0.0058908023,0.0059238665
"GCAM 7.1","CurrentMeasures","Pakistan","Emissions|CH4|Industrial Processes|Iron and Steel","Mt CH4/yr",0.00026018839,0.0004751768,3.20463023e-05,0,0,0,0,0,0,0,0,0,0,0,0,0,0,0,0,0
"GCAM 7.1","Reference","Pakistan","Emissions|CH4|Industrial Processes|Iron and Steel","Mt CH4/yr",0.00026018839,0.0004751768,3.20463023e-05,0,0,0,0,0,0,0,0,0,0,0,0,0,0,0,0,0
"GCAM 7.1","CurrentMeasures","Pakistan","Emissions|CH4|Product Use","Mt CH4/yr",5.40771e-05,6.7375e-05,3.53828e-05,0,0,0,0,0,0,0,0,0,0,0,0,0,0,0,0,0
"GCAM 7.1","Reference","Pakistan","Emissions|CH4|Product Use","Mt CH4/yr",5.40771e-05,6.7375e-05,3.53828e-05,0,0,0,0,0,0,0,0,0,0,0,0,0,0,0,0,0
"GCAM 7.1","CurrentMeasures","Pakistan","Emissions|CH4|Waste","Mt CH4/yr",0.9861317,1.1219468,1.270745,1.467806,1.5596226,1.676163,1.7874464,1.888721,1.9776535,2.0980051,2.220239,2.3340043,2.435193,2.522752,2.595517,2.65345,2.699804,2.737147,2.766134,2.787913
"GCAM 7.1","Reference","Pakistan","Emissions|CH4|Waste","Mt CH4/yr",0.9861317,1.1219468,1.270745,1.467806,1.5596226,1.676163,1.7874464,1.888721,1.9776535,2.0980051,2.220239,2.3340043,2.435193,2.522752,2.595517,2.65345,2.699804,2.737147,2.766134,2.787913
"GCAM 7.1","CurrentMeasures","Pakistan","Emissions|CO","Mt CO/yr",8.73038081852429,9.64159206269078,11.0984684967481,14.258091152408,14.4269082384663,14.8388975550574,15.5923629292119,16.5759341451967,17.7271646652387,18.906676662589,20.029427481273,21.0592149136437,22.0327959873615,22.9497703235495,23.7360581578537,24.3655148860815,24.8491574531459,25.1814761103616,25.3770361876579,25.4823195099206
"GCAM 7.1","Reference","Pakistan","Emissions|CO","Mt CO/yr",8.73038081852429,9.64159206269078,11.0984684967481,14.258091152408,14.4774344501996,14.9542793913412,15.7925088169184,16.8550280409643,18.0341173729661,19.2141062481827,20.342816518477,21.3778199869006,22.3713952105738,23.2997751897668,24.1002907985916,24.7472401668793,25.244853598572,25.5851185545628,25.7841406761753,25.8796763648718
"GCAM 7.1","CurrentMeasures","Pakistan","Emissions|CO2","Mt CO2/yr",134.249774807651,147.317954800652,192.938470171213,237.351576771735,238.609853415745,280.238706338061,333.407848830169,401.889960637515,486.221916962918,574.087591610092,660.316274860912,773.054228667433,893.025143673588,1016.86553015165,1137.25274828696,1247.84033442712,1343.97541734679,1434.62738743772,1520.21118919035,1600.22812127027
"GCAM 7.1","Reference","Pakistan","Emissions|CO2","Mt CO2/yr",134.249774807651,147.317954800652,192.938470171213,237.351576771735,244.996573266337,295.223295404196,358.455313284014,440.845699814191,540.980350587029,641.81126698955,734.345333694908,868.922777542032,1011.85044954126,1160.6457843009,1311.36576814101,1451.58063059658,1573.32165696191,1691.74306844501,1803.88325759947,1908.95516940972
"GCAM 7.1","CurrentMeasures","Pakistan","Emissions|CO2|AFOLU","Mt CO2/yr",3.93938452125288,-7.97364122816481,14.5554620502438,6.54206188138754,-4.86782376925427,-11.0838590755729,-13.6175280608234,-15.445778091794,-16.7596556115751,-17.9276315061555,-19.7623149172256,-18.8571346793234,-18.0915696967034,-16.7647630139502,-15.0429577857998,-13.2009660963497,-10.8636675625512,-9.71422000726015,-8.62094702023249,-7.58347679945457
"GCAM 7.1","Reference","Pakistan","Emissions|CO2|AFOLU","Mt CO2/yr",3.93938452125288,-7.97364122816481,14.5554620502438,6.54206188138754,-4.87305526311491,-11.0786515602327,-13.5839910322049,-15.4132220074556,-16.6976810241363,-17.8795613482345,-19.9368372873557,-18.8812401582742,-18.0577228594524,-16.7632210672982,-14.9875668998388,-13.1323013573291,-10.79145204222,-9.7224579089736,-8.61673962696013,-7.57733319172626
"GCAM 7.1","CurrentMeasures","Pakistan","Emissions|CO2|AFOLU [NGHGI]","Mt CO2/yr",3.93938452125288,-7.97364122816481,14.5554620502438,6.54206188138754,-4.86782376925427,-11.0838590755729,-13.6175280608234,-15.445778091794,-16.7596556115751,-17.9276315061555,-19.7623149172256,-18.8571346793234,-18.0915696967034,-16.7647630139502,-15.0429577857998,-13.2009660963497,-10.8636675625512,-9.71422000726015,-8.62094702023249,-7.58347679945457
"GCAM 7.1","Reference","Pakistan","Emissions|CO2|AFOLU [NGHGI]","Mt CO2/yr",3.93938452125288,-7.97364122816481,14.5554620502438,6.54206188138754,-4.87305526311491,-11.0786515602327,-13.5839910322049,-15.4132220074556,-16.6976810241363,-17.8795613482345,-19.9368372873557,-18.8812401582742,-18.0577228594524,-16.7632210672982,-14.9875668998388,-13.1323013573291,-10.79145204222,-9.7224579089736,-8.61673962696013,-7.57733319172626
"GCAM 7.1","CurrentMeasures","Pakistan","Emissions|CO2|Energy","Mt CO2/yr",121.833056182398,139.334261244816,162.425673336969,214.852180106348,225.882390918761,268.491278671396,318.16113226697,381.783262497266,460.441598707223,542.322039898686,623.312011750873,728.306047077789,840.948617791374,957.35595329824,1070.45971033313,1174.35444000951,1263.94754734648,1349.81731918519,1431.20005946828,1507.50618411772
"GCAM 7.1","Reference","Pakistan","Emissions|CO2|Energy","Mt CO2/yr",121.833056182398,139.334261244816,162.425673336969,214.852180106348,232.264687929003,283.399743215744,343.046425680503,420.527376573325,514.907585722943,609.713038427683,697.186049791707,823.837355981822,959.338396385276,1100.70041406136,1244.04259869138,1377.4945198583,1492.62627045382,1606.29093636842,1714.17527205448,1815.55650915515
"GCAM 7.1","CurrentMeasures","Pakistan","Emissions|CO2|Energy and Industrial Processes","Mt CO2/yr",130.310390286398,155.291596028816,178.383008120969,230.809514890348,243.477677184999,291.322565413634,347.025376890992,417.335738729309,502.981572574493,592.015223116248,680.078589778137,791.911363346757,911.116713370291,1033.6302931656,1152.29570607276,1261.04130052347,1354.83908490935,1444.34160744498,1528.83213621059,1607.81159806973
"GCAM 7.1","Reference","Pakistan","Emissions|CO2|Energy and Industrial Processes","Mt CO2/yr",130.310390286398,155.291596028816,178.383008120969,230.809514890348,249.869628529452,306.301946964429,372.039304316219,456.258921821647,557.678031611165,659.690828337785,754.282170982263,887.804017700306,1029.90817240071,1177.4090053682,1326.35333504084,1464.71293195391,1584.11310900413,1701.46552635399,1812.49999722643,1916.53250260145
"GCAM 7.1","CurrentMeasures","Pakistan","Emissions|CO2|Energy|Demand","Mt CO2/yr",97.4928077646484,109.82921302114,129.696812393952,171.010658133089,183.41794382469,216.63530257645,256.156092122249,298.832329740139,351.243921785263,411.805196212832,479.730237114469,550.985640100132,622.837333509624,690.18201365406,752.56683289755,807.960135620831,856.594818280426,898.847000141801,935.336639986758,966.200258974651
"GCAM 7.1","Reference","Pakistan","Emissions|CO2|Energy|Demand","Mt CO2/yr",97.4928077646484,109.82921302114,129.696812393952,171.010658133089,184.180924112052,217.479043239487,257.542863898319,300.447516159675,351.314826427709,409.824358448756,475.865628858474,545.3294461874,614.986246172838,681.137357580942,742.367510543576,796.484376236478,843.715004146063,884.627787186834,919.879872355843,951.332170148744
"GCAM 7.1","CurrentMeasures","Pakistan","Emissions|CO2|Energy|Demand|AFOFI","Mt CO2/yr",0.3098568281688,0.12936001176,0.04813732437612,0.04512526743563,0.047985106362282,0.051199075654461,0.052938923812629,0.0535531224351319,0.054323475605164,0.053185778501737,0.053308879512928,0.05547571837658,0.05846577531507,0.060960300541845,0.062753806704891,0.06380282913359,0.064327910514658,0.064614200207351,0.064577214537322,0.064460585193386
"GCAM 7.1","Reference","Pakistan","Emissions|CO2|Energy|Demand|AFOFI","Mt CO2/yr",0.3098568281688,0.12936001176,0.04813732437612,0.04512526743563,0.047985135695618,0.051180606652782,0.052863419805765,0.0533760447857006,0.0540195382442,0.052710662791878,0.052689524456623,0.05477223164596,0.057732581248416,0.060218750141098,0.062001314969816,0.063021994062605,0.063500791106132,0.063738229794384,0.06366778578798,0.063556432777857
"GCAM 7.1","CurrentMeasures","Pakistan","Emissions|CO2|Energy|Demand|Bunkers","Mt CO2/yr",3.179289955693,3.528099987403,3.131256617993,1.6828798863224,1.76121465177708,2.07841696894698,2.4333703545488,3.062103278373,3.8746311855725,4.8760797099466,6.0645403513218,7.5027167820651,9.1731450339222,11.0484197044017,13.1300796936435,15.3619109632039,17.7127204435805,20.1829701348153,22.7332660999937,25.3429565705716
"GCAM 7.1","Reference","Pakistan","Emissions|CO2|Energy|Demand|Bunkers","Mt CO2/yr",3.179289955693,3.528099987403,3.131256617993,1.6828798863224,1.76128709045033,2.0785103222888,2.4335056545611,3.0622844117228,3.8740496521863,4.8758696099275,6.0644772846494,7.5025294153814,9.1728586672295,11.0481384710428,13.1296913936082,15.3605271630781,17.7099961099995,20.1794490344952,22.7294842996499,25.3393335369089
"GCAM 7.1","CurrentMeasures","Pakistan","Emissions|CO2|Energy|Demand|Bunkers|International Aviation","Mt CO2/yr",2.716208246928,2.517940562237,2.432972887846,1.515294137754,1.591901811385,1.895523838987,2.240905537052,2.855464592921,3.648274998328,4.62817708741,5.79527719351,7.20848398865,8.85305747149,10.70204763958,12.75692115972,14.96264136024,17.28804157164,19.73264512721,22.25762202342,24.84214559171
"GCAM 7.1","Reference","Pakistan","Emissions|CO2|Energy|Demand|Bunkers|International Aviation","Mt CO2/yr",2.716208246928,2.517940562237,2.432972887846,1.515294137754,1.591964144724,1.895604505661,2.241022870396,2.855625926269,3.647754331614,4.62799375406,5.79524052684,7.20833732197,8.8528008048,10.70179097289,12.75655449302,14.96132136012,17.28543823807,19.72927179357,22.25399202309,24.83866225806
"GCAM 7.1","CurrentMeasures","Pakistan","Emissions|CO2|Energy|Demand|Bunkers|International Shipping","Mt CO2/yr",0.463081708765,1.010159425166,0.698283730147,0.1675857485684,0.169312840392075,0.18289312995998,0.1924648174968,0.206638685452,0.2263561872445,0.2479026225366,0.2692631578118,0.2942327934151,0.3200875624322,0.3463720648217,0.3731585339235,0.3992696029639,0.4246788719405,0.4503250076053,0.4756440765737,0.5008109788616
"GCAM 7.1","Reference","Pakistan","Emissions|CO2|Energy|Demand|Bunkers|International Shipping","Mt CO2/yr",0.463081708765,1.010159425166,0.698283730147,0.1675857485684,0.169322945726327,0.1829058166278,0.1924827841651,0.2066584854538,0.2262953205723,0.2478758558675,0.2692367578094,0.2941920934114,0.3200578624295,0.3463474981528,0.3731369005882,0.3992058029581,0.4245578719295,0.4501772409252,0.4754922765599,0.5006712788489
"GCAM 7.1","CurrentMeasures","Pakistan","Emissions|CO2|Energy|Demand|Commercial","Mt CO2/yr",2.5740596340054,2.982950937844,4.55136041376,4.9701370518306,4.955980783877,6.482854256017,8.50685077335,11.155830680833,14.622231662627,18.733537036382,23.402777127525,28.824783953768,34.588278477722,40.035317639574,45.21282744359,49.76019119032,53.68876821413,56.83051516641,59.10194203957,60.44947882874
"GCAM 7.1","Reference","Pakistan","Emissions|CO2|Energy|Demand|Commercial","Mt CO2/yr",2.5740596340054,2.982950937844,4.55136041376,4.9701370518306,4.927696114639,6.305380239883,8.177155076711,10.66725096975,13.917553265232,17.827246953992,22.273993691575,27.421422159523,32.780912313416,37.948287449844,42.78028722245,46.92556426596,50.42598458418,53.1494381651,55.02853166926,56.42149846256
"GCAM 7.1","CurrentMeasures","Pakistan","Emissions|CO2|Energy|Demand|Industry","Mt CO2/yr",54.5272029753513,57.7337483485221,62.7997416090669,90.3160562305498,100.119474005103,123.213382375882,151.760338919393,184.999961797843,222.631674315575,266.127914745778,312.720584873775,359.474040779989,404.794924947589,445.844953349936,481.823245880166,511.714043336037,535.62960869044,554.408412891538,568.999890934754,580.011147230553
"GCAM 7.1","Reference","Pakistan","Emissions|CO2|Energy|Demand|Industry","Mt CO2/yr",54.5272029753513,57.7337483485221,62.7997416090669,90.3160562305498,100.059505886318,122.813502368196,150.756255315446,182.978278826387,219.141114159918,261.093259479749,306.101879545741,351.373625305054,395.062621443784,434.661676352731,469.210484898455,497.579901188347,519.837280797303,536.903304354853,549.737292819854,559.498201520478
"GCAM 7.1","CurrentMeasures","Pakistan","Emissions|CO2|Energy|Demand|Industry|Chemicals","Mt CO2/yr",11.037595336751,10.755815644468,11.897421414917,14.713135670891,15.3221298262541,16.6511456937404,17.8194362932819,18.5511349831333,18.9970764133401,19.6646270793599,20.4026999727907,21.3356360267698,22.4166675820454,23.5797935034307,24.955310008921,26.4428137338416,28.0408933265157,29.7649298465801,31.5549381336595,33.3420608907012
"GCAM 7.1","Reference","Pakistan","Emissions|CO2|Energy|Demand|Industry|Chemicals","Mt CO2/yr",11.037595336751,10.755815644468,11.897421414917,14.713135670891,15.3164186257349,16.6328183720743,17.7958186311349,18.5308637046238,18.9701569065596,19.6490002982726,20.3627188191561,21.3045504991438,22.3453257518931,23.5054420186282,24.8813773430699,26.3691856834795,27.9705576753835,29.6949739249092,31.4744840653578,33.2636459091105
"GCAM 7.1","CurrentMeasures","Pakistan","Emissions|CO2|Energy|Demand|Industry|Chemicals|Ammonia","Mt CO2/yr",5.32700715094,5.94784720738,6.22178389895,7.42577067507,7.5755294553511,8.19012019122298,8.63648072513454,8.6104942494388,8.1923402444248,7.92330121530004,7.63809037703845,7.46750392536393,7.36734269722503,7.28531904696834,7.2862151895498,7.29960707696725,7.30158315711356,7.32709927276654,7.3569081021431,7.39531475230128
"GCAM 7.1","Reference","Pakistan","Emissions|CO2|Energy|Demand|Industry|Chemicals|Ammonia","Mt CO2/yr",5.32700715094,5.94784720738,6.22178389895,7.42577067507,7.5708577549264,8.17752900341166,8.62172686379328,8.6008622818965,8.17753353541207,7.91198089793759,7.60473855733981,7.44741752240456,7.32761120547975,7.2422580536537,7.24651912624107,7.25930871447043,7.26198326351357,7.28899123596884,7.31653311180598,7.357600002206
"GCAM 7.1","CurrentMeasures","Pakistan","Emissions|CO2|Energy|Demand|Industry|Iron and Steel","Mt CO2/yr",1.56148646028663,1.2518672138061,0.4676969425179,0.45221172777682,0.30547890110414,1.71857301956723,4.96032281427173,9.69404219794315,15.8269530554805,23.8621187992833,33.3671096633733,43.8163868499742,54.5279579237533,64.5654841362556,73.4909718476635,80.7897068111848,86.5058932641714,90.8586130932065,93.8533391654543,95.5726462884216
"GCAM 7.1","Reference","Pakistan","Emissions|CO2|Energy|Demand|Industry|Iron and Steel","Mt CO2/yr",1.56148646028663,1.2518672138061,0.4676969425179,0.45221172777682,0.30562820778438,1.72016985304573,4.95938561418653,9.69113632767898,15.823296655148,23.8874403615853,33.4063526802742,43.8606515873316,54.5238028567089,64.5666937696989,73.4979627149657,80.8249064477181,86.5828467045005,90.9681734698332,93.9690877759769,95.6910213325163
"GCAM 7.1","CurrentMeasures","Pakistan","Emissions|CO2|Energy|Demand|Industry|Other Sector","Mt CO2/yr",41.9281211783137,45.726065490248,50.434623251632,75.150708831882,84.4918652777446,104.843663662575,128.98057981184,156.754784616767,187.807644846754,222.601168867135,258.950775237611,294.322017903245,327.85029944179,357.699675710249,383.376964023581,404.481522791011,421.082822099753,433.784869951751,443.59161363564,451.09644005143
"GCAM 7.1","Reference","Pakistan","Emissions|CO2|Energy|Demand|Industry|Other Sector","Mt CO2/yr",41.9281211783137,45.726065490248,50.434623251632,75.150708831882,84.4374590527986,104.460514143076,128.001051070125,154.756278794085,184.34766059821,217.556818819891,252.332808046311,286.208423218578,318.193492835182,346.589540564404,370.831144840419,390.385809057149,405.283876417419,416.240156960111,424.29372097852,430.543534278851
"GCAM 7.1","CurrentMeasures","Pakistan","Emissions|CO2|Energy|Demand|Residential","Mt CO2/yr",10.5860704123699,13.0781659589241,15.5741066658278,18.2247283601267,18.2148569592293,21.7175018076515,25.6866925218203,30.2801631027418,35.8704786342856,41.4829755211792,47.9227676699482,54.0632962115113,59.6295235741986,63.7391371844665,67.104549320413,69.6188531723194,71.616948060631,72.7406798927885,73.0444701837391,72.60499315712
"GCAM 7.1","Reference","Pakistan","Emissions|CO2|Energy|Demand|Residential","Mt CO2/yr",10.5860704123699,13.0781659589241,15.5741066658278,18.2247283601267,18.0884886544079,21.0318692886546,24.5420382110942,28.7282009383211,33.8185186110772,39.0646097546612,45.0564224627047,50.726050054792,55.5373127721795,59.2950523004588,62.2291949138657,64.274098949766,65.8084342359177,66.5325119784096,66.5160109869095,66.4253897520046
"GCAM 7.1","CurrentMeasures","Pakistan","Emissions|CO2|Energy|Demand|Residential and Commercial","Mt CO2/yr",13.1601300463753,16.0611168967681,20.1254670795878,23.1948654119573,23.1708377431063,28.2003560636685,34.1935432951703,41.4359937835748,50.4927102969126,60.2165125575613,71.3255447974732,82.8880801652793,94.2178020519206,103.77445482404,112.317376764003,119.379044362639,125.305716274761,129.571195059198,132.146412223309,133.05447198586
"GCAM 7.1","Reference","Pakistan","Emissions|CO2|Energy|Demand|Residential and Commercial","Mt CO2/yr",13.1601300463753,16.0611168967681,20.1254670795878,23.1948654119573,23.0161847690469,27.3372495285376,32.7191932878052,39.3954519080711,47.7360718763092,56.8918567086532,67.3304161542797,78.147472214315,88.3182250855955,97.2433397503028,105.009482136316,111.199663215726,116.234418820098,119.68195014351,121.54454265617,122.846888214565
"GCAM 7.1","CurrentMeasures","Pakistan","Emissions|CO2|Energy|Demand|Residential and Commercial and AFOFI","Mt CO2/yr",13.4699868745441,16.1904769085281,20.1736044039639,23.2399906793929,23.2188228494686,28.251555139323,34.246482218983,41.48954690601,50.5470337725178,60.269698336063,71.3788536769861,82.9435558836559,94.2762678272357,103.835415124582,112.380130570708,119.442847191773,125.370044185276,129.635809259406,132.210989437846,133.118932571053
"GCAM 7.1","Reference","Pakistan","Emissions|CO2|Energy|Demand|Residential and Commercial and AFOFI","Mt CO2/yr",13.4699868745441,16.1904769085281,20.1736044039639,23.2399906793929,23.0641699047425,27.3884301351904,32.772056707611,39.4488279528568,47.7900914145534,56.944567371445,67.3831056787363,78.202244445961,88.3759576668439,97.3035585004439,105.071483451286,111.262685209789,116.297919611204,119.745688373304,121.608210441958,122.910444647342
"GCAM 7.1","CurrentMeasures","Pakistan","Emissions|CO2|Energy|Demand|Transportation","Mt CO2/yr",26.3163279590599,32.3768877766865,43.5922097629278,55.7717313368236,58.3184323183418,63.0919480922978,67.7159006293237,69.2807177579132,74.1905825115978,80.5315034210451,89.5662582123864,101.065326654423,114.592995700877,129.453225475141,145.233376753033,161.441334129817,177.88244496113,194.619807856042,211.392493514164,227.727222602473
"GCAM 7.1","Reference","Pakistan","Emissions|CO2|Energy|Demand|Transportation","Mt CO2/yr",26.3163279590599,32.3768877766865,43.5922097629278,55.7717313368236,59.2959612305415,65.1986004138116,71.5810462207006,74.9581249687077,80.5095712010513,86.9106619876352,96.3161663493477,108.251047021003,122.374808394982,138.123984256725,154.955850800228,172.281262675265,189.869807627557,207.799345424181,225.804884794382,243.584190444015
"GCAM 7.1","CurrentMeasures","Pakistan","Emissions|CO2|Energy|Demand|Transportation|Bus","Mt CO2/yr",3.916722689399,6.017583547053,6.503772591252,7.864736714976,9.004366151912,10.8720343217,11.911816749559,11.626418056947,13.018482850165,15.464252405841,18.546907352749,21.779187979926,24.878771928373,27.39161582348,29.465009678637,31.032077154431,32.12300958694,32.80599964903,33.13288301208,33.20273301843
"GCAM 7.1","Reference","Pakistan","Emissions|CO2|Energy|Demand|Transportation|Bus","Mt CO2/yr",3.916722689399,6.017583547053,6.503772591252,7.864736714976,8.915475143831,10.704078973098,11.66333772697,11.341400697703,12.751916159265,15.206863382442,18.295538996564,21.540627291572,24.65712557489,27.187499804924,29.276579661507,30.856234805112,31.95676290516,32.64737963461,32.98082633159,33.05397633824
"GCAM 7.1","CurrentMeasures","Pakistan","Emissions|CO2|Energy|Demand|Transportation|Domestic Aviation","Mt CO2/yr",0.1687931820115,0.1564680475577,0.1511931804115,0.0941669752273,0.1071517430744,0.1427660796454,0.1786517495744,0.2402594551751,0.3203845624592,0.416577371204,0.522401047491,0.640830724924,0.766571736355,0.907921749205,1.075517764441,1.276473116043,1.508543803807,1.769823160893,2.053208853322,2.350080546977
"GCAM 7.1","Reference","Pakistan","Emissions|CO2|Energy|Demand|Transportation|Domestic Aviation","Mt CO2/yr",0.1687931820115,0.1564680475577,0.1511931804115,0.0941669752273,0.106791676375,0.142072346249,0.1775301161391,0.2386112883586,0.3184045622792,0.413970370967,0.518312713786,0.634106057646,0.756338068758,0.893079081189,1.05523009593,1.248921780205,1.472075133825,1.723843156713,1.997875181625,2.289488874802
"GCAM 7.1","CurrentMeasures","Pakistan","Emissions|CO2|Energy|Demand|Transportation|Light-Duty Vehicle","Mt CO2/yr",12.5822198771714,15.5684572486475,20.903727233672,26.7666023666606,26.3418892113837,24.9882319483239,24.1310506003983,22.7001935299871,21.8945625574146,21.8558711868972,22.9966893939413,24.6555536747471,26.8631528587713,29.9093577256989,33.5700903351594,37.7353947504901,42.3139747033913,47.2348596907444,52.3341631543174,57.5176723955455
"GCAM 7.1","Reference","Pakistan","Emissions|CO2|Energy|Demand|Transportation|Light-Duty Vehicle","Mt CO2/yr",12.5822198771714,15.5684572486475,20.903727233672,26.7666023666606,27.4092349650817,27.267092475493,28.2763783172463,28.805020849638,28.7832434986583,29.0364062263397,30.7816704916668,33.0704291864024,36.0206007445998,40.0954040450364,44.9788825023223,50.505859038108,56.558364141669,63.0426802978189,69.7451719404696,76.6324115332489
"GCAM 7.1","CurrentMeasures","Pakistan","Emissions|CO2|Energy|Demand|Transportation|Light-Duty Vehicle|Large Car and SUV","Mt CO2/yr",1.2725820490226,1.698887821111,2.1138826588378,2.657618574935,2.69593264175143,2.57029077699611,2.44221134868586,2.41193978226723,2.56174968321965,2.93228269657113,3.57569284839629,4.35934699963757,5.30269964206356,6.48306197270255,7.87054511883737,9.45949368662056,11.2228980902634,13.1427799281314,15.1739722794519,17.2849553380261
"GCAM 7.1","Reference","Pakistan","Emissions|CO2|Energy|Demand|Transportation|Light-Duty Vehicle|Large Car and SUV","Mt CO2/yr",1.2725820490226,1.698887821111,2.1138826588378,2.657618574935,2.77362227548079,2.81913756628521,3.01249598719658,3.36493577356989,3.86022311292934,4.4891950081086,5.49980953998264,6.68450242434865,8.08196433139063,9.82702700336601,11.8731097993735,14.2068969248693,16.7866963593965,19.5849748804521,22.5341008152211,25.6293540632744
"GCAM 7.1","CurrentMeasures","Pakistan","Emissions|CO2|Energy|Demand|Transportation|Light-Duty Vehicle|Midsize Car","Mt CO2/yr",4.139421376311,5.526066835703,6.87595395842,8.644600119206,8.6212867170866,8.0649055665065,7.3200676321273,6.56479044013241,5.84643068149365,5.72914753416488,6.03366785851521,6.620247935174,7.51069046278998,8.71522701895996,10.1465648224149,11.7184893486505,13.3985045780458,15.1655462420192,16.9697942727084,18.6959969663026
"GCAM 7.1","Reference","Pakistan","Emissions|CO2|Energy|Demand|Transportation|Light-Duty Vehicle|Midsize Car","Mt CO2/yr",4.139421376311,5.526066835703,6.87595395842,8.644600119206,8.8255332689878,8.6455703192942,8.5244694749517,8.3624555935565,7.99883732383363,7.9434409887976,8.41456256162683,9.21037626064019,10.3867234809142,11.9934769436493,13.9038154739831,15.9942502006893,18.221230323142,20.5564066020974,22.933799418224,25.2399158945376
"GCAM 7.1","CurrentMeasures","Pakistan","Emissions|CO2|Energy|Demand|Transportation|Light-Duty Vehicle|Subcompact Car","Mt CO2/yr",1.1856406077855,1.58282681056,1.9694508123743,2.4760364250942,2.54952508510832,2.8368368245609,3.33633014996938,3.90323954817326,4.6523077896037,5.49794742314669,6.59759713644817,7.69700939639473,8.83137767951911,10.1242259837174,11.5314760949826,13.038667962,14.614692555275,16.2318834422923,17.8353598213962,19.3354944911054
"GCAM 7.1","Reference","Pakistan","Emissions|CO2|Energy|Demand|Transportation|Light-Duty Vehicle|Subcompact Car","Mt CO2/yr",1.1856406077855,1.58282681056,1.9694508123743,2.4760364250942,2.59267255236415,2.99252372538092,3.7112327707181,4.55587954417083,5.52149842528769,6.52624287996142,7.82248963446869,9.09543230019074,10.3908910146264,11.8667589487962,13.4696015078424,15.1777691131304,16.9565411415036,18.7735997733574,20.5670439697311,22.2843432258492
"GCAM 7.1","CurrentMeasures","Pakistan","Emissions|CO2|Energy|Demand|Transportation|Light-Duty Vehicle|Two-Wheeler","Mt CO2/yr",5.9845758440523,6.7606757812735,9.9444398040399,12.9883472474254,12.4751447674373,11.5161987802604,11.0324414696158,9.8202237594142,8.8340744030976,7.6964935330145,6.7897315505816,5.9789493435408,5.2183850743986,4.586842750319,4.0215042989246,3.5187437532191,3.0778794798072,2.6946500783015,2.3550367807609,2.2012256001114
"GCAM 7.1","Reference","Pakistan","Emissions|CO2|Energy|Demand|Transportation|Light-Duty Vehicle|Two-Wheeler","Mt CO2/yr",5.9845758440523,6.7606757812735,9.9444398040399,12.9883472474254,13.217406868249,12.8098608645327,13.0281800843799,12.5217499383408,11.4026846366076,10.0775273494721,9.0448087555886,8.0801182012228,7.1610219176686,6.4081411492249,5.7323557211232,5.126942799419,4.5938963176269,4.127699041912,3.7102277372934,3.4787983495877
"GCAM 7.1","CurrentMeasures","Pakistan","Emissions|CO2|Energy|Demand|Transportation|Rail","Mt CO2/yr",0.274530691624,0.3025803275073,0.4561953414723,0.5988220877717,0.624719390126,0.71653837847318,0.7617057025793,0.8203228745748,0.9248342507425,1.0362052275338,1.1469382042671,1.262022781396,1.3692489578105,1.4705234003506,1.5639577755113,1.6455282829268,1.7182162895348,1.788218829232,1.854207835231,1.930984175544
"GCAM 7.1","Reference","Pakistan","Emissions|CO2|Energy|Demand|Transportation|Rail","Mt CO2/yr",0.274530691624,0.3025803275073,0.4561953414723,0.5988220877717,0.6235585233538,0.71461642163179,0.7592563690233,0.8175945076601,0.9227266505509,1.0349053940823,1.1463819708832,1.2620642147331,1.3698136245285,1.4714881004383,1.5653254423023,1.647143816407,1.7200532897018,1.790426162766,1.856829502136,1.933818509135
"GCAM 7.1","CurrentMeasures","Pakistan","Emissions|CO2|Energy|Demand|Transportation|Truck","Mt CO2/yr",9.374061518854,10.331798605921,15.57732141612,20.447403192188,22.2403058218458,26.3723773641553,30.7326758272127,33.8935238412292,38.0323182908165,41.7585972295691,46.353322213938,52.7277314934297,60.7152502195677,69.7738067764061,79.5588011992843,89.751860825926,100.218700577457,111.020906526142,122.018030659214,132.725752465976
"GCAM 7.1","Reference","Pakistan","Emissions|CO2|Energy|Demand|Transportation|Truck","Mt CO2/yr",9.374061518854,10.331798605921,15.57732141612,20.447403192188,22.2409009218999,26.3707401973398,30.7045436913219,33.755497625348,37.7332803302979,41.2185166138042,45.5742621764477,51.7438202706499,59.5709303822053,68.476513225137,78.079833098166,88.0231032354329,98.1625521572009,108.595016172273,119.224181838561,129.674495188589
"GCAM 7.1","CurrentMeasures","Pakistan","Emissions|CO2|Energy|Supply","Mt CO2/yr",24.3402484177496,29.5050482236769,32.7288609430174,43.8415219732592,42.4644470940706,51.8559760949459,62.0050401447213,82.9509327571265,109.197676921961,130.516843685853,143.581774636404,177.320406977656,218.111284281751,267.173939644179,317.892877435575,366.394304388684,407.352729066054,450.970319043393,495.863419481518,541.305925143072
"GCAM 7.1","Reference","Pakistan","Emissions|CO2|Energy|Supply","Mt CO2/yr",24.3402484177496,29.5050482236769,32.7288609430174,43.8415219732592,48.0837638169509,65.920699976257,85.5035617821837,120.07986041365,163.592759295234,199.888679978926,221.320420933233,278.507909794423,344.352150212438,419.563056480415,501.675088147807,581.010143621823,648.911266307752,721.663149181586,794.295399698639,864.224339006403
"GCAM 7.1","CurrentMeasures","Pakistan","Emissions|CO2|Energy|Supply|Electricity","Mt CO2/yr",33.3646539864834,37.5459631832691,41.9251801080463,57.3802798163886,57.0202012736542,69.5782243228592,83.454085079601,108.781893912529,140.008842797975,166.79451356429,183.46325762536,221.348046110769,266.139507488239,318.854535062525,373.98450664898,426.622044362732,471.319482880213,519.536649732995,568.642089266693,618.092788426995
"GCAM 7.1","Reference","Pakistan","Emissions|CO2|Energy|Supply|Electricity","Mt CO2/yr",33.3646539864834,37.5459631832691,41.9251801080463,57.3802798163886,62.5035668021419,83.1548000696933,105.949059703065,144.026434406078,191.397160994907,231.855681249417,255.768956918451,315.390301288537,383.096512227712,459.556655137576,543.398582378419,623.898280284044,692.435249537244,765.956763292445,838.605147695031,907.273975172739
"GCAM 7.1","CurrentMeasures","Pakistan","Emissions|CO2|Energy|Supply|Fugitive","Mt CO2/yr",1.32930870584623,3.4814944212328,4.34012439889006,4.02175008661361,4.15549559343896,4.86129138560221,5.62963056545122,6.5656354638759,7.729205702655,8.92464190886434,11.1649742248642,13.5395726715035,16.1553353483334,18.7713702451214,20.8960724576428,22.6053023733606,23.9540149929709,25.1218459134706,26.2629089292036,27.4479081379308
"GCAM 7.1","Reference","Pakistan","Emissions|CO2|Energy|Supply|Fugitive","Mt CO2/yr",1.32930870584623,3.4814944212328,4.34012439889006,4.02175008661361,4.24875386225032,5.056953426723,5.92755146486827,7.00188307353477,8.33197739211909,9.77770083848181,12.1703563565626,14.8462519816558,17.6996827107286,20.4932764853583,22.7964079794005,24.6953389440306,26.1975269912598,27.5534400831913,28.8703492689103,30.3451138883131
"GCAM 7.1","CurrentMeasures","Pakistan","Emissions|CO2|Energy|Supply|Gases","Mt CO2/yr",1.02215675959,3.243155961499,3.52656365393,3.596149660256,3.71489120605069,4.37155447808067,5.12818964953235,6.12380729337637,7.37719331398721,8.8366095366614,10.4366407154521,12.4078394279853,14.6372532639926,17.263984569453,19.7952252328991,22.5087817462527,24.985424271402,27.116234465112,29.042393306884,31.58191953775
"GCAM 7.1","Reference","Pakistan","Emissions|CO2|Energy|Supply|Gases","Mt CO2/yr",1.02215675959,3.243155961499,3.52656365393,3.596149660256,3.80044627316175,4.55523853744589,5.41606312236933,6.56212931989049,8.01011060152514,9.6386438095736,11.3409676643303,13.6375390731095,16.285915813871,19.2908176203772,22.2766505584832,25.455311314119,28.338554576232,30.896494808772,33.307669361303,36.406453976344
"GCAM 7.1","CurrentMeasures","Pakistan","Emissions|CO2|Energy|Supply|Hydrogen","Mt CO2/yr",0,0,0,0,0.009879218231444,0.279558254181051,0.992752763250243,2.52244924118021,4.13386347913907,5.7546524224835,7.3015755634462,8.88232815991764,10.504171848258,12.0546732858793,13.625646238695,15.2522394865671,17.0111891464716,18.9207027867304,20.9633652057603,22.9836165894195
"GCAM 7.1","Reference","Pakistan","Emissions|CO2|Energy|Supply|Hydrogen","Mt CO2/yr",0,0,0,0,0.0098604379297367,0.281149692525727,0.99113210120291,2.50528628061994,4.09722224114138,5.70422437723247,7.23543262343321,8.79880133019096,10.3643160755438,11.8792433632645,13.4150757862189,15.0109449312979,16.7496263560265,18.6402867279047,20.657246544598,22.7031975972602
"GCAM 7.1","CurrentMeasures","Pakistan","Emissions|CO2|Energy|Supply|Liquids","Mt CO2/yr",1.51015347062,1.759908493325,2.262344539001,0.944610419207,1.36683583992446,2.11648722917458,2.97613729559124,4.00776622167568,5.57726995202449,7.4836977363361,9.44029985197567,11.5821670292575,13.5776621543795,15.670080842476,17.5997683944788,19.65861483668,21.8408843712014,24.2198195491682,26.8018225592624,29.5838175768044
"GCAM 7.1","Reference","Pakistan","Emissions|CO2|Energy|Supply|Liquids","Mt CO2/yr",1.51015347062,1.759908493325,2.262344539001,0.944610419207,1.50116971480329,2.39575074712884,3.44699694739666,4.72402366745666,6.46307557221894,8.41699639251475,10.3175289019238,12.6095162095195,14.7104172759172,16.8710079066812,18.8683509707378,20.9380780078281,23.1075554182533,25.504268789403,28.1214298439267,31.3007309297874
"GCAM 7.1","CurrentMeasures","Pakistan","Emissions|CO2|Industrial Processes","Mt CO2/yr",8.477334104,15.957334784,15.957334784,15.957334784,17.595286266238,22.831286742238,28.864244624022,35.552476232043,42.53997386727,49.6931832175617,56.7665780272642,63.6053162689676,70.1680955789172,76.2743398673636,81.8359957396353,86.6868605139563,90.8915375628663,94.524288259783,97.6320767423092,100.305413952007
"GCAM 7.1","Reference","Pakistan","Emissions|CO2|Industrial Processes","Mt CO2/yr",8.477334104,15.957334784,15.957334784,15.957334784,17.604940600449,22.902203748685,28.992878635716,35.731545248322,42.770445888222,49.9777899101017,57.096121190556,63.9666617184839,70.5697760154336,76.708591306841,82.3107363494602,87.2184120956125,91.4868385503179,95.174589985568,98.3247251719439,100.975993446302
"GCAM 7.1","CurrentMeasures","Pakistan","Emissions|CO2|Industrial Processes|Cement","Mt CO2/yr",8.477334104,15.957334784,15.957334784,15.957334784,17.595286266238,22.831286742238,28.864244624022,35.552476232043,42.53997386727,49.6931832175617,56.7665780272642,63.6053162689676,70.1680955789172,76.2743398673636,81.8359957396353,86.6868605139563,90.8915375628663,94.524288259783,97.6320767423092,100.305413952007
"GCAM 7.1","Reference","Pakistan","Emissions|CO2|Industrial Processes|Cement","Mt CO2/yr",8.477334104,15.957334784,15.957334784,15.957334784,17.604940600449,22.902203748685,28.992878635716,35.731545248322,42.770445888222,49.9777899101017,57.096121190556,63.9666617184839,70.5697760154336,76.708591306841,82.3107363494602,87.2184120956125,91.4868385503179,95.174589985568,98.3247251719439,100.975993446302
"GCAM 7.1","CurrentMeasures","Pakistan","Emissions|CO|AFOLU","Mt CO/yr",0.097087401104291,0.10577256644078,0.112292827877064,0.122331458527991,0.125060051093061,0.132392674393269,0.138428342152812,0.141272920865969,0.139909679558849,0.136012936942825,0.126074807431791,0.117377299623358,0.108594265075202,0.099748083994589,0.091577622863844,0.084021866480587,0.079061667115125,0.079388503188687,0.079658082507709,0.079836796487664
"GCAM 7.1","Reference","Pakistan","Emissions|CO|AFOLU","Mt CO/yr",0.097087401104291,0.10577256644078,0.112292827877064,0.122331458527991,0.125056765334469,0.132467532487936,0.138527293939189,0.1414910563968,0.140050916336339,0.135996841056285,0.125684414067969,0.117326527649593,0.108512341903933,0.09963778452626,0.091558723819673,0.083999459177875,0.079031796328228,0.079372975081127,0.079646635101501,0.079828873394257
"GCAM 7.1","CurrentMeasures","Pakistan","Emissions|CO|AFOLU [NGHGI]","Mt CO/yr",0.097087401104291,0.10577256644078,0.112292827877064,0.122331458527991,0.125060051093061,0.132392674393269,0.138428342152812,0.141272920865969,0.139909679558849,0.136012936942825,0.126074807431791,0.117377299623358,0.108594265075202,0.099748083994589,0.091577622863844,0.084021866480587,0.079061667115125,0.079388503188687,0.079658082507709,0.079836796487664
"GCAM 7.1","Reference","Pakistan","Emissions|CO|AFOLU [NGHGI]","Mt CO/yr",0.097087401104291,0.10577256644078,0.112292827877064,0.122331458527991,0.125056765334469,0.132467532487936,0.138527293939189,0.1414910563968,0.140050916336339,0.135996841056285,0.125684414067969,0.117326527649593,0.108512341903933,0.09963778452626,0.091558723819673,0.083999459177875,0.079031796328228,0.079372975081127,0.079646635101501,0.079828873394257
"GCAM 7.1","CurrentMeasures","Pakistan","Emissions|CO|AFOLU|Agricultural Waste Burning","Mt CO/yr",0.085287620774291,0.09498289866078,0.102822318427064,0.112863634977991,0.115604552503061,0.122961988583269,0.129021712982812,0.131890157785969,0.130549468488849,0.126674782802825,0.116761550951791,0.108091142763358,0.099333559665202,0.090509382854589,0.082358280763844,0.074818704590587,0.069871942585125,0.070210484688687,0.070489784747709,0.070676276407664
"GCAM 7.1","Reference","Pakistan","Emissions|CO|AFOLU|Agricultural Waste Burning","Mt CO/yr",0.085287620774291,0.09498289866078,0.102822318427064,0.112863634977991,0.115601262714469,0.123036946137936,0.129120729129189,0.1321085314568,0.130690782406339,0.126658555806285,0.116370635767969,0.108040349569593,0.099251564133933,0.09039900174626,0.082339313369673,0.074796201997875,0.069841938238228,0.070194854431127,0.070478232021501,0.070668244854257
"GCAM 7.1","CurrentMeasures","Pakistan","Emissions|CO|AFOLU|Land","Mt CO/yr",0.01179978033,0.01078966778,0.00947050945,0.00946782355,0.00945549859,0.00943068581,0.00940662917,0.00938276308,0.00936021107,0.00933815414,0.00931325648,0.00928615686,0.00926070541,0.00923870114,0.0092193421,0.00920316189,0.00918972453,0.0091780185,0.00916829776,0.00916052008
"GCAM 7.1","Reference","Pakistan","Emissions|CO|AFOLU|Land","Mt CO/yr",0.01179978033,0.01078966778,0.00947050945,0.00946782355,0.00945550262,0.00943058635,0.00940656481,0.00938252494,0.00936013393,0.00933828525,0.0093137783,0.00928617808,0.00926077777,0.00923878278,0.00921941045,0.00920325718,0.00918985809,0.00917812065,0.00916840308,0.00916062854
"GCAM 7.1","CurrentMeasures","Pakistan","Emissions|CO|AFOLU|Land|Fires","Mt CO/yr",0.01179978033,0.01078966778,0.00947050945,0.00946782355,0.00945549859,0.00943068581,0.00940662917,0.00938276308,0.00936021107,0.00933815414,0.00931325648,0.00928615686,0.00926070541,0.00923870114,0.0092193421,0.00920316189,0.00918972453,0.0091780185,0.00916829776,0.00916052008
"GCAM 7.1","Reference","Pakistan","Emissions|CO|AFOLU|Land|Fires","Mt CO/yr",0.01179978033,0.01078966778,0.00947050945,0.00946782355,0.00945550262,0.00943058635,0.00940656481,0.00938252494,0.00936013393,0.00933828525,0.0093137783,0.00928617808,0.00926077777,0.00923878278,0.00921941045,0.00920325718,0.00918985809,0.00917812065,0.00916840308,0.00916062854
"GCAM 7.1","CurrentMeasures","Pakistan","Emissions|CO|AFOLU|Land|Fires|Forest Burning","Mt CO/yr",0,0,0,0,0,0,0,0,0,0,0,0,0,0,0,0,0,0,0,0
"GCAM 7.1","Reference","Pakistan","Emissions|CO|AFOLU|Land|Fires|Forest Burning","Mt CO/yr",0,0,0,0,0,0,0,0,0,0,0,0,0,0,0,0,0,0,0,0
"GCAM 7.1","CurrentMeasures","Pakistan","Emissions|CO|Energy","Mt CO/yr",8.08162845652,8.96099528625,10.38994728306,13.54608077388,13.6717073223732,14.0364618156641,14.7512738680591,15.7120733563307,16.8587896586799,18.0472049231462,19.1956289093412,20.2581117596003,21.2726344565863,22.2356361271549,23.0707446940899,23.7496336187009,24.2790098552308,24.649458145073,24.8805728646502,25.018861988233
"GCAM 7.1","Reference","Pakistan","Emissions|CO|Energy","Mt CO/yr",8.08162845652,8.96099528625,10.38994728306,13.54608077388,13.7222487318651,14.1518030238532,14.9513631159792,15.9909822245675,17.1656480416298,18.3546897695264,19.509497591709,20.576824616421,21.6114156018699,22.5858549435405,23.4350881128719,24.1314710108015,24.6748218314438,25.0531941540816,25.2877680473738,25.4162984278776
"GCAM 7.1","CurrentMeasures","Pakistan","Emissions|CO|Energy and Industrial Processes","Mt CO/yr",8.11212341742,8.98981029625,10.402332168871,13.56229737388,13.6882510673732,14.0543376506641,14.7701023470591,15.7308070743307,16.8765838856799,18.0644200256462,19.2122373738412,20.2743720140203,21.2887007222863,22.2515386395549,23.0866547349899,23.7655744196009,24.2949552860308,24.665459307173,24.8966391051502,25.035012113433
"GCAM 7.1","Reference","Pakistan","Emissions|CO|Energy and Industrial Processes","Mt CO/yr",8.11212341742,8.98981029625,10.402332168871,13.56229737388,13.7387821748651,14.1696514588532,14.9701595729792,16.0096951045675,17.1834100566298,18.3718802071264,19.526033204409,20.593040959251,21.6273950686699,22.6016634052405,23.4509114747719,24.1473238077015,24.6906808022438,25.0691120794816,25.3037461410738,25.4323661914776
"GCAM 7.1","CurrentMeasures","Pakistan","Emissions|CO|Energy|Demand","Mt CO/yr",7.92152557192,8.78946404608,10.20393591096,13.32938685968,13.450834507552,13.792818775409,14.490001078168,15.429042120014,16.5594297157206,17.7509884914455,18.923638116228,20.004250052747,21.033309068223,21.9975786207845,22.8367605085849,23.5217620814515,24.0583703368229,24.4336783742292,24.669820952383,24.8136649341901
"GCAM 7.1","Reference","Pakistan","Emissions|CO|Energy|Demand","Mt CO/yr",7.92152557192,8.78946404608,10.20393591096,13.32938685968,13.495280738762,13.895768124309,14.672724088736,15.685365696389,16.8427184447646,18.034296506855,19.215672332698,20.300868397429,21.342110988929,22.3184686734344,23.1718881533746,23.8723535127048,24.4222359128974,24.8059307679723,25.0465304215903,25.1825846560733
"GCAM 7.1","CurrentMeasures","Pakistan","Emissions|CO|Energy|Demand|AFOFI","Mt CO/yr",0.00705658,0.00054385,0.000198474,0.000185158,0.0001948784,0.000202115,0.00020343328,0.00019979915,0.00019486781,0.00018453879,0.00017583543,0.00017041205,0.00016450765,0.00015599617,0.00014552772,0.00013390535,0.0001222566,0.00011136089,0.00010112745,9.18998e-05
"GCAM 7.1","Reference","Pakistan","Emissions|CO|Energy|Demand|AFOFI","Mt CO/yr",0.00705658,0.00054385,0.000198474,0.000185158,0.0001948792,0.0002020713,0.00020326297,0.00019942439,0.00019427141,0.00018369821,0.0001748092,0.00016933993,0.00016350639,0.00015509046,0.00014470501,0.00013313512,0.00012151535,0.00011064607,0.00010045302,9.128853e-05
"GCAM 7.1","CurrentMeasures","Pakistan","Emissions|CO|Energy|Demand|Bunkers","Mt CO/yr",0.001521167,0.001681287,0.001279145,0.0006810087,0.0007038014,0.0007975084,0.0008799918,0.0010467795,0.0012465952,0.0014643917,0.0016870185,0.0019192218,0.0021420001,0.002345113,0.0025239644,0.0026703342,0.0027856497,0.002875594,0.0029397571,0.0029794724
"GCAM 7.1","Reference","Pakistan","Emissions|CO|Energy|Demand|Bunkers","Mt CO/yr",0.001521167,0.001681287,0.001279145,0.0006810087,0.000703831,0.000797544,0.0008800419,0.0010468452,0.0012464007,0.0014643381,0.0016870174,0.0019191897,0.0021419391,0.0023450537,0.002523896,0.0026700917,0.0027852227,0.0028751064,0.0029392805,0.0029790575
"GCAM 7.1","CurrentMeasures","Pakistan","Emissions|CO|Energy|Demand|Bunkers|International Aviation","Mt CO/yr",0.0011607,0.00107748,0.00103514,0.00062342,0.00064731,0.00074356,0.000842458,0.00101828,0.00122052,0.0014393,0.00166202,0.00189403,0.00211692,0.00232037,0.00249972,0.0026468,0.00276293,0.00285365,0.00291859,0.00295925
"GCAM 7.1","Reference","Pakistan","Emissions|CO|Energy|Demand|Bunkers|International Aviation","Mt CO/yr",0.0011607,0.00107748,0.00103514,0.00062342,0.000647336,0.000743591,0.000842502,0.00101834,0.00122034,0.00143925,0.00166202,0.001894,0.00211686,0.00232031,0.00249965,0.00264656,0.00276251,0.00285317,0.00291812,0.00295884
"GCAM 7.1","CurrentMeasures","Pakistan","Emissions|CO|Energy|Demand|Bunkers|International Shipping","Mt CO/yr",0.000360467,0.000603807,0.000244005,5.75887e-05,5.64914e-05,5.39484e-05,3.75338e-05,2.84995e-05,2.60752e-05,2.50917e-05,2.49985e-05,2.51918e-05,2.50801e-05,2.4743e-05,2.42444e-05,2.35342e-05,2.27197e-05,2.1944e-05,2.11671e-05,2.02224e-05
"GCAM 7.1","Reference","Pakistan","Emissions|CO|Energy|Demand|Bunkers|International Shipping","Mt CO/yr",0.000360467,0.000603807,0.000244005,5.75887e-05,5.6495e-05,5.3953e-05,3.75399e-05,2.85052e-05,2.60607e-05,2.50881e-05,2.49974e-05,2.51897e-05,2.50791e-05,2.47437e-05,2.4246e-05,2.35317e-05,2.27127e-05,2.19364e-05,2.11605e-05,2.02175e-05
"GCAM 7.1","CurrentMeasures","Pakistan","Emissions|CO|Energy|Demand|Commercial","Mt CO/yr",0.025546828,0.009325965,0.015721339,0.019613698,0.018830231,0.023372241,0.029174581,0.035845989,0.04281873,0.049624771,0.054307911,0.058976904,0.06218877,0.063552381,0.06281574,0.060301652,0.056504731,0.051943209,0.046950451,0.042086739
"GCAM 7.1","Reference","Pakistan","Emissions|CO|Energy|Demand|Commercial","Mt CO/yr",0.025546828,0.009325965,0.015721339,0.019613698,0.018748989,0.022856497,0.028246102,0.034564886,0.041159113,0.04765273,0.052286805,0.056897404,0.060156858,0.061561132,0.060883107,0.058377929,0.054603123,0.050120662,0.045264672,0.040663555
"GCAM 7.1","CurrentMeasures","Pakistan","Emissions|CO|Energy|Demand|Industry","Mt CO/yr",1.469063972,1.513743025,1.5326893755,3.4897560985,4.0193031105,5.3247669003,6.8651624836,8.62844382095,10.44822578379,12.22079576386,13.911361083367,15.414603358309,16.79112793446,18.0285428976835,19.1021956154379,19.9919234719235,20.7044846522989,21.2354985033571,21.612847351094,21.8756970270951
"GCAM 7.1","Reference","Pakistan","Emissions|CO|Energy|Demand|Industry","Mt CO/yr",1.469063972,1.513743025,1.5326893755,3.4897560985,4.0211362625,5.3415278431,6.896153736,8.67132286078,10.50377198567,12.28402019178,13.982188223123,15.491048243218,16.880852571761,18.1275536594364,19.2122302472166,20.1154021096718,20.8404060581894,21.3798814669223,21.7629740424863,22.0178559855933
"GCAM 7.1","CurrentMeasures","Pakistan","Emissions|CO|Energy|Demand|Residential","Mt CO/yr",5.8474855603,6.51934139845,7.20420502226,8.09296887093,7.72584960474,6.92073496651,6.20766716356,5.54815416602,4.93431687945,4.381509523,3.858401897,3.4201586461,3.0548195571,2.7603957819,2.5109264647,2.3000136003,2.126006017,1.9787886706,1.85336873135,1.7544508893
"GCAM 7.1","Reference","Pakistan","Emissions|CO|Energy|Demand|Residential","Mt CO/yr",5.8474855603,6.51934139845,7.20420502226,8.09296887093,7.72514861485,6.91754090793,6.20262934388,5.54187906188,4.92710768866,4.37343614679,3.8504436761,3.4125477703,3.0473941154,2.7531433435,2.5037925199,2.2928119196,2.1187169666,1.97158007624,1.84638322335,1.7482584107
"GCAM 7.1","CurrentMeasures","Pakistan","Emissions|CO|Energy|Demand|Residential and Commercial","Mt CO/yr",5.8730323883,6.52866736345,7.21992636126,8.11258256893,7.74467983574,6.94410720751,6.23684174456,5.58400015502,4.97713560945,4.431134294,3.912709808,3.4791355501,3.1170083271,2.8239481629,2.5737422047,2.3603152523,2.182510748,2.0307318796,1.90031918235,1.7965376283
"GCAM 7.1","Reference","Pakistan","Emissions|CO|Energy|Demand|Residential and Commercial","Mt CO/yr",5.8730323883,6.52866736345,7.21992636126,8.11258256893,7.74389760385,6.94039740493,6.23087544588,5.57644394788,4.96826680166,4.42108887679,3.9027304811,3.4694451743,3.1075509734,2.8147044755,2.5646756269,2.3511898486,2.1733200896,2.02170073824,1.89164789535,1.7889219657
"GCAM 7.1","CurrentMeasures","Pakistan","Emissions|CO|Energy|Demand|Residential and Commercial and AFOFI","Mt CO/yr",5.8800889683,6.52921121345,7.22012483526,8.11276772693,7.74487471414,6.94430932251,6.23704517784,5.58419995417,4.97733047726,4.43131883279,3.91288564343,3.47930596215,3.11717283475,2.82410415907,2.57388773242,2.36044915765,2.1826330046,2.03084324049,1.9004203098,1.7966295281
"GCAM 7.1","Reference","Pakistan","Emissions|CO|Energy|Demand|Residential and Commercial and AFOFI","Mt CO/yr",5.8800889683,6.52921121345,7.22012483526,8.11276772693,7.74409248305,6.94059947623,6.23107870885,5.57664337227,4.96846107307,4.421272575,3.9029052903,3.46961451423,3.10771447979,2.81485956596,2.56482033191,2.35132298372,2.17344160495,2.02181138431,1.89174834837,1.78901325423
"GCAM 7.1","CurrentMeasures","Pakistan","Emissions|CO|Energy|Demand|Transportation","Mt CO/yr",0.899848062,1.14480107646,2.23971879318,2.60977673179,2.548150141284,2.293925911468,2.072782146476,1.827388382498,1.7028544478312,1.678842481621,1.713826970502,1.757117479376,1.800470305286,1.849203570312,1.888802196351,1.914757819697,1.927323841727,1.928113721603,1.91539546901,1.893653731056
"GCAM 7.1","Reference","Pakistan","Emissions|CO|Energy|Demand|Transportation","Mt CO/yr",0.899848062,1.14480107646,2.23971879318,2.60977673179,2.607429304884,2.427518094738,2.320169974002,2.183043806158,2.1005407633792,2.07609207331,2.12295443811,2.172937357442,2.221836785766,2.282192521046,2.333435186036,2.368493382046,2.387183802154,2.391173813492,2.378179679581,2.356916395866
"GCAM 7.1","CurrentMeasures","Pakistan","Emissions|CO|Energy|Demand|Transportation|Light-Duty Vehicle","Mt CO/yr",0.16946422724,0.2133352648,0.42882576522,0.48736943531,0.46189459854,0.41082862693,0.37686465994,0.31774562659,0.26754367673,0.21614066215,0.17572751222,0.1417643357,0.11261715784,0.08979989409,0.071172061743,0.056229346359,0.044437651921,0.035201472941,0.027891204668,0.023682771734
"GCAM 7.1","Reference","Pakistan","Emissions|CO|Energy|Demand|Transportation|Light-Duty Vehicle","Mt CO/yr",0.16946422724,0.2133352648,0.42882576522,0.48736943531,0.48939768794,0.45704478982,0.44511693591,0.4052340489,0.34540414009,0.28303216706,0.23411800404,0.19161079298,0.15459256357,0.12549436855,0.10148021048,0.08194937342,0.066339562662,0.053932569328,0.043950186927,0.037435038694
"GCAM 7.1","CurrentMeasures","Pakistan","Emissions|CO|Energy|Demand|Transportation|Truck","Mt CO/yr",0.0865038,0.1326084,0.2315375,0.3555882,0.36225078,0.34153978,0.32458691,0.28596872,0.29524533,0.30020494,0.30620593,0.31830203,0.33297415,0.34648143,0.35662319,0.36271888,0.36541708,0.3658296,0.36414265,0.35956511
"GCAM 7.1","Reference","Pakistan","Emissions|CO|Energy|Demand|Transportation|Truck","Mt CO/yr",0.0865038,0.1326084,0.2315375,0.3555882,0.36225909,0.34152778,0.32434282,0.28482623,0.29292161,0.29632196,0.30106078,0.31236343,0.32670166,0.34004408,0.35000137,0.35574017,0.35792572,0.35784053,0.35580854,0.35130386
"GCAM 7.1","CurrentMeasures","Pakistan","Emissions|CO|Energy|Supply","Mt CO/yr",0.1530463046,0.17098739017,0.1858128981,0.2165087562,0.220677936421196,0.243440925255094,0.261069356611051,0.282831437166714,0.29916507514928,0.29603189291068,0.27181495768319,0.25369129480332,0.2391608807133,0.23790151020041,0.233838657785,0.2277376318994,0.2205172618079,0.2156684099538,0.2106507848172,0.2051051542429
"GCAM 7.1","Reference","Pakistan","Emissions|CO|Energy|Supply","Mt CO/yr",0.1530463046,0.17098739017,0.1858128981,0.2165087562,0.226773113903124,0.255832828244232,0.278435764273216,0.305417103788517,0.32273532545519,0.32020956446139,0.29365044981098,0.27578687906203,0.2691411065509,0.2672311796461,0.2630552544873,0.2589843629767,0.2524644031964,0.2471527400393,0.2411371727635,0.2336224832743
"GCAM 7.1","CurrentMeasures","Pakistan","Emissions|CO|Energy|Supply|Electricity","Mt CO/yr",0.0141095386,0.02062368217,0.0250194441,0.039014347,0.0314356284,0.03451513548,0.03689054359,0.0407282221,0.0430626574,0.0429212646,0.0397048,0.0402991522,0.0405197465,0.0422269056,0.0429877875,0.0437848681,0.043763332,0.044854533,0.046455652,0.048474261
"GCAM 7.1","Reference","Pakistan","Emissions|CO|Energy|Supply|Electricity","Mt CO/yr",0.0141095386,0.02062368217,0.0250194441,0.039014347,0.0340094839,0.03921057538,0.0435451659,0.0497114927,0.053446316,0.0532820171,0.0486129706,0.0494119516,0.0495549241,0.050230066,0.050149908,0.05026124,0.049649422,0.050355696,0.051757713,0.053871058
"GCAM 7.1","CurrentMeasures","Pakistan","Emissions|CO|Energy|Supply|Fugitive","Mt CO/yr",0.138936766,0.150363708,0.160793454,0.1774944092,0.189238022,0.2089095022,0.2241430763,0.242035046,0.2559859778,0.252928544,0.231841269,0.2130238814,0.1981672853,0.195083517,0.190141938,0.18311206,0.17577345,0.1696947,0.162943381,0.15525895
"GCAM 7.1","Reference","Pakistan","Emissions|CO|Energy|Supply|Fugitive","Mt CO/yr",0.138936766,0.150363708,0.160793454,0.1774944092,0.192759081,0.216604745,0.2348521974,0.2556325001,0.2691661152,0.2667389532,0.2447632253,0.2259954722,0.219096837,0.2163903408,0.212172836,0.20785845,0.20181155,0.195653677,0.188100507,0.178333659
"GCAM 7.1","CurrentMeasures","Pakistan","Emissions|CO|Energy|Supply|Hydrogen","Mt CO/yr",0,0,0,0,9.3641196e-08,2.542740094e-06,8.630249051e-06,2.0793637714e-05,3.325653828e-05,4.601010568e-05,5.800817119e-05,7.014267052e-05,8.24628544e-05,9.4090151e-05,0.000105757936,0.000117729669,0.000130624982,0.000144618657,0.000159579746,0.000174270214
"GCAM 7.1","Reference","Pakistan","Emissions|CO|Energy|Supply|Hydrogen","Mt CO/yr",0,0,0,0,9.3478124e-08,2.557678232e-06,8.618508216e-06,2.0658308517e-05,3.296902119e-05,4.560939939e-05,5.748300698e-05,6.948268063e-05,8.13601262e-05,9.2712026e-05,0.000104110144,0.000115852547,0.000128604975,0.000142466215,0.000157238194,0.000172119101
"GCAM 7.1","CurrentMeasures","Pakistan","Emissions|CO|Energy|Supply|Liquids","Mt CO/yr",0,0,0,0,4.19238e-06,1.3744835e-05,2.7106472e-05,4.7375429e-05,8.3183411e-05,0.000136074205,0.000210880512,0.0002981185328,0.0003913860589,0.00049699744941,0.000603174349,0.0007229741304,0.0008498548259,0.0009745582968,0.0010921720712,0.0011976730289
"GCAM 7.1","Reference","Pakistan","Emissions|CO|Energy|Supply|Liquids","Mt CO/yr",0,0,0,0,4.455525e-06,1.4950186e-05,2.9782465e-05,5.245268e-05,8.9925234e-05,0.000142984762,0.000216770904,0.0003099725814,0.0004079853247,0.0005180608201,0.0006284003433,0.0007488204297,0.0008748262214,0.0010009008243,0.0011217145695,0.0012456471733
"GCAM 7.1","CurrentMeasures","Pakistan","Emissions|CO|Industrial Processes","Mt CO/yr",0.0304949609,0.02881501,0.012384885811,0.0162166,0.016543745,0.017875835,0.018828479,0.018733718,0.017794227,0.0172151025,0.0166084645,0.01626025442,0.0160662657,0.0159025124,0.0159100409,0.0159408009,0.0159454308,0.0160011621,0.0160662405,0.0161501252
"GCAM 7.1","Reference","Pakistan","Emissions|CO|Industrial Processes","Mt CO/yr",0.0304949609,0.02881501,0.012384885811,0.0162166,0.016533443,0.017848435,0.018796457,0.01871288,0.017762015,0.0171904376,0.0165356127,0.01621634283,0.0159794668,0.0158084617,0.0158233619,0.0158527969,0.0158589708,0.0159179254,0.0159780937,0.0160677636
"GCAM 7.1","CurrentMeasures","Pakistan","Emissions|CO|Industrial Processes|Chemicals","Mt CO/yr",0.0132714,0.0150721,0.0122973,0.0162166,0.016543745,0.017875835,0.018828479,0.018733718,0.017794227,0.0172151025,0.0166084645,0.01626025442,0.0160662657,0.0159025124,0.0159100409,0.0159408009,0.0159454308,0.0160011621,0.0160662405,0.0161501252
"GCAM 7.1","Reference","Pakistan","Emissions|CO|Industrial Processes|Chemicals","Mt CO/yr",0.0132714,0.0150721,0.0122973,0.0162166,0.016533443,0.017848435,0.018796457,0.01871288,0.017762015,0.0171904376,0.0165356127,0.01621634283,0.0159794668,0.0158084617,0.0158233619,0.0158527969,0.0158589708,0.0159179254,0.0159780937,0.0160677636
"GCAM 7.1","CurrentMeasures","Pakistan","Emissions|CO|Industrial Processes|Chemicals|Ammonia","Mt CO/yr",0.0132714,0.0150721,0.0122973,0.0162166,0.016543745,0.017875835,0.018828479,0.018733718,0.017794227,0.0172151025,0.0166084645,0.01626025442,0.0160662657,0.0159025124,0.0159100409,0.0159408009,0.0159454308,0.0160011621,0.0160662405,0.0161501252
"GCAM 7.1","Reference","Pakistan","Emissions|CO|Industrial Processes|Chemicals|Ammonia","Mt CO/yr",0.0132714,0.0150721,0.0122973,0.0162166,0.016533443,0.017848435,0.018796457,0.01871288,0.017762015,0.0171904376,0.0165356127,0.01621634283,0.0159794668,0.0158084617,0.0158233619,0.0158527969,0.0158589708,0.0159179254,0.0159780937,0.0160677636
"GCAM 7.1","CurrentMeasures","Pakistan","Emissions|CO|Industrial Processes|Iron and Steel","Mt CO/yr",0.0172235609,0.01374291,8.7585811e-05,0,0,0,0,0,0,0,0,0,0,0,0,0,0,0,0,0
"GCAM 7.1","Reference","Pakistan","Emissions|CO|Industrial Processes|Iron and Steel","Mt CO/yr",0.0172235609,0.01374291,8.7585811e-05,0,0,0,0,0,0,0,0,0,0,0,0,0,0,0,0,0
"GCAM 7.1","CurrentMeasures","Pakistan","Emissions|CO|Product Use","Mt CO/yr",0.072845,0.0320872,0.0152815,0.00490032,0.00547412,0.00677623,0.00826824,0.00993215,0.0116871,0.0134157,0.0149683,0.0162516,0.01717,0.0176646,0.0177588,0.0174936,0.0169645,0.0162973,0.015576,0.0148166
"GCAM 7.1","Reference","Pakistan","Emissions|CO|Product Use","Mt CO/yr",0.072845,0.0320872,0.0152815,0.00490032,0.00547251,0.0067694,0.00825795,0.00991988,0.0116724,0.0134012,0.0149519,0.0162385,0.0171568,0.017655,0.0177536,0.0174919,0.016965,0.0163025,0.0155849,0.0148273
"GCAM 7.1","CurrentMeasures","Pakistan","Emissions|CO|Waste","Mt CO/yr",0.448325,0.513922,0.568562,0.568562,0.608123,0.645391,0.675564,0.693922,0.698984,0.692828,0.676147,0.651214,0.618331,0.580819,0.540067,0.498425,0.458176,0.420331,0.385163,0.352654
"GCAM 7.1","Reference","Pakistan","Emissions|CO|Waste","Mt CO/yr",0.448325,0.513922,0.568562,0.568562,0.608123,0.645391,0.675564,0.693922,0.698984,0.692828,0.676147,0.651214,0.618331,0.580819,0.540067,0.498425,0.458176,0.420331,0.385163,0.352654
"GCAM 7.1","CurrentMeasures","Pakistan","Emissions|F-Gases","Mt CO2-equiv/yr",0.6037406229,1.1023625629,2.6887588009,5.9592267768,7.5281314327,11.0214101541,14.3753328989,18.903887736,24.963495399,32.907899664,42.766166075,54.562003836,67.984666047,82.350576868,97.27507415,111.78475092,125.347740276,137.840548597,148.931811582,158.396664633
"GCAM 7.1","Reference","Pakistan","Emissions|F-Gases","Mt CO2-equiv/yr",0.6037406229,1.1023625629,2.6887588009,5.9592267768,7.5457588316,11.1341017619,14.5745463428,19.189057852,25.345909427,33.408201098,43.372846646,55.279482676,68.819213365,83.303481502,98.357582583,113.025488206,126.748151176,139.369589127,150.537460982,159.913735963
"GCAM 7.1","CurrentMeasures","Pakistan","Emissions|HFC","kt HFC134a-equiv/yr",0.5845481762,1.0809164399,2.671695902,5.9352692768,7.5024907327,10.9868972541,14.3327311989,18.848579236,24.895835899,32.826706064,42.675319675,54.455373836,67.858472047,82.203570868,97.10583915,111.59332192,125.135301276,137.608521597,148.681808582,158.128987633
"GCAM 7.1","Reference","Pakistan","Emissions|HFC","kt HFC134a-equiv/yr",0.5845481762,1.0809164399,2.671695902,5.9352692768,7.5201775316,11.0994443619,14.5313821428,19.133464952,25.277751027,33.326564898,43.282344046,55.171783676,68.691689365,83.155132502,98.186443583,112.831783206,126.532823176,139.133931127,150.283096982,159.642360963
"GCAM 7.1","CurrentMeasures","Pakistan","Emissions|HFC|HFC125","kt HFC125/yr",0.061525818,0.14388796,0.36322057,1.2015368,1.662215,2.5769144,3.3281009,4.324601,5.633032,7.316059,9.362085,11.752093,14.407184,17.173929,19.967909,22.60685,25.000092,27.13051,28.95114,30.44487
"GCAM 7.1","Reference","Pakistan","Emissions|HFC|HFC125","kt HFC125/yr",0.061525818,0.14388796,0.36322057,1.2015368,1.6658923,2.6012255,3.3699902,4.383318,5.709163,7.412417,9.474751,11.879804,14.549247,17.330092,20.138783,22.796429,25.208035,27.35201,29.17841,30.65585
"GCAM 7.1","CurrentMeasures","Pakistan","Emissions|HFC|HFC134a","kt HFC134a/yr",0.39459936,0.69942039,1.7455591,3.1915477,3.8347955,5.3232465,7.0297405,9.3732073,12.5708348,16.8379412,22.235396,28.8189379,36.4517137,44.7859891,53.6200725,62.3772633,70.7232139,78.5706264,85.6898125,91.8912423
"GCAM 7.1","Reference","Pakistan","Emissions|HFC|HFC134a","kt HFC134a/yr",0.39459936,0.69942039,1.7455591,3.1915477,3.8445373,5.3832521,7.1378488,9.5311704,12.7881681,17.1294922,22.5988425,29.2592009,36.9777609,45.3998213,54.3310888,63.2056047,71.6707469,79.6168494,86.7992035,92.9479433
"GCAM 7.1","CurrentMeasures","Pakistan","Emissions|HFC|HFC143a","kt HFC143a/yr",0.075669424,0.15598668,0.39376156,1.3014557,1.8001964,2.7904914,3.6039612,4.683096,6.100038,7.922684,10.138454,12.726796,15.602252,18.598675,21.624679,24.482817,27.07484,29.38248,31.35435,32.97236
"GCAM 7.1","Reference","Pakistan","Emissions|HFC|HFC143a","kt HFC143a/yr",0.075669424,0.15598668,0.39376156,1.3014557,1.8041778,2.8168182,3.6493276,4.746684,6.182499,8.027031,10.26048,12.865121,15.756109,18.76783,21.809759,24.688182,27.3002,29.62232,31.60058,33.20091
"GCAM 7.1","CurrentMeasures","Pakistan","Emissions|HFC|HFC227ea","kt HFC227ea/yr",0.00858987,0.0119759,0.0266336,0.0266336,0.0128851,0.0151167,0.0165073,0.0178718,0.0191854,0.0204563,0.0216481,0.0227574,0.023744,0.0245977,0.0253072,0.025872,0.026324,0.0266882,0.0269707,0.0271831
"GCAM 7.1","Reference","Pakistan","Emissions|HFC|HFC227ea","kt HFC227ea/yr",0.00858987,0.0119759,0.0266336,0.0266336,0.0128851,0.0151167,0.0165073,0.0178718,0.0191854,0.0204563,0.0216481,0.0227574,0.023744,0.0245977,0.0253072,0.025872,0.026324,0.0266882,0.0269707,0.0271831
"GCAM 7.1","CurrentMeasures","Pakistan","Emissions|HFC|HFC23","kt HFC23/yr",0.0005473863,0.0002101709,0.00053054,0.0014084418,0.0018761767,0.0028169191,0.0036577529,0.004783051,0.006275469,0.008214041,0.010596546,0.013413843,0.016582732,0.019931527,0.02336445,0.026657534,0.0296935,0.03244715,0.03485079,0.03686695
"GCAM 7.1","Reference","Pakistan","Emissions|HFC|HFC23","kt HFC23/yr",0.0005473863,0.0002101709,0.00053054,0.0014084418,0.0018804856,0.0028447369,0.0037062668,0.004851837,0.006366197,0.008330875,0.010735917,0.013575283,0.01676675,0.020138161,0.023595383,0.02691862,0.0299846,0.03276168,0.03517799,0.03717388
"GCAM 7.1","CurrentMeasures","Pakistan","Emissions|HFC|HFC245fa","kt HFC245fa/yr",0.00337562,0.00761796,0.0182764,0.020969,0.0135511,0.0212288,0.027028,0.0342276,0.0429314,0.0530147,0.0641405,0.0760111,0.0882437,0.100124,0.111376,0.121532,0.130449,0.138492,0.145977,0.152855
"GCAM 7.1","Reference","Pakistan","Emissions|HFC|HFC245fa","kt HFC245fa/yr",0.00337562,0.00761796,0.0182764,0.020969,0.0135471,0.0212075,0.0269943,0.0341854,0.0428772,0.0529572,0.0640701,0.0759496,0.0881757,0.10007,0.111344,0.12152,0.130453,0.138536,0.14606,0.152966
"GCAM 7.1","CurrentMeasures","Pakistan","Emissions|HFC|HFC32","kt HFC32/yr",0.0055071109,0.011339338,0.028624227,0.09482247,0.13120492,0.20343867,0.26273233,0.34138449,0.4446494,0.5774689,0.7389223,0.9275008,1.1369766,1.3552358,1.5756204,1.7837503,1.972473,2.1404536,2.2839774,2.4017056
"GCAM 7.1","Reference","Pakistan","Emissions|HFC|HFC32","kt HFC32/yr",0.0055071109,0.011339338,0.028624227,0.09482247,0.13149503,0.20535733,0.26603812,0.34601762,0.4506562,0.585069,0.7478085,0.9375722,1.1481778,1.3675482,1.5890875,1.7986887,1.9888598,2.1578976,2.3018828,2.4183203
"GCAM 7.1","CurrentMeasures","Pakistan","Emissions|HFC|HFC43-10","kt HFC43-10/yr",0.00290613,0.0025807,0.00455464,0.00522567,0.00581373,0.00731146,0.00911962,0.0113094,0.0138849,0.0170718,0.0206545,0.0244771,0.0284163,0.032242,0.0358653,0.0391358,0.0420073,0.0445971,0.0470076,0.0492223
"GCAM 7.1","Reference","Pakistan","Emissions|HFC|HFC43-10","kt HFC43-10/yr",0.00290613,0.0025807,0.00455464,0.00522567,0.00581202,0.00730409,0.00910826,0.0112954,0.0138673,0.0170533,0.0206319,0.0244573,0.0283943,0.0322245,0.0358549,0.039132,0.0420086,0.0446115,0.0470343,0.049258
"GCAM 7.1","CurrentMeasures","Pakistan","Emissions|Kyoto Gases","Mt CO2-equiv/yr",332.508067097109,375.588005803185,462.389902100295,549.366380602991,576.42876717941,665.70874257932,768.419741523184,891.775492668286,1036.97836605289,1194.15631451508,1352.79915924224,1544.75318257525,1745.9585939711,1949.25558034593,2146.14178583002,2327.05706857871,2485.62867325431,2631.89854779724,2766.16424382771,2887.62562755569
"GCAM 7.1","Reference","Pakistan","Emissions|Kyoto Gases","Mt CO2-equiv/yr",332.508067097109,375.588005803185,462.389902100295,549.366380602991,583.308483059415,681.844689608428,795.170310648186,933.012329715799,1094.24229340188,1264.77018936574,1429.67615446234,1644.31702108094,1868.92130679262,2097.52274403798,2325.33507583297,2536.38542770538,2720.96927975311,2895.36951452823,3056.04839807097,3202.27331130417
"GCAM 7.1","CurrentMeasures","Pakistan","Emissions|Kyoto Gases|AFOLU","Mt CO2-equiv/yr",134.858656571352,145.187994263098,201.161350109293,216.657389463668,223.808125865059,250.195693263769,283.381248196091,319.969137690124,358.759405897575,400.76427749803,441.03401964357,485.212782183611,528.276298815172,569.164990992455,607.384954335462,641.806562195339,672.841137265398,699.517148187388,722.914505787691,743.342782663799
"GCAM 7.1","Reference","Pakistan","Emissions|Kyoto Gases|AFOLU","Mt CO2-equiv/yr",134.858656571352,145.187994263098,201.161350109293,216.657389463668,223.802405289089,250.239000828356,283.466039491705,320.110200783489,358.895256703629,400.800787608359,440.656717337349,485.169344548463,528.274842682278,569.102442458158,607.433575691474,641.859737195347,672.882012026283,699.495493120758,722.909793993908,743.343036017909
"GCAM 7.1","CurrentMeasures","Pakistan","Emissions|Kyoto Gases|AFOLU [NGHGI]","Mt CO2-equiv/yr",130.919272050099,153.161635491262,186.605888059049,210.115327582281,228.675949634313,261.279552339342,296.998776256914,335.414915781918,375.51906150915,418.691909004186,460.796334560795,504.069916862935,546.367868511876,585.929754006405,622.427912121261,655.007528291689,683.704804827949,709.231368194648,731.535452807924,750.926259463254
"GCAM 7.1","Reference","Pakistan","Emissions|Kyoto Gases|AFOLU [NGHGI]","Mt CO2-equiv/yr",130.919272050099,153.161635491262,186.605888059049,210.115327582281,228.675460552204,261.317652388589,297.05003052391,335.523422790945,375.592937727766,418.680348956594,460.593554624704,504.050584706738,546.33256554173,585.865663525456,622.421142591313,654.992038552676,683.673464068503,709.217951029732,731.526533620868,750.920369209635
"GCAM 7.1","CurrentMeasures","Pakistan","Emissions|Kyoto Gases|AFOLU|Agriculture","Mt CO2-equiv/yr",130.897807319649,153.140918009262,186.586853422852,210.09621608944,228.65647999891,261.259518393466,296.978137115896,335.393613307647,375.497027964812,418.668996305856,460.772435749194,504.045040532428,546.34206894819,585.903096391648,622.400484726082,654.979424991375,683.676114000658,709.202161012447,731.505804154865,750.896240724184
"GCAM 7.1","Reference","Pakistan","Emissions|Kyoto Gases|AFOLU|Agriculture","Mt CO2-equiv/yr",130.897807319649,153.140918009262,186.586853422852,210.09621608944,228.65599108874,261.29762001341,297.029393511048,335.502124126297,375.570907409096,418.657436180921,460.569649464312,504.025706735052,546.306766038487,585.839005592313,622.393715838905,654.963935935603,683.644773770127,709.188743946179,731.496885087819,750.890350725798
"GCAM 7.1","CurrentMeasures","Pakistan","Emissions|Kyoto Gases|AFOLU|Agriculture|Livestock","Mt CO2-equiv/yr",100.8522293865,120.713883052,148.705489802,169.7639148025,187.2771467,216.329534863,248.4084026205,283.7953164785,321.9878204185,363.1108155865,405.5132422365,448.0609059255,489.552217217,528.6329337555,564.578520428,596.676533694,625.0915749045,650.264833864,672.29295159,691.517847819
"GCAM 7.1","Reference","Pakistan","Emissions|Kyoto Gases|AFOLU|Agriculture|Livestock","Mt CO2-equiv/yr",100.8522293865,120.713883052,148.705489802,169.7639148025,187.277232704,216.3329492385,248.412083721,283.801753766,321.9919837515,363.1086174365,405.499092994,448.0564882305,489.553094712,528.6330776715,564.580479375,596.6768170325,625.0877388055,650.263434946,672.293337562,691.5199017475
"GCAM 7.1","CurrentMeasures","Pakistan","Emissions|Kyoto Gases|AFOLU|Agriculture|Livestock|Enteric Fermentation","Mt CO2-equiv/yr",100.590749188,120.349406641,148.160446144,168.921885163,186.345853945,215.2465896765,247.1555663005,282.3526397935,320.3380810335,361.2369543965,403.4080322415,445.7222851805,486.984510587,525.8484431405,561.593446733,593.511535739,621.7666158045,646.797661684,668.700920775,687.816444764
"GCAM 7.1","Reference","Pakistan","Emissions|Kyoto Gases|AFOLU|Agriculture|Livestock|Enteric Fermentation","Mt CO2-equiv/yr",100.590749188,120.349406641,148.160446144,168.921885163,186.3459409745,215.2499988865,247.159236571,282.359051826,320.3422299265,361.2347651165,403.393954254,445.7178838705,486.985394477,525.8485857315,561.59540568,593.5118274775,621.7628024855,646.796274231,668.701309812,687.8184986925
"GCAM 7.1","CurrentMeasures","Pakistan","Emissions|Kyoto Gases|AFOLU|Agriculture|Managed Soils","Mt CO2-equiv/yr",17.3943063458495,20.5011872501625,23.8556050164522,23.26899795584,24.1832476825831,26.3507632220451,28.907973203634,31.2139007703718,33.146050302714,35.3737115178353,36.2633083275492,37.3009062565135,38.2089701508812,38.9264608195484,39.6217775528309,40.2445348349981,40.770510455392,41.2417045823295,41.6270307815542,41.9153180220494
"GCAM 7.1","Reference","Pakistan","Emissions|Kyoto Gases|AFOLU|Agriculture|Managed Soils","Mt CO2-equiv/yr",17.3943063458495,20.5011872501625,23.8556050164522,23.26899795584,24.1821513394491,26.3591450622527,28.9208567889242,31.2463497666656,33.1695645361396,35.3720373605653,36.1816532490222,37.276780782455,38.1813299423443,38.8925415226157,39.6109417200724,40.2344674057694,40.7590499372017,41.2329446706613,41.6207361485562,41.9155224290508
"GCAM 7.1","CurrentMeasures","Pakistan","Emissions|Kyoto Gases|AFOLU|Agriculture|Rice","Mt CO2-equiv/yr",12.6512715873,11.9258477071,14.0257586044,17.0633033311,17.1960856163265,18.5792203084205,19.6617612917615,20.384396058775,20.363157243598,20.18446920152,18.995885185145,18.6832283504145,18.5808815803085,18.3437018165995,18.2001867452505,18.0583564623765,17.814028640766,17.695622566117,17.585821783311,17.463074883135
"GCAM 7.1","Reference","Pakistan","Emissions|Kyoto Gases|AFOLU|Agriculture|Rice","Mt CO2-equiv/yr",12.6512715873,11.9258477071,14.0257586044,17.0633033311,17.196607045291,18.605525712657,19.6964530011235,20.4540205936315,20.409359121456,20.176781383856,18.8889032212895,18.692437722097,18.5723413841425,18.313386398197,18.202294743833,18.0526514973335,17.797985027425,17.6923643295175,17.5828113772625,17.4549265492475
"GCAM 7.1","CurrentMeasures","Pakistan","Emissions|Kyoto Gases|AFOLU|Land","Mt CO2-equiv/yr",0.001363902,0.0023373795,0.002901696947,0.0029831315,0.0033622686165,0.003968846117,0.0046150207125,0.0053190124515,0.006088499444,0.007005228095,0.0080337547075,0.0090574357685,0.010024026634,0.010919559684,0.011722319096,0.012425788891,0.0130362075135,0.0135725009455,0.0140305321925,0.014413865849
"GCAM 7.1","Reference","Pakistan","Emissions|Kyoto Gases|AFOLU|Land","Mt CO2-equiv/yr",0.001363902,0.0023373795,0.002901696947,0.0029831315,0.0033620911725,0.003967446122,0.004613005944,0.005315609984,0.006085405728,0.007005081974,0.008039213098,0.0090590401315,0.0100238430155,0.0109197407585,0.011721561302,0.0124249416595,0.0130354478115,0.0135722276245,0.014030231762,0.0144134273535
"GCAM 7.1","CurrentMeasures","Pakistan","Emissions|Kyoto Gases|Energy","Mt CO2-equiv/yr",144.160416657493,163.571750191681,186.970767270568,248.615674904861,262.282188143045,310.994878402828,364.519043277418,433.094639092362,519.880384002216,613.322476149615,710.696580734787,836.985474910578,974.060181342494,1116.14338857759,1255.24717746457,1383.47433352889,1494.19326412507,1597.06291015891,1692.25082932228,1777.70255874992
"GCAM 7.1","Reference","Pakistan","Emissions|Kyoto Gases|Energy","Mt CO2-equiv/yr",144.160416657493,163.571750191681,186.970767270568,248.615674904861,269.06677637901,327.029897960675,391.289894096814,474.742120393226,578.28766594527,686.118082190153,791.127760028062,940.939031635147,1102.98012136412,1272.39821910465,1444.51270007909,1605.35041365669,1744.77807703104,1879.20374762489,2004.47447522802,2118.94419671338
"GCAM 7.1","CurrentMeasures","Pakistan","Emissions|Kyoto Gases|Energy and Industrial Processes","Mt CO2-equiv/yr",167.736342659637,196.346836861327,222.539267273802,288.160821575123,305.333370020292,364.614816647702,430.677443870099,514.272587379741,617.874183944457,729.352603560163,843.994633180238,988.297336944334,1143.35053702455,1303.08621206125,1459.53136234981,1604.25671184896,1730.37882291321,1848.83281501513,1958.81637767985,2059.18468827551
"GCAM 7.1","Reference","Pakistan","Emissions|Kyoto Gases|Energy and Industrial Processes","Mt CO2-equiv/yr",167.736342659637,196.346836861327,222.539267273802,288.160821575123,312.218806476266,380.707456112221,457.343221699486,555.368361333889,675.002260487396,799.929968300499,921.248930706557,1087.90461308517,1266.31470597897,1451.41592428759,1638.67603099675,1813.53189597562,1965.67855465112,2112.32543681275,2248.70524371689,2373.83211866988
"GCAM 7.1","CurrentMeasures","Pakistan","Emissions|Kyoto Gases|Energy|Demand","Mt CO2-equiv/yr",110.597852160195,126.450071825446,149.976358591248,201.675601486328,217.817296458776,259.253762292393,306.33849391698,359.592790579707,426.864038233668,507.020106327873,599.327484387306,699.587621877362,804.189953978782,906.185526284681,1004.08677485554,1093.54658815996,1173.60379672516,1244.34541708594,1305.69655497279,1357.47187232483
"GCAM 7.1","Reference","Pakistan","Emissions|Kyoto Gases|Energy|Demand","Mt CO2-equiv/yr",110.597852160195,126.450071825446,149.976358591248,201.675601486328,218.667407101304,260.442213518448,308.334765938081,362.081453425943,428.020257794289,506.354598106154,596.984482186358,695.656447549066,798.266434181852,899.304032750452,996.304876436683,1084.79724136397,1163.75623348334,1233.40244966847,1293.66137238882,1345.90155073705
"GCAM 7.1","CurrentMeasures","Pakistan","Emissions|Kyoto Gases|Energy|Demand|AFOFI","Mt CO2-equiv/yr",0.312173138228169,0.12985683825176,0.0483175218543761,0.0452936244774356,0.0481643893643623,0.0513918211591545,0.0531413514373126,0.0537627148165351,0.0545413752014052,0.0534077606880017,0.0535382387420129,0.0557183395220766,0.0587231404089151,0.0612294524914418,0.0630316329947049,0.0640860068311336,0.0646140796885147,0.0649022652817073,0.0648657154850373,0.0647491847321934
"GCAM 7.1","Reference","Pakistan","Emissions|Kyoto Gases|Energy|Demand|AFOFI","Mt CO2-equiv/yr",0.312173138228169,0.12985683825176,0.0483175218543761,0.0452936244774356,0.0481644194841956,0.0513733104841528,0.0530656779993058,0.0535852441161857,0.0542367710098442,0.0529316339092919,0.0529175447694566,0.055013326703646,0.0579883799651484,0.0604863394469411,0.0622775706669698,0.0633035428595626,0.0637852250576061,0.0640244457397944,0.063954362743288,0.0638431120117779
"GCAM 7.1","CurrentMeasures","Pakistan","Emissions|Kyoto Gases|Energy|Demand|Bunkers","Mt CO2-equiv/yr",3.20639946729569,3.5577407389874,3.15403229313799,1.69513429268632,1.77403017223678,2.09347628662895,2.45072254465455,3.08387425287037,3.90227302382357,4.91101515313595,6.10818593021132,7.55691539601607,9.23961654133392,11.1286828238244,13.2256653454016,15.4739369178832,17.8420740982636,20.3305390951148,22.89964788337,25.5285835215806
"GCAM 7.1","Reference","Pakistan","Emissions|Kyoto Gases|Energy|Demand|Bunkers","Mt CO2-equiv/yr",3.20639946729569,3.5577407389874,3.15403229313799,1.69513429268632,1.77410312403345,2.09357030763229,2.45085883640856,3.08405669327972,3.90168746948619,4.91080391125593,6.10812283623265,7.55672691207538,9.23932828964923,11.128399757307,13.2252744527036,15.4725432119211,17.83932984122,20.3269927031945,22.8958386879097,25.5249344889269
"GCAM 7.1","CurrentMeasures","Pakistan","Emissions|Kyoto Gases|Energy|Demand|Bunkers|International Aviation","Mt CO2-equiv/yr",2.73708697924693,2.53732982706224,2.45163971738785,1.52654240213775,1.60371873231139,1.90959461033899,2.25754009903705,2.87666112709292,3.67535660699833,4.66253259208741,5.83829623719351,7.26199345898865,8.91877507747149,10.7814904876396,12.8516174861597,15.0737110413602,17.4163734065716,19.8791234101272,22.4228435270234,25.0265523305917
"GCAM 7.1","Reference","Pakistan","Emissions|Kyoto Gases|Energy|Demand|Bunkers|International Aviation","Mt CO2-equiv/yr",2.73708697924693,2.53732982706224,2.45163971738785,1.52654240213775,1.60378151614472,1.90967586000566,2.2576583068704,2.87682365292627,3.67483223033161,4.66234819875406,5.83825957052684,7.26184573232197,8.9185165558048,10.7812319659729,12.851248169493,15.0723812363601,17.4137504632381,19.8757251667936,22.4191864970231,25.0230432922581
"GCAM 7.1","CurrentMeasures","Pakistan","Emissions|Kyoto Gases|Energy|Demand|Bunkers|International Shipping","Mt CO2-equiv/yr",0.469312488048765,1.02041091192517,0.702392575750147,0.168591890548568,0.170311439925392,0.18388167628996,0.193182445617497,0.207213125777452,0.226916416825244,0.248482561048537,0.269889693017812,0.294921937027415,0.320841463862432,0.347192336184822,0.374047859241923,0.400225876522964,0.42570069169194,0.451415684987605,0.476804356346574,0.502031190988862
"GCAM 7.1","Reference","Pakistan","Emissions|Kyoto Gases|Energy|Demand|Bunkers|International Shipping","Mt CO2-equiv/yr",0.469312488048765,1.02041091192517,0.702392575750147,0.168591890548568,0.170321607888726,0.183894447626628,0.193200529538165,0.207233040353454,0.226855239154572,0.248455712501867,0.269863265705809,0.294881179753411,0.320811733844429,0.347167791334153,0.374026283210588,0.400161975560958,0.425579377981929,0.451267536400925,0.47665219088656,0.501891196668849
"GCAM 7.1","CurrentMeasures","Pakistan","Emissions|Kyoto Gases|Energy|Demand|Commercial","Mt CO2-equiv/yr",3.11161282166401,4.02808773218784,7.06537178854376,8.90373234552183,9.72925788828888,13.244250890006,17.9951900557233,24.6403974062308,33.9313786572626,46.2520620248364,61.9020602191775,81.4553983498538,104.412120653628,129.54386203874,156.559701400294,183.66991641884,209.960984677314,234.963973567416,257.84562603159,277.772756700979
"GCAM 7.1","Reference","Pakistan","Emissions|Kyoto Gases|Energy|Demand|Commercial","Mt CO2-equiv/yr",3.11161282166401,4.02808773218784,7.06537178854376,8.90373234552183,9.71746885778464,13.1731198763399,17.8703884737267,24.4681657185197,33.6929302819652,46.012330048954,61.6532186093416,81.1752370027095,104.010132983213,129.1621131711,156.169096457022,183.278308235616,209.551667023884,234.484913814115,257.209063882769,277.048009996813
"GCAM 7.1","CurrentMeasures","Pakistan","Emissions|Kyoto Gases|Energy|Demand|Industry","Mt CO2-equiv/yr",52.6012553577998,55.0150293970655,59.9372560680581,86.6992779365468,96.3466469823583,119.43556446626,148.075286787318,181.516906407992,219.365082941131,263.055614028826,309.733310111646,356.525579534482,401.84972493902,442.868977152574,478.718396481939,508.40676442057,532.031311364777,550.448224543112,564.633230373082,575.271237065562
"GCAM 7.1","Reference","Pakistan","Emissions|Kyoto Gases|Energy|Demand|Industry","Mt CO2-equiv/yr",52.6012553577998,55.0150293970655,59.9372560680581,86.6992779365468,96.2875492998316,119.042290961725,147.081514616038,179.506405338299,215.884443999589,258.019463270706,303.110218106148,348.420919155819,392.130355047084,431.696447367637,466.118018063071,494.282410558645,516.242920507892,532.943222625384,545.373032162034,554.754781644335
"GCAM 7.1","CurrentMeasures","Pakistan","Emissions|Kyoto Gases|Energy|Demand|Residential","Mt CO2-equiv/yr",23.1443512401287,27.5213782463964,33.1142517640708,45.1182991912191,48.1601267935812,58.0488185917327,66.8434164072088,78.0347712810287,92.3143579565003,108.900356041493,128.33202051036,148.879697582056,169.484135206024,188.004871450352,204.544688542119,218.10763382894,228.784228317527,236.208521391771,240.476560698787,242.051309067158
"GCAM 7.1","Reference","Pakistan","Emissions|Kyoto Gases|Energy|Demand|Residential","Mt CO2-equiv/yr",23.1443512401287,27.5213782463964,33.1142517640708,45.1182991912191,48.0503939608259,57.4837398190167,65.8943635053196,76.7405043837013,90.5531962420711,106.810245043528,125.771071204749,145.787305821378,165.512825012771,183.579369608967,199.556612753546,212.510745696131,222.574063000506,229.445902337784,233.248946898274,235.124405164852
"GCAM 7.1","CurrentMeasures","Pakistan","Emissions|Kyoto Gases|Energy|Demand|Residential and Commercial","Mt CO2-equiv/yr",26.2559640617927,31.5494659785843,40.1796235526146,54.022031536741,57.8893846818701,71.2930694817387,84.8386064629321,102.67516868726,126.245736613763,155.15241806633,190.234080729537,230.335095931909,273.896255859652,317.548733489092,361.104389942413,401.777550247781,438.745212994841,471.172494959187,498.322186730376,519.824065768137
"GCAM 7.1","Reference","Pakistan","Emissions|Kyoto Gases|Energy|Demand|Residential and Commercial","Mt CO2-equiv/yr",26.2559640617927,31.5494659785843,40.1796235526146,54.022031536741,57.7678628186105,70.6568596953566,83.7647519790463,101.208670102221,124.246126524036,152.822575092482,187.42428981409,226.962542824087,269.522957995985,312.741482780067,355.725709210568,395.789053931747,432.12573002439,463.930816151899,490.458010781043,512.172415161665
"GCAM 7.1","CurrentMeasures","Pakistan","Emissions|Kyoto Gases|Energy|Demand|Residential and Commercial and AFOFI","Mt CO2-equiv/yr",26.5681372000208,31.679322816836,40.2279410744689,54.0673251612184,57.9375490712345,71.3444613028978,84.8917478143695,102.728931402076,126.300277988964,155.205825827018,190.287618968279,230.390814271431,273.954979000061,317.609962941583,361.167421575408,401.841636254612,438.809827074529,471.237397224469,498.387052445861,519.888814952869
"GCAM 7.1","Reference","Pakistan","Emissions|Kyoto Gases|Energy|Demand|Residential and Commercial and AFOFI","Mt CO2-equiv/yr",26.5681372000208,31.679322816836,40.2279410744689,54.0673251612184,57.8160272380947,70.7082330058407,83.8178176570456,101.262255346337,124.300363295046,152.875506726391,187.47720735886,227.017556150791,269.58094637595,312.801969119514,355.787986781235,395.852357474606,432.189515249448,463.994840597639,490.521965143786,512.236258273676
"GCAM 7.1","CurrentMeasures","Pakistan","Emissions|Kyoto Gases|Energy|Demand|Transportation","Mt CO2-equiv/yr",28.2220601350791,36.1979788725567,46.6571291555829,59.2138640958768,61.7590702329463,66.3802602366063,70.9207367706373,72.263078516769,77.296404279749,83.8476513188934,93.1983693771684,105.114312675432,119.145633498367,134.577903366699,150.975291452787,167.82425056689,184.920584187587,202.329256223246,219.776624270472,236.783236784815
"GCAM 7.1","Reference","Pakistan","Emissions|Kyoto Gases|Energy|Demand|Transportation","Mt CO2-equiv/yr",28.2220601350791,36.1979788725567,46.6571291555829,59.2138640958768,62.7897274393445,68.5981192432498,74.9845748285887,78.2287360480277,83.9337630301679,90.5488241978016,100.288933885117,112.661245330381,127.315804469169,143.677216505993,161.173597139672,179.189930118799,197.48446788478,216.137393742248,234.87053639509,253.385576330116
"GCAM 7.1","CurrentMeasures","Pakistan","Emissions|Kyoto Gases|Energy|Demand|Transportation|Bus","Mt CO2-equiv/yr",4.0533767512894,6.25157858634705,6.71909577419125,8.12816023431498,9.24410675315191,11.0916488915217,12.1511635309496,11.8587585090569,13.2771524108502,15.7697282572058,18.9130511717527,22.2091094207799,25.3698518689284,27.9323218934235,30.0466436994786,31.6446050097544,32.7569878095869,33.453399902049,33.7866709606121,33.8578652482184
"GCAM 7.1","Reference","Pakistan","Emissions|Kyoto Gases|Energy|Demand|Transportation|Bus","Mt CO2-equiv/yr",4.0533767512894,6.25157858634705,6.71909577419125,8.12816023431498,9.15285591954383,10.9203167721731,11.897710226927,11.5680630086977,13.0053043407593,15.5072628003824,18.6567332697966,21.9658560508916,25.1438800563749,27.7242268242049,29.8545499366615,31.4653442672051,32.5875024169052,33.2916865372346,33.6316548487316,33.7062122659382
"GCAM 7.1","CurrentMeasures","Pakistan","Emissions|Kyoto Gases|Energy|Demand|Transportation|Domestic Aviation","Mt CO2-equiv/yr",0.171830861682012,0.159273853347558,0.154000656180412,0.0962330815752273,0.109502747093074,0.145898499179645,0.182571533849574,0.245530972355175,0.327414082362459,0.425717474871204,0.533862965547491,0.654891116224924,0.783391004736355,0.927842379249205,1.09911559876444,1.30448005511604,1.54164269680381,1.80865477516089,2.09825813685332,2.40164350354698
"GCAM 7.1","Reference","Pakistan","Emissions|Kyoto Gases|Energy|Demand|Transportation|Domestic Aviation","Mt CO2-equiv/yr",0.171830861682012,0.159273853347558,0.154000656180412,0.0962330815752273,0.109134783426375,0.145189528346249,0.181425282016139,0.243846633188359,0.325390648862279,0.423053287870967,0.529684929713786,0.648018871057646,0.772932777068758,0.912674027581189,1.07838281159593,1.2763242567802,1.50437373013382,1.76166592015671,2.04171050518163,2.3397223318748
"GCAM 7.1","CurrentMeasures","Pakistan","Emissions|Kyoto Gases|Energy|Demand|Transportation|Light-Duty Vehicle","Mt CO2-equiv/yr",13.5922612458972,17.5775034158286,22.4611627499537,28.2417247552067,27.7852052365894,26.3207508898423,25.3716936586084,23.833747448501,22.9603655953948,22.9137345343593,24.1025644521499,25.8311484302527,28.1309110905248,31.3054332525497,35.1195709319692,39.4577996842105,44.2239584344294,49.3434381552807,54.6445339604123,60.0418443828075
"GCAM 7.1","Reference","Pakistan","Emissions|Kyoto Gases|Energy|Demand|Transportation|Light-Duty Vehicle","Mt CO2-equiv/yr",13.5922612458972,17.5775034158286,22.4611627499537,28.2417247552067,28.9082270472291,28.7146282760015,29.7223908854852,30.2390237337986,30.1860034173655,30.4447097229403,32.2664399315597,34.6537482499464,37.7295457184186,41.978915885881,47.0703838493743,52.8305019436621,59.1350040984937,65.8854120518218,72.8579191578365,80.0335075450052
"GCAM 7.1","CurrentMeasures","Pakistan","Emissions|Kyoto Gases|Energy|Demand|Transportation|Light-Duty Vehicle|Large Car and SUV","Mt CO2-equiv/yr",1.38416072182902,1.92564415262111,2.28534189469884,2.81248856893493,2.85252388179575,2.717569444675,2.57952333974869,2.54556620080327,2.70215857550062,3.09283495868897,3.7710624851284,4.59685271775564,5.59065762901806,6.8339217768627,8.29500510338884,9.96776790932262,11.8235478069923,13.8432565170521,15.9791526662435,18.199634161086
"GCAM 7.1","Reference","Pakistan","Emissions|Kyoto Gases|Energy|Demand|Transportation|Light-Duty Vehicle|Large Car and SUV","Mt CO2-equiv/yr",1.38416072182902,1.92564415262111,2.28534189469884,2.81248856893493,2.93463175176148,2.98021057945629,3.1811637449592,3.55085066619257,4.07181762533013,4.73504073498611,5.80035789045198,7.04874613055035,8.52095421524939,10.3590158393414,12.5136312528154,14.9704932530769,17.6853736639634,20.6290604791885,23.7301151213632,26.9858792876393
"GCAM 7.1","CurrentMeasures","Pakistan","Emissions|Kyoto Gases|Energy|Demand|Transportation|Light-Duty Vehicle|Midsize Car","Mt CO2-equiv/yr",4.50235951713631,6.2636535976357,7.43367083975842,9.14835529667921,9.11669586088109,8.50276761889451,7.68639914862013,6.87034127875413,6.09899782843549,5.97432374331416,6.28984545642851,6.89851767982317,7.82279890247879,9.07301911181496,10.5580566128664,12.1877451940827,13.928071095902,15.756977660916,17.6225523898507,19.4089394572543
"GCAM 7.1","Reference","Pakistan","Emissions|Kyoto Gases|Energy|Demand|Transportation|Light-Duty Vehicle|Midsize Car","Mt CO2-equiv/yr",4.50235951713631,6.2636535976357,7.43367083975842,9.14835529667921,9.33150815792899,9.11018097820329,8.94389922663095,8.74603535430555,8.34410938780183,8.2833982981208,8.77188806688363,9.59759951787864,10.8184626431589,12.4860139826076,14.46787674642,16.6349388739007,18.9416273404591,21.3582839261181,23.8161815335182,26.2025909053425
"GCAM 7.1","CurrentMeasures","Pakistan","Emissions|Kyoto Gases|Energy|Demand|Transportation|Light-Duty Vehicle|Subcompact Car","Mt CO2-equiv/yr",1.28959508574779,1.79408889741056,2.12919424299237,2.62032403530509,2.69625481124511,2.98990776121256,3.50447794512997,4.09198836938417,4.8713139800556,5.75567419876315,6.90420557584245,8.0506509260904,9.23180134727352,10.5766123889577,12.038888515899,13.60315871836,15.2366717593033,16.9104224447623,18.5670886451694,20.1192252517991
"GCAM 7.1","Reference","Pakistan","Emissions|Kyoto Gases|Energy|Demand|Transportation|Light-Duty Vehicle|Subcompact Car","Mt CO2-equiv/yr",1.28959508574779,1.79408889741056,2.12919424299237,2.62032403530509,2.74171436455036,3.15320988341738,3.89727470903072,4.77553909312217,5.78150073103689,6.83227314734396,8.18612683354847,9.51344906359619,10.8622219769326,12.3972833030828,14.0626311447778,15.8352327647531,17.6785497984535,19.5587362526374,21.4111939570177,23.1879065023458
"GCAM 7.1","CurrentMeasures","Pakistan","Emissions|Kyoto Gases|Energy|Demand|Transportation|Light-Duty Vehicle|Two-Wheeler","Mt CO2-equiv/yr",6.41614592118405,7.59411676816127,10.612955772504,13.6605568542874,13.1197306826674,12.1105060650603,11.6012932251096,10.3258515995594,9.2878952114031,8.09090163359301,7.13745093475058,6.28512710658354,5.4856532117544,4.82187997491432,4.22762069981492,3.69912786244522,3.23566777223181,2.8327815325503,2.47574025914876,2.31404551266811
"GCAM 7.1","Reference","Pakistan","Emissions|Kyoto Gases|Energy|Demand|Transportation|Light-Duty Vehicle|Two-Wheeler","Mt CO2-equiv/yr",6.41614592118405,7.59411676816127,10.612955772504,13.6605568542874,13.9003727729882,13.4710268349245,13.7000532048644,13.1665986201783,11.9885756731966,10.5939975424895,9.50806714067559,8.49395353792122,7.52790688307767,6.73660276084922,6.02624470536112,5.38983705193142,4.82945329561763,4.33933139387791,3.90042854593729,3.65713084967759
"GCAM 7.1","CurrentMeasures","Pakistan","Emissions|Kyoto Gases|Energy|Demand|Transportation|Rail","Mt CO2-equiv/yr",0.368078795691624,0.385370059427507,0.548818123841472,0.711093799587772,0.741846581590126,0.848612467998473,0.895056964602579,0.956978382274575,1.07639388405074,1.20485510832753,1.33231064050427,1.4639106283814,1.58570851965781,1.70005169880035,1.80465834867551,1.89512083848293,1.97499762848953,2.05137388082923,2.12285904783523,2.20587441517554
"GCAM 7.1","Reference","Pakistan","Emissions|Kyoto Gases|Energy|Demand|Transportation|Rail","Mt CO2-equiv/yr",0.368078795691624,0.385370059427507,0.548818123841472,0.711093799587772,0.740467984123354,0.846328654331632,0.892123593869023,0.95365737510766,1.07379423665055,1.20322067169408,1.33154419257088,1.46383736391473,1.58623486072453,1.70103085360044,1.8060871069423,1.89682106081641,1.9769379404897,2.05371924716277,2.12565843450214,2.20890424050913
"GCAM 7.1","CurrentMeasures","Pakistan","Emissions|Kyoto Gases|Energy|Demand|Transportation|Truck","Mt CO2-equiv/yr",10.0365124805189,11.8242529576059,16.7740518514161,22.0366522251922,23.8784089145218,27.9733494880642,32.3202510826272,35.3680632045812,39.6550783070908,43.5336159441296,48.3165801472139,54.9552530797934,63.2757710145196,72.7122541426764,82.9053028738993,93.522244979326,104.422997618277,115.672389509926,127.124302164759,138.276009235066
"GCAM 7.1","Reference","Pakistan","Emissions|Kyoto Gases|Energy|Demand|Transportation|Truck","Mt CO2-equiv/yr",10.0365124805189,11.8242529576059,16.7740518514161,22.0366522251922,23.8790417050219,27.9716560123973,32.2909248402913,35.2241452972354,39.3432703865303,42.9705777149138,47.5045315614764,53.9297847945707,62.0832110565822,71.3603689147251,81.3641934350982,91.7209385903354,102.280649698757,113.144909985872,124.213593448839,135.097229946789
"GCAM 7.1","CurrentMeasures","Pakistan","Emissions|Kyoto Gases|Energy|Supply","Mt CO2-equiv/yr",57.2902978327882,63.6863117019836,68.591982015526,83.9503067552309,84.6634194345898,101.766809928315,120.453926539433,151.786219079771,190.291558977391,224.595527232496,249.10626882667,296.534182781016,350.892646980169,413.160683378051,476.917895762894,537.947583391483,589.913059691063,644.815530099525,700.893775311406,758.05112912247
"GCAM 7.1","Reference","Pakistan","Emissions|Kyoto Gases|Energy|Supply","Mt CO2-equiv/yr",57.2902978327882,63.6863117019836,68.591982015526,83.9503067552309,90.7820448013768,116.597197406773,144.778104691021,189.505118174269,244.548639892885,293.062385560965,324.883367186923,395.027495166362,473.085883864241,559.644414704495,652.847681061017,742.380275246221,818.650011635966,899.36610031281,979.173427330263,1056.40640800208
"GCAM 7.1","CurrentMeasures","Pakistan","Emissions|Kyoto Gases|Energy|Supply|Electricity","Mt CO2-equiv/yr",34.2816213416865,38.4377980571333,42.860319127468,58.4711396662164,57.8729385644037,70.6984370389445,84.8295639109464,110.578084761206,142.252893044658,169.495321529521,186.484045185832,224.939516452039,270.432451247685,323.919856694938,379.88381163895,433.356240435648,478.840780445428,527.855232850265,577.730481800728,627.961537678087
"GCAM 7.1","Reference","Pakistan","Emissions|Kyoto Gases|Energy|Supply|Electricity","Mt CO2-equiv/yr",34.2816213416865,38.4377980571333,42.860319127468,58.4711396662164,63.3794831645321,84.3341624025352,107.426079477961,145.961786924835,193.841502444816,234.800693403618,259.037581653697,319.336901542936,387.820756439156,465.12489328093,549.907119730642,631.341815372591,700.758235935389,775.17383289305,848.677555655143,918.137062758674
"GCAM 7.1","CurrentMeasures","Pakistan","Emissions|Kyoto Gases|Energy|Supply|Gases","Mt CO2-equiv/yr",17.4902817141366,19.7307397213305,18.4597725583539,19.1977765646603,19.573684756621,22.3835641409641,25.1297101926995,27.9087114979334,31.026848295154,34.5855451457367,38.9820313652555,44.602340551778,50.356610606314,55.7879402691745,59.9643905628829,63.4040769801463,65.5216587020714,66.6693786512151,67.8224453350569,69.5595317111877
"GCAM 7.1","Reference","Pakistan","Emissions|Kyoto Gases|Energy|Supply|Gases","Mt CO2-equiv/yr",17.4902817141366,19.7307397213305,18.4597725583539,19.1977765646603,19.9742454603622,23.1318745672974,26.1415700757424,29.2080572447899,32.6368507014615,36.6217653714596,41.1605080237543,47.5195911942231,53.7635553028639,59.5514339490354,64.1851676089585,68.0430524015641,70.4484440815762,71.9249458116088,73.1037151447613,75.2442205013263
"GCAM 7.1","CurrentMeasures","Pakistan","Emissions|Kyoto Gases|Energy|Supply|Hydrogen","Mt CO2-equiv/yr",0,0,0,0,0.00987957734983144,0.279566433310921,0.99277821400817,2.52251263588306,4.13396241699538,5.7547890451876,7.3017431470068,8.88252952538694,10.5044090652815,12.0549485377959,13.6259613916627,15.2525999798266,17.0115993662705,18.9211646307867,20.9638808233578,22.9841889491934
"GCAM 7.1","Reference","Pakistan","Emissions|Kyoto Gases|Energy|Supply|Hydrogen","Mt CO2-equiv/yr",0,0,0,0,0.00986079838822974,0.281157984896226,0.991157855666103,2.50535020476186,4.09732175326162,5.70436065867267,7.23559909534887,8.79900118335757,10.3645515630639,11.8795162913493,13.4153879733982,15.0113013982593,16.750031378392,18.6407425248999,20.6577555366366,22.7037647768253
"GCAM 7.1","CurrentMeasures","Pakistan","Emissions|Kyoto Gases|Energy|Supply|Liquids","Mt CO2-equiv/yr",3.82217286571512,3.94266801351983,5.289539586254,3.77522043666421,4.54758740182028,5.42751935768092,6.24179223687369,7.14804423412367,8.88163040771352,10.5379933458554,12.1557870818655,13.9331477459138,15.3478813070383,16.7920920708574,18.4861788305082,20.6565979400676,22.9378665764983,25.3963287888728,28.056353836913,30.9236181766172
"GCAM 7.1","Reference","Pakistan","Emissions|Kyoto Gases|Energy|Supply|Liquids","Mt CO2-equiv/yr",3.82217286571512,3.94266801351983,5.289539586254,3.77522043666421,4.70961748655925,5.76226190184928,6.8028163147613,7.99624476310206,9.76995436704567,11.4822326707904,13.0324415658226,14.9395474910404,16.4287980393566,17.9696447587553,19.7955235065637,21.9744974383364,24.239077283789,26.7127449784912,29.4060127731824,32.6810898723241
"GCAM 7.1","CurrentMeasures","Pakistan","Emissions|Kyoto Gases|Energy|Supply|Solids","Mt CO2-equiv/yr",1.69622191125,1.57510591,1.98235074345,2.50617008769,2.659329134395,2.977722957415,3.260081984905,3.628865950625,3.99622481287,4.221878166195,4.18266204671,4.176648505899,4.25129475385,4.605845805285,4.95755333889,5.278068055795,5.601154600795,5.973425178385,6.32061351535,6.622252607385
"GCAM 7.1","Reference","Pakistan","Emissions|Kyoto Gases|Energy|Supply|Solids","Mt CO2-equiv/yr",1.69622191125,1.57510591,1.98235074345,2.50617008769,2.708837891535,3.087740550195,3.41648096689,3.83367903678,4.2030106263,4.453333456425,4.4172368483,4.4324537548045,4.7082225198,5.118926424425,5.544482241455,6.00960863547,6.45422295682,6.91383410476,7.32838822054,7.640270092935
"GCAM 7.1","CurrentMeasures","Pakistan","Emissions|Kyoto Gases|Energy|Supply|Solids|Coal","Mt CO2-equiv/yr",1.69622191125,1.57510591,1.98235074345,2.50617008769,2.659329134395,2.977722957415,3.260081984905,3.628865950625,3.99622481287,4.221878166195,4.18266204671,4.176648505899,4.25129475385,4.605845805285,4.95755333889,5.278068055795,5.601154600795,5.973425178385,6.32061351535,6.622252607385
"GCAM 7.1","Reference","Pakistan","Emissions|Kyoto Gases|Energy|Supply|Solids|Coal","Mt CO2-equiv/yr",1.69622191125,1.57510591,1.98235074345,2.50617008769,2.708837891535,3.087740550195,3.41648096689,3.83367903678,4.2030106263,4.453333456425,4.4172368483,4.4324537548045,4.7082225198,5.118926424425,5.544482241455,6.00960863547,6.45422295682,6.91383410476,7.32838822054,7.640270092935
"GCAM 7.1","CurrentMeasures","Pakistan","Emissions|Kyoto Gases|Industrial Processes","Mt CO2-equiv/yr",8.477333334104,15.957333334784,15.957333334784,15.957333334784,17.5952846682662,22.8312846687422,28.864242002624,35.552473003232,42.5399700038673,49.6931787045176,56.7665728718273,63.605310492449,70.1680892063789,76.2743329402674,81.8359883074396,86.686852641214,90.8915293082629,94.5242796752598,97.6320678755423,100.305404842452
"GCAM 7.1","Reference","Pakistan","Emissions|Kyoto Gases|Industrial Processes","Mt CO2-equiv/yr",8.477333334104,15.957333334784,15.957333334784,15.957333334784,17.6049390016004,22.9022016687487,28.9928760026357,35.7315420032483,42.7704420038882,49.9777853712101,57.0961160051906,63.9666559091485,70.5697696064154,76.7085843403068,82.3107288741495,87.2184041745956,91.4868302416503,95.1745813419856,98.324716242272,100.975984275846
"GCAM 7.1","CurrentMeasures","Pakistan","Emissions|Kyoto Gases|Other","Mt CO2-equiv/yr",29.91306786612,34.05317467876,38.6892847172,44.5481695642,47.28727129406,50.89823266785,54.361049456995,57.53376759842,60.344776210855,64.039433456885,67.77050641843,71.243063447305,74.331758131375,77.004377292225,79.22546914475,80.99379453441,82.40871307571,83.54858459472,84.43336036017,85.09815661638
"GCAM 7.1","Reference","Pakistan","Emissions|Kyoto Gases|Other","Mt CO2-equiv/yr",29.91306786612,34.05317467876,38.6892847172,44.5481695642,47.28727129406,50.89823266785,54.361049456995,57.53376759842,60.344776210855,64.039433456885,67.77050641843,71.243063447305,74.331758131375,77.004377292225,79.22546914475,80.99379453441,82.40871307571,83.54858459472,84.43336036017,85.09815661638
"GCAM 7.1","CurrentMeasures","Pakistan","Emissions|Kyoto Gases|Product Use","Mt CO2-equiv/yr",3.23472600029407,3.53543666698807,3.81238000034658,5.08269666712873,5.3566333338203,5.77580666719174,6.15747000055977,6.48329000058939,6.81622333395299,7.19037000065367,7.66289333402996,8.13838666740652,8.61105666744949,9.06708000082428,9.56945000086995,10.0856066675835,10.6322333342999,11.1966066676845,11.7637300010694,12.2665033344485
"GCAM 7.1","Reference","Pakistan","Emissions|Kyoto Gases|Product Use","Mt CO2-equiv/yr",3.23472600029407,3.53543666698807,3.81238000034658,5.08269666712873,5.35575333382022,5.7706000005246,6.14896333389233,6.47247333392174,6.80353666728517,7.18465000065315,7.65501000069591,8.12647000073877,8.57871666744655,9.03400666748794,9.53267333419994,10.0495266675803,10.5995633342969,11.1647066676816,11.725890001066,12.2300566677785
"GCAM 7.1","CurrentMeasures","Pakistan","Emissions|Kyoto Gases|Product Use|Non-Energy Use","Mt CO2-equiv/yr",3.23472600029407,3.53543666698807,3.81238000034658,5.08269666712873,5.3566333338203,5.77580666719174,6.15747000055977,6.48329000058939,6.81622333395299,7.19037000065367,7.66289333402996,8.13838666740652,8.61105666744949,9.06708000082428,9.56945000086995,10.0856066675835,10.6322333342999,11.1966066676845,11.7637300010694,12.2665033344485
"GCAM 7.1","Reference","Pakistan","Emissions|Kyoto Gases|Product Use|Non-Energy Use","Mt CO2-equiv/yr",3.23472600029407,3.53543666698807,3.81238000034658,5.08269666712873,5.35575333382022,5.7706000005246,6.14896333389233,6.47247333392174,6.80353666728517,7.18465000065315,7.65501000069591,8.12647000073877,8.57871666744655,9.03400666748794,9.53267333419994,10.0495266675803,10.5995633342969,11.1647066676816,11.725890001066,12.2300566677785
"GCAM 7.1","CurrentMeasures","Pakistan","Emissions|N2O","kt N2O/yr",152.967423986745,177.759724594437,225.44335229584,230.631226572273,245.104916962836,272.681454170126,303.620145313022,335.120898413025,367.219309213199,402.197666379086,432.029063835374,463.723658664644,494.706583799546,523.549984121395,550.56047510006,574.882840519124,596.390720873726,615.919163504872,633.189629788345,648.363749699535
"GCAM 7.1","Reference","Pakistan","Emissions|N2O","kt N2O/yr",152.967423986745,177.759724594437,225.44335229584,230.631226572273,245.239606206986,273.038068855658,304.203981542218,336.044126413344,368.260171141036,403.204694590157,432.708878849921,464.957694178279,496.180124021736,525.290600090327,552.816418788335,577.532784809079,599.36881001646,619.272570764969,636.876205461296,652.273030881207
"GCAM 7.1","CurrentMeasures","Pakistan","Emissions|N2O|AFOLU","kt N2O/yr",132.981974781145,155.569019055237,201.682344061311,202.130722424073,215.927131630946,242.298448086156,271.640719744022,301.645950944685,331.218387298639,363.476069676656,390.535004137891,419.011073266069,446.566849486905,471.876609623446,495.355793379187,516.316009396562,534.672713417873,551.046240830899,565.266151913887,577.471586815162
"GCAM 7.1","Reference","Pakistan","Emissions|N2O|AFOLU","kt N2O/yr",132.981974781145,155.569019055237,201.682344061311,202.130722424073,215.923616653756,242.355199514028,271.722040554678,301.833574835224,331.350341570486,363.461789483697,390.12391698825,418.925617160261,446.455298526904,471.722174111648,495.317942145148,516.273152867511,534.613346509857,551.009220371895,565.240088611994,577.466548286507
"GCAM 7.1","CurrentMeasures","Pakistan","Emissions|N2O|AFOLU [NGHGI]","kt N2O/yr",132.981974781145,155.569019055237,201.682344061311,202.130722424073,215.927131630946,242.298448086156,271.640719744022,301.645950944685,331.218387298639,363.476069676656,390.535004137891,419.011073266069,446.566849486905,471.876609623446,495.355793379187,516.316009396562,534.672713417873,551.046240830899,565.266151913887,577.471586815162
"GCAM 7.1","Reference","Pakistan","Emissions|N2O|AFOLU [NGHGI]","kt N2O/yr",132.981974781145,155.569019055237,201.682344061311,202.130722424073,215.923616653756,242.355199514028,271.722040554678,301.833574835224,331.350341570486,363.461789483697,390.12391698825,418.925617160261,446.455298526904,471.722174111648,495.317942145148,516.273152867511,534.613346509857,551.009220371895,565.240088611994,577.466548286507
"GCAM 7.1","CurrentMeasures","Pakistan","Emissions|N2O|AFOLU|Agricultural Waste Burning","kt N2O/yr",0.083613460015,0.093118799907,0.100804566031,0.110649309173,0.113336356104,0.120549467116,0.126490463954,0.129302513929,0.127987683658,0.124188592968,0.114469365743,0.105968702737,0.097383158212,0.088731813918,0.080740545491,0.07334902859,0.068499137537,0.068830884016,0.069104398054,0.069287627502
"GCAM 7.1","Reference","Pakistan","Emissions|N2O|AFOLU|Agricultural Waste Burning","kt N2O/yr",0.083613460015,0.093118799907,0.100804566031,0.110649309173,0.113333228216,0.120622934099,0.126587619728,0.12951650615,0.128126256382,0.124172586513,0.114086177502,0.105919017478,0.097302628435,0.088623558636,0.08072198679,0.073326852915,0.068469693575,0.068815537058,0.069093244129,0.069279650872
"GCAM 7.1","CurrentMeasures","Pakistan","Emissions|N2O|AFOLU|Agriculture","kt N2O/yr",132.85575487113,155.43282705533,201.54052460548,201.978759456,215.771090036142,242.13298317504,271.466951808768,301.466790155256,331.037709208981,363.295801352088,390.360652842348,418.841445716332,446.402240769893,471.717342729328,495.201549934496,516.166554232372,534.525847341336,550.897056414983,565.114996422933,577.31882624456
"GCAM 7.1","Reference","Pakistan","Emissions|N2O|AFOLU|Agriculture","kt N2O/yr",132.85575487113,155.43282705533,201.54052460548,201.978759456,215.76757884634,242.189666737229,271.54818327455,301.654213650374,331.169536829704,363.281537296684,389.949926623848,418.756033174083,446.290770801369,471.563014537512,495.163719907658,516.123722775196,534.466512315482,550.860052013837,565.088945077565,577.313797005835
"GCAM 7.1","CurrentMeasures","Pakistan","Emissions|N2O|AFOLU|Agriculture|Livestock","kt N2O/yr",58.2532081,68.0552488,99.1158708,99.1158145,109.34098,126.3031942,145.0321637,165.6927849,187.9913169,212.0008001,236.7574101,261.5985967,285.8230298,308.6398987,329.6269112,348.3670076,364.9570573,379.6546496,392.51543,403.7396766
"GCAM 7.1","Reference","Pakistan","Emissions|N2O|AFOLU|Agriculture|Livestock","kt N2O/yr",58.2532081,68.0552488,99.1158708,99.1158145,109.3411376,126.3050329,145.0341594,165.6963164,187.9936531,211.9996341,236.7491876,261.5960857,285.8234048,308.6403171,329.628079,348.3672125,364.9551487,379.6535844,392.5157908,403.7410475
"GCAM 7.1","CurrentMeasures","Pakistan","Emissions|N2O|AFOLU|Agriculture|Livestock|Enteric Fermentation","kt N2O/yr",58.1021752,67.8497674,98.7525856,98.6241982,108.797249,125.6709221,144.3006997,164.8504839,187.0281239,210.9067541,235.5282871,260.2332037,284.3238878,307.0141877,327.8840882,346.5191406,363.0157973,377.6303576,390.418239,401.5786296
"GCAM 7.1","Reference","Pakistan","Emissions|N2O|AFOLU|Agriculture|Livestock|Enteric Fermentation","kt N2O/yr",58.1021752,67.8497674,98.7525856,98.6241982,108.7974073,125.6727561,144.3026894,164.8540004,187.0304521,210.9055941,235.5201116,260.2307017,284.3242658,307.0146011,327.885256,346.5193455,363.0139007,377.6292934,390.4186008,401.5800005
"GCAM 7.1","CurrentMeasures","Pakistan","Emissions|N2O|AFOLU|Agriculture|Managed Soils","kt N2O/yr",65.63889187113,77.36297075533,90.02115100548,87.807539456,91.257538424842,99.43684234734,109.086691334468,117.788304793856,125.079435104581,133.485703840888,136.842672934148,140.758136817032,144.184793022193,146.892304979428,149.516141708796,151.866169188672,153.850982850536,155.629073895583,157.083135024733,158.17101140396
"GCAM 7.1","Reference","Pakistan","Emissions|N2O|AFOLU|Agriculture|Managed Soils","kt N2O/yr",65.63889187113,77.36297075533,90.02115100548,87.807539456,91.25340128094,99.468471933029,109.13530863745,117.910753836474,125.168168060904,133.479386266284,136.534540562348,140.667097292283,144.080490348469,146.764307632512,149.475251773858,151.828178889696,153.807735612082,155.596017625137,157.059381692665,158.171782751135
"GCAM 7.1","CurrentMeasures","Pakistan","Emissions|N2O|AFOLU|Agriculture|Rice","kt N2O/yr",8.9636549,10.0146075,12.4035028,15.0554055,15.1725716113,16.3929466277,17.3480967743,17.9857004614,17.9669572044,17.8092974112,16.7605698082,16.4847121993,16.3944179477,16.1851390499,16.0584970257,15.9333774437,15.7178071908,15.6133329194,15.5164313982,15.4081382406
"GCAM 7.1","Reference","Pakistan","Emissions|N2O|AFOLU|Agriculture|Rice","kt N2O/yr",8.9636549,10.0146075,12.4035028,15.0554055,15.1730399654,16.4161619042,17.3787152371,18.0471434139,18.0077156688,17.8025169304,16.6661984615,16.4928501818,16.3868756529,16.158389805,16.0603891338,15.9283313855,15.7036280034,15.6104499887,15.5137725849,15.4009667547
"GCAM 7.1","CurrentMeasures","Pakistan","Emissions|N2O|AFOLU|Land","kt N2O/yr",0.04260645,0.0430732,0.0410148898,0.0413136589,0.0427052387,0.044915444,0.0472774713,0.0498582755,0.052690406,0.0560797316,0.0598819298,0.063658847,0.0672255588,0.0705350802,0.0735028992,0.0761061356,0.078366939,0.0803535319,0.0820510929,0.0834729431
"GCAM 7.1","Reference","Pakistan","Emissions|N2O|AFOLU|Land","kt N2O/yr",0.04260645,0.0430732,0.0410148898,0.0413136589,0.0427045792,0.0449098427,0.0472696604,0.0498446787,0.0526784844,0.0560796005,0.0599041869,0.0636649687,0.0672250971,0.0705360155,0.0735002507,0.0761032394,0.0783645008,0.080352821,0.0820502903,0.0834716298
"GCAM 7.1","CurrentMeasures","Pakistan","Emissions|N2O|AFOLU|Land|Fires","kt N2O/yr",0.03745965,0.0342529,0.03006509,0.0300565589,0.0300174326,0.0299386662,0.0298622988,0.0297865304,0.0297149364,0.0296449086,0.0295658743,0.0294798441,0.0293990432,0.0293291946,0.0292677328,0.0292163662,0.0291737031,0.0291365472,0.0291056884,0.0290809965
"GCAM 7.1","Reference","Pakistan","Emissions|N2O|AFOLU|Land|Fires","kt N2O/yr",0.03745965,0.0342529,0.03006509,0.0300565589,0.0300174427,0.0299383479,0.0298620908,0.0297857731,0.0297146892,0.0296453289,0.0295675337,0.0294799116,0.0293992744,0.0293294466,0.0292679439,0.0292166671,0.0291741317,0.0291368677,0.0291060195,0.0290813379
"GCAM 7.1","CurrentMeasures","Pakistan","Emissions|N2O|AFOLU|Land|Fires|Forest Burning","kt N2O/yr",0,0,0,0,0,0,0,0,0,0,0,0,0,0,0,0,0,0,0,0
"GCAM 7.1","Reference","Pakistan","Emissions|N2O|AFOLU|Land|Fires|Forest Burning","kt N2O/yr",0,0,0,0,0,0,0,0,0,0,0,0,0,0,0,0,0,0,0,0
"GCAM 7.1","CurrentMeasures","Pakistan","Emissions|N2O|Energy","kt N2O/yr",9.2690887797,12.4586154392,12.5833095156,16.0214065482,15.71562610989,15.61940394197,15.903575582,16.11820364534,17.41737943656,18.89087083143,20.471473487983,22.573123412325,24.998494603341,27.659170586449,30.457971012174,33.231207997662,35.907281185353,38.675194981173,41.419419807158,44.151713605673
"GCAM 7.1","Reference","Pakistan","Emissions|N2O|Energy","kt N2O/yr",9.2690887797,12.4586154392,12.5833095156,16.0214065482,15.85387116123,15.91941829963,16.40630913554,16.85404849312,18.32659901855,19.91249557846,21.562826936571,23.892979266398,26.584047204532,29.554628322479,32.752053910787,35.924200800768,38.944848862003,42.065532392574,45.131790953702,48.0656206793
"GCAM 7.1","CurrentMeasures","Pakistan","Emissions|N2O|Energy and Industrial Processes","kt N2O/yr",9.2929967056,12.4837777392,12.602161134529,16.0460924482,15.74080995189,15.64661567397,15.93223747,16.14672122034,17.44446690756,18.91707672543,20.496755891483,22.597875773575,25.022951677641,27.683378376949,30.482190290874,33.255474072562,35.931554305853,38.699552933973,41.443876824458,44.176298324373
"GCAM 7.1","Reference","Pakistan","Emissions|N2O|Energy and Industrial Processes","kt N2O/yr",9.2929967056,12.4837777392,12.602161134529,16.0460924482,15.87903947323,15.94658833163,16.43492228854,16.88253443012,18.35363746355,19.93866392946,21.587998455671,23.917664793018,26.608372159832,29.578692957679,32.776141213187,35.948332891568,38.968990356603,42.089763653074,45.156113799302,48.0900800347
"GCAM 7.1","CurrentMeasures","Pakistan","Emissions|N2O|Energy|Demand","kt N2O/yr",8.9172574066,12.1125016845,12.0513503646,15.1334056692,15.0616356961,14.8028521267,14.8964779874,14.75852175282,15.6047733847,16.66489180297,17.959887137653,19.4735289506,21.155528083732,22.922389485456,24.713572231927,26.472342087224,28.185234922493,29.864653350543,31.502195486218,33.096913187413
"GCAM 7.1","Reference","Pakistan","Emissions|N2O|Energy|Demand","kt N2O/yr",8.9172574066,12.1125016845,12.0513503646,15.1334056692,15.1383205839,14.954837241,15.1558300639,15.11899217672,15.96837445934,16.99100428516,18.268240567941,19.769716434183,21.453159793824,23.23930058517,25.057252956943,26.839846128998,28.569858364602,30.264337104444,31.918622737632,33.55496792315
"GCAM 7.1","CurrentMeasures","Pakistan","Emissions|N2O|Energy|Demand|AFOFI","kt N2O/yr",0.00274892,0.001111968,0.000400922,0.000374196,0.0003984792,0.0004284017,0.0004499213,0.00046584572,0.0004843094,0.0004933829,0.0005097793,0.0005392549,0.0005720252,0.0005982227,0.0006175026,0.0006293968,0.0006360456,0.0006402593,0.0006412285,0.0006414474
"GCAM 7.1","Reference","Pakistan","Emissions|N2O|Energy|Demand|AFOFI","kt N2O/yr",0.00274892,0.001111968,0.000400922,0.000374196,0.0003984809,0.0004283091,0.0004495449,0.00046497232,0.0004828272,0.0004911357,0.0005068028,0.0005358632,0.0005685439,0.0005947496,0.000614012,0.0006257765,0.0006321889,0.0006361492,0.0006369519,0.0006371788
"GCAM 7.1","CurrentMeasures","Pakistan","Emissions|N2O|Energy|Demand|Bunkers","kt N2O/yr",0.1016043,0.1107004,0.0854858,0.04613536,0.04825361,0.05672196,0.06540358,0.08209386,0.10424987,0.13177113,0.16463496,0.20445149,0.2507579,0.30279522,0.36060938,0.42264182,0.48802312,0.55675356,0.62773873,0.70035645
"GCAM 7.1","Reference","Pakistan","Emissions|N2O|Energy|Demand|Bunkers","kt N2O/yr",0.1016043,0.1107004,0.0854858,0.04613536,0.04825554,0.05672447,0.06540731,0.08209878,0.10423473,0.13176683,0.16463486,0.20444728,0.25075079,0.3027883,0.36059959,0.42260445,0.48794797,0.55665816,0.62763539,0.70025837
"GCAM 7.1","CurrentMeasures","Pakistan","Emissions|N2O|Energy|Demand|Bunkers|International Aviation","kt N2O/yr",0.0787886,0.0731679,0.0704417,0.0424468,0.0445927,0.0530979,0.0627727,0.0799879,0.102196,0.129645,0.162338,0.201925,0.247994,0.299788,0.357349,0.419136,0.484277,0.552755,0.623485,0.695883
"GCAM 7.1","Reference","Pakistan","Emissions|N2O|Energy|Demand|Bunkers|International Aviation","kt N2O/yr",0.0787886,0.0731679,0.0704417,0.0424468,0.0445944,0.0531001,0.062776,0.0799924,0.102182,0.129641,0.162338,0.201921,0.247987,0.299781,0.357339,0.419099,0.484203,0.552661,0.623383,0.695786
"GCAM 7.1","CurrentMeasures","Pakistan","Emissions|N2O|Energy|Demand|Bunkers|International Shipping","kt N2O/yr",0.0228157,0.0375325,0.0150441,0.00368856,0.00366091,0.00362406,0.00263088,0.00210596,0.00205387,0.00212613,0.00229696,0.00252649,0.0027639,0.00300722,0.00326038,0.00350582,0.00374612,0.00399856,0.00425373,0.00447345
"GCAM 7.1","Reference","Pakistan","Emissions|N2O|Energy|Demand|Bunkers|International Shipping","kt N2O/yr",0.0228157,0.0375325,0.0150441,0.00368856,0.00366114,0.00362437,0.00263131,0.00210638,0.00205273,0.00212583,0.00229686,0.00252628,0.00276379,0.0030073,0.00326059,0.00350545,0.00374497,0.00399716,0.00425239,0.00447237
"GCAM 7.1","CurrentMeasures","Pakistan","Emissions|N2O|Energy|Demand|Commercial","kt N2O/yr",0.012381826,0.013230576,0.020084482,0.022211398,0.021787617,0.02820885,0.03684567,0.04795299,0.06174984,0.07782012,0.09429017,0.11356146,0.13355191,0.15226294,0.16888809,0.18237941,0.19260074,0.19945345,0.20288427,0.20372551
"GCAM 7.1","Reference","Pakistan","Emissions|N2O|Energy|Demand|Commercial","kt N2O/yr",0.012381826,0.013230576,0.020084482,0.022211398,0.021682238,0.02752938,0.03557539,0.04609029,0.05912778,0.0744594,0.09035401,0.10891627,0.12806666,0.14611281,0.16196692,0.17449539,0.18370742,0.18966083,0.19236774,0.19355059
"GCAM 7.1","CurrentMeasures","Pakistan","Emissions|N2O|Energy|Demand|Industry","kt N2O/yr",0.8708891,0.989862605,1.239836231,1.752030853,1.9827529759,2.5194295536,3.1545738231,3.8856420151,4.6687420053,5.48443746007,6.272150756353,6.9771621537,7.600730954532,8.131511612756,8.574449156327,8.927382222424,9.193808908893,9.380371187243,9.505246816718,9.587714353013
"GCAM 7.1","Reference","Pakistan","Emissions|N2O|Energy|Demand|Industry","kt N2O/yr",0.8708891,0.989862605,1.239836231,1.752030853,1.9824642307,2.5184895611,3.1500714721,3.8728842514,4.64317434614,5.44163084246,6.212274497141,6.902121299983,7.514362174924,8.03525374057,8.469998080943,8.814062487498,9.069218607702,9.243199513244,9.355413732732,9.42791693635
"GCAM 7.1","CurrentMeasures","Pakistan","Emissions|N2O|Energy|Demand|Residential","kt N2O/yr",4.3526975606,4.7083521355,5.1619176296,5.8304692022,5.490345064,4.9310409614,4.464614193,4.034026922,3.63284067,3.26916279,2.958628702,2.696966082,2.477869294,2.30092669,2.148857103,2.019218738,1.913734908,1.826693894,1.755276741,1.704508827
"GCAM 7.1","Reference","Pakistan","Emissions|N2O|Energy|Demand|Residential","kt N2O/yr",4.3526975606,4.7083521355,5.1619176296,5.8304692022,5.4896684443,4.9277143208,4.4591955469,4.027001543,3.624232506,3.259108467,2.947925298,2.685740721,2.465743225,2.288269385,2.135536154,2.004975125,1.898548478,1.810835352,1.739049623,1.689434248
"GCAM 7.1","CurrentMeasures","Pakistan","Emissions|N2O|Energy|Demand|Residential and Commercial","kt N2O/yr",4.3650793866,4.7215827115,5.1820021116,5.8526806002,5.512132681,4.9592498114,4.501459863,4.081979912,3.69459051,3.34698291,3.052918872,2.810527542,2.611421204,2.45318963,2.317745193,2.201598148,2.106335648,2.026147344,1.958161011,1.908234337
"GCAM 7.1","Reference","Pakistan","Emissions|N2O|Energy|Demand|Residential and Commercial","kt N2O/yr",4.3650793866,4.7215827115,5.1820021116,5.8526806002,5.5113506823,4.9552437008,4.4947709369,4.073091833,3.683360286,3.333567867,3.038279308,2.794656991,2.593809885,2.434382195,2.297503074,2.179470515,2.082255898,2.000496182,1.931417363,1.882984838
"GCAM 7.1","CurrentMeasures","Pakistan","Emissions|N2O|Energy|Demand|Residential and Commercial and AFOFI","kt N2O/yr",4.3678283066,4.7226946795,5.1824030336,5.8530547962,5.5125311602,4.9596782131,4.5019097843,4.08244575772,3.6950748194,3.3474762929,3.0534286513,2.8110667969,2.6119932292,2.4537878527,2.3183626956,2.2022275448,2.1069716936,2.0267876033,1.9588022395,1.9088757844
"GCAM 7.1","Reference","Pakistan","Emissions|N2O|Energy|Demand|Residential and Commercial and AFOFI","kt N2O/yr",4.3678283066,4.7226946795,5.1824030336,5.8530547962,5.5117491632,4.9556720099,4.4952204818,4.07355680532,3.6838431132,3.3340590027,3.0387861108,2.7951928542,2.5943784289,2.4349769446,2.298117086,2.1800962915,2.0828880869,2.0011323312,1.9320543149,1.8836220168
"GCAM 7.1","CurrentMeasures","Pakistan","Emissions|N2O|Energy|Demand|Transportation","kt N2O/yr",4.7967864,8.133982,7.1821766,9.48296932,9.4691274,9.1543518,9.0496405,8.53344674,9.07536848,9.89160084,10.99593854,12.36981002,13.9520048,15.6624902,17.4524528,19.2620073,21.0716707,22.8960773,24.7066712,26.4901054
"GCAM 7.1","Reference","Pakistan","Emissions|N2O|Energy|Demand|Transportation","kt N2O/yr",4.7967864,8.133982,7.1821766,9.48296932,9.5587023,9.3536824,9.4172677,9.07491998,9.68444744,10.50944712,11.6533568,13.0725518,14.7157735,16.5149019,18.40792,20.324064,22.2397951,24.171896,26.091967,28.011452
"GCAM 7.1","CurrentMeasures","Pakistan","Emissions|N2O|Energy|Demand|Transportation|Light-Duty Vehicle","kt N2O/yr",0.634492,1.06568,0.932656,1.15303,1.10564,1.01939,0.975725,0.867272,0.778401,0.676486,0.596404,0.525152,0.458415,0.403134,0.35353,0.309394,0.270638,0.236923,0.20703,0.193508
"GCAM 7.1","Reference","Pakistan","Emissions|N2O|Energy|Demand|Transportation|Light-Duty Vehicle","kt N2O/yr",0.634492,1.06568,0.932656,1.15303,1.17147,1.13407,1.15243,1.10607,1.00493,0.885846,0.794575,0.709805,0.629278,0.563376,0.504078,0.450916,0.404027,0.362991,0.326232,0.305875
"GCAM 7.1","CurrentMeasures","Pakistan","Emissions|N2O|Energy|Demand|Transportation|Truck","kt N2O/yr",1.722593,3.378826,2.972418,4.32837,4.4614285,4.360303,4.3238161,4.0159615,4.4196439,4.834327,5.347003,6.066735,6.9736722,8.0029654,9.1143192,10.2687797,11.4505537,12.6684817,13.9071142,15.1163198
"GCAM 7.1","Reference","Pakistan","Emissions|N2O|Energy|Demand|Transportation|Truck","kt N2O/yr",1.722593,3.378826,2.972418,4.32837,4.461531,4.36015,4.3205639,3.9999147,4.3848671,4.7718021,5.2571584,5.9535532,6.8422853,7.8542853,8.9450784,10.0711858,11.2157853,12.3918072,13.5888396,14.7690142
"GCAM 7.1","CurrentMeasures","Pakistan","Emissions|N2O|Energy|Supply","kt N2O/yr",0.3518313731,0.3461137547,0.531959151,0.888000879,0.65399041379,0.81655181527,1.0070975946,1.35968189252,1.81260605186,2.22597902846,2.51158635033,3.099594461725,3.842966519609,4.736781100993,5.744398780247,6.758865910438,7.72204626286,8.81054163063,9.91722432094,11.05480041826
"GCAM 7.1","Reference","Pakistan","Emissions|N2O|Energy|Supply","kt N2O/yr",0.3518313731,0.3461137547,0.531959151,0.888000879,0.71555057733,0.96458105863,1.25047907164,1.7350563164,2.35822455921,2.9214912933,3.29458636863,4.123262832215,5.130887410708,6.315327737309,7.694800953844,9.08435467177,10.374990497401,11.80119528813,13.21316821607,14.51065275615
"GCAM 7.1","CurrentMeasures","Pakistan","Emissions|N2O|Energy|Supply|Electricity","kt N2O/yr",0.3198582,0.31026604,0.48146111,0.8362574,0.5982597,0.7526102829,0.935333401,1.278086146,1.720337358,2.127145557,2.41115611,2.996105015,3.734558638,4.61765564,5.61442416,6.61800999,7.56986043,8.6455698,9.73917127,10.86402307
"GCAM 7.1","Reference","Pakistan","Emissions|N2O|Energy|Supply|Electricity","kt N2O/yr",0.3198582,0.31026604,0.48146111,0.8362574,0.658785202,0.8983396994,1.17538744,1.649012815,2.261344522,2.817403598,3.188833891,4.01374601,5.01235409,6.18484809,7.55184965,8.92761201,10.20452897,11.61616028,13.01375766,14.29765378
"GCAM 7.1","CurrentMeasures","Pakistan","Emissions|N2O|Energy|Supply|Fugitive","kt N2O/yr",0.0319731731,0.0358477147,0.050498041,0.051743479,0.055688296,0.063797375,0.071467552,0.081049176,0.091245722,0.097033286,0.0974050263,0.0988214775,0.1016737977,0.1096946799,0.1173103466,0.1240410548,0.1303079816,0.1372465646,0.1437857598,0.1494127466
"GCAM 7.1","Reference","Pakistan","Emissions|N2O|Energy|Supply|Fugitive","kt N2O/yr",0.0319731731,0.0358477147,0.050498041,0.051743479,0.056720295,0.06608456,0.074765705,0.085438355,0.095774156,0.10219608876,0.10264276357,0.10466324082,0.11151363728,0.12064917661,0.12975738379,0.13932665712,0.1479408219,0.156560326,0.1642163468,0.1699774411
"GCAM 7.1","CurrentMeasures","Pakistan","Emissions|N2O|Energy|Supply|Liquids","kt N2O/yr",0,0,0,0,4.241779e-05,0.00014415737,0.0002966416,0.00054657052,0.00102297186,0.00180018546,0.00302521403,0.004667969225,0.006734083909,0.009430781093,0.012664273647,0.016814865638,0.02187785126,0.02772526603,0.03426729114,0.04136460166
"GCAM 7.1","Reference","Pakistan","Emissions|N2O|Energy|Supply|Liquids","kt N2O/yr",0,0,0,0,4.508033e-05,0.00015679923,0.00032592664,0.0006051464,0.00110588121,0.00189160654,0.00310971406,0.004853581395,0.007019683428,0.009830470699,0.013193920054,0.01741600465,0.022520705501,0.02847468213,0.03519420927,0.04302153505
"GCAM 7.1","CurrentMeasures","Pakistan","Emissions|N2O|Industrial Processes","kt N2O/yr",0.0239079259,0.0251623,0.018851618929,0.0246859,0.025183842,0.027211732,0.028661888,0.028517575,0.027087471,0.026205894,0.0252824035,0.02475236125,0.0244570743,0.0242077905,0.0242192787,0.0242660749,0.0242731205,0.0243579528,0.0244570173,0.0245847187
"GCAM 7.1","Reference","Pakistan","Emissions|N2O|Industrial Processes","kt N2O/yr",0.0239079259,0.0251623,0.018851618929,0.0246859,0.025168312,0.027170032,0.028613153,0.028485937,0.027038445,0.026168351,0.0251715191,0.02468552662,0.0243249553,0.0240646352,0.0240873024,0.0241320908,0.0241414946,0.0242312605,0.0243228456,0.0244593554
"GCAM 7.1","CurrentMeasures","Pakistan","Emissions|N2O|Industrial Processes|Chemicals","kt N2O/yr",0.0204733,0.0213991,0.0187183,0.0246859,0.025183842,0.027211732,0.028661888,0.028517575,0.027087471,0.026205894,0.0252824035,0.02475236125,0.0244570743,0.0242077905,0.0242192787,0.0242660749,0.0242731205,0.0243579528,0.0244570173,0.0245847187
"GCAM 7.1","Reference","Pakistan","Emissions|N2O|Industrial Processes|Chemicals","kt N2O/yr",0.0204733,0.0213991,0.0187183,0.0246859,0.025168312,0.027170032,0.028613153,0.028485937,0.027038445,0.026168351,0.0251715191,0.02468552662,0.0243249553,0.0240646352,0.0240873024,0.0241320908,0.0241414946,0.0242312605,0.0243228456,0.0244593554
"GCAM 7.1","CurrentMeasures","Pakistan","Emissions|N2O|Industrial Processes|Chemicals|Ammonia","kt N2O/yr",0.0204733,0.0213991,0.0187183,0.0246859,0.025183842,0.027211732,0.028661888,0.028517575,0.027087471,0.026205894,0.0252824035,0.02475236125,0.0244570743,0.0242077905,0.0242192787,0.0242660749,0.0242731205,0.0243579528,0.0244570173,0.0245847187
"GCAM 7.1","Reference","Pakistan","Emissions|N2O|Industrial Processes|Chemicals|Ammonia","kt N2O/yr",0.0204733,0.0213991,0.0187183,0.0246859,0.025168312,0.027170032,0.028613153,0.028485937,0.027038445,0.026168351,0.0251715191,0.02468552662,0.0243249553,0.0240646352,0.0240873024,0.0241320908,0.0241414946,0.0242312605,0.0243228456,0.0244593554
"GCAM 7.1","CurrentMeasures","Pakistan","Emissions|N2O|Industrial Processes|Iron and Steel","kt N2O/yr",0.0034346259,0.0037632,0.000133318929,0,0,0,0,0,0,0,0,0,0,0,0,0,0,0,0,0
"GCAM 7.1","Reference","Pakistan","Emissions|N2O|Industrial Processes|Iron and Steel","kt N2O/yr",0.0034346259,0.0037632,0.000133318929,0,0,0,0,0,0,0,0,0,0,0,0,0,0,0,0,0
"GCAM 7.1","CurrentMeasures","Pakistan","Emissions|N2O|Product Use","kt N2O/yr",2.2477785,0.0633297,0.0690012,0.077106,0.0860168,0.1085573,0.1358986,0.1691706,0.2085142,0.2565808,0.3104269,0.3678783,0.4270818,0.4845811,0.539038,0.588191,0.631349,0.670271,0.706501,0.739786
"GCAM 7.1","Reference","Pakistan","Emissions|N2O|Product Use","kt N2O/yr",2.2477785,0.0633297,0.0690012,0.077106,0.0859915,0.1084479,0.1357292,0.1689615,0.2082513,0.256302,0.3100865,0.3675809,0.4267525,0.484318,0.538882,0.588133,0.631369,0.670488,0.706903,0.740324
"GCAM 7.1","CurrentMeasures","Pakistan","Emissions|N2O|Waste","kt N2O/yr",8.444674,9.6435981,11.0898459,12.3773057,13.35095858,14.62783311,15.911289499,17.159055648,18.347940807,19.547939177,20.686876906,21.746831325,22.689700835,23.505415021,24.18345343,24.72316605,25.15510415,25.50309874,25.77310005,25.97607856
"GCAM 7.1","Reference","Pakistan","Emissions|N2O|Waste","kt N2O/yr",8.444674,9.6435981,11.0898459,12.3773057,13.35095858,14.62783311,15.911289499,17.159055648,18.347940807,19.547939177,20.686876906,21.746831325,22.689700835,23.505415021,24.18345343,24.72316605,25.15510415,25.50309874,25.77310005,25.97607856
"GCAM 7.1","CurrentMeasures","Pakistan","Emissions|NH3","Mt NH3/yr",1.49124820541758,1.68626507556688,1.87484072769714,2.10921843821642,2.23847142745069,2.48399440914262,2.76095073543245,3.04059412496861,3.3104295654913,3.57701649591955,3.76811364665428,3.97372531632036,4.16924290790674,4.34449236245293,4.50573485036239,4.64752749899299,4.76917738187215,4.87726086982152,4.9695390848561,5.04680335740894
"GCAM 7.1","Reference","Pakistan","Emissions|NH3","Mt NH3/yr",1.49124820541758,1.68626507556688,1.87484072769714,2.10921843821642,2.2387694306895,2.48515495227267,2.76260337408249,3.04371647220375,3.31282020305476,3.57750761329959,3.7635254842255,3.97273174695343,4.16823426548492,4.3428724377878,4.5054399640711,4.64732720852704,4.7688334908505,4.87715900400816,4.96953302330339,5.04716985688425
"GCAM 7.1","CurrentMeasures","Pakistan","Emissions|NH3|AFOLU","Mt NH3/yr",1.15545894800688,1.31210274225379,1.45771556121502,1.6377784531166,1.74577444958073,1.9606444752623,2.20347319555846,2.44724925117608,2.68078604393869,2.91127082445821,3.06802951467457,3.24076805269088,3.40651433067251,3.55494224076266,3.69379294176954,3.81771189030722,3.92511173622986,4.02158135639904,4.10471453896535,4.17482332080747
"GCAM 7.1","Reference","Pakistan","Emissions|NH3|AFOLU","Mt NH3/yr",1.15545894800688,1.31210274225379,1.45771556121502,1.6377784531166,1.74573620638982,1.96127139916856,2.20439238161985,2.44941213415569,2.68234573307223,2.91115666972532,3.0632559299699,3.23978701744009,3.40522021384371,3.55313894546041,3.69337775072779,3.81726270537535,3.92448877757007,4.02123697444684,4.10450714589196,4.17488019859062
"GCAM 7.1","CurrentMeasures","Pakistan","Emissions|NH3|AFOLU [NGHGI]","Mt NH3/yr",1.15545894800688,1.31210274225379,1.45771556121502,1.6377784531166,1.74577444958073,1.9606444752623,2.20347319555846,2.44724925117608,2.68078604393869,2.91127082445821,3.06802951467457,3.24076805269088,3.40651433067251,3.55494224076266,3.69379294176954,3.81771189030722,3.92511173622986,4.02158135639904,4.10471453896535,4.17482332080747
"GCAM 7.1","Reference","Pakistan","Emissions|NH3|AFOLU [NGHGI]","Mt NH3/yr",1.15545894800688,1.31210274225379,1.45771556121502,1.6377784531166,1.74573620638982,1.96127139916856,2.20439238161985,2.44941213415569,2.68234573307223,2.91115666972532,3.0632559299699,3.23978701744009,3.40522021384371,3.55313894546041,3.69337775072779,3.81726270537535,3.92448877757007,4.02123697444684,4.10450714589196,4.17488019859062
"GCAM 7.1","CurrentMeasures","Pakistan","Emissions|NH3|AFOLU|Agricultural Waste Burning","Mt NH3/yr",0.001814449443585,0.002020715120587,0.002187493220018,0.002401115778003,0.002459430004712,0.002615954061653,0.002744874449133,0.002805899514754,0.002777372296344,0.002694942734848,0.002484042570837,0.00229958367941,0.002113270804449,0.001925541711689,0.001752129091387,0.001591729992293,0.001486489596942,0.001493692055625,0.001499632024907,0.00150360247964
"GCAM 7.1","Reference","Pakistan","Emissions|NH3|AFOLU|Agricultural Waste Burning","Mt NH3/yr",0.001814449443585,0.002020715120587,0.002187493220018,0.002401115778003,0.002459360716381,0.002617549811691,0.002746979854189,0.002810542644025,0.002780379736379,0.002694599257198,0.002475727632344,0.002298505297056,0.002111527155183,0.001923191277006,0.001751726249622,0.001591250610639,0.001485851405527,0.001493358528446,0.001499387969697,0.00150343012663
"GCAM 7.1","CurrentMeasures","Pakistan","Emissions|NH3|AFOLU|Agriculture","Mt NH3/yr",1.1534906361533,1.3099016557602,1.455342455869,1.6351756124796,1.74309570148262,1.95778089020215,2.20044958957353,2.44412977129553,2.67765592010125,2.90818060844696,3.06510368516883,3.23798040787737,3.40386930403536,3.55244444743697,3.69143225619295,3.81547978454103,3.92295725420131,4.01939540977431,4.10250192696624,4.17258939013083
"GCAM 7.1","Reference","Pakistan","Emissions|NH3|AFOLU|Agriculture","Mt NH3/yr",1.1534906361533,1.3099016557602,1.455342455869,1.6351756124796,1.74305753486974,1.95840627904697,2.20136675898156,2.44628816336777,2.67921274204765,2.90806680263382,3.06033816353416,3.23700037734343,3.40257693794983,3.5506434927572,3.69101750198707,3.81503111679251,3.92233496746854,4.01905137273799,4.10229479048437,4.17264645901119
"GCAM 7.1","CurrentMeasures","Pakistan","Emissions|NH3|AFOLU|Agriculture|Livestock","Mt NH3/yr",0.33499433,0.405314927,0.450319344,0.505965327,0.559595134,0.64848625,0.747052512,0.856238516,0.9746262,1.099816167,1.228248001,1.357119379,1.482792103,1.601161346,1.710036319,1.807256452,1.893322829,1.969570887,2.036289042,2.094518608
"GCAM 7.1","Reference","Pakistan","Emissions|NH3|AFOLU|Agriculture|Livestock","Mt NH3/yr",0.33499433,0.405314927,0.450319344,0.505965327,0.559596492,0.648495527,0.747063672,0.856257243,0.974638056,1.099810641,1.228204782,1.357106558,1.482793693,1.601161474,1.7100432,1.80725928,1.893311755,1.96956681,2.03629287,2.094527356
"GCAM 7.1","CurrentMeasures","Pakistan","Emissions|NH3|AFOLU|Agriculture|Livestock|Enteric Fermentation","Mt NH3/yr",0.334125788,0.404091142,0.44866881,0.503455727,0.556812374,0.645239931,0.743284778,0.851885814,0.969632602,1.094140482,1.221871591,1.350035989,1.475014833,1.592727476,1.700994909,1.797670072,1.883251949,1.959069257,2.025409232,2.083307528
"GCAM 7.1","Reference","Pakistan","Emissions|NH3|AFOLU|Agriculture|Livestock|Enteric Fermentation","Mt NH3/yr",0.334125788,0.404091142,0.44866881,0.503455727,0.556813745,0.645249193,0.743295914,0.851904465,0.969644415,1.094134982,1.221828582,1.350023218,1.475016453,1.592727604,1.7010018,1.79767293,1.883240935,1.95906521,2.02541308,2.083316276
"GCAM 7.1","CurrentMeasures","Pakistan","Emissions|NH3|AFOLU|Agriculture|Managed Soils","Mt NH3/yr",0.7201521184533,0.8009093397602,0.883316094069,0.9639349240796,1.01605486386762,1.12717221519215,1.25936735658053,1.38536836012453,1.49933878118125,1.60618541870296,1.64658227923283,1.69371917078437,1.73496034409036,1.76754211667597,1.79909259681396,1.82734067852203,1.85119880004131,1.87257504408531,1.89006351244724,1.90315072514883
"GCAM 7.1","Reference","Pakistan","Emissions|NH3|AFOLU|Agriculture|Managed Soils","Mt NH3/yr",0.7201521184533,0.8009093397602,0.883316094069,0.9639349240796,1.01601022061974,1.12753057325297,1.25993088552456,1.38681612342177,1.50042182407365,1.60615404940782,1.64293114028516,1.69265970474643,1.73375213291483,1.7660448471402,1.79864955114907,1.82694645611551,1.85074870123055,1.87226793561599,1.88988283369937,1.90328048832219
"GCAM 7.1","CurrentMeasures","Pakistan","Emissions|NH3|AFOLU|Agriculture|Rice","Mt NH3/yr",0.0983441877,0.103677389,0.1217070178,0.1652753614,0.167445703615,0.18212242501,0.194029720993,0.202522895171,0.20369093892,0.202179022744,0.190273404936,0.187141858093,0.186116856945,0.183740984761,0.182303340379,0.180882654019,0.17843562516,0.177249478689,0.176149372519,0.174920056982
"GCAM 7.1","Reference","Pakistan","Emissions|NH3|AFOLU|Agriculture|Rice","Mt NH3/yr",0.0983441877,0.103677389,0.1217070178,0.1652753614,0.16745082225,0.182380178794,0.194372201457,0.203214796946,0.204152861974,0.202102112226,0.189202241249,0.187234114597,0.186031112035,0.183437171617,0.182324750838,0.180825380677,0.178274511238,0.177216627122,0.176119086785,0.174838614689
"GCAM 7.1","CurrentMeasures","Pakistan","Emissions|NH3|AFOLU|Land","Mt NH3/yr",0.00015386241,0.000180371373,0.000185612126,0.000201724859,0.0002193180934,0.0002476309985,0.0002787315358,0.0003135803658,0.0003527515411,0.0003952732764,0.0004417869349,0.0004880611341,0.0005317558327,0.000572251614,0.0006085564852,0.0006403757739,0.0006679924316,0.0006922545691,0.0007129799742,0.000730328197
"GCAM 7.1","Reference","Pakistan","Emissions|NH3|AFOLU|Land","Mt NH3/yr",0.00015386241,0.000180371373,0.000185612126,0.000201724859,0.0002193108037,0.0002475703099,0.0002786427841,0.0003134281439,0.0003526112882,0.0003952678343,0.0004420388034,0.0004881347996,0.0005317487387,0.0005722614262,0.0006085224911,0.0006403379722,0.000667958696,0.0006922431804,0.0007129674379,0.0007303094528
"GCAM 7.1","CurrentMeasures","Pakistan","Emissions|NH3|AFOLU|Land|Fires","Mt NH3/yr",9.739501e-05,8.905757e-05,7.816933e-05,7.814716e-05,7.80454254e-05,7.78406205e-05,7.76420608e-05,7.74450728e-05,7.72589341e-05,7.70768674e-05,7.68713659e-05,7.66476851e-05,7.64376167e-05,7.6255994e-05,7.60961912e-05,7.59626499e-05,7.58517376e-05,7.57551161e-05,7.56748752e-05,7.5610678e-05
"GCAM 7.1","Reference","Pakistan","Emissions|NH3|AFOLU|Land|Fires","Mt NH3/yr",9.739501e-05,8.905757e-05,7.816933e-05,7.814716e-05,7.80454557e-05,7.78398049e-05,7.76415261e-05,7.74430999e-05,7.72582912e-05,7.70779483e-05,7.68756744e-05,7.66478586e-05,7.64382097e-05,7.62566592e-05,7.60967641e-05,7.59634322e-05,7.5852844e-05,7.57559574e-05,7.56757479e-05,7.56115818e-05
"GCAM 7.1","CurrentMeasures","Pakistan","Emissions|NH3|AFOLU|Land|Fires|Forest Burning","Mt NH3/yr",0,0,0,0,0,0,0,0,0,0,0,0,0,0,0,0,0,0,0,0
"GCAM 7.1","Reference","Pakistan","Emissions|NH3|AFOLU|Land|Fires|Forest Burning","Mt NH3/yr",0,0,0,0,0,0,0,0,0,0,0,0,0,0,0,0,0,0,0,0
"GCAM 7.1","CurrentMeasures","Pakistan","Emissions|NH3|Energy","Mt NH3/yr",0.1065506595487,0.11914616579909,0.13423828790478,0.15562168039982,0.15086530312996,0.14685230602032,0.145718132653991,0.14679301259253,0.149351951852609,0.152613073751346,0.155920263691717,0.159675088992484,0.163290259369226,0.167284762410276,0.170489484662843,0.172908003365772,0.17467360307229,0.176095934282487,0.17714577961075,0.178026206121464
"GCAM 7.1","Reference","Pakistan","Emissions|NH3|Energy","Mt NH3/yr",0.1065506595487,0.11914616579909,0.13423828790478,0.15562168039982,0.15120277170968,0.14739043519411,0.14645814574264,0.147759808648057,0.150192579132533,0.15322814155427,0.1561196855616,0.159673834154348,0.163590027969204,0.167480762007386,0.17061876706331,0.173162830401694,0.174956026190431,0.176335637701319,0.177338717311428,0.178322952813629
"GCAM 7.1","CurrentMeasures","Pakistan","Emissions|NH3|Energy and Industrial Processes","Mt NH3/yr",0.1072712032107,0.11990931191309,0.13481919508212,0.15638236839982,0.15164133552996,0.14769082512032,0.146601337353991,0.14767177319253,0.150186643652609,0.153420599061346,0.156699331979717,0.160437823829484,0.164043895134226,0.168030716490276,0.171235793092843,0.173655754085772,0.17542157134229,0.176846515822487,0.17789941339075,0.178783775201464
"GCAM 7.1","Reference","Pakistan","Emissions|NH3|Energy and Industrial Processes","Mt NH3/yr",0.1072712032107,0.11990931191309,0.13481919508212,0.15638236839982,0.15197832360968,0.14822767159411,0.14733985134264,0.148637591848057,0.151025760382533,0.15403451057427,0.1568953380556,0.160434510613348,0.164339592541204,0.168222305527386,0.17136100884331,0.173906452551694,0.175699937580431,0.177082316861319,0.178088216811428,0.179076659293629
"GCAM 7.1","CurrentMeasures","Pakistan","Emissions|NH3|Energy|Demand","Mt NH3/yr",0.1014885194457,0.11361554781109,0.12809059320678,0.14600110922142,0.14127959981796,0.13596255928392,0.133628485679691,0.13313431344293,0.134217886080409,0.136778710501046,0.140429276111217,0.144209181255784,0.147727645616726,0.150652504703876,0.152980414262843,0.154601059906772,0.15566715429629,0.156141780171487,0.15617537535575,0.156061344199464
"GCAM 7.1","Reference","Pakistan","Emissions|NH3|Energy|Demand","Mt NH3/yr",0.1014885194457,0.11361554781109,0.12809059320678,0.14600110922142,0.14129620282168,0.13584640890211,0.13340862366374,0.132765478300657,0.133536982381833,0.13573395295417,0.1390242543484,0.142477568934148,0.145639585655904,0.148369638763886,0.15051697104331,0.151938055897694,0.152775915732431,0.153032382103319,0.152871926538428,0.152822078743629
"GCAM 7.1","CurrentMeasures","Pakistan","Emissions|NH3|Energy|Demand|AFOFI","Mt NH3/yr",1.422146e-05,6.89848e-06,2.52384e-06,2.35558e-06,2.508449e-06,2.696812e-06,2.832281e-06,2.9325245e-06,3.0487529e-06,3.105873e-06,3.209083e-06,3.3946397e-06,3.600928e-06,3.7658433e-06,3.8872128e-06,3.962087e-06,4.003942e-06,4.030468e-06,4.036567e-06,4.037946e-06
"GCAM 7.1","Reference","Pakistan","Emissions|NH3|Energy|Demand|AFOFI","Mt NH3/yr",1.422146e-05,6.89848e-06,2.52384e-06,2.35558e-06,2.508459e-06,2.696229e-06,2.829909e-06,2.9270225e-06,3.0394218e-06,3.091725e-06,3.190355e-06,3.3732847e-06,3.5790097e-06,3.7439806e-06,3.8652344e-06,3.9392887e-06,3.97966e-06,4.004596e-06,4.009643e-06,4.011084e-06
"GCAM 7.1","CurrentMeasures","Pakistan","Emissions|NH3|Energy|Demand|Bunkers","Mt NH3/yr",0.00013793539,0.0001353266,0.00012132427,7.086601e-05,7.436777e-05,8.827435e-05,0.000103734641,0.000131712387,0.000168040715,0.000212994005,0.000266567525,0.000331446215,0.00040693688,0.00049180178,0.00058610739,0.00068732809,0.00079403385,0.00090620819,0.00102206657,0.00114064955
"GCAM 7.1","Reference","Pakistan","Emissions|NH3|Energy|Demand|Bunkers","Mt NH3/yr",0.00013793539,0.0001353266,0.00012132427,7.086601e-05,7.437075e-05,8.827817e-05,0.000103739802,0.000131719546,0.000168016284,0.00021298689,0.000266566486,0.000331440136,0.00040692584,0.00049178881,0.00058609047,0.00068726695,0.00079391342,0.00090605366,0.00102190606,0.00114048914
"GCAM 7.1","CurrentMeasures","Pakistan","Emissions|NH3|Energy|Demand|Bunkers|International Aviation","Mt NH3/yr",0.000129346,0.000120073,0.000115354,6.94729e-05,7.29851e-05,8.69056e-05,0.000102741,0.000130917,0.000167265,0.000212191,0.0002657,0.000330492,0.000405893,0.000490666,0.000584876,0.000686004,0.000792619,0.000904698,0.00102046,0.00113896
"GCAM 7.1","Reference","Pakistan","Emissions|NH3|Energy|Demand|Bunkers|International Aviation","Mt NH3/yr",0.000129346,0.000120073,0.000115354,6.94729e-05,7.2988e-05,8.69093e-05,0.000102746,0.000130924,0.000167241,0.000212184,0.000265699,0.000330486,0.000405882,0.000490653,0.000584859,0.000685943,0.000792499,0.000904544,0.0010203,0.0011388
"GCAM 7.1","CurrentMeasures","Pakistan","Emissions|NH3|Energy|Demand|Bunkers|International Shipping","Mt NH3/yr",8.58939e-06,1.52536e-05,5.97027e-06,1.39311e-06,1.38267e-06,1.36875e-06,9.93641e-07,7.95387e-07,7.75715e-07,8.03005e-07,8.67525e-07,9.54215e-07,1.04388e-06,1.13578e-06,1.23139e-06,1.32409e-06,1.41485e-06,1.51019e-06,1.60657e-06,1.68955e-06
"GCAM 7.1","Reference","Pakistan","Emissions|NH3|Energy|Demand|Bunkers|International Shipping","Mt NH3/yr",8.58939e-06,1.52536e-05,5.97027e-06,1.39311e-06,1.38275e-06,1.36887e-06,9.93802e-07,7.95546e-07,7.75284e-07,8.0289e-07,8.67486e-07,9.54136e-07,1.04384e-06,1.13581e-06,1.23147e-06,1.32395e-06,1.41442e-06,1.50966e-06,1.60606e-06,1.68914e-06
"GCAM 7.1","CurrentMeasures","Pakistan","Emissions|NH3|Energy|Demand|Commercial","Mt NH3/yr",4.914646e-05,5.435949e-05,6.306689e-05,5.250955e-05,5.301611e-05,6.987987e-05,9.20066e-05,0.0001213236,0.0001610308,0.0002086582,0.0002659931,0.0003323051,0.0004036926,0.000471493,0.0005380477,0.0005985271,0.0006533846,0.0006996616,0.0007358927,0.0007595605
"GCAM 7.1","Reference","Pakistan","Emissions|NH3|Energy|Demand|Commercial","Mt NH3/yr",4.914646e-05,5.435949e-05,6.306689e-05,5.250955e-05,5.267908e-05,6.779799e-05,8.815368e-05,0.0001155782,0.0001526257,0.000197829,0.0002520502,0.0003145173,0.0003798802,0.0004436607,0.0005051593,0.0005598695,0.0006085595,0.0006486517,0.0006788635,0.0007027581
"GCAM 7.1","CurrentMeasures","Pakistan","Emissions|NH3|Energy|Demand|Industry","Mt NH3/yr",0.0130798376,0.01498010537,0.01772791343,0.02087372926,0.023187953557,0.028951735983,0.035720448762,0.043470066467,0.051869607778,0.060846599438,0.0694436920875,0.07719717598013,0.0838669667961,0.0893052653978,0.0936847399156,0.097001812070401,0.09931064839327,0.100780824688877,0.10163089840005,0.102068188783174
"GCAM 7.1","Reference","Pakistan","Emissions|NH3|Energy|Demand|Industry","Mt NH3/yr",0.0130798376,0.01498010537,0.01772791343,0.02087372926,0.023179938118,0.028898173497,0.035574093602,0.043158731506,0.051313370228,0.0599897830767,0.0682876781037,0.0757781150923,0.0822266666456,0.0874789823924,0.09169618539026,0.094833188950434,0.096926169290661,0.098171067899339,0.098801292157168,0.099096709293519
"GCAM 7.1","CurrentMeasures","Pakistan","Emissions|NH3|Energy|Demand|Residential","Mt NH3/yr",0.0877179947357,0.0977858643037,0.1088415937102,0.1230518443484,0.1160435151903,0.1050695137829,0.0960488248385,0.0878693241573,0.0805340139306,0.073981955221,0.068799368417,0.064535190403,0.061042226641,0.058127179151,0.055625178976,0.053444631739,0.051692900646,0.050172029368,0.0488298961976,0.0477482487809
"GCAM 7.1","Reference","Pakistan","Emissions|NH3|Energy|Demand|Residential","Mt NH3/yr",0.0877179947357,0.0977858643037,0.1088415937102,0.1230518443484,0.1160050907262,0.1048709161665,0.0957232421452,0.0874366052448,0.0799769382583,0.073337950416,0.068050497648,0.063678506186,0.060001132637,0.057007653443,0.054406458662,0.052118214621,0.05026049794,0.04864881204,0.0472333596193,0.0462419752651
"GCAM 7.1","CurrentMeasures","Pakistan","Emissions|NH3|Energy|Demand|Residential and Commercial","Mt NH3/yr",0.0877671411957,0.0978402237937,0.1089046606002,0.1231043538984,0.1160965313003,0.1051393936529,0.0961408314385,0.0879906477573,0.0806950447306,0.074190613421,0.069065361517,0.064867495503,0.061445919241,0.058598672151,0.056163226676,0.054043158839,0.052346285246,0.050871690968,0.0495657888976,0.0485078092809
"GCAM 7.1","Reference","Pakistan","Emissions|NH3|Energy|Demand|Residential and Commercial","Mt NH3/yr",0.0877671411957,0.0978402237937,0.1089046606002,0.1231043538984,0.1160577698062,0.1049387141565,0.0958113958252,0.0875521834448,0.0801295639583,0.073535779416,0.068302547848,0.063993023486,0.060381012837,0.057451314143,0.054911617962,0.052678084121,0.05086905744,0.04929746374,0.0479122231193,0.0469447333651
"GCAM 7.1","CurrentMeasures","Pakistan","Emissions|NH3|Energy|Demand|Residential and Commercial and AFOFI","Mt NH3/yr",0.0877813626557,0.0978471222737,0.1089071844402,0.1231067094784,0.1160990397493,0.1051420904649,0.0961436637195,0.0879935802818,0.0806980934835,0.074193719294,0.0690685706,0.0648708901427,0.061449520169,0.0586024379943,0.0561671138888,0.054047120926,0.052350289188,0.050875721436,0.0495698254646,0.0485118472269
"GCAM 7.1","Reference","Pakistan","Emissions|NH3|Energy|Demand|Residential and Commercial and AFOFI","Mt NH3/yr",0.0877813626557,0.0978471222737,0.1089071844402,0.1231067094784,0.1160602782652,0.1049414103855,0.0958142257342,0.0875551104673,0.0801326033801,0.073538871141,0.068305738203,0.0639963967707,0.0603845918467,0.0574550581236,0.0549154831964,0.0526820234097,0.0508730371,0.049301468336,0.0479162327623,0.0469487444491
"GCAM 7.1","CurrentMeasures","Pakistan","Emissions|NH3|Energy|Demand|Transportation","Mt NH3/yr",0.00079677936934,0.00106964716252,0.00219759550365,0.0032159116997,0.00317840687699,0.00295221594632,0.002737453211782,0.00255760244775,0.002490811784248,0.002631405531582,0.002922516096404,0.003275356968328,0.003694824965942,0.004215319097072,0.004813314777096,0.005473672899062,0.00618086106665,0.00692384139091,0.00767793612974,0.00845207630194
"GCAM 7.1","Reference","Pakistan","Emissions|NH3|Energy|Demand|Transportation","Mt NH3/yr",0.00079677936934,0.00106964716252,0.00219759550365,0.0032159116997,0.00326808963233,0.00316381931775,0.00314982904281,0.003185192494904,0.003245228668976,0.0034478424641,0.00383929352681,0.004296176981506,0.004834018027788,0.005507891596872,0.00628340702598,0.00713711141332,0.00804884507031,0.00900458760008,0.00997316894434,0.01098252127271
"GCAM 7.1","CurrentMeasures","Pakistan","Emissions|NH3|Energy|Demand|Transportation|Light-Duty Vehicle","Mt NH3/yr",0.00015174624066,0.00020835590226,0.00043979542951,0.00064925712634,0.00062257170933,0.00057400681072,0.0005494199286,0.00048835180951,0.00043830998857,0.00038092393651,0.00033583040103,0.00029570877058,0.00025813013531,0.00022700155048,0.00019907007779,0.00017421766568,0.00015239432839,0.00013340904631,0.00011657680246,0.00010896268484
"GCAM 7.1","Reference","Pakistan","Emissions|NH3|Energy|Demand|Transportation|Light-Duty Vehicle","Mt NH3/yr",0.00015174624066,0.00020835590226,0.00043979542951,0.00064925712634,0.00065964202863,0.00063858139247,0.00064892191427,0.00062281431781,0.00056586664349,0.00049881273984,0.00044741915759,0.00039968540379,0.00035434158442,0.0003172318879,0.00028384232332,0.0002539068338,0.00022750443823,0.00020439710488,0.00018369781058,0.00017223563831
"GCAM 7.1","CurrentMeasures","Pakistan","Emissions|NH3|Energy|Demand|Transportation|Truck","Mt NH3/yr",3.024199e-05,2.798407e-05,3.09512e-05,3.444012e-05,3.5498897e-05,3.4694215e-05,3.4403974e-05,3.1954357e-05,3.5166435e-05,3.846606e-05,4.25453e-05,4.8272097e-05,5.5488442e-05,6.3678416e-05,7.2521282e-05,8.1707076e-05,9.1110335e-05,0.000100801276,0.00011065691,0.000120278292
"GCAM 7.1","Reference","Pakistan","Emissions|NH3|Energy|Demand|Transportation|Truck","Mt NH3/yr",3.024199e-05,2.798407e-05,3.09512e-05,3.444012e-05,3.5499716e-05,3.4692989e-05,3.4378094e-05,3.182675e-05,3.4889667e-05,3.7968489e-05,4.1830427e-05,4.7371485e-05,5.4443035e-05,6.2495391e-05,7.1174624e-05,8.0134928e-05,8.9242335e-05,9.8599711e-05,0.000108124363,0.000117514811
"GCAM 7.1","CurrentMeasures","Pakistan","Emissions|NH3|Energy|Supply","Mt NH3/yr",0.005062140103,0.005530617988,0.006147694698,0.0096205711784,0.009585703312,0.0108897467364,0.0120896469743,0.0136586991496,0.0151340657722,0.0158343632503,0.0154909875805,0.0154659077367,0.0155626137525,0.0166322577064,0.0175090704,0.018306943459,0.019006448776,0.019954154111,0.020970404255,0.021964861922
"GCAM 7.1","Reference","Pakistan","Emissions|NH3|Energy|Supply","Mt NH3/yr",0.005062140103,0.005530617988,0.006147694698,0.0096205711784,0.009906568888,0.011544026292,0.0130495220789,0.0149943303474,0.0166555967507,0.0174941886001,0.0170954312132,0.0171962652202,0.0179504423133,0.0191111232435,0.02010179602,0.021224774504,0.022180110458,0.023303255598,0.024466790773,0.02550087407
"GCAM 7.1","CurrentMeasures","Pakistan","Emissions|NH3|Energy|Supply|Electricity","Mt NH3/yr",0.000240682677,0.000193068334,0.000216063932,0.0029691753,0.0024101674,0.0026840245,0.0029103789,0.0032139594,0.0033704031,0.0033496315,0.0031218132,0.0031139925,0.0029895896,0.0030108577,0.002847822,0.0026980964,0.0024425876,0.0022899954,0.0022800413,0.0023829714
"GCAM 7.1","Reference","Pakistan","Emissions|NH3|Energy|Supply|Electricity","Mt NH3/yr",0.000240682677,0.000193068334,0.000216063932,0.0029691753,0.00259745614,0.0030351463,0.0034299281,0.0039601497,0.0042833207,0.0043250546,0.0040326086,0.0040879186,0.0040264569,0.0039727487,0.0037052483,0.0034531695,0.0030942916,0.002858946,0.0027972387,0.002909526
"GCAM 7.1","CurrentMeasures","Pakistan","Emissions|NH3|Energy|Supply|Fugitive","Mt NH3/yr",0.004821457426,0.005337549654,0.005931630766,0.0066513958784,0.007175535912,0.0082057222364,0.0091792680743,0.0104447397496,0.0117636626722,0.0124847317503,0.0123691743805,0.0123519152367,0.0125730241525,0.0136214000064,0.0146612484,0.015608847059,0.016563861176,0.017664158711,0.018690362955,0.019581890522
"GCAM 7.1","Reference","Pakistan","Emissions|NH3|Energy|Supply|Fugitive","Mt NH3/yr",0.004821457426,0.005337549654,0.005931630766,0.0066513958784,0.007309112748,0.008508879992,0.0096195939789,0.0110341806474,0.0123722760507,0.0131691340001,0.0130628226132,0.0131083466202,0.0139239854133,0.0151383745435,0.01639654772,0.017771605004,0.019085818858,0.020444309598,0.021669552073,0.02259134807
"GCAM 7.1","CurrentMeasures","Pakistan","Emissions|NH3|Industrial Processes","Mt NH3/yr",0.000720543662,0.000763146114,0.00058090717734,0.000760688,0.0007760324,0.0008385191,0.0008832047,0.0008787606,0.0008346918,0.00080752531,0.000779068288,0.000762734837,0.000753635765,0.00074595408,0.00074630843,0.00074775072,0.00074796827,0.00075058154,0.00075363378,0.00075756908
"GCAM 7.1","Reference","Pakistan","Emissions|NH3|Industrial Processes","Mt NH3/yr",0.000720543662,0.000763146114,0.00058090717734,0.000760688,0.0007755519,0.0008372364,0.0008817056,0.0008777832,0.00083318125,0.00080636902,0.000775652494,0.000760676459,0.000749564572,0.00074154352,0.00074224178,0.00074362215,0.00074391139,0.00074667916,0.0007494995,0.00075370648
"GCAM 7.1","CurrentMeasures","Pakistan","Emissions|NH3|Industrial Processes|Chemicals","Mt NH3/yr",0.000694681,0.000707774,0.000576799,0.000760688,0.0007760324,0.0008385191,0.0008832047,0.0008787606,0.0008346918,0.00080752531,0.000779068288,0.000762734837,0.000753635765,0.00074595408,0.00074630843,0.00074775072,0.00074796827,0.00075058154,0.00075363378,0.00075756908
"GCAM 7.1","Reference","Pakistan","Emissions|NH3|Industrial Processes|Chemicals","Mt NH3/yr",0.000694681,0.000707774,0.000576799,0.000760688,0.0007755519,0.0008372364,0.0008817056,0.0008777832,0.00083318125,0.00080636902,0.000775652494,0.000760676459,0.000749564572,0.00074154352,0.00074224178,0.00074362215,0.00074391139,0.00074667916,0.0007494995,0.00075370648
"GCAM 7.1","CurrentMeasures","Pakistan","Emissions|NH3|Industrial Processes|Chemicals|Ammonia","Mt NH3/yr",0.000694681,0.000707774,0.000576799,0.000760688,0.0007760324,0.0008385191,0.0008832047,0.0008787606,0.0008346918,0.00080752531,0.000779068288,0.000762734837,0.000753635765,0.00074595408,0.00074630843,0.00074775072,0.00074796827,0.00075058154,0.00075363378,0.00075756908
"GCAM 7.1","Reference","Pakistan","Emissions|NH3|Industrial Processes|Chemicals|Ammonia","Mt NH3/yr",0.000694681,0.000707774,0.000576799,0.000760688,0.0007755519,0.0008372364,0.0008817056,0.0008777832,0.00083318125,0.00080636902,0.000775652494,0.000760676459,0.000749564572,0.00074154352,0.00074224178,0.00074362215,0.00074391139,0.00074667916,0.0007494995,0.00075370648
"GCAM 7.1","CurrentMeasures","Pakistan","Emissions|NH3|Industrial Processes|Iron and Steel","Mt NH3/yr",2.5862662e-05,5.5372114e-05,4.10817734e-06,0,0,0,0,0,0,0,0,0,0,0,0,0,0,0,0,0
"GCAM 7.1","Reference","Pakistan","Emissions|NH3|Industrial Processes|Iron and Steel","Mt NH3/yr",2.5862662e-05,5.5372114e-05,4.10817734e-06,0,0,0,0,0,0,0,0,0,0,0,0,0,0,0,0,0
"GCAM 7.1","CurrentMeasures","Pakistan","Emissions|NH3|Product Use","Mt NH3/yr",0.0019592542,0.0019098214,0.0020153714,0.0022020167,0.00248884234,0.00319360876,0.00406600252,0.0051491006,0.0064584779,0.0079753724,0.0096491,0.0114348398,0.0132750821,0.0150624052,0.0167551155,0.0182829546,0.0196243743,0.0208342976,0.0219603325,0.0229949614
"GCAM 7.1","Reference","Pakistan","Emissions|NH3|Product Use","Mt NH3/yr",0.0019592542,0.0019098214,0.0020153714,0.0022020167,0.00248810069,0.00319038151,0.00406094112,0.0051427462,0.0064503096,0.007966733,0.0096385162,0.0114256189,0.0132648591,0.0150541868,0.0167502045,0.0182811506,0.0196250757,0.0208410127,0.0219728606,0.023011699
"GCAM 7.1","CurrentMeasures","Pakistan","Emissions|NH3|Waste","Mt NH3/yr",0.2265588,0.2523432,0.2802906,0.3128556,0.3385668,0.3724655,0.4068102,0.440524,0.4729984,0.5043497,0.5337357,0.5610846,0.5854096,0.606457,0.623951,0.6378769,0.6490197,0.6579987,0.6649648,0.6702013
"GCAM 7.1","Reference","Pakistan","Emissions|NH3|Waste","Mt NH3/yr",0.2265588,0.2523432,0.2802906,0.3128556,0.3385668,0.3724655,0.4068102,0.440524,0.4729984,0.5043497,0.5337357,0.5610846,0.5854096,0.606457,0.623951,0.6378769,0.6490197,0.6579987,0.6649648,0.6702013
"GCAM 7.1","CurrentMeasures","Pakistan","Emissions|NOx","Mt NO2/yr",1.21751303795572,1.30220218082952,1.46226154010316,1.70193565895542,1.6906194190186,1.75198417917655,1.81877985418119,1.87252961550891,1.97992491750938,2.07599664014748,2.14481556344636,2.23891488932508,2.3221408345317,2.39097641805535,2.43960291114527,2.46718156437228,2.47475185561394,2.47595109645037,2.4682231467387,2.45167153385679
"GCAM 7.1","Reference","Pakistan","Emissions|NOx","Mt NO2/yr",1.21751303795572,1.30220218082952,1.46226154010316,1.70193565895542,1.70869851667636,1.78697259575591,1.87271987929625,1.94846756482038,2.06829012439272,2.16709814336959,2.2291015515166,2.33198058467278,2.42114811864248,2.49412330308894,2.54839390584245,2.57847679104311,2.58479792048033,2.58496261482728,2.57482545620895,2.55656958815624
"GCAM 7.1","CurrentMeasures","Pakistan","Emissions|NOx|AFOLU","Mt NO2/yr",0.324392469075719,0.357094782119524,0.361255511652163,0.406961247755424,0.428950591181214,0.476873453670851,0.531416980987315,0.583725339512011,0.630543872317204,0.674755279978603,0.694619433190074,0.719493706809764,0.742883926730396,0.762455450841954,0.781198103020871,0.797906062333235,0.812005210115138,0.825029123509584,0.836018299934359,0.844828182064761
"GCAM 7.1","Reference","Pakistan","Emissions|NOx|AFOLU","Mt NO2/yr",0.324392469075719,0.357094782119524,0.361255511652163,0.406961247755424,0.428937497281357,0.477072194565525,0.531708908519956,0.584413835759911,0.631040715744534,0.674719648882502,0.693101758989919,0.719183752037455,0.742469616537576,0.761879833036741,0.78106363334565,0.797761765482534,0.811809647345158,0.824920066853207,0.835950685151268,0.844844208968708
"GCAM 7.1","CurrentMeasures","Pakistan","Emissions|NOx|AFOLU [NGHGI]","Mt NO2/yr",0.324392469075719,0.357094782119524,0.361255511652163,0.406961247755424,0.428950591181214,0.476873453670851,0.531416980987315,0.583725339512011,0.630543872317204,0.674755279978603,0.694619433190074,0.719493706809764,0.742883926730396,0.762455450841954,0.781198103020871,0.797906062333235,0.812005210115138,0.825029123509584,0.836018299934359,0.844828182064761
"GCAM 7.1","Reference","Pakistan","Emissions|NOx|AFOLU [NGHGI]","Mt NO2/yr",0.324392469075719,0.357094782119524,0.361255511652163,0.406961247755424,0.428937497281357,0.477072194565525,0.531708908519956,0.584413835759911,0.631040715744534,0.674719648882502,0.693101758989919,0.719183752037455,0.742469616537576,0.761879833036741,0.78106363334565,0.797761765482534,0.811809647345158,0.824920066853207,0.835950685151268,0.844844208968708
"GCAM 7.1","CurrentMeasures","Pakistan","Emissions|NOx|AFOLU|Agricultural Waste Burning","Mt NO2/yr",0.002600433192214,0.002896047008621,0.00313507202276,0.003441231642526,0.003524805846294,0.003749133347681,0.003933898786955,0.004021357866891,0.003980476119644,0.003862337716523,0.003560079947154,0.003295717976914,0.003028699747296,0.002759647669737,0.002511116989468,0.002281236611136,0.00213040767442,0.002140730212972,0.002149243901155,0.002154932306084
"GCAM 7.1","Reference","Pakistan","Emissions|NOx|AFOLU|Agricultural Waste Burning","Mt NO2/yr",0.002600433192214,0.002896047008621,0.00313507202276,0.003441231642526,0.003524706016637,0.003751418617465,0.003936917779586,0.004028015090601,0.003984784419574,0.003861842638772,0.003548162946019,0.003294171845425,0.00302619904385,0.002756280366438,0.002510539518595,0.002280550164866,0.002129492665895,0.00214025205342,0.002148893825222,0.002154686501845
"GCAM 7.1","CurrentMeasures","Pakistan","Emissions|NOx|AFOLU|Agriculture","Mt NO2/yr",0.321041288103505,0.353498349310903,0.357499991829103,0.402894601945498,0.42479550525132,0.47248650466507,0.52683679944836,0.57904802816212,0.62589631911856,0.67021364643088,0.69036673723662,0.71549225923485,0.7391371060934,0.758966105609417,0.777946887257703,0.794875564489899,0.809117552502518,0.822124119405612,0.833098764978204,0.841897902280677
"GCAM 7.1","Reference","Pakistan","Emissions|NOx|AFOLU|Agriculture","Mt NO2/yr",0.321041288103505,0.353498349310903,0.357499991829103,0.402894601945498,0.42478251338332,0.47268298556546,0.52712574005337,0.57972992985431,0.62638890349896,0.67017850425143,0.6888608689682,0.71518382593233,0.738725295508726,0.758393846825903,0.777813001649855,0.794731960486968,0.808922907124663,0.822015538578587,0.833031499056046,0.841914173826763
"GCAM 7.1","CurrentMeasures","Pakistan","Emissions|NOx|AFOLU|Agriculture|Livestock","Mt NO2/yr",0.0270039271,0.0319987996,0.0377988544,0.0436890528,0.0483198807,0.0559954826,0.0645064185,0.073934498,0.0841570654,0.0949668177,0.1060567273,0.1171843314,0.1280360591,0.1382569018,0.1476581657,0.1560527124,0.1634844989,0.1700681617,0.1758293517,0.1808571554
"GCAM 7.1","Reference","Pakistan","Emissions|NOx|AFOLU|Agriculture|Livestock","Mt NO2/yr",0.0270039271,0.0319987996,0.0377988544,0.0436890528,0.0483199622,0.0559962445,0.0645073497,0.0739360279,0.0841580292,0.0949663271,0.1060530029,0.1171833767,0.1280361574,0.1382570915,0.1476584738,0.1560531,0.1634834618,0.1700678147,0.1758294521,0.1808578668
"GCAM 7.1","CurrentMeasures","Pakistan","Emissions|NOx|AFOLU|Agriculture|Livestock|Enteric Fermentation","Mt NO2/yr",0.0269339139,0.0319021843,0.0376603118,0.0434723544,0.0480795954,0.0557151695,0.0641810825,0.0735586516,0.0837258785,0.0944767334,0.1055061368,0.1165726954,0.1273645081,0.1375286538,0.1468774577,0.1552249484,0.1626148989,0.1691613687,0.1748899027,0.1798891024
"GCAM 7.1","Reference","Pakistan","Emissions|NOx|AFOLU|Agriculture|Livestock|Enteric Fermentation","Mt NO2/yr",0.0269339139,0.0319021843,0.0376603118,0.0434723544,0.0480796774,0.0557159303,0.0641820113,0.0735601749,0.0837268389,0.094476246,0.1055024304,0.1165717457,0.1273646084,0.1375288435,0.1468777668,0.155225338,0.1626138678,0.1691610237,0.1748900051,0.1798898128
"GCAM 7.1","CurrentMeasures","Pakistan","Emissions|NOx|AFOLU|Agriculture|Managed Soils","Mt NO2/yr",0.258708218943505,0.284651540250903,0.280985696349103,0.306630881545498,0.32321051899772,0.35855728450867,0.40060881916166,0.44069023239662,0.47694440035266,0.51093301438108,0.52378336026392,0.53877750339695,0.5518966430866,0.562260715481417,0.572297380758403,0.581283379069999,0.588872033933518,0.595672240374312,0.601235769425404,0.605398118011677
"GCAM 7.1","Reference","Pakistan","Emissions|NOx|AFOLU|Agriculture|Managed Soils","Mt NO2/yr",0.258708218943505,0.284651540250903,0.280985696349103,0.306630881545498,0.32319584344952,0.35867099246946,0.40078792475507,0.44115057609631,0.47728919351106,0.51092277449343,0.5226221094185,0.53844062681963,0.551512142168726,0.561784781384603,0.572156528840755,0.581157687672568,0.588729642008663,0.595574458417287,0.601177982102246,0.605439523713463
"GCAM 7.1","CurrentMeasures","Pakistan","Emissions|NOx|AFOLU|Agriculture|Rice","Mt NO2/yr",0.03532914206,0.03684800946,0.03871544108,0.0525746676,0.0532651055536,0.0579337375564,0.0617215617867,0.0644232977655,0.0647948533659,0.0643138143498,0.0605266496727,0.0595304244379,0.0592044039068,0.058448488328,0.0579913407993,0.0575394730199,0.056761019669,0.0563837173313,0.0560336438528,0.055642628869
"GCAM 7.1","Reference","Pakistan","Emissions|NOx|AFOLU|Agriculture|Rice","Mt NO2/yr",0.03532914206,0.03684800946,0.03871544108,0.0525746676,0.0532667077338,0.058015748596,0.0618304655983,0.064643325858,0.0649416807879,0.064289402658,0.0601857566497,0.0595598224127,0.05917699594,0.0583519739413,0.0579979990091,0.0575211728144,0.056709803316,0.0563732654613,0.0560240648538,0.0556167833133
"GCAM 7.1","CurrentMeasures","Pakistan","Emissions|NOx|AFOLU|Land","Mt NO2/yr",0.00075074778,0.0007003858,0.0006204478003,0.0006254141674,0.0006302800836,0.0006378156581,0.000646282752,0.000655953483,0.000667077079,0.0006792958312,0.0006926160063,0.000705729598,0.0007181208897,0.0007296975628,0.0007400987737,0.0007492612322,0.0007572499382,0.000764273891,0.000770291055,0.000775347478
"GCAM 7.1","Reference","Pakistan","Emissions|NOx|AFOLU|Land","Mt NO2/yr",0.00075074778,0.0007003858,0.0006204478003,0.0006254141674,0.0006302778814,0.0006377903826,0.000646250687,0.000655890815,0.000667027826,0.0006793019923,0.0006927270757,0.0007057542597,0.000718121985,0.0007297058444,0.0007400921772,0.0007492548307,0.0007572475546,0.0007642762212,0.00077029227,0.0007753486401
"GCAM 7.1","CurrentMeasures","Pakistan","Emissions|NOx|AFOLU|Land|Fires","Mt NO2/yr",0.0007304623,0.0006679319,0.00058627,0.000586103667,0.000585340708,0.000583804669,0.000582315496,0.00058083801,0.000579442018,0.000578076542,0.00057653523,0.000574857672,0.000573282158,0.000571919937,0.000570721515,0.000569719855,0.000568888037,0.000568163426,0.000567561618,0.000567080114
"GCAM 7.1","Reference","Pakistan","Emissions|NOx|AFOLU|Land|Fires","Mt NO2/yr",0.0007304623,0.0006679319,0.00058627,0.000586103667,0.00058534091,0.000583798502,0.000582311536,0.000580823263,0.000579437172,0.000578084649,0.000576567518,0.000574859024,0.000573286581,0.000571924976,0.000570725737,0.000569725773,0.00056889631,0.000568169735,0.000567568138,0.000567086843
"GCAM 7.1","CurrentMeasures","Pakistan","Emissions|NOx|AFOLU|Land|Fires|Forest Burning","Mt NO2/yr",0,0,0,0,0,0,0,0,0,0,0,0,0,0,0,0,0,0,0,0
"GCAM 7.1","Reference","Pakistan","Emissions|NOx|AFOLU|Land|Fires|Forest Burning","Mt NO2/yr",0,0,0,0,0,0,0,0,0,0,0,0,0,0,0,0,0,0,0,0
"GCAM 7.1","CurrentMeasures","Pakistan","Emissions|NOx|Energy","Mt NO2/yr",0.79743139058,0.83900373971,0.99216779151,1.1803440512,1.14010717883739,1.1448375515057,1.14987979419387,1.1473662659969,1.20721888119218,1.25951559116888,1.31067776975629,1.38317435694532,1.4475361500013,1.5023172429134,1.5382641965244,1.55558387443904,1.5555450858988,1.54987962814079,1.53694652500434,1.51696949759203
"GCAM 7.1","Reference","Pakistan","Emissions|NOx|Energy","Mt NO2/yr",0.79743139058,0.83900373971,0.99216779151,1.1803440512,1.158216321395,1.17967465619038,1.20358529077629,1.22265755206047,1.29514851064819,1.35070218448709,1.39660641612668,1.47662793823533,1.5471016589049,1.6061918969522,1.6473269108968,1.66715997576058,1.66591914573518,1.65912383687407,1.64374487925768,1.62196941778753
"GCAM 7.1","CurrentMeasures","Pakistan","Emissions|NOx|Energy and Industrial Processes","Mt NO2/yr",0.82224199888,0.86427016871,1.011258198451,1.2052530512,1.16551856783739,1.1722950955057,1.17880064319387,1.1761415959969,1.23455110519218,1.28595826016888,1.33618863025629,1.40815038251532,1.4722142078013,1.5267437672134,1.5627023081244,1.58006920203904,1.5800375454988,1.57445767294079,1.56162454680434,1.54177635179203
"GCAM 7.1","Reference","Pakistan","Emissions|NOx|Energy and Industrial Processes","Mt NO2/yr",0.82224199888,0.86427016871,1.011258198451,1.2052530512,1.183612039395,1.20709023119038,1.23245698077629,1.25140085906047,1.32243127864819,1.37710699448709,1.42200539252668,1.50153653263533,1.5716464021049,1.6304739700522,1.6716318724968,1.69151012556058,1.69027877313518,1.68357404797407,1.66828747105768,1.64664977918753
"GCAM 7.1","CurrentMeasures","Pakistan","Emissions|NOx|Energy|Demand","Mt NO2/yr",0.67177216512,0.69029881261,0.83069257833,0.99767368782,0.995675366907,0.982756438846,0.972053872616,0.942828774959,0.9795471081326,1.0220397751701,1.080711075555,1.1401591486,1.191698961945,1.2290918046703,1.2525290768545,1.26175518494884,1.2605734078693,1.25137921256269,1.23524836821704,1.21308657956063
"GCAM 7.1","Reference","Pakistan","Emissions|NOx|Energy|Demand","Mt NO2/yr",0.67177216512,0.69029881261,0.83069257833,0.99767368782,1.0014688375,0.992237547676,0.987306003811,0.962705215995,0.9962432683621,1.03347864419,1.088405543593,1.144350536893,1.192354806348,1.2280808551172,1.2497703149578,1.25683347477108,1.25324902155668,1.24180944674847,1.22372798469868,1.20252957117793
"GCAM 7.1","CurrentMeasures","Pakistan","Emissions|NOx|Energy|Demand|AFOFI","Mt NO2/yr",0.01016608,0.0041,0.0015,0.0014,0.001473496,0.0015282133,0.0015381816,0.0015107034,0.0014734177,0.0013953175,0.0013295122,0.0012885043,0.0012438626,0.0011795036,0.0011003522,0.0010124722,0.0009243971,0.0008420114,0.0007646343,0.0006948651
"GCAM 7.1","Reference","Pakistan","Emissions|NOx|Energy|Demand|AFOFI","Mt NO2/yr",0.01016608,0.0041,0.0015,0.0014,0.001473503,0.0015278821,0.0015368925,0.0015078704,0.0014689066,0.0013889624,0.0013217525,0.0012803987,0.0012362909,0.0011726549,0.0010941308,0.001006648,0.0009187913,0.0008366076,0.0007595347,0.0006902415
"GCAM 7.1","CurrentMeasures","Pakistan","Emissions|NOx|Energy|Demand|Bunkers","Mt NO2/yr",0.021879,0.0269317,0.01604244,0.00731073,0.00750708,0.00834573,0.008857366,0.010278037,0.01211424,0.014142291,0.016229829,0.018411832,0.020500399,0.022400947,0.024071299,0.025433384,0.026502422,0.027334046,0.027923739,0.028281274
"GCAM 7.1","Reference","Pakistan","Emissions|NOx|Energy|Demand|Bunkers","Mt NO2/yr",0.021879,0.0269317,0.01604244,0.00731073,0.0075074,0.00834614,0.00885793,0.010278722,0.012112272,0.0141417,0.0162297,0.018411379,0.020499873,0.022400464,0.024070639,0.02543112,0.026498346,0.027329352,0.02791907,0.028277351
"GCAM 7.1","CurrentMeasures","Pakistan","Emissions|NOx|Energy|Demand|Bunkers|International Aviation","Mt NO2/yr",0.0108915,0.0101106,0.0097133,0.0058499,0.00607408,0.00697724,0.00790526,0.0095551,0.0114528,0.0135058,0.0155957,0.0177728,0.0198642,0.0217733,0.0234563,0.0248364,0.0259261,0.0267774,0.0273868,0.0277683
"GCAM 7.1","Reference","Pakistan","Emissions|NOx|Energy|Demand|Bunkers|International Aviation","Mt NO2/yr",0.0108915,0.0101106,0.0097133,0.0058499,0.00607431,0.00697753,0.00790567,0.00955564,0.0114512,0.0135053,0.0155956,0.0177724,0.0198637,0.0217728,0.0234556,0.0248342,0.0259222,0.0267729,0.0273823,0.0277645
"GCAM 7.1","CurrentMeasures","Pakistan","Emissions|NOx|Energy|Demand|Bunkers|International Shipping","Mt NO2/yr",0.0109875,0.0168211,0.00632914,0.00146083,0.001433,0.00136849,0.000952106,0.000722937,0.00066144,0.000636491,0.000634129,0.000639032,0.000636199,0.000627647,0.000614999,0.000596984,0.000576322,0.000556646,0.000536939,0.000512974
"GCAM 7.1","Reference","Pakistan","Emissions|NOx|Energy|Demand|Bunkers|International Shipping","Mt NO2/yr",0.0109875,0.0168211,0.00632914,0.00146083,0.00143309,0.00136861,0.00095226,0.000723082,0.000661072,0.0006364,0.0006341,0.000638979,0.000636173,0.000627664,0.000615039,0.00059692,0.000576146,0.000556452,0.00053677,0.000512851
"GCAM 7.1","CurrentMeasures","Pakistan","Emissions|NOx|Energy|Demand|Commercial","Mt NO2/yr",0.023483197,0.02813382,0.040514653,0.04186996,0.040435742,0.0505259,0.06344484,0.07863195,0.09537592,0.11256716,0.12699545,0.14238201,0.15576493,0.16547877,0.17155531,0.1740878,0.1741296,0.1721957,0.1686563,0.1638936
"GCAM 7.1","Reference","Pakistan","Emissions|NOx|Energy|Demand|Commercial","Mt NO2/yr",0.023483197,0.02813382,0.040514653,0.04186996,0.040250488,0.04935592,0.06132882,0.07566887,0.09143592,0.1077977,0.1217801,0.13660087,0.14929937,0.15854894,0.16403288,0.1657791,0.164983,0.1622729,0.1580372,0.1536444
"GCAM 7.1","CurrentMeasures","Pakistan","Emissions|NOx|Energy|Demand|Industry","Mt NO2/yr",0.08599504,0.084708893,0.1037672714,0.127752842,0.1405708889,0.1709932642,0.2047304966,0.2402455543,0.27487354129,0.30768385237,0.335004801565,0.356085188976,0.370803471678,0.3798670772573,0.3844491635885,0.38510130631084,0.382786884203299,0.37873408491369,0.37340425365204,0.36726723618363
"GCAM 7.1","Reference","Pakistan","Emissions|NOx|Energy|Demand|Industry","Mt NO2/yr",0.08599504,0.084708893,0.1037672714,0.127752842,0.1405478997,0.1708673902,0.2043304215,0.2393282861,0.27324774524,0.30535086903,0.332113725978,0.352845024224,0.36742414456,0.3764868386032,0.3811849456198,0.38198347825308,0.379798787469676,0.37587070287947,0.37066461601268,0.36462993738593
"GCAM 7.1","CurrentMeasures","Pakistan","Emissions|NOx|Energy|Demand|Residential","Mt NO2/yr",0.15876037676,0.17892827136,0.2004605663,0.2280368102,0.2190189041,0.2066914841,0.1783745737,0.1565304858,0.1414873584,0.1309667386,0.1392253969,0.1476276431,0.1555369962,0.1611588508,0.1657617034,0.1690284496,0.1716595143,0.17280787414,0.1725260941,0.1709952341
"GCAM 7.1","Reference","Pakistan","Emissions|NOx|Energy|Demand|Residential","Mt NO2/yr",0.15876037676,0.17892827136,0.2004605663,0.2280368102,0.2187601273,0.2052905428,0.1760398762,0.1533670749,0.1373042102,0.126051447,0.1333811026,0.1408052357,0.14713208,0.1520305567,0.1557427022,0.1580468132,0.1597285221,0.16005522064,0.1591081927,0.1582922951
"GCAM 7.1","CurrentMeasures","Pakistan","Emissions|NOx|Energy|Demand|Residential and Commercial","Mt NO2/yr",0.18224357376,0.20706209136,0.2409752193,0.2699067702,0.2594546461,0.2572173841,0.2418194137,0.2351624358,0.2368632784,0.2435338986,0.2662208469,0.2900096531,0.3113019262,0.3266376208,0.3373170134,0.3431162496,0.3457891143,0.34500357414,0.3411823941,0.3348888341
"GCAM 7.1","Reference","Pakistan","Emissions|NOx|Energy|Demand|Residential and Commercial","Mt NO2/yr",0.18224357376,0.20706209136,0.2409752193,0.2699067702,0.2590106153,0.2546464628,0.2373686962,0.2290359449,0.2287401302,0.233849147,0.2551612026,0.2774061057,0.29643145,0.3105794967,0.3197755822,0.3238259132,0.3247115221,0.32232812064,0.3171453927,0.3119366951
"GCAM 7.1","CurrentMeasures","Pakistan","Emissions|NOx|Energy|Demand|Residential and Commercial and AFOFI","Mt NO2/yr",0.19240965376,0.21116209136,0.2424752193,0.2713067702,0.2609281421,0.2587455974,0.2433575953,0.2366731392,0.2383366961,0.2449292161,0.2675503591,0.2912981574,0.3125457888,0.3278171244,0.3384173656,0.3441287218,0.3467135114,0.34584558554,0.3419470284,0.3355836992
"GCAM 7.1","Reference","Pakistan","Emissions|NOx|Energy|Demand|Residential and Commercial and AFOFI","Mt NO2/yr",0.19240965376,0.21116209136,0.2424752193,0.2713067702,0.2604841183,0.2561743449,0.2389055887,0.2305438153,0.2302090368,0.2352381094,0.2564829551,0.2786865044,0.2976677409,0.3117521516,0.320869713,0.3248325612,0.3256303134,0.32316472824,0.3179049274,0.3126269366
"GCAM 7.1","CurrentMeasures","Pakistan","Emissions|NOx|Energy|Demand|Transportation","Mt NO2/yr",0.48321134052,0.47219683354,0.59657293341,0.73818094556,0.727223464474,0.673464432512,0.637583308812,0.568083337228,0.5657393562852,0.5728282888502,0.58794126935,0.607393951218,0.625475500074,0.638836539276,0.645569039444,0.645420637927,0.639977154744,0.631131684975,0.619215276339,0.604501920946
"GCAM 7.1","Reference","Pakistan","Emissions|NOx|Energy|Demand|Transportation","Mt NO2/yr",0.48321134052,0.47219683354,0.59657293341,0.73818094556,0.73445991407,0.688966491812,0.664939217082,0.606273757,0.6060006213042,0.61075612077,0.62512469577,0.643780632448,0.661441188786,0.675211674088,0.682399484126,0.682363879039,0.6766718339,0.667382052786,0.654891939614,0.640098541287
"GCAM 7.1","CurrentMeasures","Pakistan","Emissions|NOx|Energy|Demand|Transportation|Light-Duty Vehicle","Mt NO2/yr",0.0699259022,0.06301412296,0.08126196185,0.09348744568,0.08860108734,0.07880561198,0.07229084062,0.06095071169,0.0513209552,0.04146094255,0.03370881243,0.02719385923,0.02160290486,0.01722596275,0.013652747888,0.010786347749,0.008524405788,0.006752687243,0.005350397991,0.004543119408
"GCAM 7.1","Reference","Pakistan","Emissions|NOx|Energy|Demand|Transportation|Light-Duty Vehicle","Mt NO2/yr",0.0699259022,0.06301412296,0.08126196185,0.09348744568,0.09387676493,0.08767105334,0.08538298014,0.07773287819,0.06625635734,0.05429238075,0.04490953926,0.03675575609,0.02965485699,0.02407308774,0.01946655055,0.015720131597,0.012725835474,0.010345854472,0.008431002958,0.007181231097
"GCAM 7.1","CurrentMeasures","Pakistan","Emissions|NOx|Energy|Demand|Transportation|Truck","Mt NO2/yr",0.1898397,0.1997813,0.2589804,0.3509383,0.35751396,0.33707365,0.32034268,0.28223004,0.29138495,0.2962796,0.30220209,0.31414013,0.3286202,0.34195081,0.35196071,0.35797656,0.36063962,0.36104662,0.35938102,0.3548637
"GCAM 7.1","Reference","Pakistan","Emissions|NOx|Energy|Demand|Transportation|Truck","Mt NO2/yr",0.1898397,0.1997813,0.2589804,0.3509383,0.35752216,0.3370618,0.32010193,0.28110215,0.28909145,0.29244743,0.29712409,0.30827887,0.32243005,0.33559804,0.345424,0.35108862,0.35324548,0.35316142,0.3511558,0.34671092
"GCAM 7.1","CurrentMeasures","Pakistan","Emissions|NOx|Energy|Supply","Mt NO2/yr",0.12565922546,0.1487049271,0.16147521318,0.18267036338,0.14443181193039,0.1620811126597,0.17782592157787,0.2045374910379,0.22767177305958,0.23747581599878,0.22996669420129,0.24301520834532,0.2558371880563,0.2732254382431,0.2857351196699,0.2938286894902,0.2949716780295,0.2985004155781,0.3016981567873,0.3038829180314
"GCAM 7.1","Reference","Pakistan","Emissions|NOx|Energy|Supply","Mt NO2/yr",0.12565922546,0.1487049271,0.16147521318,0.18267036338,0.156747483895,0.18743710851438,0.21627928696529,0.25995233606547,0.29890524228609,0.31722354029709,0.30820087253368,0.33227740134233,0.3547468525569,0.378111041835,0.397556595939,0.4103265009895,0.4126701241785,0.4173143901256,0.420016894559,0.4194398466096
"GCAM 7.1","CurrentMeasures","Pakistan","Emissions|NOx|Energy|Supply|Electricity","Mt NO2/yr",0.125038641,0.14805047,0.160428258,0.18207445,0.14380026,0.1613431207,0.1769550916,0.2034773034,0.2264166243,0.236066749,0.228381763,0.241229393,0.253857084,0.271045283,0.283310743,0.291071246,0.291821255,0.294911499,0.297620436,0.299289923
"GCAM 7.1","Reference","Pakistan","Emissions|NOx|Energy|Supply|Electricity","Mt NO2/yr",0.125038641,0.14805047,0.160428258,0.18207445,0.156104328,0.1866765165,0.2153779063,0.2588546041,0.297613724,0.315773916,0.306580061,0.330445534,0.352718109,0.375882481,0.395080607,0.407515637,0.409466364,0.413669185,0.415882433,0.414752475
"GCAM 7.1","CurrentMeasures","Pakistan","Emissions|NOx|Energy|Supply|Fugitive","Mt NO2/yr",0.00062058446,0.0006544571,0.00104695518,0.00059591338,0.00062643619,0.00069850081,0.0007551621,0.00079903633,0.00084214902,0.000840853118,0.000824848386,0.0008194690493,0.00079876145,0.000765539027,0.000718646988,0.000707944816,0.000698357456,0.000680353644,0.000665035569,0.000648737492
"GCAM 7.1","Reference","Pakistan","Emissions|NOx|Energy|Supply|Fugitive","Mt NO2/yr",0.00062058446,0.0006544571,0.00104695518,0.00059591338,0.00063777933,0.00071976689,0.00078327055,0.00083319358,0.00087503364,0.000878472632,0.000859901684,0.0008600348344,0.00084163803,0.000805916476,0.00075788089,0.000747343828,0.000736773425,0.00071727699,0.000694746538,0.000674935377
"GCAM 7.1","CurrentMeasures","Pakistan","Emissions|NOx|Energy|Supply|Hydrogen","Mt NO2/yr",0,0,0,0,9.2336039e-07,2.57463147e-05,8.856140587e-05,0.0002137758789,0.00032981632858,0.00043213967578,0.00054920230329,0.00066822776322,0.0007899565474,0.000905353891,0.001021859306,0.001141495809,0.001270661262,0.001411397557,0.001562252896,0.001710568104
"GCAM 7.1","Reference","Pakistan","Emissions|NOx|Energy|Supply|Hydrogen","Mt NO2/yr",0,0,0,0,9.2104e-07,2.587493838e-05,8.832765029e-05,0.00021208570547,0.00032655941209,0.00042816690309,0.00054413894568,0.00066185992653,0.0007791202022,0.000891798746,0.001005636434,0.001123055747,0.001250869535,0.001390295625,0.001539229164,0.001689274371
"GCAM 7.1","CurrentMeasures","Pakistan","Emissions|NOx|Energy|Supply|Liquids","Mt NO2/yr",0,0,0,0,4.19238e-06,1.3744835e-05,2.7106472e-05,4.7375429e-05,8.3183411e-05,0.000136074205,0.000210880512,0.0002981185328,0.0003913860589,0.0005092623251,0.0006838703759,0.0009080028652,0.0011814043115,0.0014971653771,0.0018504323223,0.0022336894354
"GCAM 7.1","Reference","Pakistan","Emissions|NOx|Energy|Supply|Liquids","Mt NO2/yr",0,0,0,0,4.455525e-06,1.4950186e-05,2.9782465e-05,5.245268e-05,8.9925234e-05,0.000142984762,0.000216770904,0.0003099725814,0.0004079853247,0.000530845613,0.000712471615,0.0009404644145,0.0012161172185,0.0015376325106,0.001900485857,0.0023231618616
"GCAM 7.1","CurrentMeasures","Pakistan","Emissions|NOx|Industrial Processes","Mt NO2/yr",0.0248106083,0.025266429,0.019090406941,0.024909,0.025411389,0.027457544,0.028920849,0.02877533,0.027332224,0.026442669,0.0255108605,0.02497602557,0.0246780578,0.0244265243,0.0244381116,0.0244853276,0.0244924596,0.0245780448,0.0246780218,0.0248068542
"GCAM 7.1","Reference","Pakistan","Emissions|NOx|Industrial Processes","Mt NO2/yr",0.0248106083,0.025266429,0.019090406941,0.024909,0.025395718,0.027415575,0.02887169,0.028743307,0.027282768,0.02640481,0.0253989764,0.0249085944,0.0245447432,0.0242820731,0.0243049616,0.0243501498,0.0243596274,0.0244502111,0.0245425918,0.0246803614
"GCAM 7.1","CurrentMeasures","Pakistan","Emissions|NOx|Industrial Processes|Chemicals","Mt NO2/yr",0.0237547,0.0232992,0.0189554,0.024909,0.025411389,0.027457544,0.028920849,0.02877533,0.027332224,0.026442669,0.0255108605,0.02497602557,0.0246780578,0.0244265243,0.0244381116,0.0244853276,0.0244924596,0.0245780448,0.0246780218,0.0248068542
"GCAM 7.1","Reference","Pakistan","Emissions|NOx|Industrial Processes|Chemicals","Mt NO2/yr",0.0237547,0.0232992,0.0189554,0.024909,0.025395718,0.027415575,0.02887169,0.028743307,0.027282768,0.02640481,0.0253989764,0.0249085944,0.0245447432,0.0242820731,0.0243049616,0.0243501498,0.0243596274,0.0244502111,0.0245425918,0.0246803614
"GCAM 7.1","CurrentMeasures","Pakistan","Emissions|NOx|Industrial Processes|Chemicals|Ammonia","Mt NO2/yr",0.0237547,0.0232992,0.0189554,0.024909,0.025411389,0.027457544,0.028920849,0.02877533,0.027332224,0.026442669,0.0255108605,0.02497602557,0.0246780578,0.0244265243,0.0244381116,0.0244853276,0.0244924596,0.0245780448,0.0246780218,0.0248068542
"GCAM 7.1","Reference","Pakistan","Emissions|NOx|Industrial Processes|Chemicals|Ammonia","Mt NO2/yr",0.0237547,0.0232992,0.0189554,0.024909,0.025395718,0.027415575,0.02887169,0.028743307,0.027282768,0.02640481,0.0253989764,0.0249085944,0.0245447432,0.0242820731,0.0243049616,0.0243501498,0.0243596274,0.0244502111,0.0245425918,0.0246803614
"GCAM 7.1","CurrentMeasures","Pakistan","Emissions|NOx|Industrial Processes|Iron and Steel","Mt NO2/yr",0.0010559083,0.001967229,0.000135006941,0,0,0,0,0,0,0,0,0,0,0,0,0,0,0,0,0
"GCAM 7.1","Reference","Pakistan","Emissions|NOx|Industrial Processes|Iron and Steel","Mt NO2/yr",0.0010559083,0.001967229,0.000135006941,0,0,0,0,0,0,0,0,0,0,0,0,0,0,0,0,0
"GCAM 7.1","CurrentMeasures","Pakistan","Emissions|NOx|Product Use","Mt NO2/yr",0.00322087,0.00328013,0.00394473,0.00391826,0.00437706,0.00541823,0.00661123,0.00794168,0.00934494,0.0107271,0.0119685,0.0129947,0.013729,0.0141245,0.0141998,0.0139878,0.0135647,0.0130312,0.0124545,0.0118472
"GCAM 7.1","Reference","Pakistan","Emissions|NOx|Product Use","Mt NO2/yr",0.00322087,0.00328013,0.00394473,0.00391826,0.00437578,0.00541277,0.00660299,0.00793187,0.00933313,0.0107155,0.0119554,0.0129842,0.0137184,0.0141168,0.0141957,0.0139864,0.0135651,0.0130354,0.0124615,0.0118558
"GCAM 7.1","CurrentMeasures","Pakistan","Emissions|NOx|Waste","Mt NO2/yr",0.0676577,0.0775571,0.0858031,0.0858031,0.0917732,0.0973974,0.101951,0.104721,0.105485,0.104556,0.102039,0.0982761,0.0933137,0.0876527,0.0815027,0.0752185,0.0691444,0.0634331,0.0581258,0.0532198
"GCAM 7.1","Reference","Pakistan","Emissions|NOx|Waste","Mt NO2/yr",0.0676577,0.0775571,0.0858031,0.0858031,0.0917732,0.0973974,0.101951,0.104721,0.105485,0.104556,0.102039,0.0982761,0.0933137,0.0876527,0.0815027,0.0752185,0.0691444,0.0634331,0.0581258,0.0532198
"GCAM 7.1","CurrentMeasures","Pakistan","Emissions|OC","Mt OC/yr",0.402833906700519,0.449133367276554,0.497117557402292,0.555998686278024,0.544778284018646,0.517740424920793,0.493054260470502,0.473778983940471,0.457860421747657,0.443011402539673,0.418156662519187,0.404465986408003,0.393102344175305,0.383440579852946,0.374157589389219,0.364434841680558,0.354289531082244,0.345411364439312,0.336235277325802,0.327893524432226
"GCAM 7.1","Reference","Pakistan","Emissions|OC","Mt OC/yr",0.402833906700519,0.449133367276554,0.497117557402292,0.555998686278024,0.545318819116558,0.518184571621866,0.493122346541535,0.47272489973324,0.454990478538649,0.438022416030416,0.411457509189708,0.395911768326348,0.382230993586523,0.370140218213031,0.358686967811064,0.346957684363896,0.335089145022904,0.32416763754546,0.31314358451507,0.302834220925431
"GCAM 7.1","CurrentMeasures","Pakistan","Emissions|OC|AFOLU","Mt OC/yr",0.002413871345519,0.000736532869554,0.000705427135892,0.000735742515024,0.000743535569386,0.000764798315513,0.000782160242222,0.000789859615081,0.000784858808327,0.000772200209733,0.000741125114002,0.000713724704016,0.00068612882325,0.00065847413219,0.000632968894295,0.000609449775847,0.000593900977405,0.000594440080684,0.000594881725379,0.000595123803807
"GCAM 7.1","Reference","Pakistan","Emissions|OC|AFOLU","Mt OC/yr",0.002413871345519,0.000736532869554,0.000705427135892,0.000735742515024,0.000743526227598,0.000765021185286,0.000782457409365,0.00079051117368,0.000785283562259,0.000772156633526,0.000739962584701,0.000713571917058,0.000685883147106,0.000658142564311,0.000632914539275,0.000609385738877,0.000593815586301,0.000594396866378,0.000594851300402,0.000595103775233
"GCAM 7.1","CurrentMeasures","Pakistan","Emissions|OC|AFOLU [NGHGI]","Mt OC/yr",0.002413871345519,0.000736532869554,0.000705427135892,0.000735742515024,0.000743535569386,0.000764798315513,0.000782160242222,0.000789859615081,0.000784858808327,0.000772200209733,0.000741125114002,0.000713724704016,0.00068612882325,0.00065847413219,0.000632968894295,0.000609449775847,0.000593900977405,0.000594440080684,0.000594881725379,0.000595123803807
"GCAM 7.1","Reference","Pakistan","Emissions|OC|AFOLU [NGHGI]","Mt OC/yr",0.002413871345519,0.000736532869554,0.000705427135892,0.000735742515024,0.000743526227598,0.000765021185286,0.000782457409365,0.00079051117368,0.000785283562259,0.000772156633526,0.000739962584701,0.000713571917058,0.000685883147106,0.000658142564311,0.000632914539275,0.000609385738877,0.000593815586301,0.000594396866378,0.000594851300402,0.000595103775233
"GCAM 7.1","CurrentMeasures","Pakistan","Emissions|OC|AFOLU|Agricultural Waste Burning","Mt OC/yr",0.001923150245519,0.000287819369554,0.000311574335892,0.000342001382024,0.000350306963386,0.000372601633513,0.000390964004222,0.000399655965081,0.000395592951327,0.000383851733733,0.000353812041002,0.000327538626016,0.00030100116925,0.00027426156219,0.000249561502295,0.000226715245847,0.000211725308405,0.000212751160684,0.000213597044379,0.000214162585807
"GCAM 7.1","Reference","Pakistan","Emissions|OC|AFOLU|Agricultural Waste Burning","Mt OC/yr",0.001923150245519,0.000287819369554,0.000311574335892,0.000342001382024,0.000350297519598,0.000372828681286,0.000391263845365,0.00040031738768,0.000396020969259,0.000383802652526,0.000352627819701,0.000327384972058,0.000300752477106,0.000273926668311,0.000249504233275,0.000226647196877,0.000211634335301,0.000212703640378,0.000213562205402,0.000214138038233
"GCAM 7.1","CurrentMeasures","Pakistan","Emissions|OC|AFOLU|Land","Mt OC/yr",0.0004907211,0.0004487135,0.0003938528,0.000393741133,0.000393228606,0.000392196682,0.000391196238,0.00039020365,0.000389265857,0.000388348476,0.000387313073,0.000386186078,0.000385127654,0.00038421257,0.000383407392,0.00038273453,0.000382175669,0.00038168892,0.000381284681,0.000380961218
"GCAM 7.1","Reference","Pakistan","Emissions|OC|AFOLU|Land","Mt OC/yr",0.0004907211,0.0004487135,0.0003938528,0.000393741133,0.000393228708,0.000392192504,0.000391193564,0.000390193786,0.000389262593,0.000388353981,0.000387334765,0.000386186945,0.00038513067,0.000384215896,0.000383410306,0.000382738542,0.000382181251,0.000381693226,0.000381289095,0.000380965737
"GCAM 7.1","CurrentMeasures","Pakistan","Emissions|OC|AFOLU|Land|Fires","Mt OC/yr",0.0004907211,0.0004487135,0.0003938528,0.000393741133,0.000393228606,0.000392196682,0.000391196238,0.00039020365,0.000389265857,0.000388348476,0.000387313073,0.000386186078,0.000385127654,0.00038421257,0.000383407392,0.00038273453,0.000382175669,0.00038168892,0.000381284681,0.000380961218
"GCAM 7.1","Reference","Pakistan","Emissions|OC|AFOLU|Land|Fires","Mt OC/yr",0.0004907211,0.0004487135,0.0003938528,0.000393741133,0.000393228708,0.000392192504,0.000391193564,0.000390193786,0.000389262593,0.000388353981,0.000387334765,0.000386186945,0.00038513067,0.000384215896,0.000383410306,0.000382738542,0.000382181251,0.000381693226,0.000381289095,0.000380965737
"GCAM 7.1","CurrentMeasures","Pakistan","Emissions|OC|AFOLU|Land|Fires|Forest Burning","Mt OC/yr",0,0,0,0,0,0,0,0,0,0,0,0,0,0,0,0,0,0,0,0
"GCAM 7.1","Reference","Pakistan","Emissions|OC|AFOLU|Land|Fires|Forest Burning","Mt OC/yr",0,0,0,0,0,0,0,0,0,0,0,0,0,0,0,0,0,0,0,0
"GCAM 7.1","CurrentMeasures","Pakistan","Emissions|OC|Energy","Mt OC/yr",0.352577595256,0.393557126807,0.435747317105,0.494594813763,0.47914620382726,0.44811069111928,0.42018812729528,0.39894757617039,0.38249552300033,0.36831710472514,0.344971663922585,0.327597905465807,0.312961551872445,0.300471858573256,0.288840958079724,0.277252546700111,0.265611047629439,0.255514327637978,0.245392728572423,0.236340512713319
"GCAM 7.1","Reference","Pakistan","Emissions|OC|Energy","Mt OC/yr",0.352577595256,0.393557126807,0.435747317105,0.494594813763,0.47968675686696,0.44855463716058,0.42025594109417,0.39789285581556,0.37962517737439,0.36332817768269,0.338273716425007,0.31904386409566,0.302090489979337,0.28717187076662,0.273370426076989,0.259775485690619,0.246410775616903,0.234270668903402,0.222301090143068,0.211281249568798
"GCAM 7.1","CurrentMeasures","Pakistan","Emissions|OC|Energy and Industrial Processes","Mt OC/yr",0.352592635355,0.393571534407,0.4357578302664,0.494608643763,0.47916014844926,0.44812522660528,0.42020280022828,0.39896142432539,0.38250786293933,0.36832820232994,0.344981537405185,0.327606761703987,0.312969515352055,0.300479005720756,0.288847420494924,0.277258391904711,0.265616330104839,0.255519124358628,0.245397095600423,0.236344500628419
"GCAM 7.1","Reference","Pakistan","Emissions|OC|Energy and Industrial Processes","Mt OC/yr",0.352592635355,0.393571534407,0.4357578302664,0.494608643763,0.47970069288896,0.44856915043658,0.42027058913217,0.39790668855956,0.37963749497639,0.36333925939689,0.338283546605007,0.31905269640929,0.302098410439417,0.28717897564872,0.273376853271789,0.259781298625019,0.246416029436603,0.234275440679082,0.222305433214668,0.211285217150198
"GCAM 7.1","CurrentMeasures","Pakistan","Emissions|OC|Energy|Demand","Mt OC/yr",0.352280447366,0.393134968798,0.432935858875,0.491091501303,0.47703663238076,0.44419393711967,0.41384599441528,0.38776852307119,0.36531520513073,0.34614034953484,0.320739245597585,0.298120860910907,0.277559941510345,0.258971009930256,0.241417533306724,0.224952087672111,0.209664543773439,0.195274903458978,0.181832213280423,0.169533958812319
"GCAM 7.1","Reference","Pakistan","Emissions|OC|Energy|Demand","Mt OC/yr",0.352280447366,0.393134968798,0.432935858875,0.491091501303,0.47710172224746,0.44415407981588,0.41369132815937,0.38740079076556,0.36452532236689,0.34484239065309,0.319111589790307,0.29633273531866,0.275765759528337,0.25725608657362,0.239851912236989,0.223538596305619,0.208384952384903,0.194136920784402,0.180852793527068,0.168760657027798
"GCAM 7.1","CurrentMeasures","Pakistan","Emissions|OC|Energy|Demand|AFOFI","Mt OC/yr",8.4185e-05,4.14694e-05,1.517176e-05,1.41603e-05,1.49037e-05,1.5457123e-05,1.5557944e-05,1.5280013e-05,1.4902883e-05,1.4112946e-05,1.3447348e-05,1.3032564e-05,1.2581051e-05,1.1930091e-05,1.1129497e-05,1.0240669e-05,9.349817e-06,8.516532e-06,7.73391e-06,7.028214e-06
"GCAM 7.1","Reference","Pakistan","Emissions|OC|Energy|Demand|AFOFI","Mt OC/yr",8.4185e-05,4.14694e-05,1.517176e-05,1.41603e-05,1.490376e-05,1.5453781e-05,1.5544904e-05,1.5251353e-05,1.4857274e-05,1.4048668e-05,1.3368873e-05,1.2950576e-05,1.2504478e-05,1.1860828e-05,1.1066591e-05,1.0181755e-05,9.293112e-06,8.461875e-06,7.682329e-06,6.981452e-06
"GCAM 7.1","CurrentMeasures","Pakistan","Emissions|OC|Energy|Demand|Bunkers","Mt OC/yr",4.6799e-05,6.33454e-05,3.29148e-05,1.291062e-05,1.314727e-05,1.424736e-05,1.429947e-05,1.596613e-05,1.850555e-05,2.140619e-05,2.457093e-05,2.791587e-05,3.114498e-05,3.411741e-05,3.722491e-05,4.336402e-05,4.981903e-05,5.660467e-05,6.360826e-05,7.073824e-05
"GCAM 7.1","Reference","Pakistan","Emissions|OC|Energy|Demand|Bunkers","Mt OC/yr",4.6799e-05,6.33454e-05,3.29148e-05,1.291062e-05,1.314789e-05,1.424811e-05,1.430055e-05,1.596738e-05,1.850211e-05,2.140521e-05,2.457083e-05,2.791518e-05,3.114407e-05,3.411668e-05,3.722412e-05,4.336007e-05,4.981096e-05,5.659436e-05,6.359721e-05,7.072794e-05
"GCAM 7.1","CurrentMeasures","Pakistan","Emissions|OC|Energy|Demand|Bunkers|International Aviation","Mt OC/yr",1.56615e-05,1.45386e-05,1.39673e-05,8.4119e-06,8.73426e-06,1.0033e-05,1.13674e-05,1.37398e-05,1.64686e-05,1.94207e-05,2.24259e-05,2.55565e-05,2.85639e-05,3.13091e-05,3.41802e-05,4.00901e-05,4.63207e-05,5.28706e-05,5.96359e-05,6.65607e-05
"GCAM 7.1","Reference","Pakistan","Emissions|OC|Energy|Demand|Bunkers|International Aviation","Mt OC/yr",1.56615e-05,1.45386e-05,1.39673e-05,8.4119e-06,8.7346e-06,1.00334e-05,1.1368e-05,1.37406e-05,1.64663e-05,1.942e-05,2.24259e-05,2.5556e-05,2.85631e-05,3.13083e-05,3.41792e-05,4.00865e-05,4.63137e-05,5.28616e-05,5.96261e-05,6.65514e-05
"GCAM 7.1","CurrentMeasures","Pakistan","Emissions|OC|Energy|Demand|Bunkers|International Shipping","Mt OC/yr",3.11375e-05,4.88068e-05,1.89475e-05,4.49872e-06,4.41301e-06,4.21436e-06,2.93207e-06,2.22633e-06,2.03695e-06,1.98549e-06,2.14503e-06,2.35937e-06,2.58108e-06,2.80831e-06,3.04471e-06,3.27392e-06,3.49833e-06,3.73407e-06,3.97236e-06,4.17754e-06
"GCAM 7.1","Reference","Pakistan","Emissions|OC|Energy|Demand|Bunkers|International Shipping","Mt OC/yr",3.11375e-05,4.88068e-05,1.89475e-05,4.49872e-06,4.41329e-06,4.21471e-06,2.93255e-06,2.22678e-06,2.03581e-06,1.98521e-06,2.14493e-06,2.35918e-06,2.58097e-06,2.80838e-06,3.04492e-06,3.27357e-06,3.49726e-06,3.73276e-06,3.97111e-06,4.17654e-06
"GCAM 7.1","CurrentMeasures","Pakistan","Emissions|OC|Energy|Demand|Commercial","Mt OC/yr",0.00012005621,0.000164821002,0.000222688959,0.000178675098,0.000171059919,0.000211938687,0.000264337146,0.00032433552,0.00038614297,0.00044608437,0.00048509932,0.00052418897,0.00055012668,0.00056009608,0.00055103586,0.00052625324,0.0004900692,0.00044747206,0.00040151224,0.00035759103
"GCAM 7.1","Reference","Pakistan","Emissions|OC|Energy|Demand|Commercial","Mt OC/yr",0.00012005621,0.000164821002,0.000222688959,0.000178675098,0.000170347335,0.000207386229,0.000256127671,0.00031303697,0.00037159868,0.00042881716,0.00046772325,0.00050663884,0.0005336388,0.00054420261,0.00053595466,0.0005114888,0.00047571004,0.00043400921,0.00038944434,0.00034766736
"GCAM 7.1","CurrentMeasures","Pakistan","Emissions|OC|Energy|Demand|Industry","Mt OC/yr",0.030120613838,0.03336277915,0.036414732806,0.046182575721,0.05181322617276,0.06317493899867,0.07600409835928,0.08972720120919,0.10313978793773,0.11580478002784,0.126100387646585,0.133013766705907,0.136969428833345,0.138477361381256,0.138149479686724,0.136462797660111,0.133834426408439,0.130542334544978,0.126948081883423,0.123317511174319
"GCAM 7.1","Reference","Pakistan","Emissions|OC|Energy|Demand|Industry","Mt OC/yr",0.030120613838,0.03336277915,0.036414732806,0.046182575721,0.05179172653446,0.06305911159488,0.07571143846237,0.08914276018156,0.10217586687289,0.11441913233809,0.124387498538307,0.13110496792666,0.135006097848337,0.13653625898262,0.136289217192989,0.134689351491619,0.132125470660903,0.128891822483402,0.125362551428068,0.121816551025798
"GCAM 7.1","CurrentMeasures","Pakistan","Emissions|OC|Energy|Demand|Residential","Mt OC/yr",0.315743223918,0.353393431446,0.38873489025,0.436461009064,0.416944231689,0.373350192391,0.330539654966,0.291498852159,0.25569173127,0.223826652531,0.188009154093,0.158222085811,0.133438689356,0.113098410598,0.095677553573,0.080672887683,0.067783037618,0.056480962552,0.046457983187,0.037624581354
"GCAM 7.1","Reference","Pakistan","Emissions|OC|Energy|Demand|Residential","Mt OC/yr",0.315743223918,0.353393431446,0.38873489025,0.436461009064,0.416909342218,0.373193861751,0.330294537132,0.291196572241,0.25535103534,0.223447716147,0.187647758979,0.157891423446,0.133137507782,0.112815330753,0.095411691183,0.080414940169,0.067531764012,0.056243966556,0.04624117172,0.03744215525
"GCAM 7.1","CurrentMeasures","Pakistan","Emissions|OC|Energy|Demand|Residential and Commercial","Mt OC/yr",0.315863280128,0.353558252448,0.388957579209,0.436639684162,0.417115291608,0.373562131078,0.330803992112,0.291823187679,0.25607787424,0.224272736901,0.188494253413,0.158746274781,0.133988816036,0.113658506678,0.096228589433,0.081199140923,0.068273106818,0.056928434612,0.046859495427,0.037982172384
"GCAM 7.1","Reference","Pakistan","Emissions|OC|Energy|Demand|Residential and Commercial","Mt OC/yr",0.315863280128,0.353558252448,0.388957579209,0.436639684162,0.417079689553,0.37340124798,0.330550664803,0.291509609211,0.25572263402,0.223876533307,0.188115482229,0.158398062286,0.133671146582,0.113359533363,0.095947645843,0.080926428969,0.068007474052,0.056677975766,0.04663061606,0.03778982261
"GCAM 7.1","CurrentMeasures","Pakistan","Emissions|OC|Energy|Demand|Residential and Commercial and AFOFI","Mt OC/yr",0.315947465128,0.353599721848,0.388972750969,0.436653844462,0.417130195308,0.373577588201,0.330819550056,0.291838467692,0.256092777123,0.224286849847,0.188507700761,0.158759307345,0.134001397087,0.113670436769,0.09623971893,0.081209381592,0.068282456635,0.056936951144,0.046867229337,0.037989200598
"GCAM 7.1","Reference","Pakistan","Emissions|OC|Energy|Demand|Residential and Commercial and AFOFI","Mt OC/yr",0.315947465128,0.353599721848,0.388972750969,0.436653844462,0.417094593313,0.373416701761,0.330566209707,0.291524860564,0.255737491294,0.223890581975,0.188128851102,0.158411012862,0.13368365106,0.113371394191,0.095958712434,0.080936610724,0.068016767164,0.056686437641,0.046638298389,0.037796804062
"GCAM 7.1","CurrentMeasures","Pakistan","Emissions|OC|Energy|Demand|Transportation","Mt OC/yr",0.0081068888,0.0082489428,0.0099395466,0.010971085,0.01067501266,0.00977646872,0.00924183616,0.00822179228,0.00807142994,0.00814195414,0.00839219802,0.00882320738,0.00925900372,0.00966880994,0.01003914426,0.0105240011,0.0110635943,0.0115767622,0.01205047,0.0125200218
"GCAM 7.1","Reference","Pakistan","Emissions|OC|Energy|Demand|Transportation","Mt OC/yr",0.0081068888,0.0082489428,0.0099395466,0.010971085,0.01081484812,0.0100747544,0.00976777578,0.00896188278,0.00885827698,0.00889578636,0.00915157234,0.009632966,0.0101379643,0.01064997304,0.01114352598,0.01176364124,0.0124476869,0.0131140115,0.0137454091,0.0143929971
"GCAM 7.1","CurrentMeasures","Pakistan","Emissions|OC|Energy|Demand|Transportation|Light-Duty Vehicle","Mt OC/yr",0.00106348,0.00136045,0.00156201,0.00185118,0.00175442,0.00156045,0.00143145,0.00120689,0.00101621,0.000820966,0.000667464,0.00053846,0.000427753,0.000341085,0.000270331,0.000213574,0.000168786,0.000133704,0.000105938,8.99531e-05
"GCAM 7.1","Reference","Pakistan","Emissions|OC|Energy|Demand|Transportation|Light-Duty Vehicle","Mt OC/yr",0.00106348,0.00136045,0.00156201,0.00185118,0.00185888,0.001736,0.00169069,0.0015392,0.00131195,0.00107504,0.000889247,0.000727792,0.000587187,0.000476663,0.000385449,0.000311266,0.000251975,0.00020485,0.000166934,0.000142187
"GCAM 7.1","CurrentMeasures","Pakistan","Emissions|OC|Energy|Demand|Transportation|Truck","Mt OC/yr",0.00316077,0.002608852,0.003529364,0.003662076,0.0037306946,0.0035174064,0.0033428069,0.0029450938,0.0030406291,0.0030917068,0.0031535105,0.0032780746,0.0034291845,0.0035682938,0.0036727443,0.0037355137,0.0037633031,0.00376756,0.0037501796,0.0037030427
"GCAM 7.1","Reference","Pakistan","Emissions|OC|Energy|Demand|Transportation|Truck","Mt OC/yr",0.00316077,0.002608852,0.003529364,0.003662076,0.0037307809,0.0035172823,0.0033402931,0.0029333225,0.0030166972,0.0030517159,0.0031005193,0.0032169207,0.0033645818,0.0035019974,0.003604542,0.0036636408,0.0036861453,0.0036852711,0.0036643499,0.0036179639
"GCAM 7.1","CurrentMeasures","Pakistan","Emissions|OC|Energy|Supply","Mt OC/yr",0.00029714789,0.000422158009,0.00281145823,0.00350331246,0.0021095714465,0.00391675399961,0.00634213288,0.0111790530992,0.0171803178696,0.0221767551903,0.024232418325,0.0294770445549,0.0354016103621,0.041500848643,0.047423424773,0.052300459028,0.055946503856,0.060239424179,0.063560515292,0.066806553901
"GCAM 7.1","Reference","Pakistan","Emissions|OC|Energy|Supply","Mt OC/yr",0.00029714789,0.000422158009,0.00281145823,0.00350331246,0.0025850346195,0.0044005573447,0.0065646129348,0.01049206505,0.0150998550075,0.0184857870296,0.0191621266347,0.022711128777,0.026324730451,0.029915784193,0.03351851384,0.036236889385,0.038025823232,0.040133748119,0.041448296616,0.042520592541
"GCAM 7.1","CurrentMeasures","Pakistan","Emissions|OC|Energy|Supply|Electricity","Mt OC/yr",0.0001721053,0.000291170719,0.00259266277,0.00339037787,0.0019912066765,0.00378447452961,0.00619887233,0.0110281014592,0.0170213062796,0.0220175845503,0.024074023799,0.0293172787549,0.0352445276621,0.041350919703,0.047283545973,0.052171901128,0.055831376056,0.060137773579,0.063470146892,0.066726158011
"GCAM 7.1","Reference","Pakistan","Emissions|OC|Energy|Supply|Electricity","Mt OC/yr",0.0001721053,0.000291170719,0.00259266277,0.00339037787,0.0024645395095,0.0042644311047,0.0064163399248,0.01033510004,0.0149350648875,0.0183198324496,0.0189974159907,0.022543782927,0.026160609721,0.029759440473,0.03337257814,0.036103011185,0.037906225932,0.040028306219,0.041355560696,0.042438375821
"GCAM 7.1","CurrentMeasures","Pakistan","Emissions|OC|Energy|Supply|Fugitive","Mt OC/yr",0.00012504259,0.00013098729,0.00021879546,0.00011293459,0.00011836477,0.00013227947,0.00014326055,0.00015095164,0.00015901159,0.00015917064,0.000158394526,0.0001597658,0.0001570827,0.00014992894,0.0001398788,0.0001285579,0.0001151278,0.0001016506,9.03684e-05,8.039589e-05
"GCAM 7.1","Reference","Pakistan","Emissions|OC|Energy|Supply|Fugitive","Mt OC/yr",0.00012504259,0.00013098729,0.00021879546,0.00011293459,0.00012049511,0.00013612624,0.00014827301,0.00015696501,0.00016479012,0.00016595458,0.000164710644,0.00016734585,0.00016412073,0.00015634372,0.0001459357,0.0001338782,0.0001195973,0.0001054419,9.273592e-05,8.221672e-05
"GCAM 7.1","CurrentMeasures","Pakistan","Emissions|OC|Industrial Processes","Mt OC/yr",1.5040099e-05,1.44076e-05,1.05131614e-05,1.383e-05,1.3944622e-05,1.4535486e-05,1.4672933e-05,1.3848155e-05,1.2339939e-05,1.10976048e-05,9.8734826e-06,8.85623818e-06,7.96347961e-06,7.1471475e-06,6.4624152e-06,5.8452046e-06,5.2824754e-06,4.79672065e-06,4.367028e-06,3.9879151e-06
"GCAM 7.1","Reference","Pakistan","Emissions|OC|Industrial Processes","Mt OC/yr",1.5040099e-05,1.44076e-05,1.05131614e-05,1.383e-05,1.3936022e-05,1.4513276e-05,1.4648038e-05,1.3832744e-05,1.2317602e-05,1.10817142e-05,9.83018e-06,8.83231363e-06,7.92046008e-06,7.1048821e-06,6.4271948e-06,5.8129344e-06,5.2538197e-06,4.77177568e-06,4.3430716e-06,3.9675814e-06
"GCAM 7.1","CurrentMeasures","Pakistan","Emissions|OC|Industrial Processes|Chemicals","Mt OC/yr",1.30838e-05,1.29099e-05,1.04389e-05,1.383e-05,1.3944622e-05,1.4535486e-05,1.4672933e-05,1.3848155e-05,1.2339939e-05,1.10976048e-05,9.8734826e-06,8.85623818e-06,7.96347961e-06,7.1471475e-06,6.4624152e-06,5.8452046e-06,5.2824754e-06,4.79672065e-06,4.367028e-06,3.9879151e-06
"GCAM 7.1","Reference","Pakistan","Emissions|OC|Industrial Processes|Chemicals","Mt OC/yr",1.30838e-05,1.29099e-05,1.04389e-05,1.383e-05,1.3936022e-05,1.4513276e-05,1.4648038e-05,1.3832744e-05,1.2317602e-05,1.10817142e-05,9.83018e-06,8.83231363e-06,7.92046008e-06,7.1048821e-06,6.4271948e-06,5.8129344e-06,5.2538197e-06,4.77177568e-06,4.3430716e-06,3.9675814e-06
"GCAM 7.1","CurrentMeasures","Pakistan","Emissions|OC|Industrial Processes|Chemicals|Ammonia","Mt OC/yr",1.30838e-05,1.29099e-05,1.04389e-05,1.383e-05,1.3944622e-05,1.4535486e-05,1.4672933e-05,1.3848155e-05,1.2339939e-05,1.10976048e-05,9.8734826e-06,8.85623818e-06,7.96347961e-06,7.1471475e-06,6.4624152e-06,5.8452046e-06,5.2824754e-06,4.79672065e-06,4.367028e-06,3.9879151e-06
"GCAM 7.1","Reference","Pakistan","Emissions|OC|Industrial Processes|Chemicals|Ammonia","Mt OC/yr",1.30838e-05,1.29099e-05,1.04389e-05,1.383e-05,1.3936022e-05,1.4513276e-05,1.4648038e-05,1.3832744e-05,1.2317602e-05,1.10817142e-05,9.83018e-06,8.83231363e-06,7.92046008e-06,7.1048821e-06,6.4271948e-06,5.8129344e-06,5.2538197e-06,4.77177568e-06,4.3430716e-06,3.9675814e-06
"GCAM 7.1","CurrentMeasures","Pakistan","Emissions|OC|Industrial Processes|Iron and Steel","Mt OC/yr",1.956299e-06,1.4977e-06,7.42614e-08,0,0,0,0,0,0,0,0,0,0,0,0,0,0,0,0,0
"GCAM 7.1","Reference","Pakistan","Emissions|OC|Industrial Processes|Iron and Steel","Mt OC/yr",1.956299e-06,1.4977e-06,7.42614e-08,0,0,0,0,0,0,0,0,0,0,0,0,0,0,0,0,0
"GCAM 7.1","CurrentMeasures","Pakistan","Emissions|OC|Waste","Mt OC/yr",0.0478274,0.0548253,0.0606543,0.0606543,0.0648746,0.0688504,0.0720693,0.0740277,0.0745677,0.073911,0.072434,0.0761455,0.0794467,0.0823031,0.0846772,0.086567,0.0880793,0.0892978,0.0902433,0.0909539
"GCAM 7.1","Reference","Pakistan","Emissions|OC|Waste","Mt OC/yr",0.0478274,0.0548253,0.0606543,0.0606543,0.0648746,0.0688504,0.0720693,0.0740277,0.0745677,0.073911,0.072434,0.0761455,0.0794467,0.0823031,0.0846772,0.086567,0.0880793,0.0892978,0.0902433,0.0909539
"GCAM 7.1","CurrentMeasures","Pakistan","Emissions|PFC","kt CF4-equiv/yr",5.467e-07,6.23e-07,4.989e-07,0,0,0,0,0,0,0,0,0,0,0,0,0,0,0,0,0
"GCAM 7.1","Reference","Pakistan","Emissions|PFC","kt CF4-equiv/yr",5.467e-07,6.23e-07,4.989e-07,0,0,0,0,0,0,0,0,0,0,0,0,0,0,0,0,0
"GCAM 7.1","CurrentMeasures","Pakistan","Emissions|SF6","kt SF6/yr",0.0191919,0.0214455,0.0170624,0.0239575,0.0256407,0.0345129,0.0426017,0.0553085,0.0676595,0.0811936,0.0908464,0.10663,0.126194,0.147006,0.169235,0.191429,0.212439,0.232027,0.250003,0.267677
"GCAM 7.1","Reference","Pakistan","Emissions|SF6","kt SF6/yr",0.0191919,0.0214455,0.0170624,0.0239575,0.0255813,0.0346574,0.0431642,0.0555929,0.0681584,0.0816362,0.0905026,0.107699,0.127524,0.148349,0.171139,0.193705,0.215328,0.235658,0.254364,0.271375
"GCAM 7.1","CurrentMeasures","Pakistan","Emissions|Sulfur","Mt SO2/yr",1.01866009801585,1.27067130737542,1.33199071224934,2.17628718570193,2.23409142686884,2.69764408626318,3.22215362471156,3.86203859749002,4.5148154923342,5.09358863102075,5.56362136856871,6.08048600407336,6.56173836776312,7.0202798475572,7.40704111159981,7.70353075776803,7.90333465195814,8.05522312193414,8.15569222399887,8.21042782338495
"GCAM 7.1","Reference","Pakistan","Emissions|Sulfur","Mt SO2/yr",1.01866009801585,1.27067130737542,1.33199071224934,2.17628718570193,2.29905817604229,2.84297696797751,3.4530408898451,4.20254437747175,4.96258657130613,5.61082275015599,6.09594100984665,6.69755133860162,7.2671663053858,7.80069923804843,8.27028212007415,8.63283917769599,8.86823977606883,9.05275936769551,9.1707866740909,9.2077027698948
"GCAM 7.1","CurrentMeasures","Pakistan","Emissions|Sulfur|AFOLU","Mt SO2/yr",0.000424362520445,0.000454687538421,0.000475379789187,0.000514736529229,0.000525391512739,0.000554054997284,0.00057763493326,0.000588702318995,0.000583271661044,0.000567908241943,0.00052884302651,0.000494634869417,0.000460097891685,0.000425325431016,0.000393212599432,0.00036352234405,0.000344021275215,0.000345259553743,0.000346280600433,0.000346953118663
"GCAM 7.1","Reference","Pakistan","Emissions|Sulfur|AFOLU","Mt SO2/yr",0.000424362520445,0.000454687538421,0.000475379789187,0.000514736529229,0.000525378974894,0.000554347914909,0.000578023307497,0.000589556487677,0.000583824946171,0.000567846574528,0.000527314683642,0.000494436235833,0.000459776878986,0.000424892978757,0.000393138964556,0.000363435073702,0.000343904678171,0.000345198974068,0.000346236284934,0.000346922099854
"GCAM 7.1","CurrentMeasures","Pakistan","Emissions|Sulfur|AFOLU [NGHGI]","Mt SO2/yr",0.000424362520445,0.000454687538421,0.000475379789187,0.000514736529229,0.000525391512739,0.000554054997284,0.00057763493326,0.000588702318995,0.000583271661044,0.000567908241943,0.00052884302651,0.000494634869417,0.000460097891685,0.000425325431016,0.000393212599432,0.00036352234405,0.000344021275215,0.000345259553743,0.000346280600433,0.000346953118663
"GCAM 7.1","Reference","Pakistan","Emissions|Sulfur|AFOLU [NGHGI]","Mt SO2/yr",0.000424362520445,0.000454687538421,0.000475379789187,0.000514736529229,0.000525378974894,0.000554347914909,0.000578023307497,0.000589556487677,0.000583824946171,0.000567846574528,0.000527314683642,0.000494436235833,0.000459776878986,0.000424892978757,0.000393138964556,0.000363435073702,0.000343904678171,0.000345198974068,0.000346236284934,0.000346922099854
"GCAM 7.1","CurrentMeasures","Pakistan","Emissions|Sulfur|AFOLU|Agricultural Waste Burning","Mt SO2/yr",0.000334459380445,0.000372480488421,0.000403223479187,0.000442600683629,0.000453349574539,0.000482202106884,0.00050596533116,0.000517214561395,0.000511955725544,0.000496760359743,0.00045788484501,0.000423883158917,0.000389540087485,0.000354935287916,0.000322969952832,0.00029340297965,0.000274004284415,0.000275331751343,0.000276426861333,0.000277158642363
"GCAM 7.1","Reference","Pakistan","Emissions|Sulfur|AFOLU|Agricultural Waste Burning","Mt SO2/yr",0.000334459380445,0.000372480488421,0.000403223479187,0.000442600683629,0.000453337006394,0.000482495790509,0.000506354200497,0.000518070543577,0.000512509604071,0.000496697691428,0.000456352523542,0.000423684361233,0.000389218521986,0.000354502210857,0.000322895795356,0.000293314977102,0.000273886670771,0.000275270390568,0.000276381743334,0.000277126789954
"GCAM 7.1","CurrentMeasures","Pakistan","Emissions|Sulfur|AFOLU|Land","Mt SO2/yr",8.990314e-05,8.220705e-05,7.215631e-05,7.21358456e-05,7.20419382e-05,7.18528904e-05,7.16696021e-05,7.14877576e-05,7.13159355e-05,7.11478822e-05,7.09581815e-05,7.07517105e-05,7.05578042e-05,7.03901431e-05,7.02426466e-05,7.01193644e-05,7.00169908e-05,6.99278024e-05,6.98537391e-05,6.97944763e-05
"GCAM 7.1","Reference","Pakistan","Emissions|Sulfur|AFOLU|Land","Mt SO2/yr",8.990314e-05,8.220705e-05,7.215631e-05,7.21358456e-05,7.20419685e-05,7.18521244e-05,7.1669107e-05,7.14859441e-05,7.13153421e-05,7.11488831e-05,7.09621601e-05,7.07518746e-05,7.0558357e-05,7.03907679e-05,7.02431692e-05,7.01200966e-05,7.00180074e-05,6.99285835e-05,6.98545416e-05,6.97953099e-05
"GCAM 7.1","CurrentMeasures","Pakistan","Emissions|Sulfur|AFOLU|Land|Fires","Mt SO2/yr",8.990314e-05,8.220705e-05,7.215631e-05,7.21358456e-05,7.20419382e-05,7.18528904e-05,7.16696021e-05,7.14877576e-05,7.13159355e-05,7.11478822e-05,7.09581815e-05,7.07517105e-05,7.05578042e-05,7.03901431e-05,7.02426466e-05,7.01193644e-05,7.00169908e-05,6.99278024e-05,6.98537391e-05,6.97944763e-05
"GCAM 7.1","Reference","Pakistan","Emissions|Sulfur|AFOLU|Land|Fires","Mt SO2/yr",8.990314e-05,8.220705e-05,7.215631e-05,7.21358456e-05,7.20419685e-05,7.18521244e-05,7.1669107e-05,7.14859441e-05,7.13153421e-05,7.11488831e-05,7.09621601e-05,7.07518746e-05,7.0558357e-05,7.03907679e-05,7.02431692e-05,7.01200966e-05,7.00180074e-05,6.99285835e-05,6.98545416e-05,6.97953099e-05
"GCAM 7.1","CurrentMeasures","Pakistan","Emissions|Sulfur|AFOLU|Land|Fires|Forest Burning","Mt SO2/yr",0,0,0,0,0,0,0,0,0,0,0,0,0,0,0,0,0,0,0,0
"GCAM 7.1","Reference","Pakistan","Emissions|Sulfur|AFOLU|Land|Fires|Forest Burning","Mt SO2/yr",0,0,0,0,0,0,0,0,0,0,0,0,0,0,0,0,0,0,0,0
"GCAM 7.1","CurrentMeasures","Pakistan","Emissions|Sulfur|Energy","Mt SO2/yr",0.9651596600854,1.218078578737,1.285302445703,2.1428202411727,2.1971259342361,2.6534201772259,3.1697923936083,3.80083017502103,4.44448907625316,5.01443437887181,5.4767113384662,5.98731191950514,6.46428936614744,6.92080547198318,7.30729459596238,7.60501724506698,7.80744056556593,7.96266680820839,8.06677685990044,8.12537156566229
"GCAM 7.1","Reference","Pakistan","Emissions|Sulfur|Energy","Mt SO2/yr",0.9651596600854,1.218078578737,1.285302445703,2.1428202411727,2.2621011946074,2.7987883310926,3.4007327790876,4.14139870236407,4.89233621337996,5.53174389835146,6.00911811252601,6.60444577717999,7.16978686407981,7.70127590453467,8.1705632164246,8.53433540334328,8.77234384256766,8.96017671944345,9.08182650692497,9.12259173961995
"GCAM 7.1","CurrentMeasures","Pakistan","Emissions|Sulfur|Energy and Industrial Processes","Mt SO2/yr",0.9653525254954,1.218280389837,1.28542345246015,2.1429770691727,2.1972859253561,2.6535930512659,3.1699744797783,3.80101134517103,4.44466116067316,5.01460086277881,5.4768719555422,5.98746916920394,6.46444473987144,6.92095926212618,7.30744845900038,7.60517140542398,7.80759477068293,7.96282155238039,8.06693223339844,8.12552775026629
"GCAM 7.1","Reference","Pakistan","Emissions|Sulfur|Energy and Industrial Processes","Mt SO2/yr",0.9653525254954,1.218280389837,1.28542345246015,2.1429770691727,2.2622610870674,2.7989609400626,3.4009145565376,4.14157967098407,4.89250798635996,5.53191014358146,6.00927802516301,6.60460260236579,7.16994139850681,7.70142878506967,8.1707162411096,8.53448871262229,8.77249721139066,8.96033065872145,9.08198102780597,9.12274712779494
"GCAM 7.1","CurrentMeasures","Pakistan","Emissions|Sulfur|Energy|Demand","Mt SO2/yr",0.6455863688654,0.616331247377,0.718664539093,1.3677067414557,1.4995649759371,1.8666629367833,2.3002756551902,2.79264785328603,3.31217878512446,3.82142065658291,4.3051911659063,4.73917357659914,5.13205792505254,5.48200978990998,5.78193939281118,6.02449532962088,6.21253649751993,6.34839136676059,6.43969050425144,6.49791992906129
"GCAM 7.1","Reference","Pakistan","Emissions|Sulfur|Energy|Demand","Mt SO2/yr",0.6455863688654,0.616331247377,0.718664539093,1.3677067414557,1.5046047419004,1.8804272992323,2.3243829854432,2.82581205847827,3.34917372799196,3.85890473179766,4.34406659174241,4.77876878342949,5.17480194487371,5.52727890038837,5.8303361604431,6.07651903261759,6.26774234059656,6.40569536163265,6.49828477996397,6.55425095701694
"GCAM 7.1","CurrentMeasures","Pakistan","Emissions|Sulfur|Energy|Demand|AFOFI","Mt SO2/yr",0.00266842,0.0013977,0.000511354,0.00045911,0.0004832119,0.0005011557,0.0005044257,0.00049541383,0.0004831863,0.0004575747,0.0004359945,0.0004225468,0.00040790638,0.00038680176,0.00036084487,0.00033202608,0.00030314278,0.00027612579,0.00025075118,0.00022787113
"GCAM 7.1","Reference","Pakistan","Emissions|Sulfur|Energy|Demand|AFOFI","Mt SO2/yr",0.00266842,0.0013977,0.000511354,0.00045911,0.000483214,0.0005010472,0.0005040029,0.00049448416,0.0004817078,0.0004554907,0.0004334498,0.0004198884,0.00040542369,0.00038455589,0.00035880463,0.00033011616,0.00030130449,0.00027435348,0.00024907892,0.00022635501
"GCAM 7.1","CurrentMeasures","Pakistan","Emissions|Sulfur|Energy|Demand|Bunkers","Mt SO2/yr",0.0064976,0.010002528,0.004065334,0.000731786,0.000826928,0.000881477,0.000850509,0.000922904,0.001058078,0.001215768,0.001390898,0.001577572,0.001758293,0.001925441,0.002075977,0.002202529,0.002306268,0.002392635,0.002460576,0.002508044
"GCAM 7.1","Reference","Pakistan","Emissions|Sulfur|Energy|Demand|Bunkers","Mt SO2/yr",0.0064976,0.010002528,0.004065334,0.000731786,0.000826968,0.000881528,0.000850579,0.000922982,0.001057853,0.001215703,0.001390889,0.001577524,0.001758244,0.001925408,0.002075944,0.002202328,0.002305874,0.00239217,0.002460126,0.002507655
"GCAM 7.1","CurrentMeasures","Pakistan","Emissions|Sulfur|Energy|Demand|Bunkers|International Aviation","Mt SO2/yr",0.00083952,0.000779328,0.000748704,0.000450912,0.000468192,0.000537808,0.000609339,0.00073651,0.000882786,0.00104103,0.00120212,0.00136993,0.00153114,0.00167829,0.00180802,0.0019144,0.00199839,0.00206401,0.00211098,0.00214039
"GCAM 7.1","Reference","Pakistan","Emissions|Sulfur|Energy|Demand|Bunkers|International Aviation","Mt SO2/yr",0.00083952,0.000779328,0.000748704,0.000450912,0.00046821,0.00053783,0.000609371,0.000736551,0.000882659,0.00104099,0.00120212,0.0013699,0.0015311,0.00167825,0.00180797,0.00191423,0.00199809,0.00206366,0.00211064,0.00214009
"GCAM 7.1","CurrentMeasures","Pakistan","Emissions|Sulfur|Energy|Demand|Bunkers|International Shipping","Mt SO2/yr",0.00565808,0.0092232,0.00331663,0.000280874,0.000358736,0.000343669,0.00024117,0.000186394,0.000175292,0.000174738,0.000188778,0.000207642,0.000227153,0.000247151,0.000267957,0.000288129,0.000307878,0.000328625,0.000349596,0.000367654
"GCAM 7.1","Reference","Pakistan","Emissions|Sulfur|Energy|Demand|Bunkers|International Shipping","Mt SO2/yr",0.00565808,0.0092232,0.00331663,0.000280874,0.000358758,0.000343698,0.000241208,0.000186431,0.000175194,0.000174713,0.000188769,0.000207624,0.000227144,0.000247158,0.000267974,0.000288098,0.000307784,0.00032851,0.000349486,0.000367565
"GCAM 7.1","CurrentMeasures","Pakistan","Emissions|Sulfur|Energy|Demand|Commercial","Mt SO2/yr",0.01184982662,0.00572745719,0.00809800503,0.00601952577,0.00575848713,0.00713196094,0.0088948465,0.0109124774,0.0129851203,0.014995687,0.016292562,0.0176008543,0.0184746389,0.0188231559,0.0185371988,0.0177291554,0.0165420061,0.0151436821,0.0136347209,0.0121957181
"GCAM 7.1","Reference","Pakistan","Emissions|Sulfur|Energy|Demand|Commercial","Mt SO2/yr",0.01184982662,0.00572745719,0.00809800503,0.00601952577,0.00573475669,0.00697995,0.0086205661,0.01053507,0.0124998251,0.0144191832,0.0157144579,0.0170185467,0.0179309186,0.0182987924,0.0180391839,0.0172395152,0.0160630581,0.0146910371,0.0132246184,0.0118535499
"GCAM 7.1","CurrentMeasures","Pakistan","Emissions|Sulfur|Energy|Demand|Industry","Mt SO2/yr",0.4168552318,0.39087490923,0.466269195834,1.092279721732,1.23719534009,1.626181064622,2.0819819863657,2.6003406006683,3.1329120559432,3.6493294142616,4.13284776255375,4.56519526639193,4.95663423043914,5.30542413608978,5.60558817355588,5.84984695066528,6.04075414388763,6.1802624358344,6.27596822779394,6.33877587477409
"GCAM 7.1","Reference","Pakistan","Emissions|Sulfur|Energy|Demand|Industry","Mt SO2/yr",0.4168552318,0.39087490923,0.466269195834,1.092279721732,1.23778387979,1.631022573099,2.090697480128,2.6120777612096,3.1474236695549,3.6653341245686,4.15037048062391,4.58376493331389,4.97858416813581,5.32978677576857,5.6328985384984,5.88071153575249,6.07482612432996,6.21652320737445,6.31369470433367,6.37428489261834
"GCAM 7.1","CurrentMeasures","Pakistan","Emissions|Sulfur|Energy|Demand|Residential","Mt SO2/yr",0.04708289481,0.05552687458,0.06214109527,0.06955097465,0.06160963736,0.0556543766,0.04530089447,0.03648871062,0.02893973563,0.02268463796,0.02099967146,0.0196835653,0.0186084284,0.0177964171,0.01704599323,0.01637111116,0.01576347691,0.01519330863,0.01465294156,0.0142566668
"GCAM 7.1","Reference","Pakistan","Emissions|Sulfur|Energy|Demand|Residential","Mt SO2/yr",0.04708289481,0.05552687458,0.06214109527,0.06955097465,0.06160503604,0.05562486731,0.04524557085,0.03641052086,0.02883651687,0.02254146516,0.02085570216,0.0195411112,0.0184892345,0.0176675514,0.01691095373,0.01621976136,0.01559369971,0.01501297893,0.01447301136,0.0140892227
"GCAM 7.1","CurrentMeasures","Pakistan","Emissions|Sulfur|Energy|Demand|Residential and Commercial","Mt SO2/yr",0.05893272143,0.06125433177,0.0702391003,0.07557050042,0.06736812449,0.06278633754,0.05419574097,0.04740118802,0.04192485593,0.03768032496,0.03729223346,0.0372844196,0.0370830673,0.036619573,0.03558319203,0.03410026656,0.03230548301,0.03033699073,0.02828766246,0.0264523849
"GCAM 7.1","Reference","Pakistan","Emissions|Sulfur|Energy|Demand|Residential and Commercial","Mt SO2/yr",0.05893272143,0.06125433177,0.0702391003,0.07557050042,0.06733979273,0.06260481731,0.05386613695,0.04694559086,0.04133634197,0.03696064836,0.03657016006,0.0365596579,0.0364201531,0.0359663438,0.03495013763,0.03345927656,0.03165675781,0.02970401603,0.02769762976,0.0259427726
"GCAM 7.1","CurrentMeasures","Pakistan","Emissions|Sulfur|Energy|Demand|Residential and Commercial and AFOFI","Mt SO2/yr",0.06160114143,0.06265203177,0.0707504543,0.07602961042,0.06785133639,0.06328749324,0.05470016667,0.04789660185,0.04240804223,0.03813789966,0.03772822796,0.0377069664,0.03749097368,0.03700637476,0.0359440369,0.03443229264,0.03260862579,0.03061311652,0.02853841364,0.02668025603
"GCAM 7.1","Reference","Pakistan","Emissions|Sulfur|Energy|Demand|Residential and Commercial and AFOFI","Mt SO2/yr",0.06160114143,0.06265203177,0.0707504543,0.07602961042,0.06782300673,0.06310586451,0.05437013985,0.04744007502,0.04181804977,0.03741613906,0.03700360986,0.0369795463,0.03682557679,0.03635089969,0.03530894226,0.03378939272,0.0319580623,0.02997836951,0.02794670868,0.02616912761
"GCAM 7.1","CurrentMeasures","Pakistan","Emissions|Sulfur|Energy|Demand|Transportation","Mt SO2/yr",0.2136056446764,0.208491156919,0.246067640288,0.2967720591577,0.2888964893822,0.2625899893836,0.241471209609,0.21458936309846,0.20378606506252,0.20291258547162,0.2077506071141,0.21304828992762,0.2174925992563,0.2213577956273,0.2235639642031,0.2238688139577,0.2225847634228,0.220100343913,0.2163492573709,0.2118724094863
"GCAM 7.1","Reference","Pakistan","Emissions|Sulfur|Energy|Demand|Transportation","Mt SO2/yr",0.2136056446764,0.208491156919,0.246067640288,0.2967720591577,0.2947096681588,0.2755155527286,0.2651409574934,0.24849628638834,0.24132299803412,0.24015555420712,0.245877145454,0.2516031628972,0.2564027637378,0.2612116659426,0.2643763091849,0.2654121714111,0.2645944555739,0.2623226644739,0.2584835034727,0.254008441424
"GCAM 7.1","CurrentMeasures","Pakistan","Emissions|Sulfur|Energy|Demand|Transportation|Light-Duty Vehicle","Mt SO2/yr",0.0334575965944,0.036655029835,0.04419070963,0.0557295974497,0.052816708532,0.046977310459,0.0430936127,0.036333510437,0.03059301384,0.024715212851,0.020094002671,0.0162103906868,0.0128775786105,0.0102683674931,0.0081383485075,0.0064296806735,0.0050813242618,0.0040251988994,0.0031892842641,0.0027080620281
"GCAM 7.1","Reference","Pakistan","Emissions|Sulfur|Energy|Demand|Transportation|Light-Duty Vehicle","Mt SO2/yr",0.0334575965944,0.036655029835,0.04419070963,0.0557295974497,0.055961514602,0.052262121518,0.050898131437,0.046337639109,0.0394961453,0.032364147131,0.026770836063,0.021910221734,0.017677306158,0.014349992917,0.0116039821845,0.0093706928791,0.0075857453593,0.0061670390225,0.0050255834279,0.0042805901532
"GCAM 7.1","CurrentMeasures","Pakistan","Emissions|Sulfur|Energy|Demand|Transportation|Truck","Mt SO2/yr",0.07420155,0.06045737,0.06490076,0.04482959,0.045669545,0.043058504,0.040921164,0.03605262,0.037222139,0.037847351,0.038603945,0.040128863,0.041978678,0.043681513,0.044960098,0.04572862,0.046068832,0.046120816,0.045908032,0.045331037
"GCAM 7.1","Reference","Pakistan","Emissions|Sulfur|Energy|Demand|Transportation|Truck","Mt SO2/yr",0.07420155,0.06045737,0.06490076,0.04482959,0.045670592,0.043056993,0.040890484,0.035908555,0.036929168,0.037357829,0.037955243,0.039380175,0.041187842,0.042869975,0.04412518,0.044848688,0.045124359,0.045113526,0.044857395,0.044289532
"GCAM 7.1","CurrentMeasures","Pakistan","Emissions|Sulfur|Energy|Supply","Mt SO2/yr",0.31957329122,0.60174733136,0.56663790661,0.775113499717,0.697560958299,0.7867572404426,0.8695167384181,1.008182321735,1.1323102911287,1.1930137222889,1.1715201725599,1.248138342906,1.3322314410949,1.4387956820732,1.5253552031512,1.5805219154461,1.594904068046,1.6142754414478,1.627086355649,1.627451636601
"GCAM 7.1","Reference","Pakistan","Emissions|Sulfur|Energy|Supply","Mt SO2/yr",0.31957329122,0.60174733136,0.56663790661,0.775113499717,0.757496452707,0.9183610318603,1.0763497936444,1.3155866438858,1.543162485388,1.6728391665538,1.6650515207836,1.8256769937505,1.9949849192061,2.1739970041463,2.3402270559815,2.4578163707257,2.5046015019711,2.5544813578108,2.583541726961,2.568340782603
"GCAM 7.1","CurrentMeasures","Pakistan","Emissions|Sulfur|Energy|Supply|Electricity","Mt SO2/yr",0.319536771,0.6017090819,0.566574027,0.7750805334,0.69752168034,0.786700203791,0.86943553212,1.0080636594,1.1321381036,1.1927720979,1.17117287308,1.24765023718,1.33157093551,1.4379165008,1.5242179557,1.5790572019,1.5930443629,1.611962629,1.6242671985,1.6240835972
"GCAM 7.1","Reference","Pakistan","Emissions|Sulfur|Energy|Supply|Electricity","Mt SO2/yr",0.319536771,0.6017090819,0.566574027,0.7750805334,0.75745628185,0.918301573515,1.07626421103,1.31546070953,1.54298129797,1.67258812295,1.66469559829,1.8251719908,1.9943000189,2.173085045,2.3390473328,2.4563042611,2.5026919029,2.5521111426,2.5806530195,2.5648483093
"GCAM 7.1","CurrentMeasures","Pakistan","Emissions|Sulfur|Energy|Supply|Fugitive","Mt SO2/yr",3.652022e-05,3.824946e-05,6.387961e-05,3.2966317e-05,3.49585e-05,4.0497992e-05,4.576457e-05,5.0836461e-05,5.7081989e-05,6.146775e-05,6.6329029e-05,7.3024026e-05,7.889422e-05,8.3046798e-05,8.573006e-05,8.72798e-05,8.65134e-05,8.44154e-05,8.276538e-05,8.105286e-05
"GCAM 7.1","Reference","Pakistan","Emissions|Sulfur|Energy|Supply|Fugitive","Mt SO2/yr",3.652022e-05,3.824946e-05,6.387961e-05,3.2966317e-05,3.558778e-05,4.1675728e-05,4.7365828e-05,5.2861517e-05,5.9156449e-05,6.4087536e-05,6.8974001e-05,7.6488693e-05,8.242898e-05,8.6599887e-05,8.944209e-05,9.08919e-05,8.98721e-05,8.756389e-05,8.493374e-05,8.288855e-05
"GCAM 7.1","CurrentMeasures","Pakistan","Emissions|Sulfur|Energy|Supply|Hydrogen","Mt SO2/yr",0,0,0,0,1.27079e-07,2.7938246e-06,8.3352561e-06,2.0450445e-05,3.19221287e-05,4.40824339e-05,5.40794079e-05,6.49839621e-05,7.6555007e-05,8.882578e-05,0.00010169698,0.00011631807,0.00013235294,0.0001490021,0.00016634625,0.00018464381
"GCAM 7.1","Reference","Pakistan","Emissions|Sulfur|Energy|Supply|Hydrogen","Mt SO2/yr",0,0,0,0,1.27552e-07,2.8324313e-06,8.4343214e-06,2.06201588e-05,3.2105735e-05,4.39713058e-05,5.37199456e-05,6.44954816e-05,7.5995047e-05,8.807356e-05,0.00010073761,0.00011501672,0.00013067475,0.00014705027,0.00016420771,0.00018297036
"GCAM 7.1","CurrentMeasures","Pakistan","Emissions|Sulfur|Energy|Supply|Liquids","Mt SO2/yr",0,0,0,0,4.19238e-06,1.3744835e-05,2.7106472e-05,4.7375429e-05,8.3183411e-05,0.000136074205,0.000226891043,0.0003500977379,0.0005050563579,0.0007073086952,0.0009498204112,0.0012611156761,0.001640838806,0.0020793949478,0.002570045519,0.003102342731
"GCAM 7.1","Reference","Pakistan","Emissions|Sulfur|Energy|Supply|Liquids","Mt SO2/yr",0,0,0,0,4.455525e-06,1.4950186e-05,2.9782465e-05,5.245268e-05,8.9925234e-05,0.000142984762,0.000233228547,0.0003640187759,0.0005264762791,0.0007372856993,0.0009895434815,0.0013062010057,0.0016890522211,0.0021356010508,0.002639566011,0.003226614393
"GCAM 7.1","CurrentMeasures","Pakistan","Emissions|Sulfur|Industrial Processes","Mt SO2/yr",0.00019286541,0.0002018111,0.00012100675715,0.000156828,0.00015999112,0.00017287404,0.00018208617,0.00018117015,0.00017208442,0.000166483907,0.000160617076,0.0001572496988,0.000155373724,0.000153790143,0.000153863038,0.000154160357,0.000154205117,0.000154744172,0.000155373498,0.000156184604
"GCAM 7.1","Reference","Pakistan","Emissions|Sulfur|Industrial Processes","Mt SO2/yr",0.00019286541,0.0002018111,0.00012100675715,0.000156828,0.00015989246,0.00017260897,0.00018177745,0.00018096862,0.00017177298,0.00016624523,0.000159912637,0.0001568251858,0.000154534427,0.000152880535,0.000153024685,0.000153309279,0.000153368823,0.000153939278,0.000154520881,0.000155388175
"GCAM 7.1","CurrentMeasures","Pakistan","Emissions|Sulfur|Industrial Processes|Chemicals","Mt SO2/yr",0.000130493,0.000147433,0.000120151,0.000156828,0.00015999112,0.00017287404,0.00018208617,0.00018117015,0.00017208442,0.000166483907,0.000160617076,0.0001572496988,0.000155373724,0.000153790143,0.000153863038,0.000154160357,0.000154205117,0.000154744172,0.000155373498,0.000156184604
"GCAM 7.1","Reference","Pakistan","Emissions|Sulfur|Industrial Processes|Chemicals","Mt SO2/yr",0.000130493,0.000147433,0.000120151,0.000156828,0.00015989246,0.00017260897,0.00018177745,0.00018096862,0.00017177298,0.00016624523,0.000159912637,0.0001568251858,0.000154534427,0.000152880535,0.000153024685,0.000153309279,0.000153368823,0.000153939278,0.000154520881,0.000155388175
"GCAM 7.1","CurrentMeasures","Pakistan","Emissions|Sulfur|Industrial Processes|Chemicals|Ammonia","Mt SO2/yr",0.000130493,0.000147433,0.000120151,0.000156828,0.00015999112,0.00017287404,0.00018208617,0.00018117015,0.00017208442,0.000166483907,0.000160617076,0.0001572496988,0.000155373724,0.000153790143,0.000153863038,0.000154160357,0.000154205117,0.000154744172,0.000155373498,0.000156184604
"GCAM 7.1","Reference","Pakistan","Emissions|Sulfur|Industrial Processes|Chemicals|Ammonia","Mt SO2/yr",0.000130493,0.000147433,0.000120151,0.000156828,0.00015989246,0.00017260897,0.00018177745,0.00018096862,0.00017177298,0.00016624523,0.000159912637,0.0001568251858,0.000154534427,0.000152880535,0.000153024685,0.000153309279,0.000153368823,0.000153939278,0.000154520881,0.000155388175
"GCAM 7.1","CurrentMeasures","Pakistan","Emissions|Sulfur|Industrial Processes|Iron and Steel","Mt SO2/yr",6.237241e-05,5.43781e-05,8.5575715e-07,0,0,0,0,0,0,0,0,0,0,0,0,0,0,0,0,0
"GCAM 7.1","Reference","Pakistan","Emissions|Sulfur|Industrial Processes|Iron and Steel","Mt SO2/yr",6.237241e-05,5.43781e-05,8.5575715e-07,0,0,0,0,0,0,0,0,0,0,0,0,0,0,0,0,0
"GCAM 7.1","CurrentMeasures","Pakistan","Emissions|Sulfur|Product Use","Mt SO2/yr",0.0469842,0.0451741,0.0386108,0.0253143,0.0282785,0.035005,0.0427125,0.051308,0.0603739,0.0693037,0.0773239,0.0839536,0.0886976,0.0912529,0.0917394,0.0903693,0.0876361,0.0841892,0.0804633,0.0765401
"GCAM 7.1","Reference","Pakistan","Emissions|Sulfur|Product Use","Mt SO2/yr",0.0469842,0.0451741,0.0386108,0.0253143,0.0282701,0.0349697,0.0426593,0.0512446,0.0602976,0.0692286,0.077239,0.0838857,0.0886292,0.0912032,0.0917127,0.0903605,0.0876389,0.0842164,0.080509,0.0765957
"GCAM 7.1","CurrentMeasures","Pakistan","Emissions|Sulfur|Waste","Mt SO2/yr",0.00589901,0.00676213,0.00748108,0.00748108,0.00800161,0.00849198,0.00888901,0.00913055,0.00919716,0.00911616,0.00889667,0.0085686,0.00813593,0.00764236,0.00746004,0.00762653,0.00775976,0.00786711,0.00795041,0.00801302
"GCAM 7.1","Reference","Pakistan","Emissions|Sulfur|Waste","Mt SO2/yr",0.00589901,0.00676213,0.00748108,0.00748108,0.00800161,0.00849198,0.00888901,0.00913055,0.00919716,0.00911616,0.00889667,0.0085686,0.00813593,0.00764236,0.00746004,0.00762653,0.00775976,0.00786711,0.00795041,0.00801302
"GCAM 7.1","CurrentMeasures","Pakistan","Emissions|VOC","Mt VOC/yr",1.95351545425814,2.22654682687959,2.74537208753256,3.26552534620042,3.3166647147885,3.35230420149483,3.43586003223302,3.54325266321784,3.70559609985253,3.88069440104785,4.0289573103495,4.16857074727904,4.28259171967261,4.36952061933881,4.41358394216835,4.41634729395637,4.42451332851244,4.50852533197991,4.57665768783887,4.63144308310506
"GCAM 7.1","Reference","Pakistan","Emissions|VOC","Mt VOC/yr",1.95351545425814,2.22654682687959,2.74537208753256,3.26552534620042,3.33984171586961,3.39995170347686,3.51675404899664,3.65554334754795,3.82556648209216,3.99842503271988,4.14545796037348,4.28620313541623,4.40381875017274,4.49203992407099,4.53823385110402,4.54328997866436,4.55228102423387,4.63635919997974,4.7023539072937,4.75549590153256
"GCAM 7.1","CurrentMeasures","Pakistan","Emissions|VOC|AFOLU","Mt VOC/yr",0.076009039203137,0.11120440640659,0.150242482323958,0.174658266085417,0.191006192374736,0.218713013102849,0.248980135752991,0.281673777524245,0.316155774657633,0.352085377308406,0.387655042390037,0.423623412683255,0.458633539310123,0.491484298787582,0.521693129843885,0.548610384714497,0.572815637875212,0.595285228476518,0.614944108625613,0.632089204101419
"GCAM 7.1","Reference","Pakistan","Emissions|VOC|AFOLU","Mt VOC/yr",0.076009039203137,0.11120440640659,0.150242482323958,0.174658266085417,0.191005656127775,0.218732021863533,0.249004852630415,0.281726583657519,0.316190285695985,0.352080310794109,0.3875578598162,0.423608844796658,0.458616166021693,0.491460698334245,0.521691174424827,0.548605908329693,0.572807150834735,0.595281819114438,0.614942310141051,0.632088853136242
"GCAM 7.1","CurrentMeasures","Pakistan","Emissions|VOC|AFOLU [NGHGI]","Mt VOC/yr",0.076009039203137,0.11120440640659,0.150242482323958,0.174658266085417,0.191006192374736,0.218713013102849,0.248980135752991,0.281673777524245,0.316155774657633,0.352085377308406,0.387655042390037,0.423623412683255,0.458633539310123,0.491484298787582,0.521693129843885,0.548610384714497,0.572815637875212,0.595285228476518,0.614944108625613,0.632089204101419
"GCAM 7.1","Reference","Pakistan","Emissions|VOC|AFOLU [NGHGI]","Mt VOC/yr",0.076009039203137,0.11120440640659,0.150242482323958,0.174658266085417,0.191005656127775,0.218732021863533,0.249004852630415,0.281726583657519,0.316190285695985,0.352080310794109,0.3875578598162,0.423608844796658,0.458616166021693,0.491460698334245,0.521691174424827,0.548605908329693,0.572807150834735,0.595281819114438,0.614942310141051,0.632088853136242
"GCAM 7.1","CurrentMeasures","Pakistan","Emissions|VOC|AFOLU|Agricultural Waste Burning","Mt VOC/yr",0.018531925143137,0.02063859473659,0.022341984513958,0.024523840685417,0.025119431214736,0.026718102322849,0.028034821902991,0.028658099144245,0.028366741537633,0.027524835638406,0.025370826494037,0.023486834852255,0.021583948068123,0.019666556019582,0.017895411701885,0.016257169935497,0.015182304780212,0.015255860202518,0.015316523310613,0.015357071400419
"GCAM 7.1","Reference","Pakistan","Emissions|VOC|AFOLU|Agricultural Waste Burning","Mt VOC/yr",0.018531925143137,0.02063859473659,0.022341984513958,0.024523840685417,0.025118725967775,0.026734381003533,0.028056329680415,0.028705511147519,0.028397457445985,0.027521313104109,0.0252858939492,0.023475816089658,0.021566117721693,0.019642548465245,0.017891305227827,0.016252277504693,0.015175773810735,0.015252457816438,0.015314038774051,0.015355311361242
"GCAM 7.1","CurrentMeasures","Pakistan","Emissions|VOC|AFOLU|Agriculture","Mt VOC/yr",0.0555941315,0.088846799,0.1263957287,0.1486300834,0.164384377,0.190496469,0.219450695,0.251524851,0.286301789,0.323076803,0.360804433,0.398661101,0.435578158,0.470349806,0.502332857,0.530890925,0.556173178,0.578571073,0.598170835,0.615276618
"GCAM 7.1","Reference","Pakistan","Emissions|VOC|AFOLU|Agriculture","Mt VOC/yr",0.0555941315,0.088846799,0.1263957287,0.1486300834,0.164384546,0.190499215,0.219453914,0.251530283,0.286305597,0.323075238,0.3607921,0.398657548,0.435578603,0.4703502,0.502334997,0.530891326,0.556171201,0.57857105,0.598171504,0.61527801
"GCAM 7.1","CurrentMeasures","Pakistan","Emissions|VOC|AFOLU|Agriculture|Livestock","Mt VOC/yr",0.0555941315,0.088846799,0.1263957287,0.1486300834,0.164384377,0.190496469,0.219450695,0.251524851,0.286301789,0.323076803,0.360804433,0.398661101,0.435578158,0.470349806,0.502332857,0.530890925,0.556173178,0.578571073,0.598170835,0.615276618
"GCAM 7.1","Reference","Pakistan","Emissions|VOC|AFOLU|Agriculture|Livestock","Mt VOC/yr",0.0555941315,0.088846799,0.1263957287,0.1486300834,0.164384546,0.190499215,0.219453914,0.251530283,0.286305597,0.323075238,0.3607921,0.398657548,0.435578603,0.4703502,0.502334997,0.530891326,0.556171201,0.57857105,0.598171504,0.61527801
"GCAM 7.1","CurrentMeasures","Pakistan","Emissions|VOC|AFOLU|Agriculture|Livestock|Enteric Fermentation","Mt VOC/yr",0.0554499923,0.0885785406,0.1259324553,0.1478928754,0.163566927,0.189542846,0.218343904,0.250246217,0.284834897,0.321409535,0.358931326,0.39658032,0.433293541,0.467872312,0.499676892,0.528074873,0.553214798,0.575486166,0.594974827,0.611983302
"GCAM 7.1","Reference","Pakistan","Emissions|VOC|AFOLU|Agriculture|Livestock|Enteric Fermentation","Mt VOC/yr",0.0554499923,0.0885785406,0.1259324553,0.1478928754,0.163567097,0.189545585,0.218347114,0.250251626,0.284838686,0.32140798,0.358919055,0.396576779,0.433294,0.467872708,0.499679032,0.528075288,0.553212839,0.575486149,0.594975503,0.611984689
"GCAM 7.1","CurrentMeasures","Pakistan","Emissions|VOC|AFOLU|Land","Mt VOC/yr",0.00188298256,0.00171901267,0.00150476911,0.001504342,0.00150238416,0.00149844178,0.00149461885,0.00149082738,0.00148724412,0.00148373867,0.001479782896,0.001475476831,0.001471433242,0.001467936768,0.001464861142,0.001462289779,0.001460155095,0.001458295274,0.001456750315,0.001455514701
"GCAM 7.1","Reference","Pakistan","Emissions|VOC|AFOLU|Land","Mt VOC/yr",0.00188298256,0.00171901267,0.00150476911,0.001504342,0.00150238416,0.00149842586,0.00149460895,0.00149078951,0.00148723125,0.00148375969,0.001479865867,0.001475480707,0.0014714453,0.001467949869,0.001464872197,0.001462304825,0.001460176024,0.001458311298,0.001456767367,0.001455531775
"GCAM 7.1","CurrentMeasures","Pakistan","Emissions|VOC|AFOLU|Land|Fires","Mt VOC/yr",0.00188298256,0.00171901267,0.00150476911,0.001504342,0.00150238416,0.00149844178,0.00149461885,0.00149082738,0.00148724412,0.00148373867,0.001479782896,0.001475476831,0.001471433242,0.001467936768,0.001464861142,0.001462289779,0.001460155095,0.001458295274,0.001456750315,0.001455514701
"GCAM 7.1","Reference","Pakistan","Emissions|VOC|AFOLU|Land|Fires","Mt VOC/yr",0.00188298256,0.00171901267,0.00150476911,0.001504342,0.00150238416,0.00149842586,0.00149460895,0.00149078951,0.00148723125,0.00148375969,0.001479865867,0.001475480707,0.0014714453,0.001467949869,0.001464872197,0.001462304825,0.001460176024,0.001458311298,0.001456767367,0.001455531775
"GCAM 7.1","CurrentMeasures","Pakistan","Emissions|VOC|AFOLU|Land|Fires|Forest Burning","Mt VOC/yr",0,0,0,0,0,0,0,0,0,0,0,0,0,0,0,0,0,0,0,0
"GCAM 7.1","Reference","Pakistan","Emissions|VOC|AFOLU|Land|Fires|Forest Burning","Mt VOC/yr",0,0,0,0,0,0,0,0,0,0,0,0,0,0,0,0,0,0,0,0
"GCAM 7.1","CurrentMeasures","Pakistan","Emissions|VOC|Energy","Mt VOC/yr",1.532522278205,1.714489194473,2.15045113975,2.604854247115,2.58889121431377,2.49306459159198,2.43029420538003,2.3790857979936,2.3774053089949,2.39136594323944,2.39405731726946,2.40919132202079,2.42813655084249,2.45420315114123,2.47006852466446,2.47444400672187,2.46604614813723,2.44726311670339,2.42118937013326,2.39051809707364
"GCAM 7.1","Reference","Pakistan","Emissions|VOC|Energy","Mt VOC/yr",1.532522278205,1.714489194473,2.15045113975,2.604854247115,2.61218848234184,2.54119776871333,2.51192276786622,2.49222518349043,2.49842838159618,2.51017021882577,2.51186870688728,2.52780102055257,2.55037019014105,2.57746917408674,2.5951136113692,2.60152768603467,2.59380411923914,2.5746709000453,2.54607842970265,2.51349394140632
"GCAM 7.1","CurrentMeasures","Pakistan","Emissions|VOC|Energy and Industrial Processes","Mt VOC/yr",1.535716746055,1.717661847473,2.1522966512086,2.607271447115,2.59135717841377,2.49572911439198,2.43310072248003,2.3818781936936,2.3800576651949,2.39393197673944,2.39653292395946,2.41161502759579,2.43053134136249,2.45657353455123,2.47244003232446,2.47682009524187,2.46842292763723,2.44964820350339,2.42358415921326,2.39292538800364
"GCAM 7.1","Reference","Pakistan","Emissions|VOC|Energy and Industrial Processes","Mt VOC/yr",1.535716746055,1.717661847473,2.1522966512086,2.607271447115,2.61465291574184,2.54385820761333,2.51472452236622,2.49501447189043,2.50107593639618,2.51273257492577,2.51433345655728,2.53021818361957,2.55275204515105,2.57982553973674,2.5974721966792,2.60389065633467,2.59616801039914,2.5770435808653,2.54846007715265,2.51588895739632
"GCAM 7.1","CurrentMeasures","Pakistan","Emissions|VOC|Energy|Demand","Mt VOC/yr",1.427451386455,1.604461403999,2.02248799386,2.437210767415,2.419516490236,2.30363787037,2.224072988751,2.1550667006153,2.1372870924119,2.1475418432444,2.1551082590507,2.1691842395653,2.1874769535601,2.20956609583224,2.22562421925697,2.23258551973356,2.2309813071877,2.2199765139342,2.20044756587364,2.17638547855498
"GCAM 7.1","Reference","Pakistan","Emissions|VOC|Energy|Demand","Mt VOC/yr",1.427451386455,1.604461403999,2.02248799386,2.437210767415,2.438161307507,2.342781919391,2.293199425885,2.2519076922009,2.2412232457409,2.2482489735557,2.2563935921988,2.2701622467925,2.2888600064972,2.31297049601394,2.33142813179676,2.34041078584537,2.34015681110963,2.32977781590456,2.31012623360468,2.28568567091053
"GCAM 7.1","CurrentMeasures","Pakistan","Emissions|VOC|Energy|Demand|AFOFI","Mt VOC/yr",0.001134118,0.00032281,0.000118093,0.0001102194,0.00011600575,0.00012031331,0.0001210982,0.00011893489,0.00011599935,0.00010985089,0.00010466988,0.00010144154,9.792693e-05,9.286023e-05,8.662852e-05,7.971017e-05,7.277601e-05,6.629e-05,6.019822e-05,5.470545e-05
"GCAM 7.1","Reference","Pakistan","Emissions|VOC|Energy|Demand|AFOFI","Mt VOC/yr",0.001134118,0.00032281,0.000118093,0.0001102194,0.00011600625,0.00012028741,0.00012099672,0.00011871187,0.00011564433,0.00010935046,0.00010405909,0.0001008033,9.73308e-05,9.232094e-05,8.613885e-05,7.92516e-05,7.23346e-05,6.586458e-05,5.979683e-05,5.434142e-05
"GCAM 7.1","CurrentMeasures","Pakistan","Emissions|VOC|Energy|Demand|Bunkers","Mt VOC/yr",0.000754915,0.000993991,0.000599123,0.0002653134,0.0002719441,0.0003006684,0.0003154116,0.0003631867,0.000426665,0.0004970914,0.0005697577,0.0006457656,0.000718465,0.0007845742,0.0008426376,0.0008899295,0.0009269998,0.0009558096,0.0009761941,0.000988467
"GCAM 7.1","Reference","Pakistan","Emissions|VOC|Energy|Demand|Bunkers","Mt VOC/yr",0.000754915,0.000993991,0.000599123,0.0002653134,0.0002719568,0.0003006832,0.0003154331,0.0003632118,0.0004265925,0.0004970715,0.0005697555,0.0006457513,0.000718445,0.000784556,0.0008426163,0.0008898498,0.0009268543,0.0009556424,0.000976032,0.0009883268
"GCAM 7.1","CurrentMeasures","Pakistan","Emissions|VOC|Energy|Demand|Bunkers|International Aviation","Mt VOC/yr",0.000379215,0.000352026,0.000338193,0.000203679,0.000211484,0.00024293,0.000275241,0.000332685,0.000398758,0.000470237,0.000543003,0.000618804,0.000691623,0.000758093,0.00081669,0.000864742,0.000902684,0.000932324,0.00095354,0.000966824
"GCAM 7.1","Reference","Pakistan","Emissions|VOC|Energy|Demand|Bunkers|International Aviation","Mt VOC/yr",0.000379215,0.000352026,0.000338193,0.000203679,0.000211493,0.00024294,0.000275256,0.000332704,0.000398701,0.000470221,0.000543002,0.000618792,0.000691604,0.000758074,0.000816667,0.000864665,0.000902546,0.000932165,0.000953385,0.000966689
"GCAM 7.1","CurrentMeasures","Pakistan","Emissions|VOC|Energy|Demand|Bunkers|International Shipping","Mt VOC/yr",0.0003757,0.000641965,0.00026093,6.16344e-05,6.04601e-05,5.77384e-05,4.01706e-05,3.05017e-05,2.7907e-05,2.68544e-05,2.67547e-05,2.69616e-05,2.6842e-05,2.64812e-05,2.59476e-05,2.51875e-05,2.43158e-05,2.34856e-05,2.26541e-05,2.1643e-05
"GCAM 7.1","Reference","Pakistan","Emissions|VOC|Energy|Demand|Bunkers|International Shipping","Mt VOC/yr",0.0003757,0.000641965,0.00026093,6.16344e-05,6.04638e-05,5.77432e-05,4.01771e-05,3.05078e-05,2.78915e-05,2.68505e-05,2.67535e-05,2.69593e-05,2.6841e-05,2.6482e-05,2.59493e-05,2.51848e-05,2.43083e-05,2.34774e-05,2.2647e-05,2.16378e-05
"GCAM 7.1","CurrentMeasures","Pakistan","Emissions|VOC|Energy|Demand|Commercial","Mt VOC/yr",0.0028810679,0.0033093373,0.0058534257,0.0070094031,0.0067079269,0.0083087644,0.010361703,0.0127110096,0.0151259417,0.0174751568,0.0190095665,0.020561614,0.0216134153,0.022054473,0.021761817,0.020862458,0.019523137,0.017935692,0.016215609,0.014568444
"GCAM 7.1","Reference","Pakistan","Emissions|VOC|Energy|Demand|Commercial","Mt VOC/yr",0.0028810679,0.0033093373,0.0058534257,0.0070094031,0.006680144,0.008130978,0.010041084,0.0122699063,0.0145586612,0.0168011433,0.0183315737,0.0198760423,0.0209681596,0.021428731,0.021162707,0.020269158,0.018937685,0.017376123,0.01570063,0.014131878
"GCAM 7.1","CurrentMeasures","Pakistan","Emissions|VOC|Energy|Demand|Industry","Mt VOC/yr",0.155850977,0.1445867259,0.15334620159,0.284236978,0.32416828539,0.41833831256,0.52827043707,0.65205753889,0.778323447816,0.900666144515,1.0138424022098,1.1103271499233,1.194098845015,1.26540904293694,1.32402453690097,1.36971611307156,1.4036761734477,1.4262924768742,1.43984119882164,1.44697839451198
"GCAM 7.1","Reference","Pakistan","Emissions|VOC|Energy|Demand|Industry","Mt VOC/yr",0.155850977,0.1445867259,0.15334620159,0.284236978,0.32422967868,0.4190389717,0.52940416404,0.65326568595,0.779457929429,0.901384541681,1.0143312670065,1.1107269018613,1.1951023561742,1.26694746855094,1.32630614790876,1.37288636519537,1.40764176230763,1.43082604322456,1.44480980258568,1.45167222022553
"GCAM 7.1","CurrentMeasures","Pakistan","Emissions|VOC|Energy|Demand|Residential","Mt VOC/yr",1.020472103295,1.126284625599,1.236135554212,1.39015578254,1.347557664758,1.206812725912,1.077174010148,0.957786205572,0.847208219356,0.748126752092,0.640840068119,0.5514971093,0.47716938355,0.41664654713,0.36509614828,0.32102543689,0.28367937872,0.251244074949,0.22275825194,0.198423408472
"GCAM 7.1","Reference","Pakistan","Emissions|VOC|Energy|Demand|Residential","Mt VOC/yr",1.020472103295,1.126284625599,1.236135554212,1.39015578254,1.34744257234,1.206293418406,1.07635786789,0.956775507509,0.84605955252,0.746845971433,0.639599962375,0.550338742235,0.47607810435,0.41560143249,0.36409152789,0.320030911605,0.282691292063,0.250288419845,0.221855958484,0.197641752446
"GCAM 7.1","CurrentMeasures","Pakistan","Emissions|VOC|Energy|Demand|Residential and Commercial","Mt VOC/yr",1.023353171195,1.129593962899,1.241988979912,1.39716518564,1.354265591658,1.215121490312,1.087535713148,0.970497215172,0.862334161056,0.765601908892,0.659849634619,0.5720587233,0.49878279885,0.43870102013,0.38685796528,0.34188789489,0.30320251572,0.269179766949,0.23897386094,0.212991852472
"GCAM 7.1","Reference","Pakistan","Emissions|VOC|Energy|Demand|Residential and Commercial","Mt VOC/yr",1.023353171195,1.129593962899,1.241988979912,1.39716518564,1.35412271634,1.214424396406,1.08639895189,0.969045413809,0.86061821372,0.763647114733,0.657931536075,0.570214784535,0.49704626395,0.43703016349,0.38525423489,0.340300069605,0.301628977063,0.267664542845,0.237556588484,0.211773630446
"GCAM 7.1","CurrentMeasures","Pakistan","Emissions|VOC|Energy|Demand|Residential and Commercial and AFOFI","Mt VOC/yr",1.024487289195,1.129916772899,1.242107072912,1.39727540504,1.354381597408,1.215241803622,1.087656811348,0.970616150062,0.862450160406,0.765711759782,0.659954304499,0.57216016484,0.49888072578,0.43879388036,0.3869445938,0.34196760506,0.30327529173,0.269246056949,0.23903405916,0.213046557922
"GCAM 7.1","Reference","Pakistan","Emissions|VOC|Energy|Demand|Residential and Commercial and AFOFI","Mt VOC/yr",1.024487289195,1.129916772899,1.242107072912,1.39727540504,1.35423872259,1.214544683816,1.08651994861,0.969164125679,0.86073385805,0.763756465193,0.658035595165,0.570315587835,0.49714359475,0.43712248443,0.38534037374,0.340379321205,0.301701311663,0.267730407425,0.237616385314,0.211827971866
"GCAM 7.1","CurrentMeasures","Pakistan","Emissions|VOC|Energy|Demand|Transportation","Mt VOC/yr",0.39336891704,0.50474148951,0.955745547508,1.132096259665,1.109721926799,0.999213268204,0.897820298405,0.7898942517156,0.7339418143378,0.7216987609808,0.7354132474388,0.753885305468,0.7739219611452,0.7980918561236,0.819103105277,0.834568029418,0.844231398525,0.848572104671,0.846648240687,0.840228008
"GCAM 7.1","Reference","Pakistan","Emissions|VOC|Energy|Demand|Transportation","Mt VOC/yr",0.39336891704,0.50474148951,0.955745547508,1.132096259665,1.1358862865,1.05853729055,1.008197990023,0.9487413045878,0.9121992832238,0.9000934722334,0.9194727474226,0.9412644712854,0.964086666893,0.993757843516,1.020250516288,1.040010971034,1.05258006807,1.058471211469,1.056505351339,1.050389599895
"GCAM 7.1","CurrentMeasures","Pakistan","Emissions|VOC|Energy|Demand|Transportation|Light-Duty Vehicle","Mt VOC/yr",0.07613039348,0.09185706889,0.173482935208,0.199970682285,0.189518759877,0.168565773372,0.154629789061,0.130372773211,0.109774797042,0.088684090114,0.072102218845,0.058166734936,0.046207750385,0.036845572547,0.029202409635,0.023071254786,0.018233109895,0.014443472351,0.011443939897,0.009717234242
"GCAM 7.1","Reference","Pakistan","Emissions|VOC|Energy|Demand|Transportation|Light-Duty Vehicle","Mt VOC/yr",0.07613039348,0.09185706889,0.173482935208,0.199970682285,0.200802802374,0.1875288508,0.182633920247,0.166269973956,0.1417220173,0.11613003013,0.096060152632,0.078619252307,0.063430543253,0.05149125055,0.041637975408,0.033624410256,0.027219557608,0.022128913241,0.018033074071,0.015359851143
"GCAM 7.1","CurrentMeasures","Pakistan","Emissions|VOC|Energy|Demand|Transportation|Truck","Mt VOC/yr",0.0232171,0.06132927,0.12364271,0.1787992,0.18214864,0.17173513,0.16321057,0.143792625,0.148457027,0.150950844,0.153968123,0.160050278,0.167428124,0.174219768,0.179319387,0.18238446,0.183741176,0.183948764,0.183100047,0.180798876
"GCAM 7.1","Reference","Pakistan","Emissions|VOC|Energy|Demand|Transportation|Truck","Mt VOC/yr",0.0232171,0.06132927,0.12364271,0.1787992,0.18215281,0.17172902,0.16308785,0.143218059,0.147288431,0.148998288,0.151381049,0.157064288,0.164274011,0.17098288,0.175989496,0.178875118,0.17997414,0.179931321,0.178909602,0.176644853
"GCAM 7.1","CurrentMeasures","Pakistan","Emissions|VOC|Energy|Supply","Mt VOC/yr",0.10507089175,0.110027790474,0.12796314589,0.1676434797,0.16937472407777,0.18942672122198,0.20622121662903,0.2240190973783,0.240118216583,0.24382409999504,0.23894905821876,0.240007082455488,0.240659597282389,0.244637055308987,0.24444430540749,0.241858486988304,0.235064840949536,0.227286602769192,0.220741804259617,0.214132618518655
"GCAM 7.1","Reference","Pakistan","Emissions|VOC|Energy|Supply","Mt VOC/yr",0.10507089175,0.110027790474,0.12796314589,0.1676434797,0.17402717483484,0.19841584932233,0.21872334198122,0.24031749128953,0.25720513585528,0.26192124527007,0.25547511468848,0.257638773760074,0.261510183643847,0.264498678072801,0.263685479572433,0.261116900189297,0.253647308129504,0.244893084140744,0.235952196097972,0.227808270495788
"GCAM 7.1","CurrentMeasures","Pakistan","Emissions|VOC|Energy|Supply|Electricity","Mt VOC/yr",0.00309137175,0.003505550474,0.00386652589,0.0331126997,0.0262710458,0.0281379150829,0.029153384801,0.030352656846,0.029530781658,0.026950644057,0.02281439311,0.020438280015,0.017364511538,0.01547220984,0.01277017676,0.01055268679,0.00828341363,0.0067927555,0.00604980777,0.00575734747
"GCAM 7.1","Reference","Pakistan","Emissions|VOC|Energy|Supply|Electricity","Mt VOC/yr",0.00309137175,0.003505550474,0.00386652589,0.0331126997,0.028297563902,0.0317314121994,0.03421224444,0.037213807815,0.037276572222,0.034485236898,0.029121083591,0.02640517001,0.02296367999,0.01988599389,0.01597236205,0.01276376061,0.00969593897,0.00762875048,0.00654062036,0.00619748288
"GCAM 7.1","CurrentMeasures","Pakistan","Emissions|VOC|Energy|Supply|Fugitive","Mt VOC/yr",0.10197952,0.10652224,0.12409662,0.13453078,0.14310363,0.161288529,0.177067144,0.193664982,0.210585161,0.216870244,0.216130462,0.2195635156,0.2232887,0.229157275,0.231665406,0.231295792,0.226769735,0.220479446,0.214674593,0.208354622
"GCAM 7.1","Reference","Pakistan","Emissions|VOC|Energy|Supply|Fugitive","Mt VOC/yr",0.10197952,0.10652224,0.12409662,0.13453078,0.14572956,0.166684146,0.184510378,0.203102166,0.219926214,0.227432732,0.226349783,0.2312282157,0.23853997,0.244604925,0.247704168,0.248342904,0.243939457,0.237249676,0.229393849,0.221589513
"GCAM 7.1","CurrentMeasures","Pakistan","Emissions|VOC|Energy|Supply|Hydrogen","Mt VOC/yr",0,0,0,0,6.35397e-09,1.3969073e-07,4.1676331e-07,9.8477801e-07,1.44209089e-06,1.85119599e-06,2.09430364e-06,2.30565516e-06,2.4718838e-06,2.6005941e-06,2.690904e-06,2.778457e-06,2.941177e-06,3.31116e-06,3.696583e-06,4.103193e-06
"GCAM 7.1","Reference","Pakistan","Emissions|VOC|Energy|Supply|Hydrogen","Mt VOC/yr",0,0,0,0,6.37759e-09,1.4162107e-07,4.2171657e-07,9.9294773e-07,1.45038094e-06,1.84652445e-06,2.08038844e-06,2.28832426e-06,2.4538006e-06,2.5785746e-06,2.665519e-06,2.747375e-06,2.903883e-06,3.267785e-06,3.649058e-06,4.066008e-06
"GCAM 7.1","CurrentMeasures","Pakistan","Emissions|VOC|Energy|Supply|Liquids","Mt VOC/yr",0,0,0,0,4.19238e-08,1.3744835e-07,2.7106472e-07,4.7375429e-07,8.3183411e-07,1.36074205e-06,2.10880512e-06,2.981185328e-06,3.913860589e-06,4.969874887e-06,6.03174349e-06,7.229741304e-06,8.751142536e-06,1.1090109192e-05,1.3706906617e-05,1.6545855655e-05
"GCAM 7.1","Reference","Pakistan","Emissions|VOC|Energy|Supply|Liquids","Mt VOC/yr",0,0,0,0,4.455525e-08,1.4950186e-07,2.9782465e-07,5.245268e-07,8.9925234e-07,1.42984762e-06,2.16770904e-06,3.099725814e-06,4.079853247e-06,5.180608201e-06,6.284003433e-06,7.488204297e-06,9.008276504e-06,1.1389875744e-05,1.4077679972e-05,1.7208607788e-05
"GCAM 7.1","CurrentMeasures","Pakistan","Emissions|VOC|Industrial Processes","Mt VOC/yr",0.00319446785,0.003172653,0.0018455114586,0.0024172,0.0024659641,0.0026645228,0.0028065171,0.0027923957,0.0026523562,0.0025660335,0.00247560669,0.002423705575,0.00239479052,0.00237038341,0.00237150766,0.00237608852,0.0023767795,0.0023850868,0.00239478908,0.00240729093
"GCAM 7.1","Reference","Pakistan","Emissions|VOC|Industrial Processes","Mt VOC/yr",0.00319446785,0.003172653,0.0018455114586,0.0024172,0.0024644334,0.0026604389,0.0028017545,0.0027892884,0.0026475548,0.0025623561,0.00246474967,0.002417163067,0.00238185501,0.00235636565,0.00235858531,0.0023629703,0.00236389116,0.00237268082,0.00238164745,0.00239501599
"GCAM 7.1","CurrentMeasures","Pakistan","Emissions|VOC|Industrial Processes|Chemicals","Mt VOC/yr",0.00214443,0.00224661,0.00183246,0.0024172,0.0024659641,0.0026645228,0.0028065171,0.0027923957,0.0026523562,0.0025660335,0.00247560669,0.002423705575,0.00239479052,0.00237038341,0.00237150766,0.00237608852,0.0023767795,0.0023850868,0.00239478908,0.00240729093
"GCAM 7.1","Reference","Pakistan","Emissions|VOC|Industrial Processes|Chemicals","Mt VOC/yr",0.00214443,0.00224661,0.00183246,0.0024172,0.0024644334,0.0026604389,0.0028017545,0.0027892884,0.0026475548,0.0025623561,0.00246474967,0.002417163067,0.00238185501,0.00235636565,0.00235858531,0.0023629703,0.00236389116,0.00237268082,0.00238164745,0.00239501599
"GCAM 7.1","CurrentMeasures","Pakistan","Emissions|VOC|Industrial Processes|Chemicals|Ammonia","Mt VOC/yr",0.00214443,0.00224661,0.00183246,0.0024172,0.0024659641,0.0026645228,0.0028065171,0.0027923957,0.0026523562,0.0025660335,0.00247560669,0.002423705575,0.00239479052,0.00237038341,0.00237150766,0.00237608852,0.0023767795,0.0023850868,0.00239478908,0.00240729093
"GCAM 7.1","Reference","Pakistan","Emissions|VOC|Industrial Processes|Chemicals|Ammonia","Mt VOC/yr",0.00214443,0.00224661,0.00183246,0.0024172,0.0024644334,0.0026604389,0.0028017545,0.0027892884,0.0026475548,0.0025623561,0.00246474967,0.002417163067,0.00238185501,0.00235636565,0.00235858531,0.0023629703,0.00236389116,0.00237268082,0.00238164745,0.00239501599
"GCAM 7.1","CurrentMeasures","Pakistan","Emissions|VOC|Industrial Processes|Iron and Steel","Mt VOC/yr",0.00105003785,0.000926043,1.30514586e-05,0,0,0,0,0,0,0,0,0,0,0,0,0,0,0,0,0
"GCAM 7.1","Reference","Pakistan","Emissions|VOC|Industrial Processes|Iron and Steel","Mt VOC/yr",0.00105003785,0.000926043,1.30514586e-05,0,0,0,0,0,0,0,0,0,0,0,0,0,0,0,0,0
"GCAM 7.1","CurrentMeasures","Pakistan","Emissions|VOC|Product Use","Mt VOC/yr",0.24542177,0.28731639,0.32005445,0.35895546,0.4009863,0.4963685,0.6056605,0.7275436,0.856098,0.9827208,1.0964463,1.1904502,1.2577276,1.293962,1.3008594,1.2814316,1.2796121,1.3584952,1.43192,1.4993827
"GCAM 7.1","Reference","Pakistan","Emissions|VOC|Product Use","Mt VOC/yr",0.24542177,0.28731639,0.32005445,0.35895546,0.4008681,0.4958679,0.604906,0.7266452,0.8550156,0.9816559,1.0952436,1.189494,1.2567513,1.2932529,1.3004791,1.2813082,1.2796432,1.3589371,1.4327421,1.5004723
"GCAM 7.1","CurrentMeasures","Pakistan","Emissions|VOC|Waste","Mt VOC/yr",0.096367899,0.110364183,0.122778504,0.124640173,0.133315044,0.141493574,0.148118674,0.152157092,0.15328466,0.151956247,0.148323044,0.142882107,0.135699239,0.127500786,0.11859138,0.109485214,0.103662663,0.1050967,0.10620942,0.107045791
"GCAM 7.1","Reference","Pakistan","Emissions|VOC|Waste","Mt VOC/yr",0.096367899,0.110364183,0.122778504,0.124640173,0.133315044,0.141493574,0.148118674,0.152157092,0.15328466,0.151956247,0.148323044,0.142882107,0.135699239,0.127500786,0.11859138,0.109485214,0.103662663,0.1050967,0.10620942,0.107045791
"GCAM 7.1","CurrentMeasures","Pakistan","Final Energy","EJ/yr",2.7182891039,3.06030819,3.4812996976,4.292282586502,4.4473408519163,4.9466991761232,5.60462969028121,6.40818069580061,7.4432725240378,8.6859833717716,10.130553965895,11.741989647473,13.4526732186462,15.1670767840777,16.8486520784852,18.4111328996956,19.8451235102391,21.1635932910863,22.3665781190612,23.4872688132484
"GCAM 7.1","Reference","Pakistan","Final Energy","EJ/yr",2.7182891039,3.06030819,3.4812996976,4.292282586502,4.4583812541424,4.9681768019337,5.64362238480903,6.46509826939571,7.5022135354906,8.7451252892582,10.18864243381,11.801225455938,13.5076910002489,15.2283137991827,16.9176010549995,18.4890334563784,19.9319761937888,21.2596487724905,22.4696305542603,23.6008706543717
"GCAM 7.1","CurrentMeasures","Pakistan","Final Energy (w/o bunkers)","EJ/yr",2.6740504039,3.01121589,3.4377292976,4.268865886502,4.4228341255163,4.9177786781232,5.5707701670534,6.36557239896408,7.3893566080893,8.6181132945612,10.046116615112,11.6374826,13.3248257847372,15.0130049184007,16.6654580719112,18.1967235317436,19.5978394679041,20.8817647989883,22.0490827885012,23.1332687319204
"GCAM 7.1","Reference","Pakistan","Final Energy (w/o bunkers)","EJ/yr",2.6740504039,3.01121589,3.4377292976,4.268865886502,4.4338735800424,4.9392550269337,5.60976090046047,6.4224874764158,7.4483057281983,8.6772571468502,10.104204270753,11.696718134236,13.3798431771739,15.0742388986007,16.7344029340815,18.2746300236424,19.6847099724708,20.9778434950085,22.1521578020333,23.2468872279137
"GCAM 7.1","CurrentMeasures","Pakistan","Final Energy|Agriculture","EJ/yr",0.00431155,0.0018,0.000669815,0.000627902,0.0006693004883,0.0007241030172,0.0007691102566,0.00080772888488,0.0008503704685,0.000882200892,0.000924321875,0.000985399783,0.001049053486,0.001099051829,0.001136135978,0.001159645933,0.001173689889,0.001183411887,0.001187277235,0.00118969712
"GCAM 7.1","Reference","Pakistan","Final Energy|Agriculture","EJ/yr",0.00431155,0.0018,0.000669815,0.000627902,0.0006693040744,0.0007239588467,0.00076855795667,0.0008064977037,0.0008483305213,0.000879237562,0.00092037062,0.000980854107,0.001044273154,0.001094205947,0.001131226498,0.001154570829,0.001168338963,0.001177762879,0.0011814174,0.001183837163
"GCAM 7.1","CurrentMeasures","Pakistan","Final Energy|Agriculture|Electricity","EJ/yr",0,0,0,0,5.54243e-07,4.330057e-06,1.3334341e-05,2.8986518e-05,4.9081181e-05,8.276105e-05,0.00011089296,0.00013137143,0.00014491855,0.00015386505,0.0001609134,0.0001659293,0.0001694151,0.0001720925,0.0001738484,0.00017561
"GCAM 7.1","Reference","Pakistan","Final Energy|Agriculture|Electricity","EJ/yr",0,0,0,0,5.57503e-07,4.4457e-06,1.3837281e-05,3.0251163e-05,5.1396418e-05,8.671852e-05,0.00011608289,0.00013731352,0.0001513025,0.0001604789,0.000167738,0.0001730403,0.0001769071,0.0001799836,0.0001820381,0.0001837408
"GCAM 7.1","CurrentMeasures","Pakistan","Final Energy|Agriculture|Gases","EJ/yr",0,0,0,0,0,0,0,0,0,0,0,0,0,0,0,0,0,0,0,0
"GCAM 7.1","Reference","Pakistan","Final Energy|Agriculture|Gases","EJ/yr",0,0,0,0,0,0,0,0,0,0,0,0,0,0,0,0,0,0,0,0
"GCAM 7.1","CurrentMeasures","Pakistan","Final Energy|Agriculture|Heat","EJ/yr",0,0,0,0,0,0,0,0,0,0,0,0,0,0,0,0,0,0,0,0
"GCAM 7.1","Reference","Pakistan","Final Energy|Agriculture|Heat","EJ/yr",0,0,0,0,0,0,0,0,0,0,0,0,0,0,0,0,0,0,0,0
"GCAM 7.1","CurrentMeasures","Pakistan","Final Energy|Agriculture|Hydrogen","EJ/yr",0,0,0,0,1.0487453e-06,7.3561602e-06,1.91489156e-05,3.356841688e-05,4.53971575e-05,5.9377342e-05,7.1653715e-05,8.2102553e-05,9.0603836e-05,9.6944979e-05,0.000102024578,0.000105922033,0.000109173589,0.000112233987,0.000114859835,0.00011714042
"GCAM 7.1","Reference","Pakistan","Final Energy|Agriculture|Hydrogen","EJ/yr",0,0,0,0,1.0487714e-06,7.3535467e-06,1.914517567e-05,3.35373307e-05,4.52708033e-05,5.9068442e-05,7.113253e-05,8.1403287e-05,8.9641454e-05,9.5803447e-05,0.000100761498,0.000104601429,0.000107839463,0.000110883779,0.0001134647,0.000115731563
"GCAM 7.1","CurrentMeasures","Pakistan","Final Energy|Agriculture|Liquids","EJ/yr",0.00431155,0.0018,0.000669815,0.000627902,0.0006676975,0.0007124168,0.000736627,0.00074517395,0.00075589213,0.0007400625,0.0007417752,0.0007719258,0.0008135311,0.0008482418,0.000873198,0.0008877946,0.0008951012,0.0008990854,0.000898569,0.0008969467
"GCAM 7.1","Reference","Pakistan","Final Energy|Agriculture|Liquids","EJ/yr",0.00431155,0.0018,0.000669815,0.000627902,0.0006676978,0.0007121596,0.0007355755,0.00074270921,0.0007516633,0.0007334506,0.0007331552,0.0007621373,0.0008033292,0.0008379236,0.000862727,0.0008769291,0.0008835924,0.0008868955,0.0008859146,0.0008843648
"GCAM 7.1","CurrentMeasures","Pakistan","Final Energy|Agriculture|Solids","EJ/yr",0,0,0,0,0,0,0,0,0,0,0,0,0,0,0,0,0,0,0,0
"GCAM 7.1","Reference","Pakistan","Final Energy|Agriculture|Solids","EJ/yr",0,0,0,0,0,0,0,0,0,0,0,0,0,0,0,0,0,0,0,0
"GCAM 7.1","CurrentMeasures","Pakistan","Final Energy|Agriculture|Solids|Biomass","EJ/yr",0,0,0,0,0,0,0,0,0,0,0,0,0,0,0,0,0,0,0,0
"GCAM 7.1","Reference","Pakistan","Final Energy|Agriculture|Solids|Biomass","EJ/yr",0,0,0,0,0,0,0,0,0,0,0,0,0,0,0,0,0,0,0,0
"GCAM 7.1","CurrentMeasures","Pakistan","Final Energy|Agriculture|Solids|Coal","EJ/yr",0,0,0,0,0,0,0,0,0,0,0,0,0,0,0,0,0,0,0,0
"GCAM 7.1","Reference","Pakistan","Final Energy|Agriculture|Solids|Coal","EJ/yr",0,0,0,0,0,0,0,0,0,0,0,0,0,0,0,0,0,0,0,0
"GCAM 7.1","CurrentMeasures","Pakistan","Final Energy|Bunkers","EJ/yr",0.0442387,0.0490923,0.0435704,0.0234167,0.0245067264,0.028920498,0.03385952322781,0.04260829683653,0.0539159159485,0.0678700772104,0.084437350783,0.104507047473,0.127847433909,0.154071865677,0.183194006574,0.214409367952,0.247284042335,0.281828492098,0.31749533056,0.354000081328
"GCAM 7.1","Reference","Pakistan","Final Energy|Bunkers","EJ/yr",0.0442387,0.0490923,0.0435704,0.0234167,0.0245076741,0.028921775,0.03386148434856,0.04261079297991,0.0539078072923,0.067868142408,0.084438163057,0.104507321702,0.127847823075,0.154074900582,0.183198120918,0.214403432736,0.247266221318,0.281805277482,0.317472752227,0.353983426458
"GCAM 7.1","CurrentMeasures","Pakistan","Final Energy|Bunkers|Electricity","EJ/yr",0,0,0,0,0,0,3.15956e-09,1.744553e-08,1.561935e-07,1.6341804e-06,3.956473e-06,8.677873e-06,1.6665609e-05,2.7915877e-05,4.1415674e-05,5.5240752e-05,6.8931235e-05,8.3162398e-05,9.814756e-05,0.000114991228
"GCAM 7.1","Reference","Pakistan","Final Energy|Bunkers|Electricity","EJ/yr",0,0,0,0,0,0,3.65657e-09,2.006591e-08,1.783353e-07,1.857948e-06,4.489267e-06,9.788202e-06,1.8746075e-05,3.1327382e-05,4.6501618e-05,6.2349536e-05,7.8337618e-05,9.4964582e-05,0.000112327827,0.000130394958
"GCAM 7.1","CurrentMeasures","Pakistan","Final Energy|Bunkers|Freight","EJ/yr",0.0064436,0.014056,0.0097164,0.0023319,0.0023559264,0.002544898,0.00267812134749,0.00287545065013,0.0031503771275,0.0034523993504,0.003753146003,0.004104338253,0.004467304009,0.004835507777,0.005210976374,0.005576615652,0.005932905535,0.006292898998,0.00664875546,0.007002641328
"GCAM 7.1","Reference","Pakistan","Final Energy|Bunkers|Freight","EJ/yr",0.0064436,0.014056,0.0097164,0.0023319,0.0023560741,0.002545075,0.00267838236962,0.00287574513051,0.0031495400883,0.003452147558,0.003753042037,0.004104153072,0.004467181375,0.004835538882,0.005211105518,0.005576308136,0.005932016418,0.006291833382,0.006647745227,0.007001846458
"GCAM 7.1","CurrentMeasures","Pakistan","Final Energy|Bunkers|Hydrogen","EJ/yr",0,0,0,0,0,0,4.006825e-08,1.79391e-07,1.579755e-06,1.966303e-05,4.758431e-05,0.0001012296,0.0001898583,0.0003093098,0.0004522109,0.0005984272,0.0007488511,0.0009062197,0.001071763,0.0012464701
"GCAM 7.1","Reference","Pakistan","Final Energy|Bunkers|Hydrogen","EJ/yr",0,0,0,0,0,0,4.069199e-08,1.82914e-07,1.608957e-06,2.008446e-05,4.853379e-05,0.0001029535,0.000191587,0.0003122732,0.0004565493,0.0006052732,0.0007593037,0.0009202529,0.0010881144,0.0012643615
"GCAM 7.1","CurrentMeasures","Pakistan","Final Energy|Bunkers|International Aviation","EJ/yr",0.0377951,0.0350363,0.033854,0.0210848,0.0221508,0.0263756,0.03118140188032,0.0397328461864,0.050765538821,0.06441767786,0.08068420478,0.10040270922,0.1233801299,0.1492363579,0.1779830302,0.2088327523,0.2413511368,0.2755355931,0.3108465751,0.34699744
"GCAM 7.1","Reference","Pakistan","Final Energy|Bunkers|International Aviation","EJ/yr",0.0377951,0.0350363,0.033854,0.0210848,0.0221516,0.0263767,0.03118310197894,0.0397350478494,0.050758267204,0.06441599485,0.08068512102,0.10040316863,0.1233806417,0.1492393617,0.1779870154,0.2088271246,0.2413342049,0.2755134441,0.310825007,0.34698158
"GCAM 7.1","CurrentMeasures","Pakistan","Final Energy|Bunkers|International Aviation|Passenger","EJ/yr",0.0377951,0.0350363,0.033854,0.0210848,0.0221508,0.0263756,0.03118140188032,0.0397328461864,0.050765538821,0.06441767786,0.08068420478,0.10040270922,0.1233801299,0.1492363579,0.1779830302,0.2088327523,0.2413511368,0.2755355931,0.3108465751,0.34699744
"GCAM 7.1","Reference","Pakistan","Final Energy|Bunkers|International Aviation|Passenger","EJ/yr",0.0377951,0.0350363,0.033854,0.0210848,0.0221516,0.0263767,0.03118310197894,0.0397350478494,0.050758267204,0.06441599485,0.08068512102,0.10040316863,0.1233806417,0.1492393617,0.1779870154,0.2088271246,0.2413342049,0.2755134441,0.310825007,0.34698158
"GCAM 7.1","CurrentMeasures","Pakistan","Final Energy|Bunkers|International Shipping","EJ/yr",0.0064436,0.014056,0.0097164,0.0023319,0.0023559264,0.002544898,0.00267812134749,0.00287545065013,0.0031503771275,0.0034523993504,0.003753146003,0.004104338253,0.004467304009,0.004835507777,0.005210976374,0.005576615652,0.005932905535,0.006292898998,0.00664875546,0.007002641328
"GCAM 7.1","Reference","Pakistan","Final Energy|Bunkers|International Shipping","EJ/yr",0.0064436,0.014056,0.0097164,0.0023319,0.0023560741,0.002545075,0.00267838236962,0.00287574513051,0.0031495400883,0.003452147558,0.003753042037,0.004104153072,0.004467181375,0.004835538882,0.005211105518,0.005576308136,0.005932016418,0.006291833382,0.006647745227,0.007001846458
"GCAM 7.1","CurrentMeasures","Pakistan","Final Energy|Bunkers|International Shipping|Freight","EJ/yr",0.0064436,0.014056,0.0097164,0.0023319,0.0023559264,0.002544898,0.00267812134749,0.00287545065013,0.0031503771275,0.0034523993504,0.003753146003,0.004104338253,0.004467304009,0.004835507777,0.005210976374,0.005576615652,0.005932905535,0.006292898998,0.00664875546,0.007002641328
"GCAM 7.1","Reference","Pakistan","Final Energy|Bunkers|International Shipping|Freight","EJ/yr",0.0064436,0.014056,0.0097164,0.0023319,0.0023560741,0.002545075,0.00267838236962,0.00287574513051,0.0031495400883,0.003452147558,0.003753042037,0.004104153072,0.004467181375,0.004835538882,0.005211105518,0.005576308136,0.005932016418,0.006291833382,0.006647745227,0.007001846458
"GCAM 7.1","CurrentMeasures","Pakistan","Final Energy|Bunkers|Liquids","EJ/yr",0.0442387,0.0490923,0.0435704,0.0234167,0.0245067264,0.028920498,0.03385948,0.0426081,0.05391418,0.06784878,0.08438581,0.10439714,0.12764091,0.15373464,0.18270038,0.2137557,0.24646626,0.28083911,0.31632542,0.35263862
"GCAM 7.1","Reference","Pakistan","Final Energy|Bunkers|Liquids","EJ/yr",0.0442387,0.0490923,0.0435704,0.0234167,0.0245076741,0.028921775,0.03386144,0.04261059,0.05390602,0.0678462,0.08438514,0.10439458,0.12763749,0.1537313,0.18269507,0.21373581,0.24642858,0.28079006,0.31627231,0.35258867
"GCAM 7.1","CurrentMeasures","Pakistan","Final Energy|Bunkers|Passenger","EJ/yr",0.0377951,0.0350363,0.033854,0.0210848,0.0221508,0.0263756,0.03118140188032,0.0397328461864,0.050765538821,0.06441767786,0.08068420478,0.10040270922,0.1233801299,0.1492363579,0.1779830302,0.2088327523,0.2413511368,0.2755355931,0.3108465751,0.34699744
"GCAM 7.1","Reference","Pakistan","Final Energy|Bunkers|Passenger","EJ/yr",0.0377951,0.0350363,0.033854,0.0210848,0.0221516,0.0263767,0.03118310197894,0.0397350478494,0.050758267204,0.06441599485,0.08068512102,0.10040316863,0.1233806417,0.1492393617,0.1779870154,0.2088271246,0.2413342049,0.2755134441,0.310825007,0.34698158
"GCAM 7.1","CurrentMeasures","Pakistan","Final Energy|Commercial","EJ/yr",0.116007915,0.136890825,0.163478466,0.201937325,0.21566771533,0.2726038995,0.3473643012,0.450231624,0.59151651,0.775525589,1.007316132,1.298752195,1.642019194,2.022499241,2.43486351,2.84915666,3.25498988,3.64718585,4.01335881,4.35987212
"GCAM 7.1","Reference","Pakistan","Final Energy|Commercial","EJ/yr",0.116007915,0.136890825,0.163478466,0.201937325,0.21568076238,0.2729278018,0.3481730501,0.451913531,0.594167414,0.780292664,1.013955975,1.308374535,1.653739564,2.038488671,2.45569059,2.87563643,3.28720199,3.68420528,4.05300702,4.39827966
"GCAM 7.1","CurrentMeasures","Pakistan","Final Energy|Commercial|Electricity","EJ/yr",0.072682785,0.086030985,0.091521196,0.125375435,0.138754686,0.171400916,0.214182663,0.27482459,0.3595388,0.47573548,0.62781515,0.82683638,1.07089223,1.35715791,1.67791313,2.0096773,2.34164439,2.67235498,2.99122597,3.30727857
"GCAM 7.1","Reference","Pakistan","Final Energy|Commercial|Electricity","EJ/yr",0.072682785,0.086030985,0.091521196,0.125375435,0.139236126,0.174641606,0.220403321,0.28456629,0.3739373,0.49565904,0.6537529,0.86087462,1.11488679,1.41075147,1.7430141,2.08810407,2.43401515,2.77771018,3.10708843,3.42149731
"GCAM 7.1","CurrentMeasures","Pakistan","Final Energy|Commercial|Gases","EJ/yr",0.02725092,0.03394842,0.03131127,0.02687409,0.02883265,0.0393601,0.0526095,0.0710594,0.0993699,0.1346018,0.1846731,0.2419918,0.3057127,0.3669633,0.4317286,0.4948853,0.5575431,0.615112,0.6653365,0.7018734
"GCAM 7.1","Reference","Pakistan","Final Energy|Commercial|Gases","EJ/yr",0.02725092,0.03394842,0.03131127,0.02687409,0.02856129,0.03775889,0.0496799,0.0666073,0.0925821,0.1258096,0.1723125,0.2252208,0.2813078,0.3377413,0.3962766,0.4525476,0.5077872,0.5576169,0.5999082,0.6359087
"GCAM 7.1","CurrentMeasures","Pakistan","Final Energy|Commercial|Heat","EJ/yr",0,0,0,0,0,0,0,0,0,0,0,0,0,0,0,0,0,0,0,0
"GCAM 7.1","Reference","Pakistan","Final Energy|Commercial|Heat","EJ/yr",0,0,0,0,0,0,0,0,0,0,0,0,0,0,0,0,0,0,0,0
"GCAM 7.1","CurrentMeasures","Pakistan","Final Energy|Commercial|Hydrogen","EJ/yr",0,0,0,0,8.57933e-06,0.0001521835,0.0003172382,0.000600134,0.00113681,0.002035709,0.002980682,0.004157615,0.005616264,0.007161031,0.00888378,0.01073706,0.01267639,0.01458487,0.01644234,0.01808705
"GCAM 7.1","Reference","Pakistan","Final Energy|Commercial|Hydrogen","EJ/yr",0,0,0,0,8.54638e-06,0.0001460058,0.0003001291,0.000564941,0.001065014,0.001911624,0.002793975,0.003889115,0.005214574,0.006647901,0.00822489,0.00989776,0.01162574,0.0133103,0.01493449,0.01649695
"GCAM 7.1","CurrentMeasures","Pakistan","Final Energy|Commercial|Liquids","EJ/yr",0.01607421,0.01691142,0.040646,0.0496878,0.0480718,0.0616907,0.0802549,0.1037475,0.131471,0.1631526,0.1918472,0.2257664,0.259798,0.291217,0.316338,0.333857,0.343126,0.345134,0.340354,0.3326331
"GCAM 7.1","Reference","Pakistan","Final Energy|Commercial|Liquids","EJ/yr",0.01607421,0.01691142,0.040646,0.0496878,0.0478748,0.0603813,0.0777897,0.100175,0.126583,0.1569124,0.1850966,0.21839,0.2523304,0.283348,0.308175,0.325087,0.3337739,0.3355679,0.3310759,0.3243767
"GCAM 7.1","CurrentMeasures","Pakistan","Final Energy|Commercial|Solids","EJ/yr",0,0,0,0,0,0,0,0,0,0,0,0,0,0,0,0,0,0,0,0
"GCAM 7.1","Reference","Pakistan","Final Energy|Commercial|Solids","EJ/yr",0,0,0,0,0,0,0,0,0,0,0,0,0,0,0,0,0,0,0,0
"GCAM 7.1","CurrentMeasures","Pakistan","Final Energy|Commercial|Solids|Biomass","EJ/yr",0,0,0,0,0,0,0,0,0,0,0,0,0,0,0,0,0,0,0,0
"GCAM 7.1","Reference","Pakistan","Final Energy|Commercial|Solids|Biomass","EJ/yr",0,0,0,0,0,0,0,0,0,0,0,0,0,0,0,0,0,0,0,0
"GCAM 7.1","CurrentMeasures","Pakistan","Final Energy|Commercial|Solids|Coal","EJ/yr",0,0,0,0,0,0,0,0,0,0,0,0,0,0,0,0,0,0,0,0
"GCAM 7.1","Reference","Pakistan","Final Energy|Commercial|Solids|Coal","EJ/yr",0,0,0,0,0,0,0,0,0,0,0,0,0,0,0,0,0,0,0,0
"GCAM 7.1","CurrentMeasures","Pakistan","Final Energy|Commercial|Water","EJ/yr",0.051235595,0.060937795,0.065345086,0.086193035,0.086187986,0.094371016,0.103270663,0.11187239,0.1185343,0.12444478,0.12693755,0.13089338,0.13598423,0.14139591,0.14774613,0.1544333,0.16035439,0.16652598,0.17266197,0.17861957
"GCAM 7.1","Reference","Pakistan","Final Energy|Commercial|Water","EJ/yr",0.051235595,0.060937795,0.065345086,0.086193035,0.086208126,0.094557506,0.103542221,0.11230059,0.118896,0.12457214,0.1265606,0.13084662,0.13593379,0.14126447,0.1477901,0.15447607,0.16034715,0.16657618,0.17274043,0.17868831
"GCAM 7.1","CurrentMeasures","Pakistan","Final Energy|Commercial|Water|Groundwater Extraction","EJ/yr",0.035368006,0.041584114,0.043858788,0.06231223,0.0627367,0.06859096,0.07453715,0.07970148,0.08276742,0.08469857,0.0832741,0.08266505,0.08236883,0.08208427,0.08241612,0.08314995,0.083698,0.08438608,0.08507887,0.08572937
"GCAM 7.1","Reference","Pakistan","Final Energy|Commercial|Water|Groundwater Extraction","EJ/yr",0.035368006,0.041584114,0.043858788,0.06231223,0.06274101,0.06868393,0.07467883,0.07995737,0.08297825,0.08473477,0.08291983,0.08258472,0.0822697,0.08191566,0.08240382,0.08313698,0.08367182,0.08437738,0.08507433,0.08571161
"GCAM 7.1","CurrentMeasures","Pakistan","Final Energy|Commercial|Water|Transfer","EJ/yr",0.007112,0.00881461,0.00973411,0.0106768,0.0103295,0.0110619,0.0119699,0.0129302,0.0137556,0.0145372,0.0150825,0.0157052,0.0164698,0.0172155,0.0179683,0.0186382,0.0190882,0.0195822,0.0200653,0.0205202
"GCAM 7.1","Reference","Pakistan","Final Energy|Commercial|Water|Transfer","EJ/yr",0.007112,0.00881461,0.00973411,0.0106768,0.0103372,0.0111069,0.0120318,0.0130109,0.0138257,0.0145798,0.0150762,0.0157222,0.016493,0.017233,0.0179916,0.0186597,0.0190949,0.0196003,0.0200889,0.0205424
"GCAM 7.1","CurrentMeasures","Pakistan","Final Energy|Electricity","EJ/yr",0.2608839601,0.301210203,0.3526295684,0.4969891295,0.573579963438,0.752929769763,0.98265209625856,1.30118261150773,1.7046338955155,2.1915088665004,2.755959611313,3.416786185383,4.149921579712,4.942181835557,5.757123443214,6.541294142172,7.278114716635,7.975618269758,8.62616007713,9.266915093518
"GCAM 7.1","Reference","Pakistan","Final Energy|Electricity","EJ/yr",0.2608839601,0.301210203,0.3526295684,0.4969891295,0.575190142356,0.768249416685,1.01291011569957,1.35129331215761,1.7828165605963,2.300009029928,2.892800806567,3.582806554512,4.349438814667,5.168329227192,6.011540286748,6.826420149566,7.594516328968,8.321576181002,8.997743875737,9.637505007958
"GCAM 7.1","CurrentMeasures","Pakistan","Final Energy|Gases","EJ/yr",0.65867665,0.80130459,0.75987107,0.8845756,0.924714838,1.0743301944,1.2380161285,1.4014220568,1.5979611234,1.8238528097,2.1023910593,2.38668728128,2.66419292421,2.89418063855,3.1030789333062,3.2769011149034,3.42589336209037,3.54635767632162,3.6420666922981,3.7025226271371
"GCAM 7.1","Reference","Pakistan","Final Energy|Gases","EJ/yr",0.65867665,0.80130459,0.75987107,0.8845756,0.922048684,1.058415238,1.2099408369,1.3601221729,1.5382323435,1.7507803401,2.0116367381,2.27770670762,2.524123569886,2.736489220502,2.9251312844145,3.0784706203195,3.20804066440543,3.31075331472704,3.3893379072483,3.4551402224914
"GCAM 7.1","CurrentMeasures","Pakistan","Final Energy|Heat","EJ/yr",0,0,0,0,0,0,0,0,0,0,0,0,0,0,0,0,0,0,0,0
"GCAM 7.1","Reference","Pakistan","Final Energy|Heat","EJ/yr",0,0,0,0,0,0,0,0,0,0,0,0,0,0,0,0,0,0,0,0
"GCAM 7.1","CurrentMeasures","Pakistan","Final Energy|Hydrogen","EJ/yr",0,0,0,0,0.0001337544763,0.0040181885002,0.01491004560785,0.03974483124088,0.0674571515245,0.096972684502,0.126099075252,0.157471477566,0.1906900112162,0.2238524077597,0.258016018096,0.292864369014,0.329104548668,0.36726285968,0.407280985777,0.447109252115
"GCAM 7.1","Reference","Pakistan","Final Energy|Hydrogen","EJ/yr",0,0,0,0,0.0001335128064,0.0040516957067,0.01496254204866,0.0397687056917,0.0675133456453,0.097150730362,0.126365376237,0.157898462472,0.1907988401499,0.2239777264697,0.258215929306,0.293225606194,0.329779832069,0.36834938688,0.408718002438,0.449354082398
"GCAM 7.1","CurrentMeasures","Pakistan","Final Energy|Industry","EJ/yr",0.8080597437,0.843902218,0.8942056036,1.216415924502,1.340647622287,1.671170027066,2.0826223047668,2.5743729655592,3.1439962534608,3.7984413090692,4.505869952657,5.244767719637,5.9854111537512,6.6806543154717,7.3160671925332,7.8643207758106,8.32265499491507,8.71187407440132,9.0472259564662,9.3356058700004
"GCAM 7.1","Reference","Pakistan","Final Energy|Industry","EJ/yr",0.8080597437,0.843902218,0.8942056036,1.216415924502,1.340351254403,1.669998488687,2.0802399577538,2.5701542196221,3.136678674587,3.7890046840882,4.493080330413,5.230105593709,5.9663998450199,6.6594273466537,7.2932580360835,7.8401618066134,8.29707226610783,8.68543430252954,9.0191162876333,9.3060159417507
"GCAM 7.1","CurrentMeasures","Pakistan","Final Energy|Industry|Chemicals","EJ/yr",0.1367618,0.1319418,0.14746691,0.1756031,0.181265524,0.1979711024,0.2130227015,0.2225322108,0.2277259053,0.2351663515,0.2408758979,0.25034677988,0.26248875045,0.27566293519,0.2912409205652,0.3081323695096,0.32635489152607,0.34676887398832,0.3685785965942,0.3917786656354
"GCAM 7.1","Reference","Pakistan","Final Energy|Industry|Chemicals","EJ/yr",0.1367618,0.1319418,0.14746691,0.1756031,0.181171661,0.197709837,0.2127076649,0.2223198629,0.227405346,0.2349494777,0.2401760505,0.24997654442,0.261704949436,0.274858429852,0.2905559235475,0.3074717950884,0.32574354496183,0.34622013682854,0.3679973148453,0.3912761773807
"GCAM 7.1","CurrentMeasures","Pakistan","Final Energy|Industry|Chemicals|Ammonia","EJ/yr",0.102311,0.114235,0.119497,0.14262,0.14549734,0.1577732964,0.1677497715,0.1708835708,0.1682541553,0.1674011065,0.1642183384,0.16331374206,0.16346513928,0.1632380535,0.1641425921,0.16503554015,0.1656107522,0.1666927536,0.1678273835,0.169143789
"GCAM 7.1","Reference","Pakistan","Final Energy|Industry|Chemicals|Ammonia","EJ/yr",0.102311,0.114235,0.119497,0.14262,0.14540662,0.157525303,0.1674531489,0.1706949909,0.167965689,0.1672057047,0.1635418612,0.1629717267,0.162737390556,0.16249431792,0.1635279289,0.16445127235,0.1650771799,0.1662224584,0.1673321597,0.1687259924
"GCAM 7.1","CurrentMeasures","Pakistan","Final Energy|Industry|Chemicals|Ammonia|Gases","EJ/yr",0.102311,0.114235,0.119497,0.14262,0.14549734,0.1573005604,0.1658734995,0.1653742508,0.1573434563,0.1521760865,0.1466982464,0.14342197716,0.14149829783,0.139922963,0.1399399889,0.14019726015,0.140235228,0.140725224,0.141297723,0.142035422
"GCAM 7.1","Reference","Pakistan","Final Energy|Industry|Chemicals|Ammonia|Gases","EJ/yr",0.102311,0.114235,0.119497,0.14262,0.14540662,0.157059128,0.1655904999,0.1651897419,0.157059053,0.1519587107,0.1460577182,0.1430362181,0.140735101806,0.13909581852,0.1391776563,0.13942335745,0.13947473,0.139993359,0.140522429,0.141311144
"GCAM 7.1","CurrentMeasures","Pakistan","Final Energy|Industry|Chemicals|Ammonia|Hydrogen","EJ/yr",0,0,0,0,0,0.000472736,0.001876272,0.00550932,0.010910699,0.01522502,0.017520092,0.0198917649,0.02196684145,0.0233150905,0.0242026032,0.02483828,0.0253755242,0.0259675296,0.0265296605,0.027108367
"GCAM 7.1","Reference","Pakistan","Final Energy|Industry|Chemicals|Ammonia|Hydrogen","EJ/yr",0,0,0,0,0,0.000466175,0.001862649,0.005505249,0.010906636,0.015246994,0.017484143,0.0199355086,0.02200228875,0.0233984994,0.0243502726,0.0250279149,0.0256024499,0.0262290994,0.0268097307,0.0274148484
"GCAM 7.1","CurrentMeasures","Pakistan","Final Energy|Industry|Chemicals|Ammonia|Liquids","EJ/yr",0,0,0,0,0,0,0,0,0,0,0,0,0,0,0,0,0,0,0,0
"GCAM 7.1","Reference","Pakistan","Final Energy|Industry|Chemicals|Ammonia|Liquids","EJ/yr",0,0,0,0,0,0,0,0,0,0,0,0,0,0,0,0,0,0,0,0
"GCAM 7.1","CurrentMeasures","Pakistan","Final Energy|Industry|Chemicals|Ammonia|Solids","EJ/yr",0,0,0,0,0,0,0,0,0,0,0,0,0,0,0,0,0,0,0,0
"GCAM 7.1","Reference","Pakistan","Final Energy|Industry|Chemicals|Ammonia|Solids","EJ/yr",0,0,0,0,0,0,0,0,0,0,0,0,0,0,0,0,0,0,0,0
"GCAM 7.1","CurrentMeasures","Pakistan","Final Energy|Industry|Chemicals|Ammonia|Solids|Coal","EJ/yr",0,0,0,0,0,0,0,0,0,0,0,0,0,0,0,0,0,0,0,0
"GCAM 7.1","Reference","Pakistan","Final Energy|Industry|Chemicals|Ammonia|Solids|Coal","EJ/yr",0,0,0,0,0,0,0,0,0,0,0,0,0,0,0,0,0,0,0,0
"GCAM 7.1","CurrentMeasures","Pakistan","Final Energy|Industry|Chemicals|Electricity","EJ/yr",0,0,0,0,0,0,0,0,0,0,0,0,0,0,0,0,0,0,0,0
"GCAM 7.1","Reference","Pakistan","Final Energy|Industry|Chemicals|Electricity","EJ/yr",0,0,0,0,0,0,0,0,0,0,0,0,0,0,0,0,0,0,0,0
"GCAM 7.1","CurrentMeasures","Pakistan","Final Energy|Industry|Chemicals|Gases","EJ/yr",0.102311,0.114235,0.12691361,0.1509894,0.154617174,0.1675864964,0.1773954895,0.1782259708,0.1717640563,0.1682928725,0.1647235399,0.16374480628,0.16446317637,0.16570122075,0.1687188977062,0.1721624544034,0.17570176959037,0.18007972982162,0.1849213904981,0.1901869214371
"GCAM 7.1","Reference","Pakistan","Final Energy|Industry|Chemicals|Gases","EJ/yr",0.102311,0.114235,0.12691361,0.1509894,0.154522951,0.167323692,0.1770636059,0.1779463239,0.17133355,0.1679259057,0.1639336135,0.16320714762,0.163483084146,0.164592662602,0.1676002875145,0.1709707181195,0.17449208780543,0.17888769252704,0.1836649225483,0.1889670488914
"GCAM 7.1","CurrentMeasures","Pakistan","Final Energy|Industry|Chemicals|Heat","EJ/yr",0,0,0,0,0,0,0,0,0,0,0,0,0,0,0,0,0,0,0,0
"GCAM 7.1","Reference","Pakistan","Final Energy|Industry|Chemicals|Heat","EJ/yr",0,0,0,0,0,0,0,0,0,0,0,0,0,0,0,0,0,0,0,0
"GCAM 7.1","CurrentMeasures","Pakistan","Final Energy|Industry|Chemicals|Hydrogen","EJ/yr",0,0,0,0,0,0.000472736,0.001876272,0.00550932,0.010910699,0.01522502,0.018222997,0.0215981149,0.02507711845,0.0280711465,0.0306682222,0.033094943,0.0357117542,0.03878349416,0.04224313731,0.0461211185
"GCAM 7.1","Reference","Pakistan","Final Energy|Industry|Chemicals|Hydrogen","EJ/yr",0,0,0,0,0,0.000466175,0.001862649,0.005505249,0.010906636,0.015246994,0.018187251,0.0216429426,0.02510612975,0.0281464134,0.0308084686,0.0332852769,0.035957849,0.0390924657,0.04260082842,0.046538501225
"GCAM 7.1","CurrentMeasures","Pakistan","Final Energy|Industry|Chemicals|Liquids","EJ/yr",0.0344508,0.0177068,0.0205533,0.0246137,0.02664835,0.02991187,0.03375094,0.03879692,0.04505115,0.051648459,0.057929361,0.0650038587,0.07294845563,0.08189056794,0.091853800659,0.1028749721062,0.1149413677357,0.1279056500067,0.1414140687861,0.1554706256983
"GCAM 7.1","Reference","Pakistan","Final Energy|Industry|Chemicals|Liquids","EJ/yr",0.0344508,0.0177068,0.0205533,0.0246137,0.02664871,0.02991997,0.03378141,0.03886829,0.04516516,0.051776578,0.058055186,0.0651264542,0.07311573554,0.08211935385,0.092147167433,0.1032158000689,0.1152936081564,0.1282399786015,0.141731563877,0.1557706272643
"GCAM 7.1","CurrentMeasures","Pakistan","Final Energy|Industry|Chemicals|Other Sector","EJ/yr",0.0344508,0.0177068,0.02796991,0.0329831,0.035768184,0.040197806,0.04527293,0.05164864,0.05947175,0.067765245,0.0766575595,0.08703303782,0.09902361117,0.11242488169,0.1270983284652,0.1430968293596,0.16074413932607,0.18007612038832,0.2007512130942,0.2226348766354
"GCAM 7.1","Reference","Pakistan","Final Energy|Industry|Chemicals|Other Sector","EJ/yr",0.0344508,0.0177068,0.02796991,0.0329831,0.035765041,0.040184534,0.045254516,0.051624872,0.059439657,0.067743773,0.0766341893,0.08700481772,0.09896755888,0.112364111932,0.1270279946475,0.1430205227384,0.16066636506183,0.17999767842854,0.2006651551453,0.2225501849807
"GCAM 7.1","CurrentMeasures","Pakistan","Final Energy|Industry|Chemicals|Other Sector|Electricity","EJ/yr",0,0,0,0,0,0,0,0,0,0,0,0,0,0,0,0,0,0,0,0
"GCAM 7.1","Reference","Pakistan","Final Energy|Industry|Chemicals|Other Sector|Electricity","EJ/yr",0,0,0,0,0,0,0,0,0,0,0,0,0,0,0,0,0,0,0,0
"GCAM 7.1","CurrentMeasures","Pakistan","Final Energy|Industry|Chemicals|Other Sector|Gases","EJ/yr",0,0,0.00741661,0.0083694,0.009119834,0.010285936,0.01152199,0.01285172,0.0144206,0.016116786,0.0180252935,0.02032282912,0.02296487854,0.02577825775,0.0287789088062,0.0319651942534,0.03546654159037,0.03935450582162,0.0436236674981,0.0481514994371
"GCAM 7.1","Reference","Pakistan","Final Energy|Industry|Chemicals|Other Sector|Gases","EJ/yr",0,0,0.00741661,0.0083694,0.009116331,0.010264564,0.011473106,0.012756582,0.014274497,0.015967195,0.0178758953,0.02017092952,0.02274798234,0.025496844082,0.0284226312145,0.0315473606695,0.03501735780543,0.03889433352704,0.0431424935483,0.0476559048914
"GCAM 7.1","CurrentMeasures","Pakistan","Final Energy|Industry|Chemicals|Other Sector|Heat","EJ/yr",0,0,0,0,0,0,0,0,0,0,0,0,0,0,0,0,0,0,0,0
"GCAM 7.1","Reference","Pakistan","Final Energy|Industry|Chemicals|Other Sector|Heat","EJ/yr",0,0,0,0,0,0,0,0,0,0,0,0,0,0,0,0,0,0,0,0
"GCAM 7.1","CurrentMeasures","Pakistan","Final Energy|Industry|Chemicals|Other Sector|Hydrogen","EJ/yr",0,0,0,0,0,0,0,0,0,0,0.000702905,0.00170635,0.003110277,0.004756056,0.006465619,0.008256663,0.01033623,0.01281596456,0.01571347681,0.0190127515
"GCAM 7.1","Reference","Pakistan","Final Energy|Industry|Chemicals|Other Sector|Hydrogen","EJ/yr",0,0,0,0,0,0,0,0,0,0,0.000703108,0.001707434,0.003103841,0.004747914,0.006458196,0.008257362,0.0103553991,0.0128633663,0.01579109772,0.019123652825
"GCAM 7.1","CurrentMeasures","Pakistan","Final Energy|Industry|Chemicals|Other Sector|Solids","EJ/yr",0,0,0,0,0,0,0,0,0,0,0,0,0,0,0,0,0,0,0,0
"GCAM 7.1","Reference","Pakistan","Final Energy|Industry|Chemicals|Other Sector|Solids","EJ/yr",0,0,0,0,0,0,0,0,0,0,0,0,0,0,0,0,0,0,0,0
"GCAM 7.1","CurrentMeasures","Pakistan","Final Energy|Industry|Chemicals|Other Sector|Solids|Coal","EJ/yr",0,0,0,0,0,0,0,0,0,0,0,0,0,0,0,0,0,0,0,0
"GCAM 7.1","Reference","Pakistan","Final Energy|Industry|Chemicals|Other Sector|Solids|Coal","EJ/yr",0,0,0,0,0,0,0,0,0,0,0,0,0,0,0,0,0,0,0,0
"GCAM 7.1","CurrentMeasures","Pakistan","Final Energy|Industry|Chemicals|Solids","EJ/yr",0,0,0,0,0,0,0,0,0,0,0,0,0,0,0,0,0,0,0,0
"GCAM 7.1","Reference","Pakistan","Final Energy|Industry|Chemicals|Solids","EJ/yr",0,0,0,0,0,0,0,0,0,0,0,0,0,0,0,0,0,0,0,0
"GCAM 7.1","CurrentMeasures","Pakistan","Final Energy|Industry|Chemicals|Solids|Coal","EJ/yr",0,0,0,0,0,0,0,0,0,0,0,0,0,0,0,0,0,0,0,0
"GCAM 7.1","Reference","Pakistan","Final Energy|Industry|Chemicals|Solids|Coal","EJ/yr",0,0,0,0,0,0,0,0,0,0,0,0,0,0,0,0,0,0,0,0
"GCAM 7.1","CurrentMeasures","Pakistan","Final Energy|Industry|Electricity","EJ/yr",0.0605354451,0.062167528,0.0732599224,0.1042820745,0.112444215395,0.160312670566,0.222851443348,0.3135478822242,0.429859904271,0.55701715407,0.6989649156,0.8655067854,1.050549168753,1.24687638783,1.44785852574,1.64006959612,1.8179176182,1.98736341816,2.15072620037,2.30944795349
"GCAM 7.1","Reference","Pakistan","Final Energy|Industry|Electricity","EJ/yr",0.0605354451,0.062167528,0.0732599224,0.1042820745,0.112959692653,0.164625078585,0.234065659942,0.3362733795587,0.468642000483,0.61255594756,0.77055488399,0.95305890657,1.154990990092,1.36775043791,1.58527704263,1.79480656953,1.99066187085,2.17880944322,2.36079155681,2.5321473262
"GCAM 7.1","CurrentMeasures","Pakistan","Final Energy|Industry|Gases","EJ/yr",0.37675168,0.38659404,0.34772215,0.41476244,0.448071094,0.5233372744,0.6012278735,0.6665114188,0.7289172244,0.8079337047,0.8981035923,0.99311851228,1.08549419821,1.16196923955,1.2250731573062,1.2701092999034,1.29912687309037,1.32046282632162,1.3397110072981,1.3544073161371
"GCAM 7.1","Reference","Pakistan","Final Energy|Industry|Gases","EJ/yr",0.37675168,0.38659404,0.34772215,0.41476244,0.447659431,0.520519388,0.5946485989,0.6542364929,0.7087688055,0.7819922381,0.8662352671,0.95610167762,1.040025490886,1.109252671502,1.1653942504145,1.2041374893195,1.22809786940543,1.24526556072704,1.2599908812483,1.2721726524914
"GCAM 7.1","CurrentMeasures","Pakistan","Final Energy|Industry|Heat","EJ/yr",0,0,0,0,0,0,0,0,0,0,0,0,0,0,0,0,0,0,0,0
"GCAM 7.1","Reference","Pakistan","Final Energy|Industry|Heat","EJ/yr",0,0,0,0,0,0,0,0,0,0,0,0,0,0,0,0,0,0,0,0
"GCAM 7.1","CurrentMeasures","Pakistan","Final Energy|Industry|Hydrogen","EJ/yr",0,0,0,0,4.436979e-05,0.00090764854,0.003121396304,0.008164012433,0.015680215322,0.02275816583,0.028958694927,0.036074883513,0.0435869933802,0.0504614976807,0.056777686618,0.062600260781,0.068331977979,0.074344611993,0.080585064942,0.086966974595
"GCAM 7.1","Reference","Pakistan","Final Energy|Industry|Hydrogen","EJ/yr",0,0,0,0,4.437167e-05,0.00089432216,0.003083255951,0.008108015527,0.015584547955,0.02267369316,0.028778676617,0.035927156485,0.0433118846959,0.0501575718227,0.056461570508,0.062263665565,0.067976027906,0.073961154201,0.080125809338,0.086455038335
"GCAM 7.1","CurrentMeasures","Pakistan","Final Energy|Industry|Iron and Steel","EJ/yr",0.0160932167,0.014705148,0.0098782536,0.015413504502,0.010412142882,0.0333852168,0.0822570004548,0.153315145002,0.2459276631478,0.3657789192792,0.50607028027,0.659319100504,0.81510368373,0.959207533508,1.08595320725,1.18792651894,1.26636766886,1.32540400072,1.36551937576,1.38742791308
"GCAM 7.1","Reference","Pakistan","Final Energy|Industry|Iron and Steel","EJ/yr",0.0160932167,0.014705148,0.0098782536,0.015413504502,0.01041723023,0.033426534062,0.0822933832608,0.1533718499264,0.246032194509,0.3664843848482,0.507147699746,0.660580778374,0.815502411222,0.959575721464,1.086365927198,1.18882996512,1.26807011936,1.32778943824,1.36812298326,1.39012599058
"GCAM 7.1","CurrentMeasures","Pakistan","Final Energy|Industry|Iron and Steel|Electricity","EJ/yr",0.0004772151,0.001767228,0.0042932224,0.0083815745,0.00566193188,0.00918284884,0.01383779434,0.0204685591,0.02940390606,0.03977455321,0.05104392629,0.06255313,0.0734976407,0.0829027065,0.0905065499,0.0959235317,0.0994120942,0.1014245362,0.1021091658,0.1016210386
"GCAM 7.1","Reference","Pakistan","Final Energy|Industry|Iron and Steel|Electricity","EJ/yr",0.0004772151,0.001767228,0.0042932224,0.0083815745,0.00566469845,0.00920228712,0.0138813581,0.02054228789,0.02951247206,0.03995717278,0.05127420157,0.0628137068,0.0737212068,0.0831502272,0.0907736717,0.096233969,0.0997807774,0.1018380534,0.1025322275,0.1020348826
"GCAM 7.1","CurrentMeasures","Pakistan","Final Energy|Industry|Iron and Steel|Gases","EJ/yr",2.20508e-05,0.00056671,0.0010047112,0.003418616201,0.002309343851,0.01162069943,0.0325490992074,0.062569571051,0.1012812962339,0.1511749193346,0.20948529664,0.273705489652,0.338904884515,0.398253412504,0.449888155175,0.49050799912,0.52105944733,0.54418309076,0.56038192948,0.56912324274
"GCAM 7.1","Reference","Pakistan","Final Energy|Industry|Iron and Steel|Gases","EJ/yr",2.20508e-05,0.00056671,0.0010047112,0.003418616201,0.00231047194,0.011632171521,0.0325612326804,0.0626101851182,0.1013711998745,0.1516983727341,0.210350701238,0.274755049687,0.339328014711,0.398440555632,0.449963606249,0.49082497256,0.52190924948,0.54555520842,0.56198325988,0.57083237649
"GCAM 7.1","CurrentMeasures","Pakistan","Final Energy|Industry|Iron and Steel|Hydrogen","EJ/yr",0,0,0,0,0,0.000133014,0.0005165622,0.0011777278,0.00223131032,0.0039106804,0.0059268047,0.0081351702,0.010398447,0.012497056,0.014394707,0.015988679,0.01730155,0.018395353,0.019275451,0.019918809
"GCAM 7.1","Reference","Pakistan","Final Energy|Industry|Iron and Steel|Hydrogen","EJ/yr",0,0,0,0,0,0.0001311148,0.0005082503,0.0011613418,0.0022057447,0.0038893176,0.0059089437,0.0081224292,0.010370188,0.012475618,0.014390643,0.016015451,0.017364703,0.018492218,0.019395406,0.020055905
"GCAM 7.1","CurrentMeasures","Pakistan","Final Energy|Industry|Iron and Steel|Liquids","EJ/yr",2.20508e-05,0.00056671,0.00152674,0.003098340101,0.002092991751,0.00449765223,0.0088790640074,0.015138666051,0.0233226872339,0.0334934513346,0.04510300664,0.057610669652,0.070068224515,0.081206082504,0.090695575175,0.09795581912,0.10320965733,0.10698566076,0.10940773948,0.11043397274
"GCAM 7.1","Reference","Pakistan","Final Energy|Industry|Iron and Steel|Liquids","EJ/yr",2.20508e-05,0.00056671,0.00152674,0.003098340101,0.00209401454,0.004505374321,0.0088947874804,0.0151685821182,0.0233713868745,0.0336296297341,0.045305681238,0.057850919687,0.070204644711,0.081312315632,0.090789606249,0.09809735256,0.10344731948,0.10731463842,0.10977394988,0.11081296649
"GCAM 7.1","CurrentMeasures","Pakistan","Final Energy|Industry|Iron and Steel|Solids","EJ/yr",0.0155719,0.0118045,0.00305358,0.0005149737,0.0003478754,0.0079510023,0.0264744807,0.053960621,0.0896884633,0.137425315,0.194511246,0.257314641,0.322234487,0.384348276,0.44046822,0.48755049,0.52538492,0.55441536,0.57434509,0.58633085
"GCAM 7.1","Reference","Pakistan","Final Energy|Industry|Iron and Steel|Solids","EJ/yr",0.0155719,0.0118045,0.00305358,0.0005149737,0.0003480453,0.0079555863,0.0264477547,0.053889453,0.089571391,0.137309892,0.194308172,0.257038673,0.321878357,0.384197005,0.4404484,0.48765822,0.52556807,0.55458932,0.57443814,0.58638986
"GCAM 7.1","CurrentMeasures","Pakistan","Final Energy|Industry|Iron and Steel|Solids|Biomass","EJ/yr",0,0,0,0,0,0.000355571,0.001433987,0.003372613,0.0063658222,0.010933216,0.015987959,0.02105802,0.02593635,0.03041143,0.03437702,0.03760479,0.04010019,0.0419101,0.04303659,0.04363461
"GCAM 7.1","Reference","Pakistan","Final Energy|Industry|Iron and Steel|Solids|Biomass","EJ/yr",0,0,0,0,0,0.00035632,0.001434948,0.003375002,0.0063730519,0.010944826,0.015992297,0.021062526,0.0259587,0.03047915,0.0344867,0.03775177,0.0402745,0.04210462,0.04324928,0.04387041
"GCAM 7.1","CurrentMeasures","Pakistan","Final Energy|Industry|Iron and Steel|Solids|Coal","EJ/yr",0.0155719,0.0118045,0.00305358,0.0005149737,0.0003478754,0.0075954313,0.0250404937,0.050588008,0.0833226411,0.126492099,0.178523287,0.236256621,0.296298137,0.353936846,0.4060912,0.4499457,0.48528473,0.51250526,0.5313085,0.54269624
"GCAM 7.1","Reference","Pakistan","Final Energy|Industry|Iron and Steel|Solids|Coal","EJ/yr",0.0155719,0.0118045,0.00305358,0.0005149737,0.0003480453,0.0075992663,0.0250128067,0.050514451,0.0831983391,0.126365066,0.178315875,0.235976147,0.295919657,0.353717855,0.4059617,0.44990645,0.48529357,0.5124847,0.53118886,0.54251945
"GCAM 7.1","CurrentMeasures","Pakistan","Final Energy|Industry|Liquids","EJ/yr",0.0716023216,0.05858485,0.0856031512,0.071106236302,0.071549755702,0.09650587356,0.1368981449148,0.190569101802,0.2568580423678,0.3375343596692,0.42585989464,0.522453728464,0.619333444986,0.708146595061,0.787139899169,0.8517558006962,0.9028933931457,0.9446312168467,0.9774442380661,1.0008796487783
"GCAM 7.1","Reference","Pakistan","Final Energy|Industry|Liquids","EJ/yr",0.0716023216,0.05858485,0.0856031512,0.071106236302,0.07156214878,0.096493971042,0.1367602547608,0.1901953970364,0.256008881949,0.3365871114682,0.424680205776,0.520872998674,0.616482947232,0.704564958029,0.782984077541,0.8473256059589,0.8984038170364,0.9400295253215,0.972411584497,0.9954863199243
"GCAM 7.1","CurrentMeasures","Pakistan","Final Energy|Industry|Non-Ferrous Metals|Aluminum","EJ/yr",0,0,0,0,0,0,0,0,0,0,0,0,0,0,0,0,0,0,0,0
"GCAM 7.1","Reference","Pakistan","Final Energy|Industry|Non-Ferrous Metals|Aluminum","EJ/yr",0,0,0,0,0,0,0,0,0,0,0,0,0,0,0,0,0,0,0,0
"GCAM 7.1","CurrentMeasures","Pakistan","Final Energy|Industry|Non-Ferrous Metals|Aluminum|Electricity","EJ/yr",0,0,0,0,0,0,0,0,0,0,0,0,0,0,0,0,0,0,0,0
"GCAM 7.1","Reference","Pakistan","Final Energy|Industry|Non-Ferrous Metals|Aluminum|Electricity","EJ/yr",0,0,0,0,0,0,0,0,0,0,0,0,0,0,0,0,0,0,0,0
"GCAM 7.1","CurrentMeasures","Pakistan","Final Energy|Industry|Non-Ferrous Metals|Aluminum|Liquids","EJ/yr",0,0,0,0,0,0,0,0,0,0,0,0,0,0,0,0,0,0,0,0
"GCAM 7.1","Reference","Pakistan","Final Energy|Industry|Non-Ferrous Metals|Aluminum|Liquids","EJ/yr",0,0,0,0,0,0,0,0,0,0,0,0,0,0,0,0,0,0,0,0
"GCAM 7.1","CurrentMeasures","Pakistan","Final Energy|Industry|Non-Ferrous Metals|Aluminum|Solids","EJ/yr",0,0,0,0,0,0,0,0,0,0,0,0,0,0,0,0,0,0,0,0
"GCAM 7.1","Reference","Pakistan","Final Energy|Industry|Non-Ferrous Metals|Aluminum|Solids","EJ/yr",0,0,0,0,0,0,0,0,0,0,0,0,0,0,0,0,0,0,0,0
"GCAM 7.1","CurrentMeasures","Pakistan","Final Energy|Industry|Non-Ferrous Metals|Aluminum|Solids|Coal","EJ/yr",0,0,0,0,0,0,0,0,0,0,0,0,0,0,0,0,0,0,0,0
"GCAM 7.1","Reference","Pakistan","Final Energy|Industry|Non-Ferrous Metals|Aluminum|Solids|Coal","EJ/yr",0,0,0,0,0,0,0,0,0,0,0,0,0,0,0,0,0,0,0,0
"GCAM 7.1","CurrentMeasures","Pakistan","Final Energy|Industry|Non-Metallic Minerals","EJ/yr",0.073380587,0.13587524,0.13587524,0.13587524,0.152160177,0.2036035275,0.2633129081,0.33082224522,0.39997399502,0.46599592682,0.527404656967,0.583840034794,0.6353371214791,0.6810179486237,0.720671241866,0.75291836001,0.778286162893,0.797599028331,0.811613450072,0.821338057525
"GCAM 7.1","Reference","Pakistan","Final Energy|Industry|Non-Metallic Minerals","EJ/yr",0.073380587,0.13587524,0.13587524,0.13587524,0.152255207,0.2042943222,0.26455704146,0.33254260861,0.40217070154,0.46867490548,0.530467328138,0.587154589419,0.6389746525699,0.6848975561447,0.724851103036,0.757527387,0.783370302746,0.803075425567,0.817366240893,0.82684122232
"GCAM 7.1","CurrentMeasures","Pakistan","Final Energy|Industry|Non-Metallic Minerals|Cement","EJ/yr",0.073380587,0.13587524,0.13587524,0.13587524,0.152160177,0.2036035275,0.2633129081,0.33082224522,0.39997399502,0.46599592682,0.527404656967,0.583840034794,0.6353371214791,0.6810179486237,0.720671241866,0.75291836001,0.778286162893,0.797599028331,0.811613450072,0.821338057525
"GCAM 7.1","Reference","Pakistan","Final Energy|Industry|Non-Metallic Minerals|Cement","EJ/yr",0.073380587,0.13587524,0.13587524,0.13587524,0.152255207,0.2042943222,0.26455704146,0.33254260861,0.40217070154,0.46867490548,0.530467328138,0.587154589419,0.6389746525699,0.6848975561447,0.724851103036,0.757527387,0.783370302746,0.803075425567,0.817366240893,0.82684122232
"GCAM 7.1","CurrentMeasures","Pakistan","Final Energy|Industry|Non-Metallic Minerals|Cement|Electricity","EJ/yr",0.00799443,0.0150483,0.0150483,0.0150483,0.01693193,0.0229684,0.03015363,0.0386302,0.047627546,0.056275568,0.064462014,0.0722788464,0.0797364374,0.0866753965,0.092995426,0.098507744,0.103285914,0.107413971,0.110945538,0.113983269
"GCAM 7.1","Reference","Pakistan","Final Energy|Industry|Non-Metallic Minerals|Cement|Electricity","EJ/yr",0.00799443,0.0150483,0.0150483,0.0150483,0.01694285,0.02304901,0.03029972,0.03883358,0.04788965,0.056598998,0.0648364944,0.0726893899,0.0801928735,0.0871688625,0.093534853,0.09911172,0.103962306,0.108152808,0.111732674,0.114745437
"GCAM 7.1","CurrentMeasures","Pakistan","Final Energy|Industry|Non-Metallic Minerals|Cement|Gases","EJ/yr",0.00523088,0.00966614,0.00966614,0.00966614,0.01079845,0.01396832,0.0171746,0.01983564,0.0221516,0.024208255,0.0262240428,0.0280183728,0.029449195,0.0302296688,0.0306558503,0.0305311009,0.0300082165,0.0294039724,0.0288614312,0.028213842
"GCAM 7.1","Reference","Pakistan","Final Energy|Industry|Non-Metallic Minerals|Cement|Gases","EJ/yr",0.00523088,0.00966614,0.00966614,0.00966614,0.01079687,0.0139413,0.01709723,0.019685,0.021921462,0.024018082,0.0260668,0.0278791092,0.0291840411,0.0298719247,0.0302015809,0.0300316236,0.0295388113,0.0290050246,0.0285160812,0.0279184762
"GCAM 7.1","CurrentMeasures","Pakistan","Final Energy|Industry|Non-Metallic Minerals|Cement|Hydrogen","EJ/yr",0,0,0,0,0,8.67555e-05,0.0002207881,0.00045204622,0.00072984602,0.00088947852,0.000954750847,0.001085247164,0.0011997896091,0.0012214368137,0.001218249266,0.00120738551,0.001211578993,0.001224539231,0.001232057372,0.001218148725
"GCAM 7.1","Reference","Pakistan","Final Energy|Industry|Non-Metallic Minerals|Cement|Hydrogen","EJ/yr",0,0,0,0,0,8.61132e-05,0.00021851146,0.00044851661,0.00072653154,0.00089738198,0.000963466538,0.001093872299,0.0011981697499,0.0012240618547,0.001224463536,0.0012189923,0.001228061246,0.001244341967,0.001252437993,0.00123724272
"GCAM 7.1","CurrentMeasures","Pakistan","Final Energy|Industry|Non-Metallic Minerals|Cement|Liquids","EJ/yr",0.00588478,0.0108744,0.0108744,0.0108744,0.00862297,0.01210895,0.015549846,0.01912955,0.022314398,0.024507095,0.0249555279,0.02632985981,0.0270384631,0.0271545447,0.0270134874,0.0262893751,0.0251159965,0.0241078685,0.0230285394,0.0217921865
"GCAM 7.1","Reference","Pakistan","Final Energy|Industry|Non-Metallic Minerals|Cement|Liquids","EJ/yr",0.00588478,0.0108744,0.0108744,0.0108744,0.00864801,0.0122037,0.015708542,0.019354482,0.022566399,0.024813634,0.0252665302,0.02663168788,0.027328937,0.0274508135,0.0273236595,0.0265952668,0.0254087723,0.0243973676,0.0233173872,0.0220613423
"GCAM 7.1","CurrentMeasures","Pakistan","Final Energy|Industry|Non-Metallic Minerals|Cement|Solids","EJ/yr",0.054270497,0.1002864,0.1002864,0.1002864,0.115806827,0.154471102,0.200214044,0.252774809,0.307150605,0.3601155303,0.41080832142,0.45612770862,0.49791323637,0.53573690181,0.5687882289,0.5963827545,0.6186644569,0.6354486772,0.6475458841,0.6561306113
"GCAM 7.1","Reference","Pakistan","Final Energy|Industry|Non-Metallic Minerals|Cement|Solids","EJ/yr",0.054270497,0.1002864,0.1002864,0.1002864,0.115867477,0.155014199,0.201233038,0.25422103,0.309066659,0.3623468095,0.413334037,0.45886053014,0.50107063122,0.53918189359,0.5725665461,0.6005697843,0.6232323519,0.6402758834,0.6525476605,0.6608787241
"GCAM 7.1","CurrentMeasures","Pakistan","Final Energy|Industry|Non-Metallic Minerals|Cement|Solids|Biomass","EJ/yr",0.000653897,0.0012083,0.0012083,0.0012083,0.001405527,0.001925802,0.002549644,0.003280209,0.004034715,0.0047129003,0.00525044342,0.00563012062,0.00588514537,0.00604250481,0.0061420689,0.0061902945,0.0061927669,0.0061542572,0.0060874741,0.0060089113
"GCAM 7.1","Reference","Pakistan","Final Energy|Industry|Non-Metallic Minerals|Cement|Solids|Biomass","EJ/yr",0.000653897,0.0012083,0.0012083,0.0012083,0.001406577,0.001935899,0.002570838,0.00331553,0.004087599,0.0047785195,0.005323364,0.00570730714,0.00596687222,0.00612789759,0.0062334151,0.0062900343,0.0063016419,0.0062717334,0.0062127705,0.0061378341
"GCAM 7.1","CurrentMeasures","Pakistan","Final Energy|Industry|Non-Metallic Minerals|Cement|Solids|Coal","EJ/yr",0.0536166,0.0990781,0.0990781,0.0990781,0.1144013,0.1525453,0.1976644,0.2494946,0.30311589,0.35540263,0.405557878,0.450497588,0.492028091,0.529694397,0.56264616,0.59019246,0.61247169,0.62929442,0.64145841,0.6501217
"GCAM 7.1","Reference","Pakistan","Final Energy|Industry|Non-Metallic Minerals|Cement|Solids|Coal","EJ/yr",0.0536166,0.0990781,0.0990781,0.0990781,0.1144609,0.1530783,0.1986622,0.2509055,0.30497906,0.35756829,0.408010673,0.453153223,0.495103759,0.533053996,0.566333131,0.59427975,0.61693071,0.63400415,0.64633489,0.65474089
"GCAM 7.1","CurrentMeasures","Pakistan","Final Energy|Industry|Other Sector","EJ/yr",0.58182414,0.56138003,0.6009852,0.88952408,0.996809778405,1.236210180366,1.524029694712,1.8677033645372,2.270368689993,2.73150011147,3.23151911752,3.751261804459,4.2724815980921,4.76476589815,5.218201822852,5.615343527351,5.951646271636,6.242102171362,6.50151453404,6.73506123376
"GCAM 7.1","Reference","Pakistan","Final Energy|Industry|Other Sector","EJ/yr",0.58182414,0.56138003,0.6009852,0.88952408,0.996507156173,1.234567795425,1.520681868133,1.8619198981857,2.261070432538,2.71889591606,3.215289252029,3.732393681496,4.250217831792,4.740095639193,5.191485082302,5.586332659405,5.91988829904,6.208349301894,6.465629748635,6.69777255147
"GCAM 7.1","CurrentMeasures","Pakistan","Final Energy|Industry|Other Sector|Electricity","EJ/yr",0.0520638,0.045352,0.0539184,0.0808522,0.089850353515,0.128161421726,0.178860019008,0.2544491231242,0.352828452211,0.46096703286,0.58345897531,0.730674809,0.897315090653,1.07729828483,1.26435654984,1.44563832042,1.61521961,1.77852491096,1.93767149657,2.09384364589
"GCAM 7.1","Reference","Pakistan","Final Energy|Industry|Other Sector|Electricity","EJ/yr",0.0520638,0.045352,0.0539184,0.0808522,0.090352144203,0.132373781465,0.189884581842,0.2768975116687,0.391239878423,0.51599977678,0.65444418802,0.81755580987,1.001076909792,1.19743134821,1.40096851793,1.59946088053,1.78691878745,1.96881858182,2.14652665531,2.3153670066
"GCAM 7.1","CurrentMeasures","Pakistan","Final Energy|Industry|Other Sector|Gases","EJ/yr",0.2692098,0.2626929,0.2111424,0.2541069,0.28265547,0.341782458,0.406657784,0.468449808,0.5350015681,0.6154325772,0.7071560096,0.8013553332,0.89158182684,0.96603835,1.0256984093,1.0674157446,1.093416887,1.1109791241,1.1259281856,1.1360065527
"GCAM 7.1","Reference","Pakistan","Final Energy|Industry|Other Sector|Gases","EJ/yr",0.2692098,0.2626929,0.2111424,0.2541069,0.28233961,0.339254396,0.400487763,0.456605169,0.5155137935,0.5900482504,0.6762348536,0.7650154208,0.84735836564,0.9147880842,0.967592382,1.0031351476,1.0240669703,1.0373728436,1.0478098775,1.0552871274
"GCAM 7.1","CurrentMeasures","Pakistan","Final Energy|Industry|Other Sector|Heat","EJ/yr",0,0,0,0,0,0,0,0,0,0,0,0,0,0,0,0,0,0,0,0
"GCAM 7.1","Reference","Pakistan","Final Energy|Industry|Other Sector|Heat","EJ/yr",0,0,0,0,0,0,0,0,0,0,0,0,0,0,0,0,0,0,0,0
"GCAM 7.1","CurrentMeasures","Pakistan","Final Energy|Industry|Other Sector|Hydrogen","EJ/yr",0,0,0,0,4.436979e-05,0.00021514304,0.000507774004,0.001024918413,0.001808359982,0.00273298691,0.00385414238,0.005256351249,0.0069116383211,0.008671858367,0.010496508152,0.012309253271,0.014107094786,0.015941225602,0.01783441926,0.01970889837
"GCAM 7.1","Reference","Pakistan","Final Energy|Industry|Other Sector|Hydrogen","EJ/yr",0,0,0,0,4.437167e-05,0.00021091916,0.000493845191,0.000992908117,0.001745635715,0.00263999958,0.003719015379,0.005067912386,0.006637397196,0.008311478568,0.010037995372,0.011743945365,0.01342541466,0.015132128534,0.016877136925,0.01862338939
"GCAM 7.1","CurrentMeasures","Pakistan","Final Energy|Industry|Other Sector|Liquids","EJ/yr",0.03122264,0.02887023,0.051644,0.02910118,0.0318761001,0.0383667019,0.0461691957,0.0549343947,0.0648885109,0.076710435,0.08838670246,0.09980385065,0.110373417226,0.119641987413,0.12768888076,0.13412763525,0.13856692425,0.14144894682,0.14321196092,0.1440596211
"GCAM 7.1","Reference","Pakistan","Final Energy|Industry|Other Sector|Liquids","EJ/yr",0.03122264,0.02887023,0.051644,0.02910118,0.0318609423,0.0382327552,0.0458142826,0.0541938578,0.0635347362,0.074668897,0.0857021071,0.09650888722,0.10650561527,0.115241919415,0.12276003811,0.12859221397,0.13234486762,0.13452233228,0.13560542366,0.13600900738
"GCAM 7.1","CurrentMeasures","Pakistan","Final Energy|Industry|Other Sector|Solids","EJ/yr",0.2293279,0.2244649,0.2842804,0.5254638,0.592383485,0.7276844557,0.891834922,1.0888451203,1.3158417988,1.5756570795,1.84866328777,2.11417146036,2.366299625052,2.59311541754,2.7899614748,2.95585257381,3.0903357556,3.19520796388,3.27686847169,3.3414425157
"GCAM 7.1","Reference","Pakistan","Final Energy|Industry|Other Sector|Solids","EJ/yr",0.2293279,0.2244649,0.2842804,0.5254638,0.591910088,0.7244959436,0.8840013955,1.0732304516,1.2890363887,1.5355389923,1.79518908793,2.04824565122,2.288639543894,2.5043228088,2.69012614889,2.84340047194,2.96313225901,3.05250341566,3.11881065524,3.1724860207
"GCAM 7.1","CurrentMeasures","Pakistan","Final Energy|Industry|Other Sector|Solids|Biomass","EJ/yr",0.1456449,0.1625068,0.1807549,0.2042397,0.229574825,0.2809063815,0.3422779321,0.4139129251,0.4943393416,0.5840453805,0.67213839077,0.7506124448,0.817618615499,0.87120283352,0.91358714796,0.94562114861,0.9677921437,0.98148065418,0.98930212469,0.9933537016
"GCAM 7.1","Reference","Pakistan","Final Energy|Industry|Other Sector|Solids|Biomass","EJ/yr",0.1456449,0.1625068,0.1807549,0.2042397,0.229410418,0.2798398408,0.3397161683,0.408946887,0.4859722686,0.571558409,0.6556114243,0.73060033483,0.794600775467,0.84568179807,0.88585996114,0.91543066556,0.93466623861,0.94533206216,0.95023802104,0.9526106491
"GCAM 7.1","CurrentMeasures","Pakistan","Final Energy|Industry|Other Sector|Solids|Coal","EJ/yr",0.083683,0.0619581,0.1035255,0.3212241,0.36280866,0.4467780742,0.5495569899,0.6749321952,0.8215024572,0.991611699,1.176524897,1.36355901556,1.548681009553,1.72191258402,1.87637432684,2.0102314252,2.1225436119,2.2137273097,2.287566347,2.3480888141
"GCAM 7.1","Reference","Pakistan","Final Energy|Industry|Other Sector|Solids|Coal","EJ/yr",0.083683,0.0619581,0.1035255,0.3212241,0.36249967,0.4446561028,0.5442852272,0.6642835646,0.8030641201,0.9639805833,1.13957766363,1.31764531639,1.494038768427,1.65864101073,1.80426618775,1.92796980638,2.0284660204,2.1071713535,2.1685726342,2.2198753716
"GCAM 7.1","CurrentMeasures","Pakistan","Final Energy|Industry|Pulp and Paper","EJ/yr",0,0,0,0,0,0,0,0,0,0,0,0,0,0,0,0,0,0,0,0
"GCAM 7.1","Reference","Pakistan","Final Energy|Industry|Pulp and Paper","EJ/yr",0,0,0,0,0,0,0,0,0,0,0,0,0,0,0,0,0,0,0,0
"GCAM 7.1","CurrentMeasures","Pakistan","Final Energy|Industry|Pulp and Paper|Electricity","EJ/yr",0,0,0,0,0,0,0,0,0,0,0,0,0,0,0,0,0,0,0,0
"GCAM 7.1","Reference","Pakistan","Final Energy|Industry|Pulp and Paper|Electricity","EJ/yr",0,0,0,0,0,0,0,0,0,0,0,0,0,0,0,0,0,0,0,0
"GCAM 7.1","CurrentMeasures","Pakistan","Final Energy|Industry|Pulp and Paper|Gases","EJ/yr",0,0,0,0,0,0,0,0,0,0,0,0,0,0,0,0,0,0,0,0
"GCAM 7.1","Reference","Pakistan","Final Energy|Industry|Pulp and Paper|Gases","EJ/yr",0,0,0,0,0,0,0,0,0,0,0,0,0,0,0,0,0,0,0,0
"GCAM 7.1","CurrentMeasures","Pakistan","Final Energy|Industry|Pulp and Paper|Heat","EJ/yr",0,0,0,0,0,0,0,0,0,0,0,0,0,0,0,0,0,0,0,0
"GCAM 7.1","Reference","Pakistan","Final Energy|Industry|Pulp and Paper|Heat","EJ/yr",0,0,0,0,0,0,0,0,0,0,0,0,0,0,0,0,0,0,0,0
"GCAM 7.1","CurrentMeasures","Pakistan","Final Energy|Industry|Pulp and Paper|Liquids","EJ/yr",0,0,0,0,0,0,0,0,0,0,0,0,0,0,0,0,0,0,0,0
"GCAM 7.1","Reference","Pakistan","Final Energy|Industry|Pulp and Paper|Liquids","EJ/yr",0,0,0,0,0,0,0,0,0,0,0,0,0,0,0,0,0,0,0,0
"GCAM 7.1","CurrentMeasures","Pakistan","Final Energy|Industry|Pulp and Paper|Solids","EJ/yr",0,0,0,0,0,0,0,0,0,0,0,0,0,0,0,0,0,0,0,0
"GCAM 7.1","Reference","Pakistan","Final Energy|Industry|Pulp and Paper|Solids","EJ/yr",0,0,0,0,0,0,0,0,0,0,0,0,0,0,0,0,0,0,0,0
"GCAM 7.1","CurrentMeasures","Pakistan","Final Energy|Industry|Pulp and Paper|Solids|Coal","EJ/yr",0,0,0,0,0,0,0,0,0,0,0,0,0,0,0,0,0,0,0,0
"GCAM 7.1","Reference","Pakistan","Final Energy|Industry|Pulp and Paper|Solids|Coal","EJ/yr",0,0,0,0,0,0,0,0,0,0,0,0,0,0,0,0,0,0,0,0
"GCAM 7.1","CurrentMeasures","Pakistan","Final Energy|Industry|Solids","EJ/yr",0.299170297,0.3365558,0.38762038,0.6262651737,0.7085381874,0.89010656,1.1185234467,1.3955805503,1.7126808671,2.0731979248,2.45398285519,2.82761380998,3.186447348422,3.51320059535,3.7992179237,4.03978581831,4.2343851325,4.38507200108,4.49875944579,4.583903977
"GCAM 7.1","Reference","Pakistan","Final Energy|Industry|Solids","EJ/yr",0.299170297,0.3365558,0.38762038,0.6262651737,0.7081256103,0.8874657289,1.1116821882,1.3813409346,1.6876744387,2.0351956938,2.40283129693,2.76414485436,3.111588532114,3.42770170739,3.70314109499,3.93162847624,4.11193268091,4.24736861906,4.34579645574,4.4197546048
"GCAM 7.1","CurrentMeasures","Pakistan","Final Energy|Industry|Solids|Biomass","EJ/yr",0.146298797,0.1637151,0.1819632,0.205448,0.230980352,0.2831877545,0.3462615631,0.4205657471,0.5047398788,0.5996914968,0.69337679319,0.77730058542,0.849440110869,0.90765676833,0.95410623686,0.98941623311,1.0140851006,1.02954501138,1.03842618879,1.0429972229
"GCAM 7.1","Reference","Pakistan","Final Energy|Industry|Solids|Biomass","EJ/yr",0.146298797,0.1637151,0.1819632,0.205448,0.230816995,0.2821320598,0.3437219543,0.415637419,0.4964329195,0.5872817545,0.6769270853,0.75737016797,0.826526347687,0.88228884566,0.92658007624,0.95947246986,0.98124238051,0.99370841556,0.99970007154,1.0026188932
"GCAM 7.1","CurrentMeasures","Pakistan","Final Energy|Industry|Solids|Coal","EJ/yr",0.1528715,0.1728407,0.20565718,0.4208171737,0.4775578354,0.6069188055,0.7722618836,0.9750148032,1.2079409883,1.473506428,1.760606062,2.05031322456,2.337007237553,2.60554382702,2.84511168684,3.0503695852,3.2203000319,3.3555269897,3.460333257,3.5409067541
"GCAM 7.1","Reference","Pakistan","Final Energy|Industry|Solids|Coal","EJ/yr",0.1528715,0.1728407,0.20565718,0.4208171737,0.4773086153,0.6053336691,0.7679602339,0.9657035156,1.1912415192,1.4479139393,1.72590421163,2.00677468639,2.285062184427,2.54541286173,2.77656101875,2.97215600638,3.1306903004,3.2536602035,3.3460963842,3.4171357116
"GCAM 7.1","CurrentMeasures","Pakistan","Final Energy|Liquids","EJ/yr",0.5099048578,0.513538268,0.7499935662,0.894156674302,0.931670874602,1.05320673546,1.1931028702148,1.319287872952,1.5093463464978,1.7400487252692,2.00981116884,2.337472889264,2.701261307086,3.078471117861,3.454470323169,3.8160596322962,4.1597128473457,4.4927320292467,4.8128833060661,5.1192442204783
"GCAM 7.1","Reference","Pakistan","Final Energy|Liquids","EJ/yr",0.5099048578,0.513538268,0.7499935662,0.894156674302,0.94429087068,1.078382556642,1.2374777499608,1.3825663860464,1.575859157049,1.8027808860682,2.073834143976,2.403747308974,2.772522510432,3.157507345629,3.543651749541,3.9158575140589,4.2705663734364,4.6157757138215,4.949266034097,5.2720944907243
"GCAM 7.1","CurrentMeasures","Pakistan","Final Energy|Non-Energy Use","EJ/yr",0.0871589,0.0811717,0.09071841,0.11436282,0.12386098,0.14056685,0.1598786,0.1831422,0.2114093,0.2444269,0.2822966,0.3260727,0.3750768,0.4280392,0.4841837,0.5421023,0.6013064,0.6621346,0.7244036,0.7868993
"GCAM 7.1","Reference","Pakistan","Final Energy|Non-Energy Use","EJ/yr",0.0871589,0.0811717,0.09071841,0.11436282,0.12384963,0.14051832,0.15981123,0.1830625,0.2113052,0.2443429,0.2821828,0.3259587,0.3748978,0.4278812,0.4840593,0.5420183,0.6012578,0.6621902,0.7245553,0.7871401
"GCAM 7.1","CurrentMeasures","Pakistan","Final Energy|Non-Energy Use|Chemicals|Gases","EJ/yr",0.0621266,0.0679021,0.0732209,0.0976188,0.10288,0.110931,0.118261,0.124519,0.130913,0.138099,0.147175,0.156307,0.165385,0.174143,0.183793,0.193706,0.204205,0.215044,0.225936,0.235593
"GCAM 7.1","Reference","Pakistan","Final Energy|Non-Energy Use|Chemicals|Gases","EJ/yr",0.0621266,0.0679021,0.0732209,0.0976188,0.102863,0.110831,0.118098,0.124311,0.13067,0.137989,0.147023,0.156078,0.164764,0.173508,0.183086,0.193013,0.203577,0.214431,0.225209,0.234893
"GCAM 7.1","CurrentMeasures","Pakistan","Final Energy|Non-Energy Use|Chemicals|Liquids","EJ/yr",0,0,0,0,0.00276082,0.00678082,0.0118258,0.0176869,0.0236742,0.0306068,0.0371531,0.0450613,0.0540199,0.064521,0.0756284,0.0876508,0.100142,0.113137,0.126448,0.14073
"GCAM 7.1","Reference","Pakistan","Final Energy|Non-Energy Use|Chemicals|Liquids","EJ/yr",0,0,0,0,0.00276951,0.00684942,0.0119507,0.0178548,0.0238717,0.0306985,0.0372843,0.0452619,0.0545681,0.0650869,0.0762626,0.0882735,0.100705,0.11369,0.127108,0.141369
"GCAM 7.1","CurrentMeasures","Pakistan","Final Energy|Non-Energy Use|Gases","EJ/yr",0.0621266,0.0679021,0.0732209,0.0976188,0.10288,0.110931,0.118261,0.124519,0.130913,0.138099,0.147175,0.156307,0.165385,0.174143,0.183793,0.193706,0.204205,0.215044,0.225936,0.235593
"GCAM 7.1","Reference","Pakistan","Final Energy|Non-Energy Use|Gases","EJ/yr",0.0621266,0.0679021,0.0732209,0.0976188,0.102863,0.110831,0.118098,0.124311,0.13067,0.137989,0.147023,0.156078,0.164764,0.173508,0.183086,0.193013,0.203577,0.214431,0.225209,0.234893
"GCAM 7.1","CurrentMeasures","Pakistan","Final Energy|Non-Energy Use|Liquids","EJ/yr",0.0250323,0.0132696,0.01749751,0.01674402,0.02098098,0.02963585,0.0416176,0.0586232,0.0804963,0.1063279,0.1351216,0.1697657,0.2096918,0.2538962,0.3003907,0.3483963,0.3971014,0.4470906,0.4984676,0.5513063
"GCAM 7.1","Reference","Pakistan","Final Energy|Non-Energy Use|Liquids","EJ/yr",0.0250323,0.0132696,0.01749751,0.01674402,0.02098663,0.02968732,0.04171323,0.0587515,0.0806352,0.1063539,0.1351598,0.1698807,0.2101338,0.2543732,0.3009733,0.3490053,0.3976808,0.4477592,0.4993463,0.5522471
"GCAM 7.1","CurrentMeasures","Pakistan","Final Energy|Non-Energy Use|Non-Metallic Minerals","EJ/yr",0.0179161,0.0071999,0.0128929,0.0082464,0.00838422,0.00896813,0.0095231,0.0100509,0.0105735,0.0110826,0.0115369,0.0120254,0.0124279,0.0126972,0.0128293,0.0128105,0.0126834,0.0125126,0.0122976,0.0120413
"GCAM 7.1","Reference","Pakistan","Final Energy|Non-Energy Use|Non-Metallic Minerals","EJ/yr",0.0179161,0.0071999,0.0128929,0.0082464,0.00838457,0.0089683,0.00952323,0.010051,0.0105719,0.0110835,0.0115383,0.0120268,0.0124287,0.0126983,0.0128307,0.0128118,0.0126848,0.0125142,0.0122993,0.0120431
"GCAM 7.1","CurrentMeasures","Pakistan","Final Energy|Non-Energy Use|Non-Metallic Minerals|Liquids","EJ/yr",0.0179161,0.0071999,0.0128929,0.0082464,0.00838422,0.00896813,0.0095231,0.0100509,0.0105735,0.0110826,0.0115369,0.0120254,0.0124279,0.0126972,0.0128293,0.0128105,0.0126834,0.0125126,0.0122976,0.0120413
"GCAM 7.1","Reference","Pakistan","Final Energy|Non-Energy Use|Non-Metallic Minerals|Liquids","EJ/yr",0.0179161,0.0071999,0.0128929,0.0082464,0.00838457,0.0089683,0.00952323,0.010051,0.0105719,0.0110835,0.0115383,0.0120268,0.0124287,0.0126983,0.0128307,0.0128118,0.0126848,0.0125142,0.0122993,0.0120431
"GCAM 7.1","CurrentMeasures","Pakistan","Final Energy|Non-Energy Use|Other Sector","EJ/yr",0.0071162,0.0060697,0.00460461,0.00849762,0.00983594,0.0138869,0.0202687,0.0308854,0.0462486,0.0646385,0.0864316,0.112679,0.143244,0.176678,0.211933,0.247935,0.284276,0.321441,0.359722,0.398535
"GCAM 7.1","Reference","Pakistan","Final Energy|Non-Energy Use|Other Sector","EJ/yr",0.0071162,0.0060697,0.00460461,0.00849762,0.00983255,0.0138696,0.0202393,0.0308457,0.0461916,0.0645719,0.0863372,0.112592,0.143137,0.176588,0.21188,0.24792,0.284291,0.321555,0.359939,0.398835
"GCAM 7.1","CurrentMeasures","Pakistan","Final Energy|Non-Energy Use|Other Sector|Gases","EJ/yr",0,0,0,0,0,0,0,0,0,0,0,0,0,0,0,0,0,0,0,0
"GCAM 7.1","Reference","Pakistan","Final Energy|Non-Energy Use|Other Sector|Gases","EJ/yr",0,0,0,0,0,0,0,0,0,0,0,0,0,0,0,0,0,0,0,0
"GCAM 7.1","CurrentMeasures","Pakistan","Final Energy|Non-Energy Use|Other Sector|Liquids","EJ/yr",0.0071162,0.0060697,0.00460461,0.00849762,0.00983594,0.0138869,0.0202687,0.0308854,0.0462486,0.0646385,0.0864316,0.112679,0.143244,0.176678,0.211933,0.247935,0.284276,0.321441,0.359722,0.398535
"GCAM 7.1","Reference","Pakistan","Final Energy|Non-Energy Use|Other Sector|Liquids","EJ/yr",0.0071162,0.0060697,0.00460461,0.00849762,0.00983255,0.0138696,0.0202393,0.0308457,0.0461916,0.0645719,0.0863372,0.112592,0.143137,0.176588,0.21188,0.24792,0.284291,0.321555,0.359939,0.398835
"GCAM 7.1","CurrentMeasures","Pakistan","Final Energy|Residential","EJ/yr",1.2823119952,1.467944647,1.665559503,1.944899315,1.914056721511,1.9258868361,1.9840358827,2.0945719512,2.2656330212,2.481435025,2.748894372,3.046311999,3.350554733,3.637594283,3.894997974,4.104122165,4.272336927,4.395312832,4.475136253,4.543200326
"GCAM 7.1","Reference","Pakistan","Final Energy|Residential","EJ/yr",1.2823119952,1.467944647,1.665559503,1.944899315,1.913507507585,1.9237630279,1.9812889193,2.0914713794,2.2614649396,2.477589062,2.74271463,3.036904957,3.334587624,3.618226488,3.870896952,4.07475113,4.237232147,4.354513136,4.429124086,4.497387955
"GCAM 7.1","CurrentMeasures","Pakistan","Final Energy|Residential and Commercial","EJ/yr",1.3983199102,1.604835472,1.829037969,2.14683664,2.129724436841,2.1984907356,2.3314001839,2.5448035752,2.8571495312,3.256960614,3.756210504,4.345064194,4.992573927,5.660093524,6.329861484,6.953278825,7.527326807,8.042498682,8.488495063,8.903072446
"GCAM 7.1","Reference","Pakistan","Final Energy|Residential and Commercial","EJ/yr",1.3983199102,1.604835472,1.829037969,2.14683664,2.129188269965,2.1966908297,2.3294619694,2.5433849104,2.8556323536,3.257881726,3.756670605,4.345279492,4.988327188,5.656715159,6.326587542,6.95038756,7.524434137,8.038718416,8.482131106,8.895667615
"GCAM 7.1","CurrentMeasures","Pakistan","Final Energy|Residential and Commercial|Electricity","EJ/yr",0.182999415,0.214665075,0.250624146,0.357070755,0.4225973729,0.538162027,0.680782553,0.873271404,1.122390954,1.43664599,1.80767864,2.24959129,2.7437309,3.28037586,3.82897923,4.35054991,4.83494162,5.28464813,5.69094432,6.09243587
"GCAM 7.1","Reference","Pakistan","Final Energy|Residential and Commercial|Electricity","EJ/yr",0.182999415,0.214665075,0.250624146,0.357070755,0.4249064996,0.552218846,0.705870121,0.909275861,1.171594055,1.49866779,1.88221126,2.33831741,2.85088435,3.40066752,3.96457797,4.5034424,5.0051807,5.47010404,5.88813571,6.28153694
"GCAM 7.1","CurrentMeasures","Pakistan","Final Energy|Residential and Commercial|Gases","EJ/yr",0.18652807,0.25011335,0.28381092,0.32357766,0.32516671,0.39555343,0.47437912,0.56924359,0.69557978,0.8298387,1.0014076,1.1730413,1.3403165,1.4770118,1.605515,1.7174707,1.8206892,1.9033119,1.9638077,1.9952634
"GCAM 7.1","Reference","Pakistan","Final Energy|Residential and Commercial|Gases","EJ/yr",0.18652807,0.25011335,0.28381092,0.32357766,0.32258143,0.38146794,0.45073809,0.53675043,0.65163245,0.7777635,0.9369794,1.0948936,1.2391126,1.3643133,1.4782654,1.5745343,1.6616988,1.7289966,1.7752435,1.8126404
"GCAM 7.1","CurrentMeasures","Pakistan","Final Energy|Residential and Commercial|Heat","EJ/yr",0,0,0,0,0,0,0,0,0,0,0,0,0,0,0,0,0,0,0,0
"GCAM 7.1","Reference","Pakistan","Final Energy|Residential and Commercial|Heat","EJ/yr",0,0,0,0,0,0,0,0,0,0,0,0,0,0,0,0,0,0,0,0
"GCAM 7.1","CurrentMeasures","Pakistan","Final Energy|Residential and Commercial|Hydrogen","EJ/yr",0,0,0,0,8.8335941e-05,0.0014187406,0.0026571369,0.0044770442,0.0074375322,0.01177919,0.015235052,0.019050177,0.02333531,0.027367109,0.031411169,0.035467865,0.03943668,0.043011662,0.046262295,0.049022693
"GCAM 7.1","Reference","Pakistan","Final Energy|Residential and Commercial|Hydrogen","EJ/yr",0,0,0,0,8.8092365e-05,0.0013665777,0.0025253604,0.0042329754,0.0069967216,0.011079237,0.014306042,0.017853351,0.021744306,0.025470961,0.029139936,0.032739976,0.036198297,0.039280483,0.042065732,0.044769543
"GCAM 7.1","CurrentMeasures","Pakistan","Final Energy|Residential and Commercial|Liquids","EJ/yr",0.0391390862,0.032357718,0.06341779,0.075892216,0.073168784,0.09124881,0.116156271,0.146848764,0.180548125,0.218294373,0.249579016,0.287423423,0.325031169,0.360148566,0.387210648,0.405562527,0.414346404,0.414976535,0.408053136,0.39877684
"GCAM 7.1","Reference","Pakistan","Final Energy|Residential and Commercial|Liquids","EJ/yr",0.0391390862,0.032357718,0.06341779,0.075892216,0.073019814,0.0900253,0.113679446,0.143118886,0.175291437,0.21116259,0.241999831,0.279293563,0.317367199,0.351954806,0.378683526,0.396239794,0.404216026,0.404511736,0.397917885,0.389698486
"GCAM 7.1","CurrentMeasures","Pakistan","Final Energy|Residential and Commercial|Solids","EJ/yr",0.989653339,1.107699329,1.231185113,1.390296009,1.308703234,1.172107728,1.057425103,0.950962773,0.85119314,0.760402361,0.682310196,0.615958004,0.560160048,0.515190189,0.476745437,0.444227823,0.417912903,0.396550455,0.379427612,0.367573643
"GCAM 7.1","Reference","Pakistan","Final Energy|Residential and Commercial|Solids","EJ/yr",0.989653339,1.107699329,1.231185113,1.390296009,1.308592434,1.171612166,1.056648952,0.950006758,0.85011769,0.759208609,0.681174072,0.614921568,0.559218733,0.514308572,0.47592071,0.44343109,0.417140314,0.395825557,0.378768279,0.367022246
"GCAM 7.1","CurrentMeasures","Pakistan","Final Energy|Residential and Commercial|Solids|Biomass","EJ/yr",0.989653339,1.107699329,1.231185113,1.390296009,1.308703234,1.172107728,1.057425103,0.950962773,0.85119314,0.760402361,0.682310196,0.615958004,0.560160048,0.515190189,0.476745437,0.444227823,0.417912903,0.396550455,0.379427612,0.367573643
"GCAM 7.1","Reference","Pakistan","Final Energy|Residential and Commercial|Solids|Biomass","EJ/yr",0.989653339,1.107699329,1.231185113,1.390296009,1.308592434,1.171612166,1.056648952,0.950006758,0.85011769,0.759208609,0.681174072,0.614921568,0.559218733,0.514308572,0.47592071,0.44343109,0.417140314,0.395825557,0.378768279,0.367022246
"GCAM 7.1","CurrentMeasures","Pakistan","Final Energy|Residential and Commercial|Solids|Coal","EJ/yr",0,0,0,0,0,0,0,0,0,0,0,0,0,0,0,0,0,0,0,0
"GCAM 7.1","Reference","Pakistan","Final Energy|Residential and Commercial|Solids|Coal","EJ/yr",0,0,0,0,0,0,0,0,0,0,0,0,0,0,0,0,0,0,0,0
"GCAM 7.1","CurrentMeasures","Pakistan","Final Energy|Residential|Electricity","EJ/yr",0.11031663,0.12863409,0.15910295,0.23169532,0.2838426869,0.366761111,0.46659989,0.598446814,0.762852154,0.96091051,1.17986349,1.42275491,1.67283867,1.92321795,2.1510661,2.34087261,2.49329723,2.61229315,2.69971835,2.7851573
"GCAM 7.1","Reference","Pakistan","Final Energy|Residential|Electricity","EJ/yr",0.11031663,0.12863409,0.15910295,0.23169532,0.2856703736,0.37757724,0.4854668,0.624709571,0.797656755,1.00300875,1.22845836,1.47744279,1.73599756,1.98991605,2.22156387,2.41533833,2.57116555,2.69239386,2.78104728,2.86003963
"GCAM 7.1","CurrentMeasures","Pakistan","Final Energy|Residential|Gases","EJ/yr",0.15927715,0.21616493,0.25249965,0.29670357,0.29633406,0.35619333,0.42176962,0.49818419,0.59620988,0.6952369,0.8167345,0.9310495,1.0346038,1.1100485,1.1737864,1.2225854,1.2631461,1.2881999,1.2984712,1.29339
"GCAM 7.1","Reference","Pakistan","Final Energy|Residential|Gases","EJ/yr",0.15927715,0.21616493,0.25249965,0.29670357,0.29402014,0.34370905,0.40105819,0.47014313,0.55905035,0.6519539,0.7646669,0.8696728,0.9578048,1.026572,1.0819888,1.1219867,1.1539116,1.1713797,1.1753353,1.1767317
"GCAM 7.1","CurrentMeasures","Pakistan","Final Energy|Residential|Heat","EJ/yr",0,0,0,0,0,0,0,0,0,0,0,0,0,0,0,0,0,0,0,0
"GCAM 7.1","Reference","Pakistan","Final Energy|Residential|Heat","EJ/yr",0,0,0,0,0,0,0,0,0,0,0,0,0,0,0,0,0,0,0,0
"GCAM 7.1","CurrentMeasures","Pakistan","Final Energy|Residential|Hydrogen","EJ/yr",0,0,0,0,7.9756611e-05,0.0012665571,0.0023398987,0.0038769102,0.0063007222,0.009743481,0.01225437,0.014892562,0.017719046,0.020206078,0.022527389,0.024730805,0.02676029,0.028426792,0.029819955,0.030935643
"GCAM 7.1","Reference","Pakistan","Final Energy|Residential|Hydrogen","EJ/yr",0,0,0,0,7.9545985e-05,0.0012205719,0.0022252313,0.0036680344,0.0059317076,0.009167613,0.011512067,0.013964236,0.016529732,0.01882306,0.020915046,0.022842216,0.024572557,0.025970183,0.027131242,0.028272593
"GCAM 7.1","CurrentMeasures","Pakistan","Final Energy|Residential|Liquids","EJ/yr",0.0230648762,0.015446298,0.02277179,0.026204416,0.025096984,0.02955811,0.035901371,0.043101264,0.049077125,0.055141773,0.057731816,0.061657023,0.065233169,0.068931566,0.070872648,0.071705527,0.071220404,0.069842535,0.067699136,0.06614374
"GCAM 7.1","Reference","Pakistan","Final Energy|Residential|Liquids","EJ/yr",0.0230648762,0.015446298,0.02277179,0.026204416,0.025145014,0.029644,0.035889746,0.042943886,0.048708437,0.05425019,0.056903231,0.060903563,0.065036799,0.068606806,0.070508526,0.071152794,0.070442126,0.068943836,0.066841985,0.065321786
"GCAM 7.1","CurrentMeasures","Pakistan","Final Energy|Residential|Solids","EJ/yr",0.989653339,1.107699329,1.231185113,1.390296009,1.308703234,1.172107728,1.057425103,0.950962773,0.85119314,0.760402361,0.682310196,0.615958004,0.560160048,0.515190189,0.476745437,0.444227823,0.417912903,0.396550455,0.379427612,0.367573643
"GCAM 7.1","Reference","Pakistan","Final Energy|Residential|Solids","EJ/yr",0.989653339,1.107699329,1.231185113,1.390296009,1.308592434,1.171612166,1.056648952,0.950006758,0.85011769,0.759208609,0.681174072,0.614921568,0.559218733,0.514308572,0.47592071,0.44343109,0.417140314,0.395825557,0.378768279,0.367022246
"GCAM 7.1","CurrentMeasures","Pakistan","Final Energy|Residential|Solids|Biomass","EJ/yr",0.989653339,1.107699329,1.231185113,1.390296009,1.308703234,1.172107728,1.057425103,0.950962773,0.85119314,0.760402361,0.682310196,0.615958004,0.560160048,0.515190189,0.476745437,0.444227823,0.417912903,0.396550455,0.379427612,0.367573643
"GCAM 7.1","Reference","Pakistan","Final Energy|Residential|Solids|Biomass","EJ/yr",0.989653339,1.107699329,1.231185113,1.390296009,1.308592434,1.171612166,1.056648952,0.950006758,0.85011769,0.759208609,0.681174072,0.614921568,0.559218733,0.514308572,0.47592071,0.44343109,0.417140314,0.395825557,0.378768279,0.367022246
"GCAM 7.1","CurrentMeasures","Pakistan","Final Energy|Residential|Solids|Coal","EJ/yr",0,0,0,0,0,0,0,0,0,0,0,0,0,0,0,0,0,0,0,0
"GCAM 7.1","Reference","Pakistan","Final Energy|Residential|Solids|Coal","EJ/yr",0,0,0,0,0,0,0,0,0,0,0,0,0,0,0,0,0,0,0,0
"GCAM 7.1","CurrentMeasures","Pakistan","Final Energy|Solids","EJ/yr",1.288823636,1.444255129,1.618805493,2.0165611827,2.0172414214,2.062214288,2.1759485497,2.3465433233,2.5638740071,2.8336002858,3.13629305119,3.44357181398,3.746607396422,4.02839078435,4.2759633607,4.48401364131,4.6522980355,4.78162245608,4.87818705779,4.95147762
"GCAM 7.1","Reference","Pakistan","Final Energy|Solids","EJ/yr",1.288823636,1.444255129,1.618805493,2.0165611827,2.0167180443,2.0590778949,2.1683311402,2.3313476926,2.5377921287,2.7944043028,3.08400536893,3.37906642236,3.670807265114,3.94201027939,4.17906180499,4.37505956624,4.52907299491,4.64319417606,4.72456473474,4.7867768508
"GCAM 7.1","CurrentMeasures","Pakistan","Final Energy|Solids|Biomass","EJ/yr",1.135952136,1.271414429,1.413148313,1.595744009,1.539683586,1.4552954825,1.4036866661,1.3715285201,1.3559330188,1.3600938578,1.37568698919,1.39325858942,1.409600158869,1.42284695733,1.43085167386,1.43364405611,1.4319980036,1.42609546638,1.41785380079,1.4105708659
"GCAM 7.1","Reference","Pakistan","Final Energy|Solids|Biomass","EJ/yr",1.135952136,1.271414429,1.413148313,1.595744009,1.539409429,1.4537442258,1.4003709063,1.365644177,1.3465506095,1.3464903635,1.3581011573,1.37229173597,1.385745080687,1.39659741766,1.40250078624,1.40290355986,1.39838269451,1.38953397256,1.37846835054,1.3696411392
"GCAM 7.1","CurrentMeasures","Pakistan","Final Energy|Solids|Coal","EJ/yr",0.1528715,0.1728407,0.20565718,0.4208171737,0.4775578354,0.6069188055,0.7722618836,0.9750148032,1.2079409883,1.473506428,1.760606062,2.05031322456,2.337007237553,2.60554382702,2.84511168684,3.0503695852,3.2203000319,3.3555269897,3.460333257,3.5409067541
"GCAM 7.1","Reference","Pakistan","Final Energy|Solids|Coal","EJ/yr",0.1528715,0.1728407,0.20565718,0.4208171737,0.4773086153,0.6053336691,0.7679602339,0.9657035156,1.1912415192,1.4479139393,1.72590421163,2.00677468639,2.285062184427,2.54541286173,2.77656101875,2.97215600638,3.1306903004,3.2536602035,3.3460963842,3.4171357116
"GCAM 7.1","CurrentMeasures","Pakistan","Final Energy|Transportation","EJ/yr",0.3762003,0.4795065,0.6230975,0.7906226,0.8279317859,0.90682696244,0.99609996813,1.06244592932,1.17595115296,1.3174022706,1.50081523658,1.72059258658,1.9707148505,2.2431188271,2.5342095594,2.835861985,3.1453775761,3.4640740307,3.7877708918,4.1065014188
"GCAM 7.1","Reference","Pakistan","Final Energy|Transportation","EJ/yr",0.3762003,0.4795065,0.6230975,0.7906226,0.8398151216,0.9313234297,1.03947918535,1.12507934869,1.24384116949,1.3851485992,1.57135016472,1.79439349442,2.049174071,2.329120987,2.6293668295,2.9409077862,3.2607774304,3.5903228136,3.925173691,4.256879734
"GCAM 7.1","CurrentMeasures","Pakistan","Final Energy|Transportation (w/ bunkers)","EJ/yr",0.420439,0.5285988,0.6666679,0.8140393,0.8524385123,0.93574746044,1.02995949135781,1.10505422615653,1.2298670689085,1.3852723478104,1.585252587363,1.825099634053,2.098562284409,2.397190692777,2.717403565974,3.050271352952,3.392661618435,3.745902522798,4.10526622236,4.460501500128
"GCAM 7.1","Reference","Pakistan","Final Energy|Transportation (w/ bunkers)","EJ/yr",0.420439,0.5285988,0.6666679,0.8140393,0.8643227957,0.9602452047,1.07334066969856,1.16769014166991,1.2977489767823,1.453016741608,1.655788327777,1.898900816122,2.177021894075,2.483195887582,2.812564950418,3.155311218936,3.508043651718,3.872128091082,4.242646443227,4.610863160458
"GCAM 7.1","CurrentMeasures","Pakistan","Final Energy|Transportation (w/ bunkers)|Electricity","EJ/yr",0.0173491,0.0243776,0.0287455,0.0356363,0.0385378209,0.05445074214,0.07900476556956,0.11433433876553,0.1523339560635,0.1977629613804,0.249205162753,0.301556738553,0.355496592409,0.414775722677,0.480124774074,0.550508706752,0.625086063335,0.703434629098,0.78431570836,0.864855660028
"GCAM 7.1","Reference","Pakistan","Final Energy|Transportation (w/ bunkers)|Electricity","EJ/yr",0.0173491,0.0243776,0.0287455,0.0356363,0.0373233926,0.0514010464,0.07296049747657,0.10571382043591,0.1425291086953,0.188698573848,0.239918579687,0.291292924422,0.343412172075,0.399750790382,0.461517536118,0.527998139736,0.598496851018,0.672482714182,0.748634570827,0.823637000958
"GCAM 7.1","CurrentMeasures","Pakistan","Final Energy|Transportation (w/ bunkers)|Gases","EJ/yr",0.0332703,0.0966951,0.0551171,0.0486167,0.048597034,0.04450849,0.044148135,0.041148048,0.042551119,0.047981405,0.055704867,0.064220469,0.072997226,0.081056599,0.088697776,0.095615115,0.101872289,0.10753895,0.112611985,0.117258911
"GCAM 7.1","Reference","Pakistan","Final Energy|Transportation (w/ bunkers)|Gases","EJ/yr",0.0332703,0.0966951,0.0551171,0.0486167,0.048944823,0.04559691,0.046456148,0.04482425,0.047161088,0.053035602,0.061399071,0.07063343,0.080221479,0.089415249,0.098385634,0.106785831,0.114666995,0.122060154,0.128894526,0.13543417
"GCAM 7.1","CurrentMeasures","Pakistan","Final Energy|Transportation (w/ bunkers)|Hydrogen","EJ/yr",0,0,0,0,0,0.0016844432,0.00911236348825,0.027070206191,0.044294006845,0.06237595133,0.08183367461,0.1022643145,0.123677104,0.1459268561,0.1697251379,0.1946903212,0.2212267171,0.2497943517,0.280318766,0.3110024441
"GCAM 7.1","Reference","Pakistan","Final Energy|Transportation (w/ bunkers)|Hydrogen","EJ/yr",0,0,0,0,0,0.0017834423,0.00933478052199,0.027394177434,0.044886805287,0.06333873176,0.08320952509,0.1040365517,0.125653008,0.1482533902,0.1725136613,0.1981173632,0.2254976677,0.2549968659,0.2864129964,0.3180137695
"GCAM 7.1","CurrentMeasures","Pakistan","Final Energy|Transportation (w/ bunkers)|Liquids","EJ/yr",0.3698196,0.4075261,0.5828053,0.7297863,0.7653036574,0.8351037851,0.8976942273,0.9225016332,0.990687987,1.0771520301,1.198508883,1.357058112,1.546391362,1.755431515,1.978855878,2.20945721,2.444476549,2.685134592,2.928019763,3.167384485
"GCAM 7.1","Reference","Pakistan","Final Energy|Transportation (w/ bunkers)|Liquids","EJ/yr",0.3698196,0.4075261,0.5828053,0.7297863,0.7780545801,0.861463806,0.9445892437,0.9897578938,1.0631719748,1.147943834,1.271261152,1.43293791,1.627735235,1.845776458,2.080148119,2.322409885,2.569382138,2.822588357,3.07870435,3.33377822
"GCAM 7.1","CurrentMeasures","Pakistan","Final Energy|Transportation (w/ bunkers)|Solids","EJ/yr",0,0,0,0,0,0,0,0,0,0,0,0,0,0,0,0,0,0,0,0
"GCAM 7.1","Reference","Pakistan","Final Energy|Transportation (w/ bunkers)|Solids","EJ/yr",0,0,0,0,0,0,0,0,0,0,0,0,0,0,0,0,0,0,0,0
"GCAM 7.1","CurrentMeasures","Pakistan","Final Energy|Transportation (w/ bunkers)|Solids|Coal","EJ/yr",0,0,0,0,0,0,0,0,0,0,0,0,0,0,0,0,0,0,0,0
"GCAM 7.1","Reference","Pakistan","Final Energy|Transportation (w/ bunkers)|Solids|Coal","EJ/yr",0,0,0,0,0,0,0,0,0,0,0,0,0,0,0,0,0,0,0,0
"GCAM 7.1","CurrentMeasures","Pakistan","Final Energy|Transportation|Bus","EJ/yr",0.0594878,0.0982294,0.0987613,0.1167239,0.1325371,0.159317956,0.18151946,0.1916115,0.2225577,0.2666214,0.3199724,0.3758127,0.4293828,0.4728311,0.5087064,0.5358619,0.5548187,0.5667058,0.5724399,0.5737312
"GCAM 7.1","Reference","Pakistan","Final Energy|Transportation|Bus","EJ/yr",0.0594878,0.0982294,0.0987613,0.1167239,0.1312277,0.156854966,0.1777377,0.18693693,0.2180406,0.2622365,0.3156974,0.3717636,0.4256255,0.4693811,0.5055318,0.5329166,0.5520519,0.5640799,0.5699272,0.5712683
"GCAM 7.1","CurrentMeasures","Pakistan","Final Energy|Transportation|Bus|Electricity","EJ/yr",0,0,0,0,0,0.000552608,0.00357583,0.0100352,0.0154187,0.0201561,0.024254,0.0285128,0.0326094,0.0359504,0.038714,0.0408222,0.0423069,0.043241,0.0437026,0.0438348
"GCAM 7.1","Reference","Pakistan","Final Energy|Transportation|Bus|Electricity","EJ/yr",0,0,0,0,0,0.000545018,0.00350907,0.00981213,0.0151396,0.0198652,0.0239781,0.0282605,0.0323883,0.0357573,0.0385472,0.0406801,0.0421857,0.0431352,0.043608,0.043737
"GCAM 7.1","CurrentMeasures","Pakistan","Final Energy|Transportation|Bus|Gases","EJ/yr",0.0181045,0.052618,0.0299927,0.0264555,0.0262943,0.0242021,0.0264568,0.0257726,0.028856,0.0342678,0.0411977,0.0483942,0.0552781,0.0608092,0.065391,0.068858,0.0712999,0.0728456,0.0736122,0.0737753
"GCAM 7.1","Reference","Pakistan","Final Energy|Transportation|Bus|Gases","EJ/yr",0.0181045,0.052618,0.0299927,0.0264555,0.0260306,0.0238158,0.0258894,0.025126,0.0282504,0.0336906,0.040629,0.0478483,0.054743,0.0603128,0.0649261,0.0684244,0.0708943,0.0724601,0.0732377,0.0734118
"GCAM 7.1","CurrentMeasures","Pakistan","Final Energy|Transportation|Bus|Hydrogen","EJ/yr",0,0,0,0,0,0.000817148,0.00490573,0.0126981,0.018041,0.0218448,0.0262947,0.0309167,0.0353643,0.0389825,0.0419804,0.0442677,0.0458869,0.0469112,0.0474231,0.0475671
"GCAM 7.1","Reference","Pakistan","Final Energy|Transportation|Bus|Hydrogen","EJ/yr",0,0,0,0,0,0.000804648,0.00480463,0.0123908,0.0176791,0.0214909,0.0259493,0.0305898,0.0350592,0.038703,0.0417235,0.0440311,0.0456669,0.0467036,0.0472245,0.0473715
"GCAM 7.1","CurrentMeasures","Pakistan","Final Energy|Transportation|Bus|Liquids","EJ/yr",0.0413833,0.0456114,0.0687686,0.0902684,0.1062428,0.1337461,0.1465811,0.1431056,0.160242,0.1903527,0.228226,0.267989,0.306131,0.337089,0.362621,0.381914,0.395325,0.403708,0.407702,0.408554
"GCAM 7.1","Reference","Pakistan","Final Energy|Transportation|Bus|Liquids","EJ/yr",0.0413833,0.0456114,0.0687686,0.0902684,0.1051971,0.1316895,0.1435346,0.139608,0.1569715,0.1871898,0.225141,0.265065,0.303435,0.334608,0.360335,0.379781,0.393305,0.401781,0.405857,0.406748
"GCAM 7.1","CurrentMeasures","Pakistan","Final Energy|Transportation|Domestic Aviation","EJ/yr",0.0023487,0.0021772,0.0021038,0.0013103,0.00149098,0.00198654,0.0024892193,0.00335534568,0.0045030089,0.0059527338,0.007654321,0.009763759,0.012272554,0.01527842,0.01888222,0.02306676,0.02780778,0.03313667,0.03896423,0.04521019
"GCAM 7.1","Reference","Pakistan","Final Energy|Transportation|Domestic Aviation","EJ/yr",0.0023487,0.0021772,0.0021038,0.0013103,0.00148597,0.00197689,0.00247388246,0.00333345334,0.0044793554,0.0059298602,0.007629051,0.009733481,0.012237298,0.01523832,0.01883887,0.02301694,0.02775028,0.03307579,0.03890461,0.04515492
"GCAM 7.1","CurrentMeasures","Pakistan","Final Energy|Transportation|Domestic Aviation|Electricity","EJ/yr",0,0,0,0,0,0,2.32048e-06,7.8767e-06,2.65681e-05,8.50821e-05,0.000208905,0.000460065,0.000872773,0.00144722,0.00215083,0.00291813,0.00373966,0.00465796,0.0056808,0.00686017
"GCAM 7.1","Reference","Pakistan","Final Energy|Transportation|Domestic Aviation|Electricity","EJ/yr",0,0,0,0,0,0,2.59133e-06,8.90322e-06,3.03197e-05,9.74452e-05,0.000238453,0.000520763,0.000982737,0.00162102,0.00240496,0.00327377,0.00421752,0.00527231,0.0064402,0.00770567
"GCAM 7.1","CurrentMeasures","Pakistan","Final Energy|Transportation|Domestic Aviation|Hydrogen","EJ/yr",0,0,0,0,0,0,1.01882e-06,4.33898e-06,1.84008e-05,7.11017e-05,0.000176406,0.000386764,0.000733181,0.0011978,0.00176589,0.00238693,0.00307722,0.00385221,0.00471373,0.00564942
"GCAM 7.1","Reference","Pakistan","Final Energy|Transportation|Domestic Aviation|Hydrogen","EJ/yr",0,0,0,0,0,0,1.02113e-06,4.36012e-06,1.85457e-05,7.2135e-05,0.000178478,0.000389378,0.000730361,0.0011904,0.00175071,0.00236487,0.00304936,0.00381678,0.00466461,0.00559175
"GCAM 7.1","CurrentMeasures","Pakistan","Final Energy|Transportation|Domestic Aviation|Liquids","EJ/yr",0.0023487,0.0021772,0.0021038,0.0013103,0.00149098,0.00198654,0.00248588,0.00334313,0.00445804,0.00579655,0.00726901,0.00891693,0.0106666,0.0126334,0.0149655,0.0177617,0.0209909,0.0246265,0.0285697,0.0327006
"GCAM 7.1","Reference","Pakistan","Final Energy|Transportation|Domestic Aviation|Liquids","EJ/yr",0.0023487,0.0021772,0.0021038,0.0013103,0.00148597,0.00197689,0.00247027,0.00332019,0.00443049,0.00576028,0.00721212,0.00882334,0.0105242,0.0124269,0.0146832,0.0173783,0.0204834,0.0239867,0.0277998,0.0318575
"GCAM 7.1","CurrentMeasures","Pakistan","Final Energy|Transportation|Domestic Shipping","EJ/yr",0.0064436,0.014056,0.0097164,0.0023319,0.0023559264,0.002544898,0.00267812134749,0.00287545065013,0.0031503771275,0.0034523993504,0.003753146003,0.004104338253,0.004467304009,0.004835507777,0.005210976374,0.005576615652,0.005932905535,0.006292898998,0.00664875546,0.007002641328
"GCAM 7.1","Reference","Pakistan","Final Energy|Transportation|Domestic Shipping","EJ/yr",0.0064436,0.014056,0.0097164,0.0023319,0.0023560741,0.002545075,0.00267838236962,0.00287574513051,0.0031495400883,0.003452147558,0.003753042037,0.004104153072,0.004467181375,0.004835538882,0.005211105518,0.005576308136,0.005932016418,0.006291833382,0.006647745227,0.007001846458
"GCAM 7.1","CurrentMeasures","Pakistan","Final Energy|Transportation|Domestic Shipping|Electricity","EJ/yr",0,0,0,0,0,0,2.32219e-09,6.74613e-09,2.28685e-08,7.10204e-08,1.52093e-07,2.37553e-07,3.07709e-07,3.68977e-07,4.31474e-07,4.84452e-07,5.38435e-07,5.97298e-07,6.6246e-07,7.41228e-07
"GCAM 7.1","Reference","Pakistan","Final Energy|Transportation|Domestic Shipping|Electricity","EJ/yr",0,0,0,0,0,0,2.72852e-09,8.07451e-09,2.77653e-08,8.6698e-08,1.85147e-07,2.86872e-07,3.70375e-07,4.42682e-07,5.18218e-07,5.86936e-07,6.59718e-07,7.37482e-07,8.20827e-07,9.04958e-07
"GCAM 7.1","CurrentMeasures","Pakistan","Final Energy|Transportation|Domestic Shipping|Hydrogen","EJ/yr",0,0,0,0,0,0,3.90253e-08,1.43904e-07,6.74259e-07,2.84833e-06,6.28391e-06,9.9607e-06,1.30863e-05,1.54988e-05,1.81649e-05,2.04312e-05,2.31071e-05,2.61917e-05,2.9673e-05,3.32801e-05
"GCAM 7.1","Reference","Pakistan","Final Energy|Transportation|Domestic Shipping|Hydrogen","EJ/yr",0,0,0,0,0,0,3.96411e-08,1.47056e-07,6.92323e-07,2.96086e-06,6.51689e-06,1.02862e-05,1.3321e-05,1.57962e-05,1.85173e-05,2.09112e-05,2.37767e-05,2.70359e-05,3.06144e-05,3.42715e-05
"GCAM 7.1","CurrentMeasures","Pakistan","Final Energy|Transportation|Domestic Shipping|Liquids","EJ/yr",0.0064436,0.014056,0.0097164,0.0023319,0.0023559264,0.002544898,0.00267808,0.0028753,0.00314968,0.00344948,0.00374671,0.00409414,0.00445391,0.00481964,0.00519238,0.0055557,0.00590926,0.00626611,0.00661842,0.00696862
"GCAM 7.1","Reference","Pakistan","Final Energy|Transportation|Domestic Shipping|Liquids","EJ/yr",0.0064436,0.014056,0.0097164,0.0023319,0.0023560741,0.002545075,0.00267834,0.00287559,0.00314882,0.0034491,0.00374634,0.00409358,0.00445349,0.0048193,0.00519207,0.00555481,0.00590758,0.00626406,0.00661631,0.00696667
"GCAM 7.1","CurrentMeasures","Pakistan","Final Energy|Transportation|Electricity","EJ/yr",0.0173491,0.0243776,0.0287455,0.0356363,0.0385378209,0.05445074214,0.07900476241,0.11433432132,0.15233379987,0.1977613272,0.24920120628,0.30154806068,0.3554799268,0.4147478068,0.4800833584,0.550453466,0.6250171321,0.7033514667,0.7842175608,0.8647406688
"GCAM 7.1","Reference","Pakistan","Final Energy|Transportation|Electricity","EJ/yr",0.0173491,0.0243776,0.0287455,0.0356363,0.0373233926,0.0514010464,0.07296049382,0.10571380037,0.14252893036,0.1886967159,0.23991409042,0.29128313622,0.343393426,0.399719463,0.4614710345,0.5279357902,0.5984185134,0.6723877496,0.748522243,0.823506606
"GCAM 7.1","CurrentMeasures","Pakistan","Final Energy|Transportation|Freight","EJ/yr",0.132199,0.1456814,0.2196453,0.288315,0.31320791,0.37167538234,0.43678069673,0.49850770774,0.58009244813,0.6685969661,0.76975692,0.896100109,1.045302658,1.211420373,1.392015769,1.581994619,1.779621865,1.98622678,2.19960931,2.41031589
"GCAM 7.1","Reference","Pakistan","Final Energy|Transportation|Freight","EJ/yr",0.132199,0.1456814,0.2196453,0.288315,0.31321685,0.3716676379,0.43655321159,0.49736303505,0.57763148473,0.6644191813,0.763706711,0.888427083,1.036330958,1.201266641,1.380497884,1.568614828,1.763837918,1.96773531,2.17841269,2.38709573
"GCAM 7.1","CurrentMeasures","Pakistan","Final Energy|Transportation|Freight|Electricity","EJ/yr",2.19e-05,0,0,0,0,0.00028436814,0.00236940813,0.01081093522,0.02328423174,0.0459277455,0.068618978,0.091019093,0.11290531,0.13547064,0.16053879,0.1877551,0.21690995,0.24805558,0.28110168,0.31485417
"GCAM 7.1","Reference","Pakistan","Final Energy|Transportation|Freight|Electricity","EJ/yr",2.19e-05,0,0,0,0,0.0002957686,0.00250781689,0.01152804235,0.0249278794,0.0492031983,0.073408437,0.097144227,0.1202893,0.14407987,0.17056965,0.19959846,0.23100173,0.2646939,0.30037712,0.33592034
"GCAM 7.1","CurrentMeasures","Pakistan","Final Energy|Transportation|Freight|Gases","EJ/yr",0,0,0,0,0,0,0,0,0,0,0,0,0,0,0,0,0,0,0,0
"GCAM 7.1","Reference","Pakistan","Final Energy|Transportation|Freight|Gases","EJ/yr",0,0,0,0,0,0,0,0,0,0,0,0,0,0,0,0,0,0,0,0
"GCAM 7.1","CurrentMeasures","Pakistan","Final Energy|Transportation|Freight|Hydrogen","EJ/yr",0,0,0,0,0,0.0004270682,0.0032574246,0.01293237052,0.02415161639,0.0376718806,0.051595222,0.066066086,0.081392588,0.097993743,0.116396409,0.136348499,0.158199385,0.18232035,0.20858594,0.23530018
"GCAM 7.1","Reference","Pakistan","Final Energy|Transportation|Freight|Hydrogen","EJ/yr",0,0,0,0,0,0.0004282943,0.0032735527,0.0129767347,0.02419252533,0.037719733,0.051580784,0.065939326,0.080937888,0.097256111,0.115395924,0.135149318,0.156897298,0.18090279,0.20693976,0.23342042
"GCAM 7.1","CurrentMeasures","Pakistan","Final Energy|Transportation|Freight|Solids","EJ/yr",0,0,0,0,0,0,0,0,0,0,0,0,0,0,0,0,0,0,0,0
"GCAM 7.1","Reference","Pakistan","Final Energy|Transportation|Freight|Solids","EJ/yr",0,0,0,0,0,0,0,0,0,0,0,0,0,0,0,0,0,0,0,0
"GCAM 7.1","CurrentMeasures","Pakistan","Final Energy|Transportation|Freight|Solids|Coal","EJ/yr",0,0,0,0,0,0,0,0,0,0,0,0,0,0,0,0,0,0,0,0
"GCAM 7.1","Reference","Pakistan","Final Energy|Transportation|Freight|Solids|Coal","EJ/yr",0,0,0,0,0,0,0,0,0,0,0,0,0,0,0,0,0,0,0,0
"GCAM 7.1","CurrentMeasures","Pakistan","Final Energy|Transportation|Gases","EJ/yr",0.0332703,0.0966951,0.0551171,0.0486167,0.048597034,0.04450849,0.044148135,0.041148048,0.042551119,0.047981405,0.055704867,0.064220469,0.072997226,0.081056599,0.088697776,0.095615115,0.101872289,0.10753895,0.112611985,0.117258911
"GCAM 7.1","Reference","Pakistan","Final Energy|Transportation|Gases","EJ/yr",0.0332703,0.0966951,0.0551171,0.0486167,0.048944823,0.04559691,0.046456148,0.04482425,0.047161088,0.053035602,0.061399071,0.07063343,0.080221479,0.089415249,0.098385634,0.106785831,0.114666995,0.122060154,0.128894526,0.13543417
"GCAM 7.1","CurrentMeasures","Pakistan","Final Energy|Transportation|Hydrogen","EJ/yr",0,0,0,0,0,0.0016844432,0.00911232342,0.0270700268,0.04429242709,0.0623562883,0.0817860903,0.1021630849,0.1234872457,0.1456175463,0.169272927,0.194091894,0.220477866,0.248888132,0.279247003,0.309755974
"GCAM 7.1","Reference","Pakistan","Final Energy|Transportation|Hydrogen","EJ/yr",0,0,0,0,0,0.0017834423,0.00933473983,0.02739399452,0.04488519633,0.0633186473,0.0831609913,0.1039335982,0.125461421,0.147941117,0.172057112,0.19751209,0.224738364,0.254076613,0.285324882,0.316749408
"GCAM 7.1","CurrentMeasures","Pakistan","Final Energy|Transportation|Light-Duty Vehicle","EJ/yr",0.1614889,0.2049615,0.2682779,0.3414877,0.3368387678,0.3289378155,0.3280061597,0.317456337,0.31008808023,0.307599595,0.31963298118,0.33724651008,0.3610881608,0.3949282678,0.4354861844,0.480904004,0.5301563231,0.5823205347,0.6354395118,0.6878343098
"GCAM 7.1","Reference","Pakistan","Final Energy|Transportation|Light-Duty Vehicle","EJ/yr",0.1614889,0.2049615,0.2682779,0.3414877,0.349015819,0.3529893509,0.3690274656,0.3754805948,0.37115709926,0.3676504038,0.38074624302,0.39929113622,0.424632347,0.461744299,0.5065794955,0.5568247162,0.6113638234,0.6691441186,0.727932846,0.786573582
"GCAM 7.1","CurrentMeasures","Pakistan","Final Energy|Transportation|Light-Duty Vehicle|Electricity","EJ/yr",0.0173074,0.0243776,0.0287455,0.0356363,0.0384321078,0.0517687745,0.0682096477,0.085320366,0.10179759823,0.1165826526,0.13659339328,0.15678195968,0.1781210348,0.2031023668,0.2305582184,0.259916126,0.2906172421,0.3221048167,0.3533438208,0.3823933788
"GCAM 7.1","Reference","Pakistan","Final Energy|Transportation|Light-Duty Vehicle|Electricity","EJ/yr",0.0173074,0.0243776,0.0287455,0.0356363,0.037307009,0.0493721199,0.0639624966,0.0796006428,0.09576707926,0.1111247364,0.13142179342,0.15155366322,0.172384673,0.196420104,0.2226632065,0.2506575272,0.2798714134,0.3097434396,0.339264263,0.367068776
"GCAM 7.1","CurrentMeasures","Pakistan","Final Energy|Transportation|Light-Duty Vehicle|Gases","EJ/yr",0.0120118,0.0349105,0.0198993,0.0175524,0.01762862,0.01591423,0.01364791,0.011526924,0.00976053,0.009302269,0.009172511,0.009346508,0.009857744,0.010682777,0.011758447,0.012955732,0.014270343,0.015670044,0.017098575,0.018567188
"GCAM 7.1","Reference","Pakistan","Final Energy|Transportation|Light-Duty Vehicle|Gases","EJ/yr",0.0120118,0.0349105,0.0198993,0.0175524,0.01810639,0.0169818,0.01562234,0.014381174,0.013010677,0.012611738,0.01258027,0.012865681,0.013528325,0.01465063,0.016099748,0.017706084,0.019466129,0.021330884,0.023217506,0.02516811
"GCAM 7.1","CurrentMeasures","Pakistan","Final Energy|Transportation|Light-Duty Vehicle|Hydrogen","EJ/yr",0,0,0,0,0,0.000320181,0.000667352,0.000968632,0.001326723,0.0016411834,0.0020792269,0.0025758824,0.003130602,0.003789014,0.004544349,0.005397546,0.006344168,0.007379934,0.008486296,0.009547783
"GCAM 7.1","Reference","Pakistan","Final Energy|Transportation|Light-Duty Vehicle|Hydrogen","EJ/yr",0,0,0,0,0,0.000393871,0.000863339,0.001321559,0.001839845,0.0022954294,0.0029170296,0.003601782,0.004349869,0.005235545,0.006250031,0.007394965,0.008665061,0.010052825,0.011529717,0.012959516
"GCAM 7.1","CurrentMeasures","Pakistan","Final Energy|Transportation|Light-Duty Vehicle|Liquids","EJ/yr",0.1321697,0.1456734,0.2196331,0.288299,0.28077804,0.26093463,0.24548125,0.219640415,0.197203229,0.18007349,0.17178785,0.16854216,0.16997878,0.17735411,0.18862517,0.2026346,0.21892457,0.23716574,0.25651082,0.27732596
"GCAM 7.1","Reference","Pakistan","Final Energy|Transportation|Light-Duty Vehicle|Liquids","EJ/yr",0.1321697,0.1456734,0.2196331,0.288299,0.29360242,0.28624156,0.28857929,0.280177219,0.260539498,0.2416185,0.23382715,0.23127001,0.23436948,0.24543802,0.26156651,0.28106614,0.30336122,0.32801697,0.35392136,0.38137718
"GCAM 7.1","CurrentMeasures","Pakistan","Final Energy|Transportation|Liquids","EJ/yr",0.3255809,0.3584338,0.5392349,0.7063696,0.740796931,0.8061832871,0.8638347473,0.8798935332,0.936773807,1.0093032501,1.114123073,1.252660972,1.418750452,1.601696875,1.796155498,1.99570151,2.198010289,2.404295482,2.611694343,2.814745865
"GCAM 7.1","Reference","Pakistan","Final Energy|Transportation|Liquids","EJ/yr",0.3255809,0.3584338,0.5392349,0.7063696,0.753546906,0.832542031,0.9107278037,0.9471473038,1.0092659548,1.080097634,1.186876012,1.32854333,1.500097745,1.692045158,1.897453049,2.108674075,2.322953558,2.541798297,2.76243204,2.98118955
"GCAM 7.1","CurrentMeasures","Pakistan","Final Energy|Transportation|Passenger","EJ/yr",0.2440013,0.3338251,0.4034522,0.5023076,0.5147238759,0.5351515801,0.5593192714,0.56393822158,0.59585870483,0.6488053045,0.73105831658,0.82449247758,0.9254121925,1.0316984541,1.1421937904,1.253867366,1.3657557111,1.4778472507,1.5881615818,1.6961855288
"GCAM 7.1","Reference","Pakistan","Final Energy|Transportation|Passenger","EJ/yr",0.2440013,0.3338251,0.4034522,0.5023076,0.5265982716,0.5596557918,0.60292597376,0.62771631364,0.66620968476,0.7207294179,0.80764345372,0.90596641142,1.012843113,1.127854346,1.2488689455,1.3722929582,1.4969395124,1.6225875036,1.746761001,1.869784004
"GCAM 7.1","CurrentMeasures","Pakistan","Final Energy|Transportation|Passenger|Electricity","EJ/yr",0.0173272,0.0243776,0.0287455,0.0356363,0.0385378209,0.054166374,0.07663535428,0.1035233861,0.12904956813,0.1518335817,0.18058222828,0.21052896768,0.2425746168,0.2792771668,0.3195445684,0.362698366,0.4081071821,0.4552958867,0.5031158808,0.5498864988
"GCAM 7.1","Reference","Pakistan","Final Energy|Transportation|Passenger|Electricity","EJ/yr",0.0173272,0.0243776,0.0287455,0.0356363,0.0373233926,0.0511052778,0.07045267693,0.09418575802,0.11760105096,0.1394935176,0.16650565342,0.19413890922,0.223104126,0.255639593,0.2909013845,0.3283373302,0.3674167834,0.4076938496,0.448145123,0.487586266
"GCAM 7.1","CurrentMeasures","Pakistan","Final Energy|Transportation|Passenger|Gases","EJ/yr",0.0332703,0.0966951,0.0551171,0.0486167,0.048597034,0.04450849,0.044148135,0.041148048,0.042551119,0.047981405,0.055704867,0.064220469,0.072997226,0.081056599,0.088697776,0.095615115,0.101872289,0.10753895,0.112611985,0.117258911
"GCAM 7.1","Reference","Pakistan","Final Energy|Transportation|Passenger|Gases","EJ/yr",0.0332703,0.0966951,0.0551171,0.0486167,0.048944823,0.04559691,0.046456148,0.04482425,0.047161088,0.053035602,0.061399071,0.07063343,0.080221479,0.089415249,0.098385634,0.106785831,0.114666995,0.122060154,0.128894526,0.13543417
"GCAM 7.1","CurrentMeasures","Pakistan","Final Energy|Transportation|Passenger|Hydrogen","EJ/yr",0,0,0,0,0,0.001257375,0.00585489882,0.01413765628,0.0201408107,0.0246844077,0.0301908683,0.0360969989,0.0420946577,0.0476238033,0.052876518,0.057743395,0.062278481,0.066567782,0.070661063,0.074455794
"GCAM 7.1","Reference","Pakistan","Final Energy|Transportation|Passenger|Hydrogen","EJ/yr",0,0,0,0,0,0.001355148,0.00606118713,0.01441725982,0.020692671,0.0255989143,0.0315802073,0.0379942722,0.044523533,0.050685006,0.056661188,0.062362772,0.067841066,0.073173823,0.078385122,0.083328988
"GCAM 7.1","CurrentMeasures","Pakistan","Final Energy|Transportation|Passenger|Liquids","EJ/yr",0.1934038,0.2127524,0.3195896,0.4180546,0.427589021,0.4352193411,0.4326808833,0.4051291312,0.404117207,0.4243059101,0.464580353,0.513646042,0.567745692,0.623740885,0.681074928,0.73781049,0.793497759,0.848444632,0.901772653,0.954584325
"GCAM 7.1","Reference","Pakistan","Final Energy|Transportation|Passenger|Liquids","EJ/yr",0.1934038,0.2127524,0.3195896,0.4180546,0.440330056,0.461598456,0.4799559617,0.4742890458,0.4807548748,0.502601384,0.548158522,0.6031998,0.664993975,0.732114498,0.802920739,0.874807025,0.947014668,1.019659677,1.09133623,1.16343458
"GCAM 7.1","CurrentMeasures","Pakistan","Final Energy|Transportation|Rail","EJ/yr",0.0038617,0.0042103,0.0063478,0.0083324,0.0087091459,0.0101545177,0.011261465,0.012637111,0.01456985,0.016677992,0.018908922,0.0214331,0.02410531,0.02701182,0.03020688,0.03362761,0.03737627,0.04163692,0.04641988,0.05207198
"GCAM 7.1","Reference","Pakistan","Final Energy|Transportation|Rail","EJ/yr",0.0038617,0.0042103,0.0063478,0.0083324,0.0086929836,0.0101301119,0.011241429,0.012630614,0.014587335,0.016724109,0.018982736,0.02153507,0.02423823,0.02718365,0.03042896,0.03391618,0.03774948,0.04210909,0.04699778,0.05271507
"GCAM 7.1","CurrentMeasures","Pakistan","Final Energy|Transportation|Rail|Electricity","EJ/yr",4.17e-05,0,0,0,1.63959e-05,0.0001228482,0.000408126,0.000761462,0.001099608,0.001536563,0.00208491,0.00283855,0.00383269,0.00513345,0.00680904,0.00887309,0.01137758,0.01441174,0.01801041,0.02228694
"GCAM 7.1","Reference","Pakistan","Final Energy|Transportation|Rail|Electricity","EJ/yr",4.17e-05,0,0,0,1.63836e-05,0.0001250783,0.000420693,0.000788676,0.001140301,0.001592191,0.0021567,0.00292915,0.00394877,0.00528093,0.00699925,0.00912311,0.01170471,0.01482827,0.01852399,0.02286104
"GCAM 7.1","CurrentMeasures","Pakistan","Final Energy|Transportation|Rail|Hydrogen","EJ/yr",0,0,0,0,0,6.12705e-05,0.000254453,0.000461129,0.000601512,0.000722989,0.000864722,0.00103391,0.00122003,0.00141658,0.00163594,0.00185753,0.00209032,0.00234276,0.00260884,0.0029161
"GCAM 7.1","Reference","Pakistan","Final Energy|Transportation|Rail|Hydrogen","EJ/yr",0,0,0,0,0,6.13966e-05,0.000255958,0.000465418,0.000607594,0.000731568,0.000874556,0.00104469,0.00122903,0.00142745,0.00164875,0.00187363,0.00211081,0.00236762,0.00263663,0.00294562
"GCAM 7.1","CurrentMeasures","Pakistan","Final Energy|Transportation|Rail|Liquids","EJ/yr",0.00382,0.0042103,0.0063478,0.0083324,0.00869275,0.009970399,0.010598886,0.01141452,0.01286873,0.01441844,0.01595929,0.01756064,0.01905259,0.02046179,0.0217619,0.02289699,0.02390837,0.02488242,0.02580063,0.02686894
"GCAM 7.1","Reference","Pakistan","Final Energy|Transportation|Rail|Liquids","EJ/yr",0.00382,0.0042103,0.0063478,0.0083324,0.0086766,0.009943637,0.010564778,0.01137652,0.01283944,0.01440035,0.01595148,0.01756123,0.01906043,0.02047527,0.02178096,0.02291944,0.02393396,0.0249132,0.02583716,0.02690841
"GCAM 7.1","CurrentMeasures","Pakistan","Final Energy|Transportation|Rail|Solids","EJ/yr",0,0,0,0,0,0,0,0,0,0,0,0,0,0,0,0,0,0,0,0
"GCAM 7.1","Reference","Pakistan","Final Energy|Transportation|Rail|Solids","EJ/yr",0,0,0,0,0,0,0,0,0,0,0,0,0,0,0,0,0,0,0,0
"GCAM 7.1","CurrentMeasures","Pakistan","Final Energy|Transportation|Rail|Solids|Coal","EJ/yr",0,0,0,0,0,0,0,0,0,0,0,0,0,0,0,0,0,0,0,0
"GCAM 7.1","Reference","Pakistan","Final Energy|Transportation|Rail|Solids|Coal","EJ/yr",0,0,0,0,0,0,0,0,0,0,0,0,0,0,0,0,0,0,0,0
"GCAM 7.1","CurrentMeasures","Pakistan","Final Energy|Transportation|Solids","EJ/yr",0,0,0,0,0,0,0,0,0,0,0,0,0,0,0,0,0,0,0,0
"GCAM 7.1","Reference","Pakistan","Final Energy|Transportation|Solids","EJ/yr",0,0,0,0,0,0,0,0,0,0,0,0,0,0,0,0,0,0,0,0
"GCAM 7.1","CurrentMeasures","Pakistan","Final Energy|Transportation|Solids|Coal","EJ/yr",0,0,0,0,0,0,0,0,0,0,0,0,0,0,0,0,0,0,0,0
"GCAM 7.1","Reference","Pakistan","Final Energy|Transportation|Solids|Coal","EJ/yr",0,0,0,0,0,0,0,0,0,0,0,0,0,0,0,0,0,0,0,0
"GCAM 7.1","CurrentMeasures","Pakistan","Final Energy|Transportation|Truck","EJ/yr",0.1490132,0.1699281,0.2476067,0.3227683,0.3483557922,0.40643013324,0.47282366413,0.53738563564,0.62423251383,0.7205505498,0.8346466124,0.9763365175,1.1438660257,1.3330692193,1.540927875,1.762401711,1.995218503,2.240274106,2.49450737,2.747653739
"GCAM 7.1","Reference","Pakistan","Final Energy|Transportation|Truck","EJ/yr",0.1490132,0.1699281,0.2476067,0.3227683,0.349392649,0.4093721109,0.47899870829,0.54669775655,0.63557677983,0.7326077262,0.8482947347,0.9920702072,1.162440696,1.355573618,1.567987704,1.79423335,2.031861947,2.281913915,2.541411255,2.801167862
"GCAM 7.1","CurrentMeasures","Pakistan","Final Energy|Transportation|Truck|Electricity","EJ/yr",0,0,0,0,8.93172e-05,0.00200651144,0.00680883823,0.01820941662,0.03399132554,0.0594009295,0.086059998,0.112954686,0.140044029,0.16911437,0.20185127,0.23792392,0.27697575,0.31893595,0.36347993,0.40936538
"GCAM 7.1","Reference","Pakistan","Final Energy|Transportation|Truck|Electricity","EJ/yr",0,0,0,0,0,0.0013588302,0.00506564289,0.01550344835,0.0304516304,0.0560171433,0.082119044,0.10801906,0.133688946,0.160640109,0.190856418,0.224201283,0.26043917,0.29940853,0.34068579,0.38213412
"GCAM 7.1","CurrentMeasures","Pakistan","Final Energy|Transportation|Truck|Gases","EJ/yr",0.003154,0.0091666,0.0052251,0.0046088,0.004674114,0.00439216,0.004043425,0.003848524,0.003934589,0.004411336,0.005334656,0.006479761,0.007861382,0.009564622,0.011548329,0.013801383,0.016302046,0.019023306,0.02190121,0.024916423
"GCAM 7.1","Reference","Pakistan","Final Energy|Transportation|Truck|Gases","EJ/yr",0.003154,0.0091666,0.0052251,0.0046088,0.004807833,0.00479931,0.004944408,0.005317076,0.005900011,0.006733264,0.008189801,0.009919449,0.011950154,0.014451819,0.017359786,0.020655347,0.024306566,0.02826917,0.03243932,0.03685426
"GCAM 7.1","CurrentMeasures","Pakistan","Final Energy|Transportation|Truck|Hydrogen","EJ/yr",0,0,0,0,0,0.0004858437,0.0032837696,0.01293782682,0.02430479129,0.0380762142,0.0523710354,0.0672498285,0.0830391327,0.1002316523,0.119346348,0.140182188,0.163079258,0.188402028,0.216015037,0.244075571
"GCAM 7.1","Reference","Pakistan","Final Energy|Transportation|Truck|Hydrogen","EJ/yr",0,0,0,0,0,0.0005235267,0.0034097917,0.0132118574,0.02474011163,0.0387286149,0.0532416277,0.0683079482,0.084092961,0.101384722,0.120684121,0.141847525,0.165246233,0.191135788,0.219269425,0.247881022
"GCAM 7.1","CurrentMeasures","Pakistan","Final Energy|Transportation|Truck|Liquids","EJ/yr",0.1458592,0.1607615,0.2423816,0.3181595,0.343592361,0.3995456181,0.4586876313,0.5023898682,0.562001808,0.6186620701,0.690880923,0.789652242,0.912921482,1.054158575,1.208181928,1.37049422,1.538861449,1.713912822,1.893111193,2.069296365
"GCAM 7.1","Reference","Pakistan","Final Energy|Transportation|Truck|Liquids","EJ/yr",0.1458592,0.1607615,0.2423816,0.3181595,0.344584816,0.402690444,0.4655788657,0.5126653748,0.5744850268,0.631128704,0.704744262,0.80582375,0.932708635,1.079096968,1.239087379,1.407529195,1.581869978,1.763100427,1.94901672,2.13429846
"GCAM 7.1","CurrentMeasures","Pakistan","Investment|Energy Supply","billion USD_2010/yr",0,0,41.991095414485,556.291315858668,66.6542749052701,104.324723765928,116.329309446548,151.559557428069,178.923269719296,186.289190240242,189.556286631777,261.666850447038,316.753644809042,369.265254809107,413.964542239052,438.063626816267,447.523137722188,486.532497568778,511.08679522669,545.022933675822
"GCAM 7.1","Reference","Pakistan","Investment|Energy Supply","billion USD_2010/yr",0,0,41.991095414485,556.291315858668,68.6886224295482,109.509883123864,129.137312611991,166.869311521146,200.595955955546,214.038181969726,218.570647842266,298.964873913702,357.667731248847,413.89375134732,468.505715882688,498.570621128493,512.39832278099,551.240882557145,572.692291445171,597.566330787319
"GCAM 7.1","CurrentMeasures","Pakistan","Investment|Energy Supply|Electricity","billion USD_2010/yr",0,0,0,113.363268541318,4.94497445860721,12.7204993834043,13.9152319181047,21.192151878122,25.7081991752684,25.4668954844215,22.7082093218714,36.8203338589604,46.3703125451837,55.5200051623617,63.4585590311093,66.4513719466118,66.9133348533778,75.5243283052883,79.9601146359137,86.9494615225243
"GCAM 7.1","Reference","Pakistan","Investment|Energy Supply|Electricity","billion USD_2010/yr",0,0,0,113.363268541318,4.62851322422792,11.9885665042244,14.3645571690521,20.8729402576202,26.0372927542028,26.7945418631768,24.6741412410356,38.771688109663,47.9298291742611,56.929800051336,66.2330235422995,70.4066798863879,72.045593487954,79.8515068609045,83.7449596841396,87.9118010105416
"GCAM 7.1","CurrentMeasures","Pakistan","Investment|Energy Supply|Electricity|Biomass","billion USD_2010/yr",0,0,0,0.486977092975221,0.0353293243039262,0.110521150846884,0.160543441650576,0.320118305352412,0.461694169872469,0.490663970230332,0.403328053154216,0.740750343076689,0.982087322826661,1.22330829509442,1.46200294966239,1.55267190684092,1.5871223379209,1.95812263745866,2.12685237665863,2.44863071029869
"GCAM 7.1","Reference","Pakistan","Investment|Energy Supply|Electricity|Biomass","billion USD_2010/yr",0,0,0,0.486977092975221,0.0537349719316095,0.124536189930773,0.159996327112934,0.27772291148993,0.383177819827238,0.386111437210758,0.292638056204081,0.563906993600353,0.714678849118278,0.868164711289069,1.05215309357927,1.10613323836868,1.12343206266174,1.34660775779997,1.42012607545001,1.4711971962017
"GCAM 7.1","CurrentMeasures","Pakistan","Investment|Energy Supply|Electricity|Biomass|w/o CCS","billion USD_2010/yr",0,0,0,0.486977092975221,0.0353293243039262,0.110521150846884,0.160543441650576,0.320118305352412,0.461694169872469,0.490663970230332,0.403328053154216,0.740750343076689,0.982087322826661,1.22330829509442,1.46200294966239,1.55267190684092,1.5871223379209,1.95812263745866,2.12685237665863,2.44863071029869
"GCAM 7.1","Reference","Pakistan","Investment|Energy Supply|Electricity|Biomass|w/o CCS","billion USD_2010/yr",0,0,0,0.486977092975221,0.0537349719316095,0.124536189930773,0.159996327112934,0.27772291148993,0.383177819827238,0.386111437210758,0.292638056204081,0.563906993600353,0.714678849118278,0.868164711289069,1.05215309357927,1.10613323836868,1.12343206266174,1.34660775779997,1.42012607545001,1.4711971962017
"GCAM 7.1","CurrentMeasures","Pakistan","Investment|Energy Supply|Electricity|Coal","billion USD_2010/yr",0,0,0,7.23686884882795,0.487588183449985,1.1986163483589,1.46105884398181,2.52065611978607,3.19545704007242,3.04591014161598,2.357185424219,4.0375578662682,5.0083264215998,5.85966876204015,6.5814071772952,6.61216912051542,6.40518120724771,7.5104904632871,7.73880528254765,8.5059954307803
"GCAM 7.1","Reference","Pakistan","Investment|Energy Supply|Electricity|Coal","billion USD_2010/yr",0,0,0,7.23686884882795,0.887671539586296,1.88737997448607,2.27627473725335,3.72184933092951,4.82528084931999,4.60880227882907,3.44549345908937,6.43179034795647,7.87897371032173,9.23915811856153,10.7756881955821,10.9424153556534,10.7281030019141,12.4216618594059,12.6096189291824,12.6374020998617
"GCAM 7.1","CurrentMeasures","Pakistan","Investment|Energy Supply|Electricity|Coal|w/o CCS","billion USD_2010/yr",0,0,0,7.23686884882795,0.487588183449985,1.1986163483589,1.46105884398181,2.52065611978607,3.19545704007242,3.04591014161598,2.357185424219,4.0375578662682,5.0083264215998,5.85966876204015,6.5814071772952,6.61216912051542,6.40518120724771,7.5104904632871,7.73880528254765,8.5059954307803
"GCAM 7.1","Reference","Pakistan","Investment|Energy Supply|Electricity|Coal|w/o CCS","billion USD_2010/yr",0,0,0,7.23686884882795,0.887671539586296,1.88737997448607,2.27627473725335,3.72184933092951,4.82528084931999,4.60880227882907,3.44549345908937,6.43179034795647,7.87897371032173,9.23915811856153,10.7756881955821,10.9424153556534,10.7281030019141,12.4216618594059,12.6096189291824,12.6374020998617
"GCAM 7.1","CurrentMeasures","Pakistan","Investment|Energy Supply|Electricity|Fossil","billion USD_2010/yr",0,0,0,94.6393728832552,0.838998018318568,2.05333285942028,2.41034880434191,4.01300127353407,4.99925540131317,4.63443854572036,3.49450176940856,5.91837051202556,7.20216149942563,8.21996871887717,9.06514983704377,8.89178589091811,8.43922232366541,9.74753878177074,9.92542100038698,10.6154809140036
"GCAM 7.1","Reference","Pakistan","Investment|Energy Supply|Electricity|Fossil","billion USD_2010/yr",0,0,0,94.6393728832552,1.52572442760055,3.21722198597517,3.7376550621357,5.90309917523114,7.51913806915204,7.00846410993345,5.10241321832851,9.40976304459122,11.2653078448365,12.8976324219829,14.7724142293147,14.6550311765536,14.0883009677513,16.0751531978471,16.1217048755249,16.0807327432974
"GCAM 7.1","CurrentMeasures","Pakistan","Investment|Energy Supply|Electricity|Fossil|w/o CCS","billion USD_2010/yr",0,0,0,94.6393728832552,0.838998018318568,2.05333285942028,2.41034880434191,4.01300127353407,4.99925540131317,4.63443854572036,3.49450176940856,5.91837051202556,7.20216149942563,8.21996871887717,9.06514983704377,8.89178589091811,8.43922232366541,9.74753878177074,9.92542100038698,10.6154809140036
"GCAM 7.1","Reference","Pakistan","Investment|Energy Supply|Electricity|Fossil|w/o CCS","billion USD_2010/yr",0,0,0,94.6393728832552,1.52572442760055,3.21722198597517,3.7376550621357,5.90309917523114,7.51913806915204,7.00846410993345,5.10241321832851,9.40976304459122,11.2653078448365,12.8976324219829,14.7724142293147,14.6550311765536,14.0883009677513,16.0751531978471,16.1217048755249,16.0807327432974
"GCAM 7.1","CurrentMeasures","Pakistan","Investment|Energy Supply|Electricity|Gas","billion USD_2010/yr",0,0,0,49.4553567025875,0.258373919339271,0.607602476367077,0.634622257332739,0.941347183635822,1.11628987534834,0.979122229161684,0.735001979890687,1.26020354499498,1.52353507208534,1.6876089483438,1.84652666485023,1.76606679758281,1.64977897576505,1.90562844388434,1.95889601223232,2.10309663628819
"GCAM 7.1","Reference","Pakistan","Investment|Energy Supply|Electricity|Gas","billion USD_2010/yr",0,0,0,49.4553567025875,0.46828153007849,0.939173179990397,0.968888617192476,1.36387167136117,1.65344865781829,1.47445355845664,1.06704121039187,1.98687123753531,2.3298697026524,2.59539843485937,2.95069078562042,2.86088743792218,2.71548825637909,3.10433316282922,3.14022160032771,3.08133172736627
"GCAM 7.1","CurrentMeasures","Pakistan","Investment|Energy Supply|Electricity|Gas|w/o CCS","billion USD_2010/yr",0,0,0,49.4553567025875,0.258373919339271,0.607602476367077,0.634622257332739,0.941347183635822,1.11628987534834,0.979122229161684,0.735001979890687,1.26020354499498,1.52353507208534,1.6876089483438,1.84652666485023,1.76606679758281,1.64977897576505,1.90562844388434,1.95889601223232,2.10309663628819
"GCAM 7.1","Reference","Pakistan","Investment|Energy Supply|Electricity|Gas|w/o CCS","billion USD_2010/yr",0,0,0,49.4553567025875,0.46828153007849,0.939173179990397,0.968888617192476,1.36387167136117,1.65344865781829,1.47445355845664,1.06704121039187,1.98687123753531,2.3298697026524,2.59539843485937,2.95069078562042,2.86088743792218,2.71548825637909,3.10433316282922,3.14022160032771,3.08133172736627
"GCAM 7.1","CurrentMeasures","Pakistan","Investment|Energy Supply|Electricity|Geothermal","billion USD_2010/yr",0,0,0,0,0.0347932571723567,0.17476752662282,0.272886749992771,0.464290303749183,0.525362851557642,0.45403207128969,0.336357704358686,0.534903497973987,0.625537569366251,0.718019556277427,0.794381648939525,0.784141892368089,0.740723534988662,0.835413131060345,0.863439567354479,0.94652320763051
"GCAM 7.1","Reference","Pakistan","Investment|Energy Supply|Electricity|Geothermal","billion USD_2010/yr",0,0,0,0,0.0624583772774945,0.258621378232904,0.376678221947444,0.576202858660436,0.641704025943146,0.552131184841476,0.404720762163681,0.715233575481634,0.845473977328575,0.980573297811234,1.11991200123385,1.09779159657901,1.04883148836593,1.19393858669541,1.23430269029456,1.2544931234949
"GCAM 7.1","CurrentMeasures","Pakistan","Investment|Energy Supply|Electricity|Non-Biomass Renewables","billion USD_2010/yr",0,0,0,1.56669091071817,3.34716983139155,8.79028839763416,9.24823504798619,13.3145194741278,15.8197045341943,16.1581657535259,15.6244582026278,24.7653783783693,31.5726786892648,38.440610797852,44.5065950457398,47.7264355745148,49.0598916973538,54.8632343573584,58.8885368093493,64.2541047343636
"GCAM 7.1","Reference","Pakistan","Investment|Energy Supply|Electricity|Non-Biomass Renewables","billion USD_2010/yr",0,0,0,1.56669091071817,3.04905382469577,8.60494366116045,10.3685492604302,14.516947001916,17.8887021340751,19.1457108208159,19.0774582982506,28.4199643296402,35.4835259446613,42.6115721154296,49.7576971979881,53.9774034026733,56.1695034368024,61.6460847229579,65.3842901572213,69.5138684890168
"GCAM 7.1","CurrentMeasures","Pakistan","Investment|Energy Supply|Electricity|Nuclear","billion USD_2010/yr",0,0,0,16.6702276543692,0.723477284593167,1.76635697550298,2.09610462412599,3.54451282510776,4.42754506988853,4.18362721494494,3.18592129668082,5.39583462548885,6.61338503366663,7.63611735053805,8.42481119866331,8.28047857433802,7.82709849443771,8.95543252870061,9.01930444951876,9.63124516385846
"GCAM 7.1","Reference","Pakistan","Investment|Energy Supply|Electricity|Nuclear","billion USD_2010/yr",0,0,0,16.6702276543692,0,0.0418646671579883,0.0983565193732685,0.175171168983151,0.246274731148395,0.254255495216677,0.201631668252443,0.37805374183129,0.466316535645052,0.552430802634393,0.650759021417369,0.66811206879241,0.664357020738622,0.78366118229954,0.818838575943335,0.84600258202568
"GCAM 7.1","CurrentMeasures","Pakistan","Investment|Energy Supply|Electricity|Oil","billion USD_2010/yr",0,0,0,37.9471473318397,0.0930359155293114,0.247114034694303,0.314667703027359,0.550997970112182,0.687508485892405,0.609406174942701,0.402314365298871,0.620609100762374,0.670300005740485,0.672691008493213,0.637215994898333,0.51354997281989,0.384262140652649,0.331419874599299,0.227719705607005,0.00638884693507254
"GCAM 7.1","Reference","Pakistan","Investment|Energy Supply|Electricity|Oil","billion USD_2010/yr",0,0,0,37.9471473318397,0.16977135793576,0.3906688314987,0.492491707689874,0.817378172940467,1.04040856201376,0.925208272647737,0.589878548847266,0.99110145909943,1.05646443186236,1.06307586856202,1.04603524811222,0.851728382977983,0.644709709458098,0.549158175611998,0.371864346014777,0.361998916069419
"GCAM 7.1","CurrentMeasures","Pakistan","Investment|Energy Supply|Electricity|Oil|w/o CCS","billion USD_2010/yr",0,0,0,37.9471473318397,0.0930359155293114,0.247114034694303,0.314667703027359,0.550997970112182,0.687508485892405,0.609406174942701,0.402314365298871,0.620609100762374,0.670300005740485,0.672691008493213,0.637215994898333,0.51354997281989,0.384262140652649,0.331419874599299,0.227719705607005,0.00638884693507254
"GCAM 7.1","Reference","Pakistan","Investment|Energy Supply|Electricity|Oil|w/o CCS","billion USD_2010/yr",0,0,0,37.9471473318397,0.16977135793576,0.3906688314987,0.492491707689874,0.817378172940467,1.04040856201376,0.925208272647737,0.589878548847266,0.99110145909943,1.05646443186236,1.06307586856202,1.04603524811222,0.851728382977983,0.644709709458098,0.549158175611998,0.371864346014777,0.361998916069419
"GCAM 7.1","CurrentMeasures","Pakistan","Investment|Energy Supply|Electricity|Solar","billion USD_2010/yr",0,0,0,0.667523154181928,3.17469318320727,7.94756629999914,7.89524876830117,10.7349353298848,12.8438701910575,13.4866118487592,13.6903325684214,21.643586328755,27.8693651174001,34.1981691036472,39.8251113190872,43.1700567910214,44.8362161834439,50.0757017992331,54.007936038015,58.998235423575
"GCAM 7.1","Reference","Pakistan","Investment|Energy Supply|Electricity|Solar","billion USD_2010/yr",0,0,0,0.667523154181928,2.62611309980789,6.87875209980855,8.30036705490628,11.3901929175804,14.1977996311745,15.8270893272633,16.7355526689679,24.1891985373799,30.4922934817075,36.9173002434721,43.2898187017803,47.681275918896,50.3131317342584,55.0522631194742,58.7202021581167,62.8863545995779
"GCAM 7.1","CurrentMeasures","Pakistan","Investment|Energy Supply|Electricity|Solar|CSP","billion USD_2010/yr",0,0,0,0,0.00091824333720625,0.0253286582407315,0.0766875595310355,0.240086211322471,0.43213631121913,0.527515341120792,0.470271951206597,0.832095797023592,1.08418178715308,1.30483576664086,1.48387684521018,1.55623226463308,1.56985414028463,1.8684135901553,1.94169700089273,2.14037244070092
"GCAM 7.1","Reference","Pakistan","Investment|Energy Supply|Electricity|Solar|CSP","billion USD_2010/yr",0,0,0,0,0.000440373890169714,0.00794891305469431,0.0215858445879346,0.0624442349330661,0.116958312560143,0.148286471301121,0.13474156291071,0.272600377598038,0.358256510209749,0.437775457994436,0.516865746082216,0.548404155236614,0.560139410277665,0.659795690204632,0.678371477996961,0.685003925468569
"GCAM 7.1","CurrentMeasures","Pakistan","Investment|Energy Supply|Electricity|Solar|PV","billion USD_2010/yr",0,0,0,0.667523154181928,3.17377493987006,7.9222376417584,7.81856120877013,10.4948491185623,12.4117338798384,12.9590965076384,13.2200606172148,20.8114905317314,26.785183330247,32.8933333370064,38.341234473877,41.6138245263883,43.2663620431592,48.2072882090778,52.0662390371223,56.8578629828741
"GCAM 7.1","Reference","Pakistan","Investment|Energy Supply|Electricity|Solar|PV","billion USD_2010/yr",0,0,0,0.667523154181928,2.62567272591772,6.87080318675386,8.27878121031835,11.3277486826473,14.0808413186144,15.6788028559621,16.6008111060572,23.9165981597819,30.1340369714977,36.4795247854777,42.7729529556981,47.1328717636593,49.7529923239807,54.3924674292696,58.0418306801197,62.2013506741093
"GCAM 7.1","CurrentMeasures","Pakistan","Investment|Energy Supply|Electricity|Solar|PV|Residential","billion USD_2010/yr",0,0,0,0,1.29979178789458,1.75989340668445,2.50962175217217,3.44616181549769,4.7424509111169,6.49100825124363,8.59598886490871,12.5512385189219,16.6782849530979,21.0030795464915,24.8597086311449,28.6134843261641,31.3613062488315,34.5161422645061,37.9532944397286,41.337666427991
"GCAM 7.1","Reference","Pakistan","Investment|Energy Supply|Electricity|Solar|PV|Residential","billion USD_2010/yr",0,0,0,0,1.52208415946622,2.83120122791795,4.40013020018449,6.16840013379035,8.27937982261099,10.8474160039234,13.4169267339133,18.0409521342294,23.1683352251506,28.3556089572618,33.1666026326258,37.6957455846341,40.9251199281479,44.3353103797026,47.8554361821711,52.0316509753318
"GCAM 7.1","CurrentMeasures","Pakistan","Investment|Energy Supply|Electricity|Wind","billion USD_2010/yr",0,0,0,0.89916775653624,0.137683391011923,0.667954571012198,1.08009952969225,2.11529384049383,2.4504714915791,2.21752183347695,1.5977679298477,2.58688855164033,3.07777600249845,3.5244221379274,3.88710207771307,3.77223689112533,3.48295197892127,3.95211942706487,4.0171612039798,4.30934610315804
"GCAM 7.1","Reference","Pakistan","Investment|Energy Supply|Electricity|Wind","billion USD_2010/yr",0,0,0,0.89916775653624,0.36048234761038,1.467570183119,1.69150398357643,2.5505512256752,3.04919847695743,2.76649030871114,1.93718486711897,3.51553221677862,4.1457584856252,4.71369857414621,5.34796649497393,5.19833588719832,4.80754021417807,5.39988301678827,5.42978530881008,5.37302076594402
"GCAM 7.1","CurrentMeasures","Pakistan","Investment|Energy Supply|Electricity|Wind|Offshore","billion USD_2010/yr",0,0,0,0,0.000742975416522234,0.00703761497519754,0.0180205320460903,0.0522467256695828,0.0796383668035526,0.0858994868532912,0.0628692881346723,0.100834146701673,0.116316181980385,0.125292798559116,0.130922997222595,0.123911190411691,0.115210473460697,0.130032155928201,0.127368477697195,0.134085462737584
"GCAM 7.1","Reference","Pakistan","Investment|Energy Supply|Electricity|Wind|Offshore","billion USD_2010/yr",0,0,0,0,0.00198586541717024,0.0198376188232018,0.0393674049545689,0.0864354594447195,0.133216504791416,0.142925078606757,0.100271080079449,0.170708686633352,0.193218535616926,0.209985456322322,0.229023645583962,0.219980815492311,0.208357768405535,0.231375675923617,0.222522368975003,0.21244791444896
"GCAM 7.1","CurrentMeasures","Pakistan","Investment|Energy Supply|Electricity|Wind|Onshore","billion USD_2010/yr",0,0,0,0.89916775653624,0.136940415595401,0.660916956037001,1.06207899764616,2.06304711482425,2.37083312477554,2.13162234662366,1.53489864171303,2.48605440493866,2.96145982051807,3.39912933936828,3.75617908049047,3.64832570071364,3.36774150546057,3.82208727113667,3.8897927262826,4.17526064042045
"GCAM 7.1","Reference","Pakistan","Investment|Energy Supply|Electricity|Wind|Onshore","billion USD_2010/yr",0,0,0,0.89916775653624,0.35849648219321,1.4477325642958,1.65213657862186,2.46411576623048,2.91598197216601,2.62356523010438,1.83691378703952,3.34482353014527,3.95253995000827,4.50371311782389,5.11894284938997,4.97835507170601,4.59918244577253,5.16850734086465,5.20726293983507,5.16057285149506
"GCAM 7.1","CurrentMeasures","Pakistan","Investment|Energy Supply|Extraction|Coal","billion USD_2010/yr",0,0,0.308281220525705,0.618112565668167,0.666825022967928,0.762557241743367,0.853025546531511,0.970633087923904,1.09320218441993,1.16020737559501,1.14943000303921,1.14777883231054,1.16829335579474,1.26572478010394,1.36237563883046,1.45045753544358,1.53924355137772,1.6415468081473,1.7369588091645,1.81985161062457
"GCAM 7.1","Reference","Pakistan","Investment|Energy Supply|Extraction|Coal","billion USD_2010/yr",0,0,0.308281220525705,0.618112565668167,0.679239039321332,0.79073096543472,0.893947979873131,1.02541542122678,1.14976834948236,1.22381317924613,1.21389426180583,1.21807429200114,1.29385983098056,1.40672504887351,1.52367086971186,1.65149034685137,1.7736739143572,1.89998086901875,2.0139030581934,2.099610581029
"GCAM 7.1","CurrentMeasures","Pakistan","Investment|Energy Supply|Extraction|Fossil","billion USD_2010/yr",0,0,20.9955477072425,21.0131506059278,22.4764363136981,25.8438045939987,28.9322144526694,31.8795296351842,35.7242314779413,38.058551862879,42.57424909797,47.7159952766774,52.7740290911058,57.0863344501238,60.2258730056051,62.5185777172293,63.3450031745668,63.1798809313808,63.2216138231207,63.2959590306929
"GCAM 7.1","Reference","Pakistan","Investment|Energy Supply|Extraction|Fossil","billion USD_2010/yr",0,0,20.9955477072425,21.0131506059278,22.8604350676563,26.5714397838176,29.9372780305427,33.1709595779847,36.9431592662138,39.801736005862,44.5192191734206,50.2108511073724,55.4196110772011,59.7596502099192,62.970792678286,65.2187641048258,65.8891927988156,65.5984749326844,65.0859906931885,65.0963937674696
"GCAM 7.1","CurrentMeasures","Pakistan","Investment|Energy Supply|Extraction|Gas","billion USD_2010/yr",0,0,15.4082331196618,15.608810667,16.2882467372107,19.1361988402524,22.0070437815576,24.854740665583,28.0173593660761,30.7402080272436,34.0787141414499,38.4351843638726,42.643376950254,45.9915736997575,47.9556992746463,48.8225829500346,48.3939072505955,47.220268767259,46.297298406857,45.3393199922399
"GCAM 7.1","Reference","Pakistan","Investment|Energy Supply|Extraction|Gas","billion USD_2010/yr",0,0,15.4082331196618,15.608810667,16.6117752768886,19.7360711508835,22.8035884810857,25.8371170956739,29.1748852271827,32.21363660682,35.5998794393102,40.449877128183,44.7424457363176,48.0648592153255,50.032182715237,50.8430719534488,50.2726574521615,48.9814952242403,47.5102959673961,46.3662075412407
"GCAM 7.1","CurrentMeasures","Pakistan","Investment|Energy Supply|Extraction|Oil","billion USD_2010/yr",0,0,5.27903336705494,4.78622737325959,5.52136455351942,5.94504851200299,6.07214512458033,6.0541558816773,6.61366992744529,6.15813646004038,7.34610495348081,8.13303208049436,8.96235878505708,9.82903597026233,10.9077980921283,12.2455372317511,13.4118523725936,14.3180653559745,15.1873566070992,16.1367874278284
"GCAM 7.1","Reference","Pakistan","Investment|Energy Supply|Extraction|Oil","billion USD_2010/yr",0,0,5.27903336705494,4.78622737325959,5.56942075144642,6.04463766749938,6.23974156958388,6.30842706108406,6.61850568954879,6.36428621979591,7.70544547230458,8.54289968718828,9.38330550990292,10.2880659457201,11.4149390933371,12.7242018045257,13.8428614322969,14.7169988394253,15.5617916675991,16.6305756451999
"GCAM 7.1","CurrentMeasures","Pakistan","Primary Energy","EJ/yr",3.20765869128632,3.58976552978294,4.07514146491954,4.91135850179301,5.07061795506073,5.6620336702932,6.45449758329473,7.44929495932365,8.73722666529809,10.291785148076,12.0980588212115,14.1480533864013,16.315383420144,18.5440326160425,20.73124566691,22.7586355566722,24.5983220100899,26.3216088402117,27.9260094076545,29.4529054639299
"GCAM 7.1","Reference","Pakistan","Primary Energy","EJ/yr",3.20765869128632,3.58976552978294,4.07514146491954,4.91135850179301,5.12388966845698,5.77023379320162,6.62113135755041,7.69628099775511,9.06108880580627,10.703066721043,12.6102723955134,14.7859670444084,17.0853943226398,19.4558007765048,21.7953133423626,23.9718064228084,25.9386660843275,27.7919266862223,29.5148222092708,31.1379744291536
"GCAM 7.1","CurrentMeasures","Pakistan","Primary Energy|Biomass","EJ/yr",1.135952136,1.271414429,1.42315393541921,1.609264336328,1.54659263522767,1.4686199745505,1.4266787667322,1.41238510476925,1.42137975187607,1.45689223840159,1.50788373342532,1.57741883398175,1.65875044936264,1.75381357797883,1.85740257394002,1.9632319851118,2.07021798471013,2.19016104773684,2.31076398032988,2.44340394645155
"GCAM 7.1","Reference","Pakistan","Primary Energy|Biomass","EJ/yr",1.135952136,1.271414429,1.42315393541921,1.609264336328,1.5476749718483,1.46828865046864,1.42353224707324,1.40398595255721,1.40505115306919,1.43004539524979,1.46944339788672,1.52338810776865,1.58539348259906,1.65651071953287,1.73261434245413,1.80835313075537,1.88246503970205,1.96174918211582,2.03817275799502,2.12050268199017
"GCAM 7.1","CurrentMeasures","Pakistan","Primary Energy|Biomass|1st Generation","EJ/yr",0,0,0,0,0.000177107590592337,0.000356149875266306,0.000678949549430596,0.00122707794304391,0.00222745122201442,0.00390057226961819,0.00650382282780831,0.010052422867021,0.014945563773709,0.0217927752222026,0.0305545907863387,0.0416598634303449,0.0545762445664511,0.0684733745448674,0.0825606249128384,0.0962022789872517
"GCAM 7.1","Reference","Pakistan","Primary Energy|Biomass|1st Generation","EJ/yr",0,0,0,0,0.000183243390817671,0.000369644208958967,0.000706266897062335,0.00127841928266438,0.00228223720513112,0.00394027280578572,0.00655093354969754,0.0102061191818537,0.0152140618726243,0.022171719027971,0.0310315578355295,0.0421170742443858,0.0549789763478549,0.0689436436583723,0.0831969422278085,0.0975537183503232
"GCAM 7.1","CurrentMeasures","Pakistan","Primary Energy|Biomass|Energy Crops","EJ/yr",0.153833596,0.172170799,0.201345425419213,0.229558926328005,0.249357647637081,0.308576564675232,0.382169107182767,0.474944186826205,0.583383810654055,0.708258266131976,0.833881674597512,0.965110921114725,1.09636875558893,1.22855437275663,1.36072722215368,1.48694510568145,1.60639449114368,1.73283368619198,1.85555942741704,1.9856633274643
"GCAM 7.1","Reference","Pakistan","Primary Energy|Biomass|Energy Crops","EJ/yr",0.153833596,0.172170799,0.201345425419213,0.229558926328005,0.250433848457477,0.308231746259685,0.378995270176175,0.466493693274545,0.567000425864059,0.681371722444007,0.795394228337025,0.910926498586793,1.02274329072644,1.1308725705049,1.23546202361861,1.33160904051098,1.41823881435419,1.50395155145745,1.58233188776721,1.66141062363985
"GCAM 7.1","CurrentMeasures","Pakistan","Primary Energy|Biomass|Modern","EJ/yr",0.153833596,0.172170799,0.201345425419213,0.229558926328005,0.249357647637081,0.308576564675232,0.382169107182767,0.474944186826205,0.583383810654055,0.708258266131976,0.833881674597512,0.965110921114725,1.09636875558893,1.22855437275663,1.36072722215368,1.48694510568145,1.60639449114368,1.73283368619198,1.85555942741704,1.9856633274643
"GCAM 7.1","Reference","Pakistan","Primary Energy|Biomass|Modern","EJ/yr",0.153833596,0.172170799,0.201345425419213,0.229558926328005,0.250433848457477,0.308231746259685,0.378995270176175,0.466493693274545,0.567000425864059,0.681371722444007,0.795394228337025,0.910926498586793,1.02274329072644,1.1308725705049,1.23546202361861,1.33160904051098,1.41823881435419,1.50395155145745,1.58233188776721,1.66141062363985
"GCAM 7.1","CurrentMeasures","Pakistan","Primary Energy|Biomass|Modern|w/o CCS","EJ/yr",0.153833596,0.172170799,0.201345425419213,0.229558926328005,0.249357647637081,0.308576564675232,0.382169107182767,0.474944186826205,0.583383810654055,0.708258266131976,0.833881674597512,0.965110921114725,1.09636875558893,1.22855437275663,1.36072722215368,1.48694510568145,1.60639449114368,1.73283368619198,1.85555942741704,1.9856633274643
"GCAM 7.1","Reference","Pakistan","Primary Energy|Biomass|Modern|w/o CCS","EJ/yr",0.153833596,0.172170799,0.201345425419213,0.229558926328005,0.250433848457477,0.308231746259685,0.378995270176175,0.466493693274545,0.567000425864059,0.681371722444007,0.795394228337025,0.910926498586793,1.02274329072644,1.1308725705049,1.23546202361861,1.33160904051098,1.41823881435419,1.50395155145745,1.58233188776721,1.66141062363985
"GCAM 7.1","CurrentMeasures","Pakistan","Primary Energy|Biomass|Traditional","EJ/yr",0.98211854,1.09924363,1.22180851,1.37970541,1.29705788,1.15968726,1.04383071,0.93621384,0.83576849,0.7447334,0.667498236,0.60225549,0.54743613,0.50346643,0.466120761,0.434627016,0.409247249,0.388853987,0.372643928,0.36153834
"GCAM 7.1","Reference","Pakistan","Primary Energy|Biomass|Traditional","EJ/yr",0.98211854,1.09924363,1.22180851,1.37970541,1.29705788,1.15968726,1.04383071,0.93621384,0.83576849,0.7447334,0.667498236,0.60225549,0.54743613,0.50346643,0.466120761,0.434627016,0.409247249,0.388853987,0.372643928,0.36153834
"GCAM 7.1","CurrentMeasures","Pakistan","Primary Energy|Biomass|w/o CCS","EJ/yr",1.135952136,1.271414429,1.42315393541921,1.609264336328,1.54659263522767,1.4686199745505,1.4266787667322,1.41238510476925,1.42137975187607,1.45689223840159,1.50788373342532,1.57741883398175,1.65875044936264,1.75381357797883,1.85740257394002,1.9632319851118,2.07021798471013,2.19016104773684,2.31076398032988,2.44340394645155
"GCAM 7.1","Reference","Pakistan","Primary Energy|Biomass|w/o CCS","EJ/yr",1.135952136,1.271414429,1.42315393541921,1.609264336328,1.5476749718483,1.46828865046864,1.42353224707324,1.40398595255721,1.40505115306919,1.43004539524979,1.46944339788672,1.52338810776865,1.58539348259906,1.65651071953287,1.73261434245413,1.80835313075537,1.88246503970205,1.96174918211582,2.03817275799502,2.12050268199017
"GCAM 7.1","CurrentMeasures","Pakistan","Primary Energy|Coal","EJ/yr",0.156261865092279,0.175184949573542,0.210639051763761,0.658321210297647,0.740055371148494,0.90524605571207,1.13059094150546,1.42467867080578,1.78146562143667,2.21005013688739,2.70016562499162,3.25755824885322,3.86534459224906,4.52797958432497,5.20728266396574,5.84228494097332,6.42325337407664,6.98489358652133,7.51351820561211,8.01124311646548
"GCAM 7.1","Reference","Pakistan","Primary Energy|Coal","EJ/yr",0.156261865092279,0.175184949573542,0.210639051763761,0.658321210297647,0.766504291451269,0.966494748134162,1.22676444694558,1.57313152279186,1.99819307123099,2.51470507143023,3.11775814879521,3.81438148076186,4.60261989983746,5.48277415764525,6.41582903103342,7.31178165854565,8.12566530014448,8.93189506140928,9.69539733971565,10.3654274497335
"GCAM 7.1","CurrentMeasures","Pakistan","Primary Energy|Coal|w/o CCS","EJ/yr",0.156261865092279,0.175184949573542,0.210639051763761,0.658321210297647,0.740055371148494,0.90524605571207,1.13059094150546,1.42467867080578,1.78146562143667,2.21005013688739,2.70016562499162,3.25755824885322,3.86534459224906,4.52797958432497,5.20728266396574,5.84228494097332,6.42325337407664,6.98489358652133,7.51351820561211,8.01124311646548
"GCAM 7.1","Reference","Pakistan","Primary Energy|Coal|w/o CCS","EJ/yr",0.156261865092279,0.175184949573542,0.210639051763761,0.658321210297647,0.766504291451269,0.966494748134162,1.22676444694558,1.57313152279186,1.99819307123099,2.51470507143023,3.11775814879521,3.81438148076186,4.60261989983746,5.48277415764525,6.41582903103342,7.31178165854565,8.12566530014448,8.93189506140928,9.69539733971565,10.3654274497335
"GCAM 7.1","CurrentMeasures","Pakistan","Primary Energy|Fossil","EJ/yr",1.95166193920296,2.19151881973019,2.50715376300589,3.11156564797112,3.24420520364381,3.73891690321284,4.36728231959201,5.09580792102377,6.03583615800436,7.1548720180855,8.45453823691027,9.95798492504816,11.5046459435251,13.0896525538682,14.5993711888493,15.9515820539589,17.111588417511,18.2174536925851,19.2729241428539,20.2707486285002
"GCAM 7.1","Reference","Pakistan","Primary Energy|Fossil","EJ/yr",1.95166193920296,2.19151881973019,2.50715376300589,3.11156564797112,3.33061625519967,3.91150431143895,4.63052962938691,5.49132945552168,6.56849957363303,7.84854037176313,9.33885374303755,11.1012177266836,12.9303870440904,14.8276542058959,16.6801203382231,18.3634625719523,19.8125695134655,21.2306762178282,22.5839526801741,23.8893942216909
"GCAM 7.1","CurrentMeasures","Pakistan","Primary Energy|Fossil|w/o CCS","EJ/yr",1.95166193920296,2.19151881973019,2.50715376300589,3.11156564797112,3.24420520364381,3.73891690321284,4.36728231959201,5.09580792102377,6.03583615800436,7.1548720180855,8.45453823691027,9.95798492504816,11.5046459435251,13.0896525538682,14.5993711888493,15.9515820539589,17.111588417511,18.2174536925851,19.2729241428539,20.2707486285002
"GCAM 7.1","Reference","Pakistan","Primary Energy|Fossil|w/o CCS","EJ/yr",1.95166193920296,2.19151881973019,2.50715376300589,3.11156564797112,3.33061625519967,3.91150431143895,4.63052962938691,5.49132945552168,6.56849957363303,7.84854037176313,9.33885374303755,11.1012177266836,12.9303870440904,14.8276542058959,16.6801203382231,18.3634625719523,19.8125695134655,21.2306762178282,22.5839526801741,23.8893942216909
"GCAM 7.1","CurrentMeasures","Pakistan","Primary Energy|Gas","EJ/yr",1.07810622274722,1.13098887964837,1.17466876304084,1.34217653472669,1.38071998598388,1.57591443918273,1.82282646051228,2.107716926975,2.47461386890729,2.91472674968975,3.45700895447276,4.05886369279099,4.64399408787298,5.19741325425588,5.68593753699766,6.09308067983518,6.40709857681876,6.70384276242079,6.99858717882556,7.2884661493676
"GCAM 7.1","Reference","Pakistan","Primary Energy|Gas","EJ/yr",1.07810622274722,1.13098887964837,1.17466876304084,1.34217653472669,1.41220684848369,1.63160480006358,1.89814210183678,2.21542029482748,2.62098036003871,3.11824533875881,3.72919860598472,4.41688577397538,5.07710210145028,5.70739030007215,6.272837520568,6.75147680054413,7.1290351276296,7.49794054487878,7.86168825645154,8.23896856994161
"GCAM 7.1","CurrentMeasures","Pakistan","Primary Energy|Gas|w/o CCS","EJ/yr",1.07810622274722,1.13098887964837,1.17466876304084,1.34217653472669,1.38071998598388,1.57591443918273,1.82282646051228,2.107716926975,2.47461386890729,2.91472674968975,3.45700895447276,4.05886369279099,4.64399408787298,5.19741325425588,5.68593753699766,6.09308067983518,6.40709857681876,6.70384276242079,6.99858717882556,7.2884661493676
"GCAM 7.1","Reference","Pakistan","Primary Energy|Gas|w/o CCS","EJ/yr",1.07810622274722,1.13098887964837,1.17466876304084,1.34217653472669,1.41220684848369,1.63160480006358,1.89814210183678,2.21542029482748,2.62098036003871,3.11824533875881,3.72919860598472,4.41688577397538,5.07710210145028,5.70739030007215,6.272837520568,6.75147680054413,7.1290351276296,7.49794054487878,7.86168825645154,8.23896856994161
"GCAM 7.1","CurrentMeasures","Pakistan","Primary Energy|Geothermal","EJ/yr",0,0,0,0,0.000644617720269766,0.00365060012065896,0.00835093869187991,0.0156443211217491,0.02386550073832,0.0328800991999275,0.0425564640696212,0.0513286981745569,0.0582981534608686,0.0632705800616654,0.0673303624875826,0.0708748012212977,0.0742226071316263,0.0742671522925391,0.0742848700860542,0.07431536731379
"GCAM 7.1","Reference","Pakistan","Primary Energy|Geothermal","EJ/yr",0,0,0,0,0.00115671615653805,0.00554873548449236,0.0118237973232601,0.0207228996908287,0.0304507355605832,0.0406889589489205,0.0513127909769534,0.059370031569821,0.0656796109848467,0.0706328706503243,0.0739361477702802,0.0740292164899723,0.07420309214299,0.074246230290236,0.0742696532428645,0.0743053543204013
"GCAM 7.1","CurrentMeasures","Pakistan","Primary Energy|Hydro","EJ/yr",0.111103005630245,0.114519802307458,0.124678805875626,0.120773663993384,0.143105920705349,0.134892250393474,0.135894417310617,0.131384661533671,0.131415979226172,0.142444649577829,0.165251152237641,0.178355358308033,0.187635928511762,0.19689468658195,0.204951700926787,0.211529773302169,0.218364530296981,0.224856645962005,0.231264644935412,0.237699416240883
"GCAM 7.1","Reference","Pakistan","Primary Energy|Hydro","EJ/yr",0.111103005630245,0.114519802307458,0.124678805875626,0.120773663993384,0.124609815260722,0.116723654856586,0.116099711071606,0.113096548044609,0.113489880378037,0.123838132684005,0.145697811547859,0.155434675827001,0.163564240323309,0.171803783369807,0.178382206524741,0.18413476747011,0.190104982482988,0.195738116532751,0.201322074642868,0.206930318308687
"GCAM 7.1","CurrentMeasures","Pakistan","Primary Energy|Non-Biomass Renewables","EJ/yr",0.111103005630245,0.114519802307458,0.128253992309076,0.135281213753464,0.21551917636548,0.374489667189503,0.557991253917649,0.804304742137061,1.09748380282261,1.4392707917048,1.82409427546544,2.20721693770353,2.63508304176048,3.04934650484239,3.47390456452076,3.90105085798667,4.34271227727658,4.70481485008289,5.00081737904844,5.27518549436846
"GCAM 7.1","Reference","Pakistan","Primary Energy|Non-Biomass Renewables","EJ/yr",0.111103005630245,0.114519802307458,0.128253992309076,0.135281213753464,0.192190007685283,0.34433690136491,0.524906954108929,0.763095740227259,1.05245426872398,1.38968915267279,1.76553541734393,2.12328589865776,2.52765192526567,2.92286072124587,3.32436630526952,3.73398845136016,4.16512062548017,4.50692198500256,4.78615825134367,5.00813855169691
"GCAM 7.1","CurrentMeasures","Pakistan","Primary Energy|Nuclear","EJ/yr",0.00894161045312416,0.0123124787452897,0.0165797741853617,0.0552473037404263,0.0643009398237624,0.0800071253403568,0.102545243052868,0.136797191393569,0.182526952595054,0.24075009988414,0.311542575410454,0.405432689667862,0.516903985495773,0.651219979353035,0.800567339599898,0.942770659614809,1.07380333059216,1.20917924980685,1.3415039054223,1.4635673946097
"GCAM 7.1","Reference","Pakistan","Primary Energy|Nuclear","EJ/yr",0.00894161045312416,0.0123124787452897,0.0165797741853617,0.0552473037404263,0.0534084337237299,0.0461039299291144,0.0421625269813389,0.0378698494489594,0.0350838103800647,0.0347918013572299,0.0364398372452116,0.0380753112983264,0.0419618706846638,0.0487751298301955,0.0582123564158544,0.0660022687406404,0.0785109056797975,0.0925793012757024,0.106538519758089,0.119938973775547
"GCAM 7.1","CurrentMeasures","Pakistan","Primary Energy|Oil","EJ/yr",0.717293851363461,0.88534499050828,1.12184594820129,1.11106790294678,1.12342984651144,1.25775640831804,1.41386491757427,1.563412323243,1.7797566676604,2.03009513150837,2.29736365744589,2.64156298340395,2.99530726340305,3.36425971528739,3.70615098788594,4.0162164331504,4.2812364666156,4.528717343643,4.76081875841619,4.97103936266715
"GCAM 7.1","Reference","Pakistan","Primary Energy|Oil","EJ/yr",0.717293851363461,0.88534499050828,1.12184594820129,1.11106790294678,1.15190511526471,1.3134047632412,1.50562308060454,1.70277763790234,1.94932614236333,2.21558996157409,2.49189698825762,2.86995047194639,3.25066504280263,3.63748974817849,3.99145378662168,4.30020411286248,4.55786908569137,4.80084061154015,5.02686708400687,5.2849982020158
"GCAM 7.1","CurrentMeasures","Pakistan","Primary Energy|Oil|w/o CCS","EJ/yr",0.717293851363461,0.88534499050828,1.12184594820129,1.11106790294678,1.12342984651144,1.25775640831804,1.41386491757427,1.563412323243,1.7797566676604,2.03009513150837,2.29736365744589,2.64156298340395,2.99530726340305,3.36425971528739,3.70615098788594,4.0162164331504,4.2812364666156,4.528717343643,4.76081875841619,4.97103936266715
"GCAM 7.1","Reference","Pakistan","Primary Energy|Oil|w/o CCS","EJ/yr",0.717293851363461,0.88534499050828,1.12184594820129,1.11106790294678,1.15190511526471,1.3134047632412,1.50562308060454,1.70277763790234,1.94932614236333,2.21558996157409,2.49189698825762,2.86995047194639,3.25066504280263,3.63748974817849,3.99145378662168,4.30020411286248,4.55786908569137,4.80084061154015,5.02686708400687,5.2849982020158
"GCAM 7.1","CurrentMeasures","Pakistan","Primary Energy|Solar","EJ/yr",0,0,0.00074528083960089,0.00322908775298385,0.0557549805287053,0.198981951882076,0.340609703512169,0.518046135886563,0.726136414965043,0.967934974898646,1.2238392823152,1.47986315624573,1.78649069438123,2.09957856749364,2.42558992771472,2.75657232041454,3.08880754222434,3.36863372599283,3.60221277928829,3.82215248837016
"GCAM 7.1","Reference","Pakistan","Primary Energy|Solar","EJ/yr",0,0,0.00074528083960089,0.00322908775298385,0.0426929415323443,0.151998265045981,0.273397324472442,0.430004902161033,0.617056779263481,0.831566477739478,1.05538757423883,1.28284291557777,1.54502097935659,1.80365288242974,2.06999154689669,2.34691152103259,2.62830620387276,2.86439157627705,3.06490485078335,3.23745259360802
"GCAM 7.1","CurrentMeasures","Pakistan","Primary Energy|Wind","EJ/yr",0,0,0.00282990559384896,0.0112784620070958,0.0160136574111565,0.0369648647932944,0.0731361944029835,0.139229623595078,0.216065907893071,0.296011068028396,0.392447376842978,0.497669724975206,0.602658265406623,0.689602670705136,0.776032573391667,0.862073963048653,0.961317597623625,1.03705732583551,1.09305508473868,1.14101822244363
"GCAM 7.1","Reference","Pakistan","Primary Energy|Wind","EJ/yr",0,0,0.00282990559384896,0.0112784620070958,0.0237305347356793,0.0700662459778507,0.123586121241621,0.199271390330789,0.291456873521883,0.39359558330039,0.513137240580289,0.625638275683165,0.753387094600918,0.876771184795998,1.00205640407781,1.12891294636749,1.27250634698143,1.37254606190252,1.44566167267459,1.4894502854598
"GCAM 7.1","CurrentMeasures","Pakistan","Resource|Extraction|Coal","EJ/yr",0.0776789,0.0564084,0.0719829,0.144328,0.155702,0.178055,0.199179,0.22664,0.25526,0.270905,0.268389,0.268003,0.272793,0.295544,0.318111,0.338678,0.359409,0.383297,0.405575,0.42493
"GCAM 7.1","Reference","Pakistan","Resource|Extraction|Coal","EJ/yr",0.0776789,0.0564084,0.0719829,0.144328,0.1586,0.184634,0.208734,0.239432,0.268468,0.285757,0.283441,0.284417,0.302113,0.328467,0.355773,0.385619,0.414148,0.44364,0.470241,0.490253
"GCAM 7.1","CurrentMeasures","Pakistan","Resource|Extraction|Fossil","EJ/yr",5.1002249,5.7269384,7.9159609,8.949372,15.387206,15.966705,18.11855,20.847439,28.018791,38.837006,54.026847,67.108506,79.413321,97.644196,119.949028,140.915467,153.017202,157.672624,160.213327,163.06391
"GCAM 7.1","Reference","Pakistan","Resource|Extraction|Fossil","EJ/yr",5.1002249,5.7269384,7.9159609,8.949372,15.417504,16.025137,18.201355,20.957806,28.149075,39.008321,54.297268,67.477933,79.849672,98.143034,120.470267,141.426239,153.491718,158.12887,160.637293,163.508026
"GCAM 7.1","CurrentMeasures","Pakistan","Resource|Extraction|Gas","EJ/yr",1.07253,1.14331,1.00218,1.01523,1.05942,1.24466,1.43139,1.61661,1.82231,1.99941,2.21655,2.49991,2.77362,2.99139,3.11914,3.17553,3.14765,3.07131,3.01128,2.94897
"GCAM 7.1","Reference","Pakistan","Resource|Extraction|Gas","EJ/yr",1.07253,1.14331,1.00218,1.01523,1.08047,1.28368,1.48319,1.6805,1.8976,2.09524,2.31549,2.63095,2.91015,3.12624,3.2542,3.30694,3.26984,3.18586,3.09017,3.01576
"GCAM 7.1","CurrentMeasures","Pakistan","Resource|Extraction|Oil","EJ/yr",3.950016,4.52722,6.841798,7.789814,14.172084,14.54399,16.487981,19.004189,25.941221,36.566691,51.541908,64.340593,76.366908,94.357262,116.511777,137.401259,149.510143,154.218017,156.796472,159.69001
"GCAM 7.1","Reference","Pakistan","Resource|Extraction|Oil","EJ/yr",3.950016,4.52722,6.841798,7.789814,14.178434,14.556823,16.509431,19.037874,25.983007,36.627324,51.698337,64.562566,76.637409,94.688327,116.860294,137.73368,149.80773,154.49937,157.076882,160.002013
"GCAM 7.1","CurrentMeasures","Pakistan","Secondary Energy|Electricity","EJ/yr",0.337044169,0.339792713,0.40070267,0.56093396,0.65204675065,0.95408911338,1.29256649438,1.84983499338,2.52192564538,3.11298245629,3.5134623491,4.178649994,4.987151832,5.844774174,6.745439064,7.64327166,8.47431336,9.26417033,9.99851688,10.72080254
"GCAM 7.1","Reference","Pakistan","Secondary Energy|Electricity","EJ/yr",0.337044169,0.339792713,0.40070267,0.56093396,0.65308026022,0.9730031838,1.3400819806,1.9086426126,2.6089564126,3.217873047,3.6014472743,4.3345034,5.175154978,6.05220535,6.99450792,7.92332841,8.78740482,9.61087547,10.37413635,11.08905206
"GCAM 7.1","CurrentMeasures","Pakistan","Secondary Energy|Electricity|Biomass","EJ/yr",0,0,0.00200182,0.00270709,0.00154903,0.003627893,0.00667903,0.01322544,0.02255486,0.03221179,0.03916924,0.0536563,0.0729628,0.0970165,0.1258341,0.1569015,0.1891181,0.2288693,0.2706943,0.317909
"GCAM 7.1","Reference","Pakistan","Secondary Energy|Electricity|Biomass","EJ/yr",0,0,0.00200182,0.00270709,0.00194655,0.004077773,0.00685415,0.01224617,0.01957272,0.02655949,0.0306998,0.0410311,0.0539499,0.0696674,0.0888073,0.1088701,0.1292249,0.1536358,0.1782192,0.2040544
"GCAM 7.1","CurrentMeasures","Pakistan","Secondary Energy|Electricity|Biomass|w/o CCS","EJ/yr",0,0,0.00200182,0.00270709,0.00154903,0.003627893,0.00667903,0.01322544,0.02255486,0.03221179,0.03916924,0.0536563,0.0729628,0.0970165,0.1258341,0.1569015,0.1891181,0.2288693,0.2706943,0.317909
"GCAM 7.1","Reference","Pakistan","Secondary Energy|Electricity|Biomass|w/o CCS","EJ/yr",0,0,0.00200182,0.00270709,0.00194655,0.004077773,0.00685415,0.01224617,0.01957272,0.02655949,0.0306998,0.0410311,0.0539499,0.0696674,0.0888073,0.1088701,0.1292249,0.1536358,0.1782192,0.2040544
"GCAM 7.1","CurrentMeasures","Pakistan","Secondary Energy|Electricity|Coal","EJ/yr",0.000464359,0.000316813,0.000532858,0.104867,0.115671,0.144920992,0.180180267,0.2446047,0.32690764,0.40387809,0.4613658,0.57298116,0.71791472,0.89235471,1.09222183,1.29079825,1.47797636,1.68025268,1.88246715,2.07846491
"GCAM 7.1","Reference","Pakistan","Secondary Energy|Electricity|Coal","EJ/yr",0.000464359,0.000316813,0.000532858,0.104867,0.12703,0.176004792,0.234836651,0.33445555,0.46487192,0.58857958,0.67915524,0.86392852,1.09705123,1.37582405,1.70589401,2.039648,2.3511327,2.6883941,3.0209065,3.3128062
"GCAM 7.1","CurrentMeasures","Pakistan","Secondary Energy|Electricity|Coal|w/o CCS","EJ/yr",0.000464359,0.000316813,0.000532858,0.104867,0.115671,0.144920992,0.180180267,0.2446047,0.32690764,0.40387809,0.4613658,0.57298116,0.71791472,0.89235471,1.09222183,1.29079825,1.47797636,1.68025268,1.88246715,2.07846491
"GCAM 7.1","Reference","Pakistan","Secondary Energy|Electricity|Coal|w/o CCS","EJ/yr",0.000464359,0.000316813,0.000532858,0.104867,0.12703,0.176004792,0.234836651,0.33445555,0.46487192,0.58857958,0.67915524,0.86392852,1.09705123,1.37582405,1.70589401,2.039648,2.3511327,2.6883941,3.0209065,3.3128062
"GCAM 7.1","CurrentMeasures","Pakistan","Secondary Energy|Electricity|Fossil","EJ/yr",0.216999559,0.212960213,0.253866858,0.3676994,0.36958285,0.448301092,0.534375767,0.6937803,0.89427054,1.06525339,1.1713302,1.41955986,1.70500992,2.03603231,2.36784113,2.67628375,2.91988106,3.18389288,3.45799015,3.74679551
"GCAM 7.1","Reference","Pakistan","Secondary Energy|Electricity|Fossil","EJ/yr",0.216999559,0.212960213,0.253866858,0.3676994,0.40448851,0.537037292,0.682685951,0.92860705,1.24101972,1.50735528,1.66365984,2.06975422,2.51987473,3.01828415,3.55100371,4.052478,4.4668973,4.9195094,5.3737478,5.8366698
"GCAM 7.1","CurrentMeasures","Pakistan","Secondary Energy|Electricity|Fossil|w/o CCS","EJ/yr",0.216999559,0.212960213,0.253866858,0.3676994,0.36958285,0.448301092,0.534375767,0.6937803,0.89427054,1.06525339,1.1713302,1.41955986,1.70500992,2.03603231,2.36784113,2.67628375,2.91988106,3.18389288,3.45799015,3.74679551
"GCAM 7.1","Reference","Pakistan","Secondary Energy|Electricity|Fossil|w/o CCS","EJ/yr",0.216999559,0.212960213,0.253866858,0.3676994,0.40448851,0.537037292,0.682685951,0.92860705,1.24101972,1.50735528,1.66365984,2.06975422,2.51987473,3.01828415,3.55100371,4.052478,4.4668973,4.9195094,5.3737478,5.8366698
"GCAM 7.1","CurrentMeasures","Pakistan","Secondary Energy|Electricity|Gas","EJ/yr",0.1486164,0.0931684,0.126017,0.1971782,0.1987942,0.2341975,0.2673923,0.3259791,0.4021652,0.4665925,0.512701,0.6150433,0.7273873,0.8579891,0.9769104,1.085413,1.1586002,1.2429778,1.3423084,1.4714981
"GCAM 7.1","Reference","Pakistan","Secondary Energy|Electricity|Gas","EJ/yr",0.1486164,0.0931684,0.126017,0.1971782,0.2163729,0.2781011,0.3377734,0.431118,0.5527372,0.657173,0.7281013,0.8950666,1.07287,1.261146,1.447736,1.6206532,1.7514313,1.8992863,2.060602,2.2455923
"GCAM 7.1","CurrentMeasures","Pakistan","Secondary Energy|Electricity|Gas|w/o CCS","EJ/yr",0.1486164,0.0931684,0.126017,0.1971782,0.1987942,0.2341975,0.2673923,0.3259791,0.4021652,0.4665925,0.512701,0.6150433,0.7273873,0.8579891,0.9769104,1.085413,1.1586002,1.2429778,1.3423084,1.4714981
"GCAM 7.1","Reference","Pakistan","Secondary Energy|Electricity|Gas|w/o CCS","EJ/yr",0.1486164,0.0931684,0.126017,0.1971782,0.2163729,0.2781011,0.3377734,0.431118,0.5527372,0.657173,0.7281013,0.8950666,1.07287,1.261146,1.447736,1.6206532,1.7514313,1.8992863,2.060602,2.2455923
"GCAM 7.1","CurrentMeasures","Pakistan","Secondary Energy|Electricity|Geothermal","EJ/yr",0,0,0,0,0.00064725,0.00405995,0.00961009,0.0193834,0.0307142,0.0404987,0.0468085,0.0541248,0.0603899,0.0644802,0.0679862,0.0714485,0.0746219,0.0745923,0.0745682,0.0745503
"GCAM 7.1","Reference","Pakistan","Secondary Energy|Electricity|Geothermal","EJ/yr",0,0,0,0,0.0011619,0.00621201,0.0138721,0.0259768,0.0395152,0.0501944,0.0557376,0.0625479,0.0679577,0.0718307,0.0746884,0.0746506,0.074617,0.0745934,0.0745728,0.0745582
"GCAM 7.1","CurrentMeasures","Pakistan","Secondary Energy|Electricity|Hydro","EJ/yr",0.111103,0.11452,0.124679,0.120773,0.143679,0.149969,0.156259,0.162549,0.168839,0.175129,0.181419,0.187709,0.193999,0.200289,0.206579,0.212869,0.219159,0.225449,0.231739,0.238029
"GCAM 7.1","Reference","Pakistan","Secondary Energy|Electricity|Hydro","EJ/yr",0.111103,0.11452,0.124679,0.120773,0.125156,0.130635,0.136114,0.141593,0.147072,0.152551,0.15803,0.16351,0.168989,0.174468,0.179947,0.185426,0.190905,0.196384,0.201863,0.207342
"GCAM 7.1","CurrentMeasures","Pakistan","Secondary Energy|Electricity|Non-Biomass Renewables","EJ/yr",0.111103,0.11452,0.128254192,0.13528047,0.21631297065,0.41313682838,0.63353579738,0.97372895338,1.37112374538,1.72049847629,1.9622437091,2.280533734,2.677102412,3.052203314,3.448375834,3.86560841,4.2925542,4.64472815,4.93200243,5.19762803
"GCAM 7.1","Reference","Pakistan","Secondary Energy|Electricity|Non-Biomass Renewables","EJ/yr",0.111103,0.11452,0.128254192,0.13528047,0.19294720022,0.3801929328,0.6010048996,0.9204345926,1.3032705026,1.641827077,1.8685457343,2.18504568,2.559785848,2.91695948,3.29868264,3.69880651,4.11629492,4.44929717,4.72039835,4.93380586
"GCAM 7.1","CurrentMeasures","Pakistan","Secondary Energy|Electricity|Nuclear","EJ/yr",0.00894161,0.0123125,0.0165798,0.055247,0.0646019,0.0890233,0.1179759,0.1691003,0.2339765,0.2950188,0.3407192,0.4249001,0.5320767,0.65952205,0.803388,0.944478,1.07276,1.20668,1.33783,1.45847
"GCAM 7.1","Reference","Pakistan","Secondary Energy|Electricity|Nuclear","EJ/yr",0.00894161,0.0123125,0.0165798,0.055247,0.053698,0.051695186,0.04953698,0.0473548,0.04509347,0.0421312,0.0385419,0.0386724,0.0415445,0.04729432,0.05601427,0.0631738,0.0749877,0.0884331,0.101771,0.114522
"GCAM 7.1","CurrentMeasures","Pakistan","Secondary Energy|Electricity|Oil","EJ/yr",0.0679188,0.119475,0.127317,0.0656542,0.05511765,0.0691826,0.0868032,0.1231965,0.1651977,0.1947828,0.1972634,0.2315354,0.2597079,0.2856885,0.2987089,0.3000725,0.2833045,0.2606624,0.2332146,0.1968325
"GCAM 7.1","Reference","Pakistan","Secondary Energy|Electricity|Oil","EJ/yr",0.0679188,0.119475,0.127317,0.0656542,0.06108561,0.0829314,0.1100759,0.1630335,0.2234106,0.2616027,0.2564033,0.3107591,0.3499535,0.3813141,0.3973737,0.3921768,0.3643333,0.331829,0.2922393,0.2782713
"GCAM 7.1","CurrentMeasures","Pakistan","Secondary Energy|Electricity|Oil|w/o CCS","EJ/yr",0.0679188,0.119475,0.127317,0.0656542,0.05511765,0.0691826,0.0868032,0.1231965,0.1651977,0.1947828,0.1972634,0.2315354,0.2597079,0.2856885,0.2987089,0.3000725,0.2833045,0.2606624,0.2332146,0.1968325
"GCAM 7.1","Reference","Pakistan","Secondary Energy|Electricity|Oil|w/o CCS","EJ/yr",0.0679188,0.119475,0.127317,0.0656542,0.06108561,0.0829314,0.1100759,0.1630335,0.2234106,0.2616027,0.2564033,0.3107591,0.3499535,0.3813141,0.3973737,0.3921768,0.3643333,0.331829,0.2922393,0.2782713
"GCAM 7.1","CurrentMeasures","Pakistan","Secondary Energy|Electricity|Solar","EJ/yr",0,0,0.000745282,0.00322907,0.05591264632,0.21816637835,0.38427289735,0.62206862735,0.89888810735,1.14845392735,1.312450642,1.526727785,1.81432788,2.10354582,2.41226835,2.73772908,3.0611975,3.3352695,3.5638517,3.7786886
"GCAM 7.1","Reference","Pakistan","Secondary Energy|Electricity|Solar","EJ/yr",0,0,0.000745282,0.00322907,0.04279878912,0.1651025337,0.3069169175,0.5061469325,0.7442853925,0.9621533725,1.1077335153,1.313005395,1.559475948,1.79812844,2.05403311,2.32589691,2.59999138,2.83123176,3.02722414,3.19499787
"GCAM 7.1","CurrentMeasures","Pakistan","Secondary Energy|Electricity|Solar|CSP","EJ/yr",0,0,0,0,8.01097e-06,0.000264086,0.0011364,0.00412697,0.00989118,0.0172894,0.0241283,0.0362984,0.0519302,0.069078,0.0864289,0.103415,0.121282,0.138374,0.152618,0.166415
"GCAM 7.1","Reference","Pakistan","Secondary Energy|Electricity|Solar|CSP","EJ/yr",0,0,0,0,3.84192e-06,8.42062e-05,0.000329743,0.00110756,0.00266765,0.00474732,0.00670523,0.0106958,0.0159039,0.0218825,0.0283739,0.0348871,0.0417435,0.0480964,0.0533854,0.0574894
"GCAM 7.1","CurrentMeasures","Pakistan","Secondary Energy|Electricity|Solar|PV","EJ/yr",0,0,0.000745282,0.00322907,0.05590463535,0.21790229235,0.38313649735,0.61794165735,0.88899692735,1.13116452735,1.288322342,1.490429385,1.76239768,2.03446782,2.32583945,2.63431408,2.9399155,3.1968955,3.4112337,3.6122736
"GCAM 7.1","Reference","Pakistan","Secondary Energy|Electricity|Solar|PV","EJ/yr",0,0,0.000745282,0.00322907,0.0427949472,0.1650183275,0.3065871745,0.5050393725,0.7416177425,0.9574060525,1.1010282853,1.302309595,1.543572048,1.77624594,2.02565921,2.29100981,2.55824788,2.78313536,2.97383874,3.13750847
"GCAM 7.1","CurrentMeasures","Pakistan","Secondary Energy|Electricity|Solar|PV|Commercial","EJ/yr",0,0,0,0,0.0146771,0.0246265,0.0409411,0.0623269,0.0916427,0.13048,0.177182,0.262881,0.352734,0.445652,0.529213,0.611127,0.669815,0.739629,0.813282,0.885804
"GCAM 7.1","Reference","Pakistan","Secondary Energy|Electricity|Solar|PV|Commercial","EJ/yr",0,0,0,0,0.0171872,0.0396175,0.0717822,0.111561,0.15999,0.218051,0.276552,0.377861,0.489994,0.601661,0.70605,0.805106,0.874079,0.950039,1.02547,1.11496
"GCAM 7.1","CurrentMeasures","Pakistan","Secondary Energy|Electricity|Solar|PV|Residential","EJ/yr",0,0,0,0,0.0146771,0.0246265,0.0409411,0.0623269,0.0916427,0.13048,0.177182,0.262881,0.352734,0.445652,0.529213,0.611127,0.669815,0.739629,0.813282,0.885804
"GCAM 7.1","Reference","Pakistan","Secondary Energy|Electricity|Solar|PV|Residential","EJ/yr",0,0,0,0,0.0171872,0.0396175,0.0717822,0.111561,0.15999,0.218051,0.276552,0.377861,0.489994,0.601661,0.70605,0.805106,0.874079,0.950039,1.02547,1.11496
"GCAM 7.1","CurrentMeasures","Pakistan","Secondary Energy|Electricity|Wind","EJ/yr",0,0,0.00282991,0.0112784,0.01607407433,0.04094150003,0.08339381003,0.16972792603,0.27268243803,0.35641684894,0.4215655671,0.511972149,0.608385632,0.683888294,0.761542284,0.84356183,0.9375758,1.00941735,1.06184353,1.10636013
"GCAM 7.1","Reference","Pakistan","Secondary Energy|Electricity|Wind","EJ/yr",0,0,0.00282991,0.0112784,0.0238305111,0.0782433891,0.1441018821,0.2467178601,0.3723979101,0.4769283045,0.547044619,0.645982385,0.7633632,0.87253234,0.99001413,1.112833,1.25078154,1.34708801,1.41673841,1.45690779
"GCAM 7.1","CurrentMeasures","Pakistan","Secondary Energy|Electricity|Wind|Offshore","EJ/yr",0,0,0,0,4.52909e-06,5.337969e-05,0.00019342269,0.00064116269,0.00138199469,0.0022338456,0.002848799,0.003822766,0.004710186,0.005451754,0.006181894,0.00704553,0.00737301,0.00768538,0.00783327,0.00797184
"GCAM 7.1","Reference","Pakistan","Secondary Energy|Electricity|Wind|Offshore","EJ/yr",0,0,0,0,1.21056e-05,0.0001498056,0.0004557416,0.0011964696,0.0024357096,0.003848504,0.004769514,0.006349558,0.00782673,0.00907193,0.01042233,0.0120753,0.01279625,0.01350992,0.01387372,0.01383169
"GCAM 7.1","CurrentMeasures","Pakistan","Secondary Energy|Electricity|Wind|Onshore","EJ/yr",0,0,0.00282991,0.0112784,0.01606954524,0.04088812034,0.08320038734,0.16908676334,0.27130044334,0.35418300334,0.4187167681,0.508149383,0.603675446,0.67843654,0.75536039,0.8365163,0.93020279,1.00173197,1.05401026,1.09838829
"GCAM 7.1","Reference","Pakistan","Secondary Energy|Electricity|Wind|Onshore","EJ/yr",0,0,0.00282991,0.0112784,0.0238184055,0.0780935835,0.1436461405,0.2455213905,0.3699622005,0.4730798005,0.542275105,0.639632827,0.75553647,0.86346041,0.9795918,1.1007577,1.23798529,1.33357809,1.40286469,1.4430761
"GCAM 7.1","CurrentMeasures","Pakistan","Secondary Energy|Gases","EJ/yr",1.07811,1.13099,1.17467,1.34218,1.3822831879,1.6191756786,1.88072146,2.205199166,2.609275009,3.034604822,3.49205733,4.05749553,4.6248355,5.16520824,5.64678298,6.06224741,6.38086601,6.67924985,6.97167727,7.2682045
"GCAM 7.1","Reference","Pakistan","Secondary Energy|Gases","EJ/yr",1.07811,1.13099,1.17467,1.34218,1.4140489159,1.6864010296,1.983986139,2.357929,2.823897749,3.304978277,3.78556102,4.44217223,5.08283912,5.69277735,6.2553126,6.74582013,7.12982827,7.50399997,7.8699797,8.2570036
"GCAM 7.1","CurrentMeasures","Pakistan","Secondary Energy|Gases|Biomass","EJ/yr",0,0,0,0,1.28159e-05,3.85886e-05,0.00010343,0.000248846,0.000445559,0.000799272,0.00115373,0.00157013,0.0022132,0.00327024,0.00435318,0.00570971,0.00704701,0.00812185,0.00904027,0.0105135
"GCAM 7.1","Reference","Pakistan","Secondary Energy|Gases|Biomass","EJ/yr",0,0,0,0,1.33419e-05,4.28656e-05,0.000117049,0.00028438,0.000516439,0.000893927,0.00128762,0.00178533,0.00264672,0.00388725,0.0051957,0.00679773,0.00834827,0.00963197,0.0108177,0.0125976
"GCAM 7.1","CurrentMeasures","Pakistan","Secondary Energy|Gases|Coal","EJ/yr",0,0,0,0,0.000130372,0.00038709,0.00104803,0.00256032,0.00463945,0.00858555,0.0133336,0.0192254,0.0284723,0.043978,0.0606598,0.0824877,0.105139,0.124378,0.141477,0.167271
"GCAM 7.1","Reference","Pakistan","Secondary Energy|Gases|Coal","EJ/yr",0,0,0,0,0.000135574,0.000428164,0.00117909,0.00290462,0.00533131,0.00952435,0.0147834,0.0217069,0.0338024,0.0518301,0.0716869,0.0971124,0.12301,0.145468,0.166732,0.197176
"GCAM 7.1","CurrentMeasures","Pakistan","Secondary Energy|Gases|Fossil","EJ/yr",1.07811,1.13099,1.17467,1.34218,1.382270372,1.61913709,1.88061803,2.20495032,2.60882945,3.03380555,3.4909036,4.0559254,4.6226223,5.161938,5.6424298,6.0565377,6.373819,6.671128,6.962637,7.257691
"GCAM 7.1","Reference","Pakistan","Secondary Energy|Gases|Fossil","EJ/yr",1.07811,1.13099,1.17467,1.34218,1.414035574,1.686358164,1.98386909,2.35764462,2.82338131,3.30408435,3.7842734,4.4403869,5.0801924,5.6888901,6.2501169,6.7390224,7.12148,7.494368,7.859162,8.244406
"GCAM 7.1","CurrentMeasures","Pakistan","Secondary Energy|Gases|Gas","EJ/yr",1.07811,1.13099,1.17467,1.34218,1.38214,1.61875,1.87957,2.20239,2.60419,3.02522,3.47757,4.0367,4.59415,5.11796,5.58177,5.97405,6.26868,6.54675,6.82116,7.09042
"GCAM 7.1","Reference","Pakistan","Secondary Energy|Gases|Gas","EJ/yr",1.07811,1.13099,1.17467,1.34218,1.4139,1.68593,1.98269,2.35474,2.81805,3.29456,3.76949,4.41868,5.04639,5.63706,6.17843,6.64191,6.99847,7.3489,7.69243,8.04723
"GCAM 7.1","CurrentMeasures","Pakistan","Secondary Energy|Heat","EJ/yr",0,0,0,0,0,0,0,0,0,0,0,0,0,0,0,0,0,0,0,0
"GCAM 7.1","Reference","Pakistan","Secondary Energy|Heat","EJ/yr",0,0,0,0,0,0,0,0,0,0,0,0,0,0,0,0,0,0,0,0
"GCAM 7.1","CurrentMeasures","Pakistan","Secondary Energy|Heat|Biomass","EJ/yr",0,0,0,0,0,0,0,0,0,0,0,0,0,0,0,0,0,0,0,0
"GCAM 7.1","Reference","Pakistan","Secondary Energy|Heat|Biomass","EJ/yr",0,0,0,0,0,0,0,0,0,0,0,0,0,0,0,0,0,0,0,0
"GCAM 7.1","CurrentMeasures","Pakistan","Secondary Energy|Heat|Coal","EJ/yr",0,0,0,0,0,0,0,0,0,0,0,0,0,0,0,0,0,0,0,0
"GCAM 7.1","Reference","Pakistan","Secondary Energy|Heat|Coal","EJ/yr",0,0,0,0,0,0,0,0,0,0,0,0,0,0,0,0,0,0,0,0
"GCAM 7.1","CurrentMeasures","Pakistan","Secondary Energy|Heat|Fossil","EJ/yr",0,0,0,0,0,0,0,0,0,0,0,0,0,0,0,0,0,0,0,0
"GCAM 7.1","Reference","Pakistan","Secondary Energy|Heat|Fossil","EJ/yr",0,0,0,0,0,0,0,0,0,0,0,0,0,0,0,0,0,0,0,0
"GCAM 7.1","CurrentMeasures","Pakistan","Secondary Energy|Heat|Gas","EJ/yr",0,0,0,0,0,0,0,0,0,0,0,0,0,0,0,0,0,0,0,0
"GCAM 7.1","Reference","Pakistan","Secondary Energy|Heat|Gas","EJ/yr",0,0,0,0,0,0,0,0,0,0,0,0,0,0,0,0,0,0,0,0
"GCAM 7.1","CurrentMeasures","Pakistan","Secondary Energy|Heat|Oil","EJ/yr",0,0,0,0,0,0,0,0,0,0,0,0,0,0,0,0,0,0,0,0
"GCAM 7.1","Reference","Pakistan","Secondary Energy|Heat|Oil","EJ/yr",0,0,0,0,0,0,0,0,0,0,0,0,0,0,0,0,0,0,0,0
"GCAM 7.1","CurrentMeasures","Pakistan","Secondary Energy|Hydrogen","EJ/yr",0,0,0,0,0.0001382680667,0.00415363879504,0.01531717166567,0.04065977523006,0.06875362694126,0.0986199334107,0.12815859265328,0.15997853564671,0.1936193266361,0.227170999196,0.261718625992,0.296967839085,0.33360797079,0.37216150651,0.41256542458,0.45270679498
"GCAM 7.1","Reference","Pakistan","Secondary Energy|Hydrogen","EJ/yr",0,0,0,0,0.0001380229823,0.00419243585465,0.01538096687476,0.04070309401285,0.06883914365484,0.09884213925635,0.12848354599138,0.16048232944758,0.193806295382,0.227385785915,0.26202164795,0.29744695033,0.33442195203,0.37341411279,0.41419470191,0.45519094576
"GCAM 7.1","CurrentMeasures","Pakistan","Secondary Energy|Hydrogen|Biomass","EJ/yr",0,0,0,0,5.94254e-06,0.00013634345,0.00042672539,0.00106901268,0.001675939,0.00232451425,0.00286414882,0.00345909022,0.0040971538,0.0047820414,0.005511167,0.006350297,0.007277075,0.008249034,0.009270452,0.010357878
"GCAM 7.1","Reference","Pakistan","Secondary Energy|Hydrogen|Biomass","EJ/yr",0,0,0,0,5.96463e-06,0.00013822772,0.00043178368,0.00107783625,0.00168545671,0.00231841245,0.00284470667,0.00343255256,0.0040662928,0.0047408045,0.005458551,0.006278821,0.007184425,0.008140519,0.009150602,0.010264141
"GCAM 7.1","CurrentMeasures","Pakistan","Secondary Energy|Hydrogen|Electricity","EJ/yr",0,0,0,0,9.16881e-06,0.00030889652037,0.00131228618103,0.00437263191544,0.00808973929126,0.0129020310607,0.01781275083328,0.02360428842671,0.0299563118361,0.036484728796,0.043372955992,0.050703762085,0.05807661179,0.06521831451,0.07226165058,0.07877056098
"GCAM 7.1","Reference","Pakistan","Secondary Energy|Hydrogen|Electricity","EJ/yr",0,0,0,0,9.22115e-06,0.00031426641595,0.00132150199031,0.00436813889865,0.00800820520484,0.01265265430635,0.01734832092138,0.02292203818758,0.028938252582,0.035219765415,0.04181061995,0.04878246733,0.05573636103,0.06245736479,0.06905951991,0.07546973476
"GCAM 7.1","CurrentMeasures","Pakistan","Secondary Energy|Hydrogen|Fossil","EJ/yr",0,0,0,0,0.00012312927,0.00360479553,0.01308998333,0.033642162746,0.0557877896,0.0783021254,0.1004390497,0.123315163,0.147134187,0.1703219,0.19412642,0.21834574,0.2441358,0.27190245,0.30141937,0.33052625
"GCAM 7.1","Reference","Pakistan","Secondary Energy|Hydrogen|Fossil","EJ/yr",0,0,0,0,0.00012280906,0.00362424766,0.013059716711,0.033385162223,0.0552605397,0.0776307434,0.0995963314,0.1222627137,0.145301884,0.16802042,0.19136886,0.21521848,0.24080318,0.26837207,0.29757213,0.3270143
"GCAM 7.1","CurrentMeasures","Pakistan","Secondary Energy|Hydrogen|Gas","EJ/yr",0,0,0,0,0.00012312927,0.00360479553,0.01308998333,0.033642162746,0.0557877896,0.0783021254,0.1004390497,0.123315163,0.147134187,0.1703219,0.19412642,0.21834574,0.2441358,0.27190245,0.30141937,0.33052625
"GCAM 7.1","Reference","Pakistan","Secondary Energy|Hydrogen|Gas","EJ/yr",0,0,0,0,0.00012280906,0.00362424766,0.013059716711,0.033385162223,0.0552605397,0.0776307434,0.0995963314,0.1222627137,0.145301884,0.16802042,0.19136886,0.21521848,0.24080318,0.26837207,0.29757213,0.3270143
"GCAM 7.1","CurrentMeasures","Pakistan","Secondary Energy|Hydrogen|Other","EJ/yr",0,0,0,0,2.74467e-08,0.00010360329467,0.00048817676464,0.00157596788862,0.00320015905,0.0050912627,0.0070426433,0.009599994,0.012431674,0.015582329,0.018708083,0.02156804,0.024118484,0.026791708,0.029613952,0.033052106
"GCAM 7.1","Reference","Pakistan","Secondary Energy|Hydrogen|Other","EJ/yr",0,0,0,0,2.81423e-08,0.0001156940587,0.00056796449345,0.0018719566412,0.00388494204,0.0062403291,0.008694187,0.011865025,0.015499866,0.019404796,0.023383617,0.027167182,0.030697986,0.034444159,0.03841245,0.04244277
"GCAM 7.1","CurrentMeasures","Pakistan","Secondary Energy|Liquids","EJ/yr",0.696281,0.860856,1.09037,1.09793,1.1068138239,1.2510992145,1.409111927,1.5756765701,1.8041432251,2.0391445749,2.2607482205,2.58760741815,2.93649166663,3.30607919185,3.65855886452,3.99180949079,4.2883317342,4.5750144874,4.8522028541,5.1119514963
"GCAM 7.1","Reference","Pakistan","Secondary Energy|Liquids","EJ/yr",0.696281,0.860856,1.09037,1.09793,1.1339216443,1.3080831127,1.5067724537,1.7267836368,1.9932883468,2.2401790163,2.4509766758,2.81354374425,3.18740982542,3.57234920743,3.93798371187,4.27033760999,4.55970699871,4.8429174159,5.1157206795,5.427537167
"GCAM 7.1","CurrentMeasures","Pakistan","Secondary Energy|Liquids|Biomass","EJ/yr",0,0,0,0,0.0003029239,0.0008563469,0.0016485847,0.0029294374,0.0052089746,0.0087396128,0.013743061,0.02007706925,0.02824533826,0.039208069,0.05259685446,0.06932026001,0.0884918343,0.1088012301,0.1292494257,0.1491220262
"GCAM 7.1","Reference","Pakistan","Secondary Energy|Liquids|Biomass","EJ/yr",0,0,0,0,0.0003196443,0.0009189265,0.0017796725,0.0031732116,0.005528987,0.0090622773,0.0140352123,0.02066586565,0.02911622478,0.04033955105,0.0540190654,0.07083604331,0.09006359531,0.1106510723,0.1315335778,0.1528820555
"GCAM 7.1","CurrentMeasures","Pakistan","Secondary Energy|Liquids|Coal","EJ/yr",0,0,0,0,0,2.03707e-05,7.90396e-05,0.0002175682,0.0005747603,0.0013358633,0.0028608064,0.0052240609,0.00837107121,0.01277199256,0.01828127628,0.02599000747,0.036411574,0.0496914277,0.0658654289,0.085049829
"GCAM 7.1","Reference","Pakistan","Secondary Energy|Liquids|Coal","EJ/yr",0,0,0,0,0,2.42368e-05,9.51236e-05,0.0002641226,0.0006610634,0.0014472431,0.0029750643,0.0055381473,0.00898555023,0.01375616546,0.01970179704,0.02774468171,0.0383984864,0.0520604488,0.0688704229,0.090309595
"GCAM 7.1","CurrentMeasures","Pakistan","Secondary Energy|Liquids|Fossil","EJ/yr",0,0,0,0,0,6.62676e-05,0.0002195423,0.0005099327,0.0012277505,0.0025885621,0.0052602595,0.0093043489,0.01439062837,0.02091676285,0.02877166006,0.03931703078,0.0531815999,0.0707188573,0.0921769284,0.1171995701
"GCAM 7.1","Reference","Pakistan","Secondary Energy|Liquids|Fossil","EJ/yr",0,0,0,0,0,7.61862e-05,0.0002547812,0.0005984252,0.0013703598,0.002765639,0.0054152635,0.0097524786,0.01510905064,0.02199716638,0.03026934647,0.04105716668,0.0550364034,0.0728849436,0.0949251017,0.1227845115
"GCAM 7.1","CurrentMeasures","Pakistan","Secondary Energy|Liquids|Gas","EJ/yr",0,0,0,0,0,4.58969e-05,0.0001405027,0.0002923645,0.0006529902,0.0012526988,0.0023994531,0.004080288,0.00601955716,0.00814477029,0.01049038378,0.01332702331,0.0167700259,0.0210274296,0.0263114995,0.0321497411
"GCAM 7.1","Reference","Pakistan","Secondary Energy|Liquids|Gas","EJ/yr",0,0,0,0,0,5.19494e-05,0.0001596576,0.0003343026,0.0007092964,0.0013183959,0.0024401992,0.0042143313,0.00612350041,0.00824100092,0.01056754943,0.01331248497,0.016637917,0.0208244948,0.0260546788,0.0324749165
"GCAM 7.1","CurrentMeasures","Pakistan","Secondary Energy|Liquids|Hydrogen","EJ/yr",0,0,0,0,0,1.65328e-05,2.04855e-05,2.6962e-05,4.52278e-05,6.70773e-05,9.58299e-05,0.000125505,0.00015487,0.000192553,0.000227053,0.000274574,0.000316125,0.000351896,0.000381817,0.000402867
"GCAM 7.1","Reference","Pakistan","Secondary Energy|Liquids|Hydrogen","EJ/yr",0,0,0,0,0,1.76904e-05,2.20692e-05,2.93517e-05,4.67569e-05,6.78398e-05,9.58645e-05,0.000132223,0.000160895,0.000199181,0.000234543,0.000279522,0.000321177,0.000362335,0.000396912,0.000435877
"GCAM 7.1","CurrentMeasures","Pakistan","Secondary Energy|Liquids|Oil","EJ/yr",0.696281,0.860856,1.09037,1.09793,1.1065109,1.2501766,1.4072438,1.5722372,1.7977065,2.0278164,2.2417449,2.558226,2.8938557,3.24595436,3.57719035,3.8831722,4.1466583,4.3954944,4.6307765,4.8456299
"GCAM 7.1","Reference","Pakistan","Secondary Energy|Liquids|Oil","EJ/yr",0.696281,0.860856,1.09037,1.09793,1.133602,1.307088,1.504738,1.723012,1.986389,2.2283511,2.4315262,2.7831254,3.14318455,3.51001249,3.8536953,4.1584444,4.414607,4.6593814,4.889262,5.1518706
"GCAM 7.1","CurrentMeasures","Pakistan","Secondary Energy|Solids","EJ/yr",0.293549496,0.330338399,0.382988783,0.6267251727,0.7089677964,0.888878907,1.1155202107,1.3900557433,1.7035320391,2.0596379759,2.43473552759,2.80231576143,3.155250337722,3.47643469035,3.7570560244,3.99264044271,4.1827205372,4.32913715628,4.43888503309,4.5206877356
"GCAM 7.1","Reference","Pakistan","Secondary Energy|Solids","EJ/yr",0.293549496,0.330338399,0.382988783,0.6267251727,0.7084457663,0.8857517359,1.1079254062,1.3749035256,1.6775225367,2.0205433226,2.38257995223,2.73795239283,3.079603727314,3.39022066789,3.66032895279,3.88387494754,4.05970836831,4.19093307396,4.28550132834,4.3562353802
"GCAM 7.1","CurrentMeasures","Pakistan","Secondary Energy|Solids|Biomass","EJ/yr",0.140677996,0.157497699,0.177331603,0.205907999,0.231409961,0.2819601015,0.3432583271,0.4150409401,0.4955910508,0.5861315479,0.67412946559,0.75200253687,0.818243100169,0.87089086333,0.91194433756,0.94227085751,0.9624205053,0.97361016658,0.97855177609,0.9797809815
"GCAM 7.1","Reference","Pakistan","Secondary Energy|Solids|Biomass","EJ/yr",0.140677996,0.157497699,0.177331603,0.205907999,0.231137151,0.2804180668,0.3399651723,0.40920001,0.4862810175,0.5726293833,0.6566757406,0.73117770644,0.794541542887,0.84480780616,0.88376793404,0.91171894116,0.92901806791,0.93727287046,0.93940494414,0.9390996686
"GCAM 7.1","CurrentMeasures","Pakistan","Secondary Energy|Solids|Coal","EJ/yr",0.1528715,0.1728407,0.20565718,0.4208171737,0.4775578354,0.6069188055,0.7722618836,0.9750148032,1.2079409883,1.473506428,1.760606062,2.05031322456,2.337007237553,2.60554382702,2.84511168684,3.0503695852,3.2203000319,3.3555269897,3.460333257,3.5409067541
"GCAM 7.1","Reference","Pakistan","Secondary Energy|Solids|Coal","EJ/yr",0.1528715,0.1728407,0.20565718,0.4208171737,0.4773086153,0.6053336691,0.7679602339,0.9657035156,1.1912415192,1.4479139393,1.72590421163,2.00677468639,2.285062184427,2.54541286173,2.77656101875,2.97215600638,3.1306903004,3.2536602035,3.3460963842,3.4171357116
"GCAM 7.1","CurrentMeasures","Pakistan","Trade|Agriculture","million t DM/yr",-0.00778722540660937,-2.49986461654245,-3.0390762791224,-10.1955126186281,-12.9642691910595,-16.7021532879925,-20.1894982693342,-24.5539760592364,-30.6274988315893,-37.964955431572,-47.6362381258589,-57.8221188032143,-67.1854766404189,-75.7058436985963,-83.4138154417802,-89.9776814352708,-95.8454824002818,-100.994425634737,-105.457523291636,-109.326634816433
"GCAM 7.1","Reference","Pakistan","Trade|Agriculture","million t DM/yr",-0.00778722540660937,-2.49986461654245,-3.0390762791224,-10.1955126186281,-12.9655474327248,-16.671526955316,-20.1310354977996,-24.4352285995026,-30.5160823461521,-37.9496833759445,-47.8874446422129,-57.9682091438518,-67.2625114611416,-75.8098701581655,-83.4622970150723,-90.0076841651251,-95.8829248364911,-101.028039902845,-105.488686650863,-109.372240234758
"GCAM 7.1","CurrentMeasures","Pakistan","Trade|Agriculture|Crops","million t DM/yr",-0.00180031560909999,-2.48039589302115,-3.016624231459,-10.2226330859956,-12.988419650687,-16.7232531439074,-20.2067660429472,-24.5634491878766,-30.6235980892006,-37.944514729046,-47.5950403637503,-57.7610297275491,-67.1071578677658,-75.6121104488224,-83.3068796146254,-89.8596992077215,-95.7175958288609,-100.857796116292,-105.313346272253,-109.175914388013
"GCAM 7.1","Reference","Pakistan","Trade|Agriculture|Crops","million t DM/yr",-0.00180031560909999,-2.48039589302115,-3.016624231459,-10.2226330859956,-12.9896979352831,-16.6927743054686,-20.148538933326,-24.445129460138,-30.5125185595748,-37.9292562486171,-47.8456517623718,-57.9068650139975,-67.1840836914186,-75.7159840869647,-83.3553119125092,-89.8896698998914,-95.7549730209243,-100.891355054436,-105.344468574824,-109.221480725481
"GCAM 7.1","CurrentMeasures","Pakistan","Trade|Agriculture|Crops|Cereals","million t DM/yr",3.38355390188932,4.14524641938345,5.63449091137774,4.00335522078662,3.437345221966,2.89836120686906,2.61318306236335,2.05194602722777,0.666973381889621,-1.37702905266749,-5.04990500333505,-8.88047375778982,-12.1646261717946,-15.1331271003695,-17.6483407363547,-19.7378453249326,-21.6706225221848,-23.3623205604365,-24.8182025075633,-26.0921540300304
"GCAM 7.1","Reference","Pakistan","Trade|Agriculture|Crops|Cereals","million t DM/yr",3.38355390188932,4.14524641938345,5.63449091137774,4.00335522078662,3.43659779168197,2.91931278823056,2.65277902157611,2.1299134119738,0.738304126889361,-1.36718139188808,-5.20293006408023,-8.96604875656108,-12.2070536382252,-15.1898874217069,-17.6721729937055,-19.7536834918458,-21.6930989798248,-23.3799415241545,-24.8323069480803,-26.1037806682701
"GCAM 7.1","CurrentMeasures","Pakistan","Trade|Agriculture|Crops|Oil Crops","million t DM/yr",-2.43727843845771,-5.23936302420779,-9.30220504353539,-11.1443933756174,-12.5455567120335,-14.7308929505406,-16.9695138738859,-19.572301562613,-22.6131188171583,-25.8911850801889,-29.3800807733901,-33.0358331422522,-36.6134491958623,-39.9604825703419,-43.1985918320205,-46.1186222502223,-48.7636679514269,-51.140384077315,-53.2721296529392,-55.2167252482736
"GCAM 7.1","Reference","Pakistan","Trade|Agriculture|Crops|Oil Crops","million t DM/yr",-2.43727843845771,-5.23936302420779,-9.30220504353539,-11.1443933756174,-12.5458431249925,-14.7276179344647,-16.9627605947752,-19.55696547419,-22.5987445555446,-25.8907284808814,-29.4179940125115,-33.0572226592479,-36.6277346473571,-39.9800647968224,-43.2130752528934,-46.1299629461214,-48.7743245062271,-51.1527930976925,-53.2879540865168,-55.2524449241319
"GCAM 7.1","CurrentMeasures","Pakistan","Trade|Agriculture|Crops|Other Crops","million t DM/yr",-0.77026564932064,-0.957498558313148,-1.87542269857889,-2.69579483254436,-3.17416035264866,-3.8114968755528,-4.36597570331817,-5.01314498242443,-5.81847830274128,-6.75119030119619,-7.92715748472688,-9.16079426877938,-10.329367918993,-11.4289794235119,-12.4234440965768,-13.3008172010193,-14.0928933363909,-14.8089452242599,-15.4388894021265,-15.9850761291893
"GCAM 7.1","Reference","Pakistan","Trade|Agriculture|Crops|Other Crops","million t DM/yr",-0.77026564932064,-0.957498558313148,-1.87542269857889,-2.69579483254436,-3.17439138769142,-3.8096490544072,-4.36243365241204,-5.00512457791219,-5.81143668581396,-6.75074574024693,-7.94408523296683,-9.17009920929861,-10.3348839334645,-11.436033380116,-12.426357170481,-13.3025035907059,-14.0947309715713,-14.8106056291025,-15.4400509906154,-15.9849620653822
"GCAM 7.1","CurrentMeasures","Pakistan","Trade|Agriculture|Crops|Sugar Crops","million t DM/yr",-0.177810129720072,-0.428780729883657,2.52651259927754,-0.385800098620443,-0.706047807970758,-1.07922452468308,-1.48445952810652,-2.02994867006693,-2.85897435119062,-3.92511029499339,-5.23789710229821,-6.68392855872765,-7.99971458111589,-9.0895213545991,-10.0365029496735,-10.7024144315473,-11.1904120188583,-11.546146254281,-11.7841247096241,-11.8819589805196
"GCAM 7.1","Reference","Pakistan","Trade|Agriculture|Crops|Sugar Crops","million t DM/yr",-0.177810129720072,-0.428780729883657,2.52651259927754,-0.385800098620443,-0.706061214281196,-1.07482010482728,-1.47612370771488,-2.01295282000956,-2.84064144510559,-3.92060063560066,-5.28064245281324,-6.7134943888899,-8.01441147237171,-9.10999848831938,-10.0437064954294,-10.7035198712183,-11.1928185633011,-11.548014803486,-11.7841565496113,-11.8802930676969
"GCAM 7.1","CurrentMeasures","Pakistan","Trade|Agriculture|Livestock","million t DM/yr",-0.00598690979750969,-0.0194687235212995,-0.0224520476634044,0.0271204673675473,0.0241504596274922,0.0210998559148594,0.0172677736129963,0.00947312864015927,-0.003900742388738,-0.0204407025260104,-0.0411977621086353,-0.0610890756652611,-0.0783187726531144,-0.0937332497739123,-0.106935827154728,-0.117982227549294,-0.127886571420876,-0.136629518444243,-0.144177019383097,-0.150720428419683
"GCAM 7.1","Reference","Pakistan","Trade|Agriculture|Livestock","million t DM/yr",-0.00598690979750969,-0.0194687235212995,-0.0224520476634044,0.0271204673675473,0.0241505025583064,0.0212473501525821,0.0175034355264178,0.0099008606353839,-0.00356378657734406,-0.0204271273273959,-0.041792879841141,-0.0613441298542718,-0.0784277697230963,-0.0938860712007046,-0.106985102563067,-0.118014265233749,-0.127951815566792,-0.136684848409402,-0.144218076039561,-0.15075950927643
"GCAM 7.1","CurrentMeasures","Pakistan","Trade|Agriculture|Livestock|Non-Ruminant","million t DM/yr",-0.000204211845261199,-0.00799562258225921,-0.00333072879935372,0.00622005789618339,0.00488810589572066,0.00366572904462414,0.00290588826633815,0.00187712173767942,0.000190166289627309,-0.0019488270547407,-0.0047418616585653,-0.00732806443522454,-0.00945387953001098,-0.0113079964592697,-0.0127877213736263,-0.0138997616343249,-0.0147908590919476,-0.0155096189700098,-0.0160902854766393,-0.016558591145399
"GCAM 7.1","Reference","Pakistan","Trade|Agriculture|Livestock|Non-Ruminant","million t DM/yr",-0.000204211845261199,-0.00799562258225921,-0.00333072879935372,0.00622005789618339,0.00488715957181795,0.00368858737595707,0.00294291816087147,0.00194448398059313,0.000242338820666786,-0.00194606087717894,-0.00483460770196961,-0.00736795853555666,-0.00947275893269706,-0.0113330885984873,-0.0127967488171504,-0.0139056341801524,-0.0148004684039551,-0.0155171415164882,-0.0160958668458814,-0.0165625710434211
"GCAM 7.1","CurrentMeasures","Pakistan","Trade|Agriculture|Livestock|Non-Ruminant|Meat","million t DM/yr",-0.000204211845261199,-0.00799562258225921,-0.00333072879935372,0.00622005789618339,0.00488810589572066,0.00366572904462414,0.00290588826633815,0.00187712173767942,0.000190166289627309,-0.0019488270547407,-0.0047418616585653,-0.00732806443522454,-0.00945387953001098,-0.0113079964592697,-0.0127877213736263,-0.0138997616343249,-0.0147908590919476,-0.0155096189700098,-0.0160902854766393,-0.016558591145399
"GCAM 7.1","Reference","Pakistan","Trade|Agriculture|Livestock|Non-Ruminant|Meat","million t DM/yr",-0.000204211845261199,-0.00799562258225921,-0.00333072879935372,0.00622005789618339,0.00488715957181795,0.00368858737595707,0.00294291816087147,0.00194448398059313,0.000242338820666786,-0.00194606087717894,-0.00483460770196961,-0.00736795853555666,-0.00947275893269706,-0.0113330885984873,-0.0127967488171504,-0.0139056341801524,-0.0148004684039551,-0.0155171415164882,-0.0160958668458814,-0.0165625710434211
"GCAM 7.1","CurrentMeasures","Pakistan","Trade|Agriculture|Livestock|Non-Ruminant|Meat|Pig","million t DM/yr",0,-6.90679848880179e-05,-3.11157330515686e-05,-0.000153894618145609,-0.000166967127762554,-0.000184741591915631,-0.000203004136495249,-0.000221339384216855,-0.000239464762201924,-0.000257333740439584,-0.000274484896322022,-0.000290763129812998,-0.000305596509528878,-0.000318749477289623,-0.000330022341798574,-0.000339328343972959,-0.000347044570775887,-0.000353489461969263,-0.000358742506321658,-0.000362961227307379
"GCAM 7.1","Reference","Pakistan","Trade|Agriculture|Livestock|Non-Ruminant|Meat|Pig","million t DM/yr",0,-6.90679848880179e-05,-3.11157330515686e-05,-0.000153894618145609,-0.000166967127762554,-0.000184740622540404,-0.000203002197744796,-0.000221335991403562,-0.000239461369388631,-0.000257333740439584,-0.000274491197260994,-0.000290766037938677,-0.000305597963591718,-0.000318751900727689,-0.0003300233111738,-0.000339328828660573,-0.000347045055463501,-0.000353489946656876,-0.000358742991009271,-0.000362961711994993
"GCAM 7.1","CurrentMeasures","Pakistan","Trade|Agriculture|Livestock|Non-Ruminant|Meat|Poultry","million t DM/yr",-0.000204211845261199,-0.0079265545973712,-0.00329961306630215,0.006373952514329,0.00505507302348321,0.00385047063653977,0.0031088924028334,0.00209846112189627,0.000429631051829232,-0.00169149331430112,-0.00446737676224328,-0.00703730130541154,-0.0091482830204821,-0.0109892469819801,-0.0124576990318277,-0.013560433290352,-0.0144438145211718,-0.0151561295080406,-0.0157315429703177,-0.0161956299180916
"GCAM 7.1","Reference","Pakistan","Trade|Agriculture|Livestock|Non-Ruminant|Meat|Poultry","million t DM/yr",-0.000204211845261199,-0.0079265545973712,-0.00329961306630215,0.006373952514329,0.0050541266995805,0.00387332799849747,0.00314592035861627,0.00216581997199669,0.000481800190055417,-0.00168872713673936,-0.00456011650470862,-0.00707719249761798,-0.00916716096910535,-0.0110143366977596,-0.0124667255059766,-0.0135663053514919,-0.0144534233484916,-0.0151636515698313,-0.0157371238548721,-0.0161996093314261
"GCAM 7.1","CurrentMeasures","Pakistan","Trade|Agriculture|Livestock|Ruminant","million t DM/yr",-0.00578269795224849,-0.0114731009390403,-0.0191213188640507,0.0209004094713639,0.0192623537317715,0.0174341268702353,0.0143618853466582,0.00759600690247984,-0.0040909086783653,-0.0184918754712697,-0.03645590045007,-0.0537610112300365,-0.0688648931231034,-0.0824252533146426,-0.0941481057811019,-0.104082465914969,-0.113095712328928,-0.121119899474233,-0.128086733906458,-0.134161837274284
"GCAM 7.1","Reference","Pakistan","Trade|Agriculture|Livestock|Ruminant","million t DM/yr",-0.00578269795224849,-0.0114731009390403,-0.0191213188640507,0.0209004094713639,0.0192633429864885,0.0175587627766251,0.0145605173655463,0.00795637665479078,-0.00380612539801084,-0.018481066450217,-0.0369582721391714,-0.0539761713187151,-0.0689550107903992,-0.0825529826022173,-0.0941883537459171,-0.104108631053596,-0.113151347162837,-0.121167706892914,-0.12812220919368,-0.134196938233009
"GCAM 7.1","CurrentMeasures","Pakistan","Trade|Agriculture|Livestock|Ruminant|Dairy","million t DM/yr",-0.00861196069524471,-0.0208876863481216,-0.0667328029418925,-0.0248064798112285,-0.0282548513666342,-0.0337084273297765,-0.0396102692562862,-0.0465582871793088,-0.0550669666859313,-0.064851833811641,-0.076513189236879,-0.0884721345276386,-0.0997282817681202,-0.110274001788813,-0.119701578184847,-0.127913111989926,-0.135342642856463,-0.14197683280146,-0.147747763927162,-0.152742505436981
"GCAM 7.1","Reference","Pakistan","Trade|Agriculture|Livestock|Ruminant|Dairy","million t DM/yr",-0.00861196069524471,-0.0208876863481216,-0.0667328029418925,-0.0248064798112285,-0.0282553347215519,-0.0336829532192512,-0.0395656569037508,-0.0464688273286024,-0.0549872392518102,-0.0648477318266641,-0.0766998556806208,-0.0885622083697268,-0.09977265897502,-0.110339111002586,-0.119725393212276,-0.127930094730276,-0.135375262781582,-0.142005180914198,-0.14777041629006,-0.152766411909935
"GCAM 7.1","CurrentMeasures","Pakistan","Trade|Agriculture|Livestock|Ruminant|Meat","million t DM/yr",0.00282926274299621,0.00941458540908137,0.0476114840778418,0.0457068892825925,0.0475172050984058,0.0511425542000118,0.0539721546029444,0.0541542940817887,0.050976058007566,0.0463599583403713,0.040057288786809,0.034711123297602,0.0308633886450167,0.0278487484741702,0.0255534724037447,0.0238306460749571,0.022246930527535,0.0208569333272271,0.0196610300207044,0.0185806681626967
"GCAM 7.1","Reference","Pakistan","Trade|Agriculture|Livestock|Ruminant|Meat","million t DM/yr",0.00282926274299621,0.00941458540908137,0.0476114840778418,0.0457068892825925,0.0475186777080404,0.0512417159958762,0.0541261742692971,0.0544252039833932,0.0511811138537994,0.0463666653764471,0.0397415835414493,0.0345860370510117,0.0308176481846207,0.0277861284003689,0.025537039466359,0.0238214636766797,0.022223915618745,0.0208374740212847,0.0196482070963805,0.0185694736769262
"GCAM 7.1","CurrentMeasures","Pakistan","Trade|Forestry|Roundwood","million m3/yr",0.00114594782608696,0.000219912173913044,0.000185555652173913,0.00017573652173913,0.000171040869565217,0.000149717391304348,0.000128930434782609,0.000109481739130435,9.23878260869565e-05,7.77470434782609e-05,6.47725217391304e-05,5.37870434782609e-05,4.49202608695652e-05,3.81458260869565e-05,3.27997391304348e-05,2.86328695652174e-05,2.52398260869565e-05,2.24193043478261e-05,2.00750434782609e-05,1.80837391304348e-05
"GCAM 7.1","Reference","Pakistan","Trade|Forestry|Roundwood","million m3/yr",0.00114594782608696,0.000219912173913044,0.000185555652173913,0.00017573652173913,0.000171045217391304,0.000149707826086957,0.000128951304347826,0.000109484347826087,9.24469565217391e-05,7.78506086956522e-05,6.49286086956522e-05,5.38546956521739e-05,4.49784347826087e-05,3.8193652173913e-05,3.28384347826087e-05,2.86685217391304e-05,2.52748695652174e-05,2.24480869565217e-05,2.01007826086957e-05,1.81064347826087e-05
"GCAM 7.1","CurrentMeasures","Pakistan","Trade|Forestry|Roundwood|Industrial Roundwood","million m3/yr",0.00114594782608696,0.000219912173913044,0.000185555652173913,0.00017573652173913,0.000171040869565217,0.000149717391304348,0.000128930434782609,0.000109481739130435,9.23878260869565e-05,7.77470434782609e-05,6.47725217391304e-05,5.37870434782609e-05,4.49202608695652e-05,3.81458260869565e-05,3.27997391304348e-05,2.86328695652174e-05,2.52398260869565e-05,2.24193043478261e-05,2.00750434782609e-05,1.80837391304348e-05
"GCAM 7.1","Reference","Pakistan","Trade|Forestry|Roundwood|Industrial Roundwood","million m3/yr",0.00114594782608696,0.000219912173913044,0.000185555652173913,0.00017573652173913,0.000171045217391304,0.000149707826086957,0.000128951304347826,0.000109484347826087,9.24469565217391e-05,7.78506086956522e-05,6.49286086956522e-05,5.38546956521739e-05,4.49784347826087e-05,3.8193652173913e-05,3.28384347826087e-05,2.86685217391304e-05,2.52748695652174e-05,2.24480869565217e-05,2.01007826086957e-05,1.81064347826087e-05
"GCAM 7.1","CurrentMeasures","Pakistan","Trade|Goods [Value]","billion USD_2010/yr",1.51589699997068e-05,1.5158970000595e-05,-8.03425410002001e-05,-4.54769099995644e-05,1.77635683940025e-15,8.88178419700125e-16,0,0,0,0,0,0,0,0,0,0,0,0,0,0
"GCAM 7.1","Reference","Pakistan","Trade|Goods [Value]","billion USD_2010/yr",1.51589699997068e-05,1.5158970000595e-05,-8.03425410002001e-05,-4.54769099995644e-05,1.51589700010391e-05,7.5794849998978e-05,0,0,0,0,0,0,0,0,0,0,0,0,0,0
"GCAM 7.1","CurrentMeasures","Pakistan","Trade|Primary Energy|Biomass [Volume]","EJ/yr",0.00736314651422301,0.026977425072272,0.026039766139855,0.037789598794103,0.018087202755956,-0.00235475339740893,-0.032649734657683,-0.085208476600431,-0.159398961306111,-0.239847066040542,-0.298315266198482,-0.363297391198924,-0.437202115580221,-0.516769526739107,-0.603116949209977,-0.68676927620175,-0.770343552856107,-0.863603665123259,-0.957976807944622,-1.06453957449138
"GCAM 7.1","Reference","Pakistan","Trade|Primary Energy|Biomass [Volume]","EJ/yr",0.00736314651422301,0.026977425072272,0.026039766139855,0.037789598794103,0.017396642891707,-0.00216915561553294,-0.03040292099134,-0.077863407243647,-0.144215450506031,-0.214430174350881,-0.266698163941263,-0.319145332849324,-0.377300490516051,-0.437354369848231,-0.501347244131125,-0.55999235334692,-0.616307155422824,-0.675397251524884,-0.732325828824074,-0.795534367267045
"GCAM 7.1","CurrentMeasures","Pakistan","Trade|Primary Energy|Coal [Volume]","EJ/yr",-0.0785831,-0.1187766,-0.1386561,-0.513994,-0.585404,-0.760429,-0.984781,-1.3037,-1.6875,-2.105085,-2.521181,-3.050387,-3.641627,-4.262906,-4.905369,-5.518442,-6.072681,-6.608183,-7.113085,-7.58931
"GCAM 7.1","Reference","Pakistan","Trade|Primary Energy|Coal [Volume]","EJ/yr",-0.0785831,-0.1187766,-0.1386561,-0.513994,-0.609139,-0.824676,-1.096476,-1.485028,-1.965262,-2.471723,-2.948159,-3.619213,-4.371947,-5.194093,-6.085617,-6.949461,-7.725082,-8.49891,-9.233459,-9.879647
"GCAM 7.1","CurrentMeasures","Pakistan","Trade|Primary Energy|Gas [Volume]","EJ/yr",-0.00557999999999992,0.0123200000000001,-0.17249,-0.32695,-0.32289,-0.37792,-0.45949,-0.61079,-0.82001,-1.07663,-1.33301,-1.63031,-1.93799,-2.26684,-2.62267,-2.97689,-3.31877,-3.69368,-4.05088,-4.40549
"GCAM 7.1","Reference","Pakistan","Trade|Primary Energy|Gas [Volume]","EJ/yr",-0.00557999999999992,0.0123200000000001,-0.17249,-0.32695,-0.33359,-0.40605,-0.51065,-0.69881,-0.95772,-1.24983,-1.52603,-1.88139,-2.2531,-2.64974,-3.08186,-3.51003,-3.92214,-4.37625,-4.83742,-5.29114
"GCAM 7.1","CurrentMeasures","Pakistan","Trade|Primary Energy|Oil [Volume]","EJ/yr",-0.566718,-0.733985,-0.918692,-0.926876,-0.911556,-1.04682,-1.207799,-1.383601,-1.602269,-1.866529,-2.049692,-2.350977,-2.666512,-2.995208,-3.291023,-3.548671,-3.767247,-3.979193,-4.177438,-4.35076
"GCAM 7.1","Reference","Pakistan","Trade|Primary Energy|Oil [Volume]","EJ/yr",-0.566718,-0.733985,-0.918692,-0.926876,-0.938306,-1.102957,-1.303949,-1.532246,-1.800113,-2.068926,-2.234803,-2.570284,-2.910201,-3.252053,-3.558226,-3.81519,-4.02769,-4.23623,-4.429218,-4.645857
"GCAM 7.1","CurrentMeasures","Pakistan","Capacity|Electricity|Other","GW",0,0,0,0,0,0,0,0,0,0,0,0,0,0,0,0,0,0,0,0
"GCAM 7.1","Reference","Pakistan","Capacity|Electricity|Other","GW",0,0,0,0,0,0,0,0,0,0,0,0,0,0,0,0,0,0,0,0
"GCAM 7.1","CurrentMeasures","Pakistan","Emissions|BC|Energy|Demand|Other Sector","Mt BC/yr",0,0,0,0,0,0,0,0,0,0,0,0,0,0,0,0,0,0,0,0
"GCAM 7.1","Reference","Pakistan","Emissions|BC|Energy|Demand|Other Sector","Mt BC/yr",0,0,0,0,0,0,0,0,0,0,0,0,0,0,0,0,0,0,0,0
"GCAM 7.1","CurrentMeasures","Pakistan","Emissions|BC|Energy|Supply|Other","Mt BC/yr",0,0,0,0,0,0,0,0,0,0,0,0,0,0,0,0,0,0,0,0
"GCAM 7.1","Reference","Pakistan","Emissions|BC|Energy|Supply|Other","Mt BC/yr",0,0,0,0,0,0,0,0,0,0,0,0,0,0,0,0,0,0,0,0
"GCAM 7.1","CurrentMeasures","Pakistan","Emissions|BC|Industrial Processes|Other Sector","Mt BC/yr",0,0,0,0,0,0,0,0,0,0,0,0,0,0,0,0,0,0,0,0
"GCAM 7.1","Reference","Pakistan","Emissions|BC|Industrial Processes|Other Sector","Mt BC/yr",0,0,0,0,0,0,0,0,0,0,0,0,0,0,0,0,0,0,0,0
"GCAM 7.1","CurrentMeasures","Pakistan","Emissions|BC|Other","Mt BC/yr",0,0,0,0,0,0,0,0,0,0,0,0,0,0,0,0,0,0,0,0
"GCAM 7.1","Reference","Pakistan","Emissions|BC|Other","Mt BC/yr",0,0,0,0,0,0,0,0,0,0,0,0,0,0,0,0,0,0,0,0
"GCAM 7.1","CurrentMeasures","Pakistan","Emissions|BC|Other Capture and Removal","Mt BC/yr",0,0,0,0,0,0,0,0,0,0,0,0,0,0,0,0,0,0,0,0
"GCAM 7.1","Reference","Pakistan","Emissions|BC|Other Capture and Removal","Mt BC/yr",0,0,0,0,0,0,0,0,0,0,0,0,0,0,0,0,0,0,0,0
"GCAM 7.1","CurrentMeasures","Pakistan","Emissions|C2F6|AFOLU|Land|Other","kt C2F6/yr",0,0,0,0,0,0,0,0,0,0,0,0,0,0,0,0,0,0,0,0
"GCAM 7.1","Reference","Pakistan","Emissions|C2F6|AFOLU|Land|Other","kt C2F6/yr",0,0,0,0,0,0,0,0,0,0,0,0,0,0,0,0,0,0,0,0
"GCAM 7.1","CurrentMeasures","Pakistan","Emissions|C2F6|Energy|Demand|Other Sector","kt C2F6/yr",0,0,0,0,0,0,0,0,0,0,0,0,0,0,0,0,0,0,0,0
"GCAM 7.1","Reference","Pakistan","Emissions|C2F6|Energy|Demand|Other Sector","kt C2F6/yr",0,0,0,0,0,0,0,0,0,0,0,0,0,0,0,0,0,0,0,0
"GCAM 7.1","CurrentMeasures","Pakistan","Emissions|C2F6|Energy|Supply|Other","kt C2F6/yr",0,0,0,0,0,0,0,0,0,0,0,0,0,0,0,0,0,0,0,0
"GCAM 7.1","Reference","Pakistan","Emissions|C2F6|Energy|Supply|Other","kt C2F6/yr",0,0,0,0,0,0,0,0,0,0,0,0,0,0,0,0,0,0,0,0
"GCAM 7.1","CurrentMeasures","Pakistan","Emissions|C2F6|Industrial Processes|Other Sector","kt C2F6/yr",0,0,0,0,0,0,0,0,0,0,0,0,0,0,0,0,0,0,0,0
"GCAM 7.1","Reference","Pakistan","Emissions|C2F6|Industrial Processes|Other Sector","kt C2F6/yr",0,0,0,0,0,0,0,0,0,0,0,0,0,0,0,0,0,0,0,0
"GCAM 7.1","CurrentMeasures","Pakistan","Emissions|C2F6|Other","kt C2F6/yr",0,0,0,0,0,0,0,0,0,0,0,0,0,0,0,0,0,0,0,0
"GCAM 7.1","Reference","Pakistan","Emissions|C2F6|Other","kt C2F6/yr",0,0,0,0,0,0,0,0,0,0,0,0,0,0,0,0,0,0,0,0
"GCAM 7.1","CurrentMeasures","Pakistan","Emissions|C2F6|Other Capture and Removal","kt C2F6/yr",0,0,0,0,0,0,0,0,0,0,0,0,0,0,0,0,0,0,0,0
"GCAM 7.1","Reference","Pakistan","Emissions|C2F6|Other Capture and Removal","kt C2F6/yr",0,0,0,0,0,0,0,0,0,0,0,0,0,0,0,0,0,0,0,0
"GCAM 7.1","CurrentMeasures","Pakistan","Emissions|CH4|Energy|Demand|Other Sector","Mt CH4/yr",0,0,0,0,0,0,0,0,0,0,0,0,0,0,0,0,0,0,0,0
"GCAM 7.1","Reference","Pakistan","Emissions|CH4|Energy|Demand|Other Sector","Mt CH4/yr",0,0,0,0,0,0,0,0,0,0,0,0,0,0,0,0,0,0,0,0
"GCAM 7.1","CurrentMeasures","Pakistan","Emissions|CH4|Energy|Supply|Other","Mt CH4/yr",0,0,0,0,0,0,0,0,0,0,0,0,0,0,0,0,0,0,0,0
"GCAM 7.1","Reference","Pakistan","Emissions|CH4|Energy|Supply|Other","Mt CH4/yr",0,0,0,0,0,0,0,0,0,0,0,0,0,0,0,0,0,0,0,0
"GCAM 7.1","CurrentMeasures","Pakistan","Emissions|CH4|Industrial Processes|Other Sector","Mt CH4/yr",0,0,0,0,0,0,0,0,0,0,0,0,0,0,0,0,0,0,0,0
"GCAM 7.1","Reference","Pakistan","Emissions|CH4|Industrial Processes|Other Sector","Mt CH4/yr",0,0,0,0,0,0,0,0,0,0,0,0,0,0,0,0,0,0,0,0
"GCAM 7.1","CurrentMeasures","Pakistan","Emissions|CH4|Other","Mt CH4/yr",0,0,0,0,0,0,0,0,0,0,0,0,0,0,0,0,0,0,0,0
"GCAM 7.1","Reference","Pakistan","Emissions|CH4|Other","Mt CH4/yr",0,0,0,0,0,0,0,0,0,0,0,0,0,0,0,0,0,0,0,0
"GCAM 7.1","CurrentMeasures","Pakistan","Emissions|CH4|Other Capture and Removal","Mt CH4/yr",0,0,0,0,0,0,0,0,0,0,0,0,0,0,0,0,0,0,0,0
"GCAM 7.1","Reference","Pakistan","Emissions|CH4|Other Capture and Removal","Mt CH4/yr",0,0,0,0,0,0,0,0,0,0,0,0,0,0,0,0,0,0,0,0
"GCAM 7.1","CurrentMeasures","Pakistan","Emissions|CO|Energy|Demand|Other Sector","Mt CO/yr",0,0,0,0,0,0,0,0,0,0,0,0,0,0,0,0,0,0,0,0
"GCAM 7.1","Reference","Pakistan","Emissions|CO|Energy|Demand|Other Sector","Mt CO/yr",0,0,0,0,0,0,0,0,0,0,0,0,0,0,0,0,0,0,0,0
"GCAM 7.1","CurrentMeasures","Pakistan","Emissions|CO|Energy|Supply|Other","Mt CO/yr",0,0,0,0,0,0,0,0,0,0,0,0,0,0,0,0,0,0,0,0
"GCAM 7.1","Reference","Pakistan","Emissions|CO|Energy|Supply|Other","Mt CO/yr",0,0,0,0,0,0,0,0,0,0,0,0,0,0,0,0,0,0,0,0
"GCAM 7.1","CurrentMeasures","Pakistan","Emissions|CO|Industrial Processes|Other Sector","Mt CO/yr",0,0,0,0,0,0,0,0,0,0,0,0,0,0,0,0,0,0,0,0
"GCAM 7.1","Reference","Pakistan","Emissions|CO|Industrial Processes|Other Sector","Mt CO/yr",0,0,0,0,0,0,0,0,0,0,0,0,0,0,0,0,0,0,0,0
"GCAM 7.1","CurrentMeasures","Pakistan","Emissions|CO|Other","Mt CO/yr",0,0,0,0,0,0,0,0,0,0,0,0,0,0,0,0,0,0,0,0
"GCAM 7.1","Reference","Pakistan","Emissions|CO|Other","Mt CO/yr",0,0,0,0,0,0,0,0,0,0,0,0,0,0,0,0,0,0,0,0
"GCAM 7.1","CurrentMeasures","Pakistan","Emissions|CO|Other Capture and Removal","Mt CO/yr",0,0,0,0,0,0,0,0,0,0,0,0,0,0,0,0,0,0,0,0
"GCAM 7.1","Reference","Pakistan","Emissions|CO|Other Capture and Removal","Mt CO/yr",0,0,0,0,0,0,0,0,0,0,0,0,0,0,0,0,0,0,0,0
"GCAM 7.1","CurrentMeasures","Pakistan","Emissions|CO2|AFOLU|Land|Other","Mt CO2/yr",0,0,0,0,0,0,0,0,0,0,0,0,0,0,0,0,0,0,0,0
"GCAM 7.1","Reference","Pakistan","Emissions|CO2|AFOLU|Land|Other","Mt CO2/yr",0,0,0,0,0,0,0,0,0,0,0,0,0,0,0,0,0,0,0,0
"GCAM 7.1","CurrentMeasures","Pakistan","Emissions|CO2|Other","Mt CO2/yr",0,0,0,0,0,0,0,0,0,0,0,0,0,0,0,0,0,0,0,0
"GCAM 7.1","Reference","Pakistan","Emissions|CO2|Other","Mt CO2/yr",0,0,0,0,0,0,0,0,0,0,0,0,0,0,0,0,0,0,0,0
"GCAM 7.1","CurrentMeasures","Pakistan","Emissions|CO2|Other Capture and Removal","Mt CO2/yr",0,0,0,0,0,0,0,0,0,0,0,0,0,0,0,0,0,0,0,0
"GCAM 7.1","Reference","Pakistan","Emissions|CO2|Other Capture and Removal","Mt CO2/yr",0,0,0,0,0,0,0,0,0,0,0,0,0,0,0,0,0,0,0,0
"GCAM 7.1","CurrentMeasures","Pakistan","Emissions|Kyoto Gases|AFOLU|Land|Other","Mt CO2-equiv/yr",0,0,0,0,0,0,0,0,0,0,0,0,0,0,0,0,0,0,0,0
"GCAM 7.1","Reference","Pakistan","Emissions|Kyoto Gases|AFOLU|Land|Other","Mt CO2-equiv/yr",0,0,0,0,0,0,0,0,0,0,0,0,0,0,0,0,0,0,0,0
"GCAM 7.1","CurrentMeasures","Pakistan","Emissions|Kyoto Gases|Energy|Demand|Other Sector","Mt CO2-equiv/yr",0,0,0,0,0,0,0,0,0,0,0,0,0,0,0,0,0,0,0,0
"GCAM 7.1","Reference","Pakistan","Emissions|Kyoto Gases|Energy|Demand|Other Sector","Mt CO2-equiv/yr",0,0,0,0,0,0,0,0,0,0,0,0,0,0,0,0,0,0,0,0
"GCAM 7.1","CurrentMeasures","Pakistan","Emissions|Kyoto Gases|Energy|Supply|Other","Mt CO2-equiv/yr",0,0,0,0,0,0,0,0,0,0,0,0,0,0,0,0,0,0,0,0
"GCAM 7.1","Reference","Pakistan","Emissions|Kyoto Gases|Energy|Supply|Other","Mt CO2-equiv/yr",0,0,0,0,0,0,0,0,0,0,0,0,0,0,0,0,0,0,0,0
"GCAM 7.1","CurrentMeasures","Pakistan","Emissions|Kyoto Gases|Other Capture and Removal","Mt CO2-equiv/yr",0,0,0,0,0,0,0,0,0,0,0,0,0,0,0,0,0,0,0,0
"GCAM 7.1","Reference","Pakistan","Emissions|Kyoto Gases|Other Capture and Removal","Mt CO2-equiv/yr",0,0,0,0,0,0,0,0,0,0,0,0,0,0,0,0,0,0,0,0
"GCAM 7.1","CurrentMeasures","Pakistan","Emissions|N2O|Energy|Demand|Other Sector","kt N2O/yr",0,0,0,0,0,0,0,0,0,0,0,0,0,0,0,0,0,0,0,0
"GCAM 7.1","Reference","Pakistan","Emissions|N2O|Energy|Demand|Other Sector","kt N2O/yr",0,0,0,0,0,0,0,0,0,0,0,0,0,0,0,0,0,0,0,0
"GCAM 7.1","CurrentMeasures","Pakistan","Emissions|N2O|Energy|Supply|Other","kt N2O/yr",0,0,0,0,0,0,0,0,0,0,0,0,0,0,0,0,0,0,0,0
"GCAM 7.1","Reference","Pakistan","Emissions|N2O|Energy|Supply|Other","kt N2O/yr",0,0,0,0,0,0,0,0,0,0,0,0,0,0,0,0,0,0,0,0
"GCAM 7.1","CurrentMeasures","Pakistan","Emissions|N2O|Industrial Processes|Other Sector","kt N2O/yr",0,0,0,0,0,0,0,0,0,0,0,0,0,0,0,0,0,0,0,0
"GCAM 7.1","Reference","Pakistan","Emissions|N2O|Industrial Processes|Other Sector","kt N2O/yr",0,0,0,0,0,0,0,0,0,0,0,0,0,0,0,0,0,0,0,0
"GCAM 7.1","CurrentMeasures","Pakistan","Emissions|N2O|Other","kt N2O/yr",0,0,0,0,0,0,0,0,0,0,0,0,0,0,0,0,0,0,0,0
"GCAM 7.1","Reference","Pakistan","Emissions|N2O|Other","kt N2O/yr",0,0,0,0,0,0,0,0,0,0,0,0,0,0,0,0,0,0,0,0
"GCAM 7.1","CurrentMeasures","Pakistan","Emissions|N2O|Other Capture and Removal","kt N2O/yr",0,0,0,0,0,0,0,0,0,0,0,0,0,0,0,0,0,0,0,0
"GCAM 7.1","Reference","Pakistan","Emissions|N2O|Other Capture and Removal","kt N2O/yr",0,0,0,0,0,0,0,0,0,0,0,0,0,0,0,0,0,0,0,0
"GCAM 7.1","CurrentMeasures","Pakistan","Emissions|NH3|Energy|Demand|Other Sector","Mt NH3/yr",0,0,0,0,0,0,0,0,0,0,0,0,0,0,0,0,0,0,0,0
"GCAM 7.1","Reference","Pakistan","Emissions|NH3|Energy|Demand|Other Sector","Mt NH3/yr",0,0,0,0,0,0,0,0,0,0,0,0,0,0,0,0,0,0,0,0
"GCAM 7.1","CurrentMeasures","Pakistan","Emissions|NH3|Energy|Supply|Other","Mt NH3/yr",0,0,0,0,0,0,0,0,0,0,0,0,0,0,0,0,0,0,0,0
"GCAM 7.1","Reference","Pakistan","Emissions|NH3|Energy|Supply|Other","Mt NH3/yr",0,0,0,0,0,0,0,0,0,0,0,0,0,0,0,0,0,0,0,0
"GCAM 7.1","CurrentMeasures","Pakistan","Emissions|NH3|Industrial Processes|Other Sector","Mt NH3/yr",0,0,0,0,0,0,0,0,0,0,0,0,0,0,0,0,0,0,0,0
"GCAM 7.1","Reference","Pakistan","Emissions|NH3|Industrial Processes|Other Sector","Mt NH3/yr",0,0,0,0,0,0,0,0,0,0,0,0,0,0,0,0,0,0,0,0
"GCAM 7.1","CurrentMeasures","Pakistan","Emissions|NH3|Other","Mt NH3/yr",0,0,0,0,0,0,0,0,0,0,0,0,0,0,0,0,0,0,0,0
"GCAM 7.1","Reference","Pakistan","Emissions|NH3|Other","Mt NH3/yr",0,0,0,0,0,0,0,0,0,0,0,0,0,0,0,0,0,0,0,0
"GCAM 7.1","CurrentMeasures","Pakistan","Emissions|NH3|Other Capture and Removal","Mt NH3/yr",0,0,0,0,0,0,0,0,0,0,0,0,0,0,0,0,0,0,0,0
"GCAM 7.1","Reference","Pakistan","Emissions|NH3|Other Capture and Removal","Mt NH3/yr",0,0,0,0,0,0,0,0,0,0,0,0,0,0,0,0,0,0,0,0
"GCAM 7.1","CurrentMeasures","Pakistan","Emissions|NOx|Energy|Demand|Other Sector","Mt NO2/yr",0,0,0,0,0,0,0,0,0,0,0,0,0,0,0,0,0,0,0,0
"GCAM 7.1","Reference","Pakistan","Emissions|NOx|Energy|Demand|Other Sector","Mt NO2/yr",0,0,0,0,0,0,0,0,0,0,0,0,0,0,0,0,0,0,0,0
"GCAM 7.1","CurrentMeasures","Pakistan","Emissions|NOx|Energy|Supply|Other","Mt NO2/yr",0,0,0,0,0,0,0,0,0,0,0,0,0,0,0,0,0,0,0,0
"GCAM 7.1","Reference","Pakistan","Emissions|NOx|Energy|Supply|Other","Mt NO2/yr",0,0,0,0,0,0,0,0,0,0,0,0,0,0,0,0,0,0,0,0
"GCAM 7.1","CurrentMeasures","Pakistan","Emissions|NOx|Industrial Processes|Other Sector","Mt NO2/yr",0,0,0,0,0,0,0,0,0,0,0,0,0,0,0,0,0,0,0,0
"GCAM 7.1","Reference","Pakistan","Emissions|NOx|Industrial Processes|Other Sector","Mt NO2/yr",0,0,0,0,0,0,0,0,0,0,0,0,0,0,0,0,0,0,0,0
"GCAM 7.1","CurrentMeasures","Pakistan","Emissions|NOx|Other","Mt NO2/yr",0,0,0,0,0,0,0,0,0,0,0,0,0,0,0,0,0,0,0,0
"GCAM 7.1","Reference","Pakistan","Emissions|NOx|Other","Mt NO2/yr",0,0,0,0,0,0,0,0,0,0,0,0,0,0,0,0,0,0,0,0
"GCAM 7.1","CurrentMeasures","Pakistan","Emissions|NOx|Other Capture and Removal","Mt NO2/yr",0,0,0,0,0,0,0,0,0,0,0,0,0,0,0,0,0,0,0,0
"GCAM 7.1","Reference","Pakistan","Emissions|NOx|Other Capture and Removal","Mt NO2/yr",0,0,0,0,0,0,0,0,0,0,0,0,0,0,0,0,0,0,0,0
"GCAM 7.1","CurrentMeasures","Pakistan","Emissions|OC|Energy|Demand|Other Sector","Mt OC/yr",0,0,0,0,0,0,0,0,0,0,0,0,0,0,0,0,0,0,0,0
"GCAM 7.1","Reference","Pakistan","Emissions|OC|Energy|Demand|Other Sector","Mt OC/yr",0,0,0,0,0,0,0,0,0,0,0,0,0,0,0,0,0,0,0,0
"GCAM 7.1","CurrentMeasures","Pakistan","Emissions|OC|Energy|Supply|Other","Mt OC/yr",0,0,0,0,0,0,0,0,0,0,0,0,0,0,0,0,0,0,0,0
"GCAM 7.1","Reference","Pakistan","Emissions|OC|Energy|Supply|Other","Mt OC/yr",0,0,0,0,0,0,0,0,0,0,0,0,0,0,0,0,0,0,0,0
"GCAM 7.1","CurrentMeasures","Pakistan","Emissions|OC|Industrial Processes|Other Sector","Mt OC/yr",0,0,0,0,0,0,0,0,0,0,0,0,0,0,0,0,0,0,0,0
"GCAM 7.1","Reference","Pakistan","Emissions|OC|Industrial Processes|Other Sector","Mt OC/yr",0,0,0,0,0,0,0,0,0,0,0,0,0,0,0,0,0,0,0,0
"GCAM 7.1","CurrentMeasures","Pakistan","Emissions|OC|Other","Mt OC/yr",0,0,0,0,0,0,0,0,0,0,0,0,0,0,0,0,0,0,0,0
"GCAM 7.1","Reference","Pakistan","Emissions|OC|Other","Mt OC/yr",0,0,0,0,0,0,0,0,0,0,0,0,0,0,0,0,0,0,0,0
"GCAM 7.1","CurrentMeasures","Pakistan","Emissions|OC|Other Capture and Removal","Mt OC/yr",0,0,0,0,0,0,0,0,0,0,0,0,0,0,0,0,0,0,0,0
"GCAM 7.1","Reference","Pakistan","Emissions|OC|Other Capture and Removal","Mt OC/yr",0,0,0,0,0,0,0,0,0,0,0,0,0,0,0,0,0,0,0,0
"GCAM 7.1","CurrentMeasures","Pakistan","Emissions|Sulfur|Energy|Demand|Other Sector","Mt SO2/yr",0,0,0,0,0,0,0,0,0,0,0,0,0,0,0,0,0,0,0,0
"GCAM 7.1","Reference","Pakistan","Emissions|Sulfur|Energy|Demand|Other Sector","Mt SO2/yr",0,0,0,0,0,0,0,0,0,0,0,0,0,0,0,0,0,0,0,0
"GCAM 7.1","CurrentMeasures","Pakistan","Emissions|Sulfur|Energy|Supply|Other","Mt SO2/yr",0,0,0,0,0,0,0,0,0,0,0,0,0,0,0,0,0,0,0,0
"GCAM 7.1","Reference","Pakistan","Emissions|Sulfur|Energy|Supply|Other","Mt SO2/yr",0,0,0,0,0,0,0,0,0,0,0,0,0,0,0,0,0,0,0,0
"GCAM 7.1","CurrentMeasures","Pakistan","Emissions|Sulfur|Industrial Processes|Other Sector","Mt SO2/yr",0,0,0,0,0,0,0,0,0,0,0,0,0,0,0,0,0,0,0,0
"GCAM 7.1","Reference","Pakistan","Emissions|Sulfur|Industrial Processes|Other Sector","Mt SO2/yr",0,0,0,0,0,0,0,0,0,0,0,0,0,0,0,0,0,0,0,0
"GCAM 7.1","CurrentMeasures","Pakistan","Emissions|Sulfur|Other","Mt SO2/yr",0,0,0,0,0,0,0,0,0,0,0,0,0,0,0,0,0,0,0,0
"GCAM 7.1","Reference","Pakistan","Emissions|Sulfur|Other","Mt SO2/yr",0,0,0,0,0,0,0,0,0,0,0,0,0,0,0,0,0,0,0,0
"GCAM 7.1","CurrentMeasures","Pakistan","Emissions|Sulfur|Other Capture and Removal","Mt SO2/yr",0,0,0,0,0,0,0,0,0,0,0,0,0,0,0,0,0,0,0,0
"GCAM 7.1","Reference","Pakistan","Emissions|Sulfur|Other Capture and Removal","Mt SO2/yr",0,0,0,0,0,0,0,0,0,0,0,0,0,0,0,0,0,0,0,0
"GCAM 7.1","CurrentMeasures","Pakistan","Emissions|VOC|Energy|Demand|Other Sector","Mt VOC/yr",0,0,0,0,0,0,0,0,0,0,0,0,0,0,0,0,0,0,0,0
"GCAM 7.1","Reference","Pakistan","Emissions|VOC|Energy|Demand|Other Sector","Mt VOC/yr",0,0,0,0,0,0,0,0,0,0,0,0,0,0,0,0,0,0,0,0
"GCAM 7.1","CurrentMeasures","Pakistan","Emissions|VOC|Energy|Supply|Other","Mt VOC/yr",0,0,0,0,0,0,0,0,0,0,0,0,0,0,0,0,0,0,0,0
"GCAM 7.1","Reference","Pakistan","Emissions|VOC|Energy|Supply|Other","Mt VOC/yr",0,0,0,0,0,0,0,0,0,0,0,0,0,0,0,0,0,0,0,0
"GCAM 7.1","CurrentMeasures","Pakistan","Emissions|VOC|Industrial Processes|Other Sector","Mt VOC/yr",0,0,0,0,0,0,0,0,0,0,0,0,0,0,0,0,0,0,0,0
"GCAM 7.1","Reference","Pakistan","Emissions|VOC|Industrial Processes|Other Sector","Mt VOC/yr",0,0,0,0,0,0,0,0,0,0,0,0,0,0,0,0,0,0,0,0
"GCAM 7.1","CurrentMeasures","Pakistan","Emissions|VOC|Other","Mt VOC/yr",0,0,0,0,0,0,0,0,0,0,0,0,0,0,0,0,0,0,0,0
"GCAM 7.1","Reference","Pakistan","Emissions|VOC|Other","Mt VOC/yr",0,0,0,0,0,0,0,0,0,0,0,0,0,0,0,0,0,0,0,0
"GCAM 7.1","CurrentMeasures","Pakistan","Emissions|VOC|Other Capture and Removal","Mt VOC/yr",0,0,0,0,0,0,0,0,0,0,0,0,0,0,0,0,0,0,0,0
"GCAM 7.1","Reference","Pakistan","Emissions|VOC|Other Capture and Removal","Mt VOC/yr",0,0,0,0,0,0,0,0,0,0,0,0,0,0,0,0,0,0,0,0
"GCAM 7.1","CurrentMeasures","Pakistan","Final Energy|Agriculture|Other","EJ/yr",0,0,0,0,0,0,0,0,0,0,0,0,0,0,0,0,0,0,0,0
"GCAM 7.1","Reference","Pakistan","Final Energy|Agriculture|Other","EJ/yr",0,0,0,0,0,0,0,0,0,0,0,0,0,0,0,0,0,0,0,0
"GCAM 7.1","CurrentMeasures","Pakistan","Final Energy|Bunkers|Other","EJ/yr",0,0,0,0,0,0,0,0,0,0,0,0,0,0,0,0,0,0,0,0
"GCAM 7.1","Reference","Pakistan","Final Energy|Bunkers|Other","EJ/yr",0,0,0,0,0,0,0,0,0,0,0,0,0,0,0,0,0,0,0,0
"GCAM 7.1","CurrentMeasures","Pakistan","Final Energy|Commercial|Other","EJ/yr",0,0,0,0,0,0,0,0,0,0,0,0,0,0,0,0,0,0,0,0
"GCAM 7.1","Reference","Pakistan","Final Energy|Commercial|Other","EJ/yr",0,0,0,0,0,0,0,0,0,0,0,0,0,0,0,0,0,0,0,0
"GCAM 7.1","CurrentMeasures","Pakistan","Final Energy|Industry|Chemicals|Ammonia|Other","EJ/yr",0,0,0,0,0,0,0,0,0,0,0,0,0,0,0,0,0,0,0,0
"GCAM 7.1","Reference","Pakistan","Final Energy|Industry|Chemicals|Ammonia|Other","EJ/yr",0,0,0,0,0,0,0,0,0,0,0,0,0,0,0,0,0,0,0,0
"GCAM 7.1","CurrentMeasures","Pakistan","Final Energy|Industry|Chemicals|Other","EJ/yr",0,0,0,0,0,0,0,0,0,0,0,0,0,0,0,0,0,0,0,0
"GCAM 7.1","Reference","Pakistan","Final Energy|Industry|Chemicals|Other","EJ/yr",0,0,0,0,0,0,0,0,0,0,0,0,0,0,0,0,0,0,0,0
"GCAM 7.1","CurrentMeasures","Pakistan","Final Energy|Industry|Chemicals|Other Sector|Other","EJ/yr",0,0,0,0,0,0,0,0,0,0,0,0,0,0,0,0,0,0,0,0
"GCAM 7.1","Reference","Pakistan","Final Energy|Industry|Chemicals|Other Sector|Other","EJ/yr",0,0,0,0,0,0,0,0,0,0,0,0,0,0,0,0,0,0,0,0
"GCAM 7.1","CurrentMeasures","Pakistan","Final Energy|Industry|Chemicals|Other Sector|Solids|Biomass","EJ/yr",0,0,0,0,0,0,0,0,0,0,0,0,0,0,0,0,0,0,0,0
"GCAM 7.1","Reference","Pakistan","Final Energy|Industry|Chemicals|Other Sector|Solids|Biomass","EJ/yr",0,0,0,0,0,0,0,0,0,0,0,0,0,0,0,0,0,0,0,0
"GCAM 7.1","CurrentMeasures","Pakistan","Final Energy|Industry|Iron and Steel|Other","EJ/yr",0,0,0,0,0,0,0,0,0,0,0,0,0,0,0,0,0,0,0,0
"GCAM 7.1","Reference","Pakistan","Final Energy|Industry|Iron and Steel|Other","EJ/yr",0,0,0,0,0,0,0,0,0,0,0,0,0,0,0,0,0,0,0,0
"GCAM 7.1","CurrentMeasures","Pakistan","Final Energy|Industry|Non-Ferrous Metals|Other","EJ/yr",0,0,0,0,0,0,0,0,0,0,0,0,0,0,0,0,0,0,0,0
"GCAM 7.1","Reference","Pakistan","Final Energy|Industry|Non-Ferrous Metals|Other","EJ/yr",0,0,0,0,0,0,0,0,0,0,0,0,0,0,0,0,0,0,0,0
"GCAM 7.1","CurrentMeasures","Pakistan","Final Energy|Industry|Other Sector|Other","EJ/yr",0,0,0,0,0,0,0,0,0,0,0,0,0,0,0,0,0,0,0,0
"GCAM 7.1","Reference","Pakistan","Final Energy|Industry|Other Sector|Other","EJ/yr",0,0,0,0,0,0,0,0,0,0,0,0,0,0,0,0,0,0,0,0
"GCAM 7.1","CurrentMeasures","Pakistan","Final Energy|Industry|Pulp and Paper|Other","EJ/yr",0,0,0,0,0,0,0,0,0,0,0,0,0,0,0,0,0,0,0,0
"GCAM 7.1","Reference","Pakistan","Final Energy|Industry|Pulp and Paper|Other","EJ/yr",0,0,0,0,0,0,0,0,0,0,0,0,0,0,0,0,0,0,0,0
"GCAM 7.1","CurrentMeasures","Pakistan","Final Energy|Non-Energy Use|Other","EJ/yr",0,0,0,0,0,0,0,0,0,0,0,0,0,0,0,0,0,0,0,0
"GCAM 7.1","Reference","Pakistan","Final Energy|Non-Energy Use|Other","EJ/yr",0,0,0,0,0,0,0,0,0,0,0,0,0,0,0,0,0,0,0,0
"GCAM 7.1","CurrentMeasures","Pakistan","Final Energy|Non-Energy Use|Other Sector|Heat","EJ/yr",0,0,0,0,0,0,0,0,0,0,0,0,0,0,0,0,0,0,0,0
"GCAM 7.1","Reference","Pakistan","Final Energy|Non-Energy Use|Other Sector|Heat","EJ/yr",0,0,0,0,0,0,0,0,0,0,0,0,0,0,0,0,0,0,0,0
"GCAM 7.1","CurrentMeasures","Pakistan","Final Energy|Non-Energy Use|Other Sector|Hydrogen","EJ/yr",0,0,0,0,0,0,0,0,0,0,0,0,0,0,0,0,0,0,0,0
"GCAM 7.1","Reference","Pakistan","Final Energy|Non-Energy Use|Other Sector|Hydrogen","EJ/yr",0,0,0,0,0,0,0,0,0,0,0,0,0,0,0,0,0,0,0,0
"GCAM 7.1","CurrentMeasures","Pakistan","Final Energy|Non-Energy Use|Other Sector|Solids","EJ/yr",0,0,0,0,0,0,0,0,0,0,0,0,0,0,0,0,0,0,0,0
"GCAM 7.1","Reference","Pakistan","Final Energy|Non-Energy Use|Other Sector|Solids","EJ/yr",0,0,0,0,0,0,0,0,0,0,0,0,0,0,0,0,0,0,0,0
"GCAM 7.1","CurrentMeasures","Pakistan","Final Energy|Non-Energy Use|Other Sector|Solids|Biomass","EJ/yr",0,0,0,0,0,0,0,0,0,0,0,0,0,0,0,0,0,0,0,0
"GCAM 7.1","Reference","Pakistan","Final Energy|Non-Energy Use|Other Sector|Solids|Biomass","EJ/yr",0,0,0,0,0,0,0,0,0,0,0,0,0,0,0,0,0,0,0,0
"GCAM 7.1","CurrentMeasures","Pakistan","Final Energy|Non-Energy Use|Other Sector|Solids|Coal","EJ/yr",0,0,0,0,0,0,0,0,0,0,0,0,0,0,0,0,0,0,0,0
"GCAM 7.1","Reference","Pakistan","Final Energy|Non-Energy Use|Other Sector|Solids|Coal","EJ/yr",0,0,0,0,0,0,0,0,0,0,0,0,0,0,0,0,0,0,0,0
"GCAM 7.1","CurrentMeasures","Pakistan","Final Energy|Residential and Commercial|Other","EJ/yr",0,0,0,0,0,0,0,0,0,0,0,0,0,0,0,0,0,0,0,0
"GCAM 7.1","Reference","Pakistan","Final Energy|Residential and Commercial|Other","EJ/yr",0,0,0,0,0,0,0,0,0,0,0,0,0,0,0,0,0,0,0,0
"GCAM 7.1","CurrentMeasures","Pakistan","Final Energy|Residential|Other","EJ/yr",0,0,0,0,0,0,0,0,0,0,0,0,0,0,0,0,0,0,0,0
"GCAM 7.1","Reference","Pakistan","Final Energy|Residential|Other","EJ/yr",0,0,0,0,0,0,0,0,0,0,0,0,0,0,0,0,0,0,0,0
"GCAM 7.1","CurrentMeasures","Pakistan","Final Energy|Transportation (w/ bunkers)|Other","EJ/yr",0,0,0,0,0,0,0,0,0,0,0,0,0,0,0,0,0,0,0,0
"GCAM 7.1","Reference","Pakistan","Final Energy|Transportation (w/ bunkers)|Other","EJ/yr",0,0,0,0,0,0,0,0,0,0,0,0,0,0,0,0,0,0,0,0
"GCAM 7.1","CurrentMeasures","Pakistan","Final Energy|Transportation|Bus|Other","EJ/yr",0,0,0,0,0,0,0,0,0,0,0,0,0,0,0,0,0,0,0,0
"GCAM 7.1","Reference","Pakistan","Final Energy|Transportation|Bus|Other","EJ/yr",0,0,0,0,0,0,0,0,0,0,0,0,0,0,0,0,0,0,0,0
"GCAM 7.1","CurrentMeasures","Pakistan","Final Energy|Transportation|Domestic Aviation|Other","EJ/yr",0,0,0,0,0,0,0,0,0,0,0,0,0,0,0,0,0,0,0,0
"GCAM 7.1","Reference","Pakistan","Final Energy|Transportation|Domestic Aviation|Other","EJ/yr",0,0,0,0,0,0,0,0,0,0,0,0,0,0,0,0,0,0,0,0
"GCAM 7.1","CurrentMeasures","Pakistan","Final Energy|Transportation|Domestic Shipping|Other","EJ/yr",0,0,0,0,0,0,0,0,0,0,0,0,0,0,0,0,0,0,0,0
"GCAM 7.1","Reference","Pakistan","Final Energy|Transportation|Domestic Shipping|Other","EJ/yr",0,0,0,0,0,0,0,0,0,0,0,0,0,0,0,0,0,0,0,0
"GCAM 7.1","CurrentMeasures","Pakistan","Final Energy|Transportation|Freight|Other","EJ/yr",0,0,0,0,0,0,0,0,0,0,0,0,0,0,0,0,0,0,0,0
"GCAM 7.1","Reference","Pakistan","Final Energy|Transportation|Freight|Other","EJ/yr",0,0,0,0,0,0,0,0,0,0,0,0,0,0,0,0,0,0,0,0
"GCAM 7.1","CurrentMeasures","Pakistan","Final Energy|Transportation|Other","EJ/yr",0,0,0,0,0,0,0,0,0,0,0,0,0,0,0,0,0,0,0,0
"GCAM 7.1","Reference","Pakistan","Final Energy|Transportation|Other","EJ/yr",0,0,0,0,0,0,0,0,0,0,0,0,0,0,0,0,0,0,0,0
"GCAM 7.1","CurrentMeasures","Pakistan","Final Energy|Transportation|Passenger|Other","EJ/yr",0,0,0,0,0,0,0,0,0,0,0,0,0,0,0,0,0,0,0,0
"GCAM 7.1","Reference","Pakistan","Final Energy|Transportation|Passenger|Other","EJ/yr",0,0,0,0,0,0,0,0,0,0,0,0,0,0,0,0,0,0,0,0
"GCAM 7.1","CurrentMeasures","Pakistan","Final Energy|Transportation|Rail|Other","EJ/yr",0,0,0,0,0,0,0,0,0,0,0,0,0,0,0,0,0,0,0,0
"GCAM 7.1","Reference","Pakistan","Final Energy|Transportation|Rail|Other","EJ/yr",0,0,0,0,0,0,0,0,0,0,0,0,0,0,0,0,0,0,0,0
"GCAM 7.1","CurrentMeasures","Pakistan","Final Energy|Transportation|Truck|Other","EJ/yr",0,0,0,0,0,0,0,0,0,0,0,0,0,0,0,0,0,0,0,0
"GCAM 7.1","Reference","Pakistan","Final Energy|Transportation|Truck|Other","EJ/yr",0,0,0,0,0,0,0,0,0,0,0,0,0,0,0,0,0,0,0,0
"GCAM 7.1","CurrentMeasures","Pakistan","Secondary Energy|Electricity|Other","EJ/yr",0,0,0,0,0,0,0,0,0,0,0,0,0,0,0,0,0,0,0,0
"GCAM 7.1","Reference","Pakistan","Secondary Energy|Electricity|Other","EJ/yr",0,0,0,0,0,0,0,0,0,0,0,0,0,0,0,0,0,0,0,0
"GCAM 7.1","CurrentMeasures","Pakistan","Water Consumption|Electricity|Other","km3/yr",0,0,0,0,0,0,0,0,0,0,0,0,0,0,0,0,0,0,0,0
"GCAM 7.1","Reference","Pakistan","Water Consumption|Electricity|Other","km3/yr",0,0,0,0,0,0,0,0,0,0,0,0,0,0,0,0,0,0,0,0
"GCAM 7.1","CurrentMeasures","Pakistan","Water Withdrawal|Electricity|Other","km3/yr",0,0,0,0,0,0,0,0,0,0,0,0,0,0,0,0,0,0,0,0
"GCAM 7.1","Reference","Pakistan","Water Withdrawal|Electricity|Other","km3/yr",0,0,0,0,0,0,0,0,0,0,0,0,0,0,0,0,0,0,0,0
