Units,scenario,region,sector,input,year,value
EJ,Reference,Pakistan,agricultural energy use,electricity,1975,2.09003e-5
EJ,Reference,Pakistan,agricultural energy use,electricity,1990,0.0018
EJ,Reference,Pakistan,agricultural energy use,electricity,2025,5.57503e-7
EJ,Reference,Pakistan,agricultural energy use,electricity,2030,4.4457e-6
EJ,Reference,Pakistan,agricultural energy use,electricity,2035,1.3837281e-5
EJ,Reference,Pakistan,agricultural energy use,electricity,2040,3.0251162999999998e-5
EJ,Reference,Pakistan,agricultural energy use,electricity,2045,5.1396418e-5
EJ,Reference,Pakistan,agricultural energy use,electricity,2050,8.671851999999999e-5
EJ,Reference,Pakistan,agricultural energy use,electricity,2055,1.1608289e-4
EJ,Reference,Pakistan,agricultural energy use,electricity,2060,1.3731352e-4
EJ,Reference,Pakistan,agricultural energy use,electricity,2065,1.5130249999999998e-4
EJ,Reference,Pakistan,agricultural energy use,electricity,2070,1.604789e-4
EJ,Reference,Pakistan,agricultural energy use,electricity,2075,1.67738e-4
EJ,Reference,Pakistan,agricultural energy use,electricity,2080,1.730403e-4
EJ,Reference,Pakistan,agricultural energy use,electricity,2085,1.769071e-4
EJ,Reference,Pakistan,agricultural energy use,electricity,2090,1.799836e-4
EJ,Reference,Pakistan,agricultural energy use,electricity,2095,1.8203810000000001e-4
EJ,Reference,Pakistan,agricultural energy use,electricity,2100,1.837408e-4
EJ,Reference,Pakistan,agricultural energy use,hydrogen,2025,1.0487714e-6
EJ,Reference,Pakistan,agricultural energy use,hydrogen,2030,7.3535467e-6
EJ,Reference,Pakistan,agricultural energy use,hydrogen,2035,1.914517567e-5
EJ,Reference,Pakistan,agricultural energy use,hydrogen,2040,3.35373307e-5
EJ,Reference,Pakistan,agricultural energy use,hydrogen,2045,4.5270803299999997e-05
EJ,Reference,Pakistan,agricultural energy use,hydrogen,2050,5.9068442e-5
EJ,Reference,Pakistan,agricultural energy use,hydrogen,2055,7.113253e-5
EJ,Reference,Pakistan,agricultural energy use,hydrogen,2060,8.1403287e-5
EJ,Reference,Pakistan,agricultural energy use,hydrogen,2065,8.9641454e-5
EJ,Reference,Pakistan,agricultural energy use,hydrogen,2070,9.5803447e-5
EJ,Reference,Pakistan,agricultural energy use,hydrogen,2075,1.0076149800000001e-4
EJ,Reference,Pakistan,agricultural energy use,hydrogen,2080,1.04601429e-4
EJ,Reference,Pakistan,agricultural energy use,hydrogen,2085,1.07839463e-4
EJ,Reference,Pakistan,agricultural energy use,hydrogen,2090,1.1088377899999999e-4
EJ,Reference,Pakistan,agricultural energy use,hydrogen,2095,1.1346469999999999e-4
EJ,Reference,Pakistan,agricultural energy use,hydrogen,2100,1.15731563e-4
EJ,Reference,Pakistan,agricultural energy use,refined liquids,1975,0.01188838
EJ,Reference,Pakistan,agricultural energy use,refined liquids,1990,0.012641699999999999
EJ,Reference,Pakistan,agricultural energy use,refined liquids,2005,0.00431155
EJ,Reference,Pakistan,agricultural energy use,refined liquids,2010,0.0018000000000000002
EJ,Reference,Pakistan,agricultural energy use,refined liquids,2015,6.69815e-4
EJ,Reference,Pakistan,agricultural energy use,refined liquids,2021,6.279020000000001e-4
EJ,Reference,Pakistan,agricultural energy use,refined liquids,2025,6.676978e-4
EJ,Reference,Pakistan,agricultural energy use,refined liquids,2030,7.121596e-4
EJ,Reference,Pakistan,agricultural energy use,refined liquids,2035,7.355755e-4
EJ,Reference,Pakistan,agricultural energy use,refined liquids,2040,7.427092100000001e-4
EJ,Reference,Pakistan,agricultural energy use,refined liquids,2045,7.516633e-4
EJ,Reference,Pakistan,agricultural energy use,refined liquids,2050,7.334506000000001e-4
EJ,Reference,Pakistan,agricultural energy use,refined liquids,2055,7.331552e-4
EJ,Reference,Pakistan,agricultural energy use,refined liquids,2060,7.621373e-4
EJ,Reference,Pakistan,agricultural energy use,refined liquids,2065,8.033292e-4
EJ,Reference,Pakistan,agricultural energy use,refined liquids,2070,8.379236000000001e-4
EJ,Reference,Pakistan,agricultural energy use,refined liquids,2075,8.627270000000001e-4
EJ,Reference,Pakistan,agricultural energy use,refined liquids,2080,8.769291000000001e-4
EJ,Reference,Pakistan,agricultural energy use,refined liquids,2085,8.835924e-4
EJ,Reference,Pakistan,agricultural energy use,refined liquids,2090,8.868955e-4
EJ,Reference,Pakistan,agricultural energy use,refined liquids,2095,8.859146e-4
EJ,Reference,Pakistan,agricultural energy use,refined liquids,2100,8.843648000000001e-4
EJ,Reference,Pakistan,ammonia,gas,1975,0.0134978
EJ,Reference,Pakistan,ammonia,gas,1990,0.0463874
EJ,Reference,Pakistan,ammonia,gas,2005,0.102311
EJ,Reference,Pakistan,ammonia,gas,2010,0.114235
EJ,Reference,Pakistan,ammonia,gas,2015,0.119497
EJ,Reference,Pakistan,ammonia,gas,2021,0.14262
EJ,Reference,Pakistan,ammonia,gas,2025,0.14540662
EJ,Reference,Pakistan,ammonia,gas,2030,0.157059128
EJ,Reference,Pakistan,ammonia,gas,2035,0.1655904999
EJ,Reference,Pakistan,ammonia,gas,2040,0.1651897419
EJ,Reference,Pakistan,ammonia,gas,2045,0.15705905300000003
EJ,Reference,Pakistan,ammonia,gas,2050,0.1519587107
EJ,Reference,Pakistan,ammonia,gas,2055,0.14605771820000002
EJ,Reference,Pakistan,ammonia,gas,2060,0.14303621809999997
EJ,Reference,Pakistan,ammonia,gas,2065,0.140735101806
EJ,Reference,Pakistan,ammonia,gas,2070,0.13909581852
EJ,Reference,Pakistan,ammonia,gas,2075,0.1391776563
EJ,Reference,Pakistan,ammonia,gas,2080,0.13942335745
EJ,Reference,Pakistan,ammonia,gas,2085,0.13947473000000002
EJ,Reference,Pakistan,ammonia,gas,2090,0.13999335899999998
EJ,Reference,Pakistan,ammonia,gas,2095,0.140522429
EJ,Reference,Pakistan,ammonia,gas,2100,0.14131114400000003
EJ,Reference,Pakistan,ammonia,hydrogen,2030,4.66175e-4
EJ,Reference,Pakistan,ammonia,hydrogen,2035,0.0018626489999999999
EJ,Reference,Pakistan,ammonia,hydrogen,2040,0.005505249
EJ,Reference,Pakistan,ammonia,hydrogen,2045,0.010906636
EJ,Reference,Pakistan,ammonia,hydrogen,2050,0.015246994
EJ,Reference,Pakistan,ammonia,hydrogen,2055,0.017484142999999997
EJ,Reference,Pakistan,ammonia,hydrogen,2060,0.0199355086
EJ,Reference,Pakistan,ammonia,hydrogen,2065,0.022002288749999998
EJ,Reference,Pakistan,ammonia,hydrogen,2070,0.023398499399999998
EJ,Reference,Pakistan,ammonia,hydrogen,2075,0.0243502726
EJ,Reference,Pakistan,ammonia,hydrogen,2080,0.0250279149
EJ,Reference,Pakistan,ammonia,hydrogen,2085,0.0256024499
EJ,Reference,Pakistan,ammonia,hydrogen,2090,0.026229099400000004
EJ,Reference,Pakistan,ammonia,hydrogen,2095,0.0268097307
EJ,Reference,Pakistan,ammonia,hydrogen,2100,0.0274148484
EJ,Reference,Pakistan,cement,electricity,1975,0.00153098
EJ,Reference,Pakistan,cement,electricity,1990,0.00367941
EJ,Reference,Pakistan,cement,electricity,2005,0.00799443
EJ,Reference,Pakistan,cement,electricity,2010,0.0150483
EJ,Reference,Pakistan,cement,electricity,2015,0.0150483
EJ,Reference,Pakistan,cement,electricity,2021,0.0150483
EJ,Reference,Pakistan,cement,electricity,2025,0.01694285
EJ,Reference,Pakistan,cement,electricity,2030,0.02304901
EJ,Reference,Pakistan,cement,electricity,2035,0.030299720000000002
EJ,Reference,Pakistan,cement,electricity,2040,0.03883358
EJ,Reference,Pakistan,cement,electricity,2045,0.047889650000000006
EJ,Reference,Pakistan,cement,electricity,2050,0.05659899800000001
EJ,Reference,Pakistan,cement,electricity,2055,0.0648364944
EJ,Reference,Pakistan,cement,electricity,2060,0.07268938990000001
EJ,Reference,Pakistan,cement,electricity,2065,0.0801928735
EJ,Reference,Pakistan,cement,electricity,2070,0.0871688625
EJ,Reference,Pakistan,cement,electricity,2075,0.093534853000000015
EJ,Reference,Pakistan,cement,electricity,2080,0.09911172000000001
EJ,Reference,Pakistan,cement,electricity,2085,0.103962306
EJ,Reference,Pakistan,cement,electricity,2090,0.108152808
EJ,Reference,Pakistan,cement,electricity,2095,0.111732674
EJ,Reference,Pakistan,cement,electricity,2100,0.114745437
EJ,Reference,Pakistan,chemical energy use,gas,1975,0.00640875
EJ,Reference,Pakistan,chemical energy use,gas,2015,0.00741661
EJ,Reference,Pakistan,chemical energy use,gas,2021,0.0083694
EJ,Reference,Pakistan,chemical energy use,gas,2025,0.009116331
EJ,Reference,Pakistan,chemical energy use,gas,2030,0.010264564
EJ,Reference,Pakistan,chemical energy use,gas,2035,0.011473106
EJ,Reference,Pakistan,chemical energy use,gas,2040,0.012756581999999999
EJ,Reference,Pakistan,chemical energy use,gas,2045,0.014274496999999999
EJ,Reference,Pakistan,chemical energy use,gas,2050,0.015967195
EJ,Reference,Pakistan,chemical energy use,gas,2055,0.0178758953
EJ,Reference,Pakistan,chemical energy use,gas,2060,0.02017092952
EJ,Reference,Pakistan,chemical energy use,gas,2065,0.02274798234
EJ,Reference,Pakistan,chemical energy use,gas,2070,0.025496844082
EJ,Reference,Pakistan,chemical energy use,gas,2075,0.028422631214499998
EJ,Reference,Pakistan,chemical energy use,gas,2080,0.0315473606695
EJ,Reference,Pakistan,chemical energy use,gas,2085,0.03501735780543
EJ,Reference,Pakistan,chemical energy use,gas,2090,0.03889433352704
EJ,Reference,Pakistan,chemical energy use,gas,2095,0.0431424935483
EJ,Reference,Pakistan,chemical energy use,gas,2100,0.0476559048914
EJ,Reference,Pakistan,chemical energy use,hydrogen,2055,7.03108e-4
EJ,Reference,Pakistan,chemical energy use,hydrogen,2060,0.0017074339999999999
EJ,Reference,Pakistan,chemical energy use,hydrogen,2065,0.003103841
EJ,Reference,Pakistan,chemical energy use,hydrogen,2070,0.004747914
EJ,Reference,Pakistan,chemical energy use,hydrogen,2075,0.006458195999999999
EJ,Reference,Pakistan,chemical energy use,hydrogen,2080,0.008257361999999999
EJ,Reference,Pakistan,chemical energy use,hydrogen,2085,0.0103553991
EJ,Reference,Pakistan,chemical energy use,hydrogen,2090,0.0128633663
EJ,Reference,Pakistan,chemical energy use,hydrogen,2095,0.01579109772
EJ,Reference,Pakistan,chemical energy use,hydrogen,2100,0.019123652825
EJ,Reference,Pakistan,chemical energy use,refined liquids,1975,0.00117209
EJ,Reference,Pakistan,chemical energy use,refined liquids,1990,0.0033069
EJ,Reference,Pakistan,chemical energy use,refined liquids,2005,0.0344508
EJ,Reference,Pakistan,chemical energy use,refined liquids,2010,0.0177068
EJ,Reference,Pakistan,chemical energy use,refined liquids,2015,0.0205533
EJ,Reference,Pakistan,chemical energy use,refined liquids,2021,0.0246137
EJ,Reference,Pakistan,chemical energy use,refined liquids,2025,0.02664871
EJ,Reference,Pakistan,chemical energy use,refined liquids,2030,0.02991997
EJ,Reference,Pakistan,chemical energy use,refined liquids,2035,0.03378141
EJ,Reference,Pakistan,chemical energy use,refined liquids,2040,0.03886829
EJ,Reference,Pakistan,chemical energy use,refined liquids,2045,0.04516516
EJ,Reference,Pakistan,chemical energy use,refined liquids,2050,0.051776578000000004
EJ,Reference,Pakistan,chemical energy use,refined liquids,2055,0.058055185999999995
EJ,Reference,Pakistan,chemical energy use,refined liquids,2060,0.0651264542
EJ,Reference,Pakistan,chemical energy use,refined liquids,2065,0.07311573553999999
EJ,Reference,Pakistan,chemical energy use,refined liquids,2070,0.08211935385
EJ,Reference,Pakistan,chemical energy use,refined liquids,2075,0.092147167433
EJ,Reference,Pakistan,chemical energy use,refined liquids,2080,0.1032158000689
EJ,Reference,Pakistan,chemical energy use,refined liquids,2085,0.1152936081564
EJ,Reference,Pakistan,chemical energy use,refined liquids,2090,0.12823997860150002
EJ,Reference,Pakistan,chemical energy use,refined liquids,2095,0.141731563877
EJ,Reference,Pakistan,chemical energy use,refined liquids,2100,0.15577062726430002
EJ,Reference,Pakistan,chemical feedstocks,gas,1975,0.0063397
EJ,Reference,Pakistan,chemical feedstocks,gas,1990,0.0566269
EJ,Reference,Pakistan,chemical feedstocks,gas,2005,0.0621266
EJ,Reference,Pakistan,chemical feedstocks,gas,2010,0.0679021
EJ,Reference,Pakistan,chemical feedstocks,gas,2015,0.0732209
EJ,Reference,Pakistan,chemical feedstocks,gas,2021,0.0976188
EJ,Reference,Pakistan,chemical feedstocks,gas,2025,0.102863
EJ,Reference,Pakistan,chemical feedstocks,gas,2030,0.110831
EJ,Reference,Pakistan,chemical feedstocks,gas,2035,0.118098
EJ,Reference,Pakistan,chemical feedstocks,gas,2040,0.124311
EJ,Reference,Pakistan,chemical feedstocks,gas,2045,0.13067
EJ,Reference,Pakistan,chemical feedstocks,gas,2050,0.137989
EJ,Reference,Pakistan,chemical feedstocks,gas,2055,0.147023
EJ,Reference,Pakistan,chemical feedstocks,gas,2060,0.156078
EJ,Reference,Pakistan,chemical feedstocks,gas,2065,0.164764
EJ,Reference,Pakistan,chemical feedstocks,gas,2070,0.173508
EJ,Reference,Pakistan,chemical feedstocks,gas,2075,0.183086
EJ,Reference,Pakistan,chemical feedstocks,gas,2080,0.193013
EJ,Reference,Pakistan,chemical feedstocks,gas,2085,0.203577
EJ,Reference,Pakistan,chemical feedstocks,gas,2090,0.214431
EJ,Reference,Pakistan,chemical feedstocks,gas,2095,0.225209
EJ,Reference,Pakistan,chemical feedstocks,gas,2100,0.234893
EJ,Reference,Pakistan,chemical feedstocks,refined liquids,2025,0.00276951
EJ,Reference,Pakistan,chemical feedstocks,refined liquids,2030,0.00684942
EJ,Reference,Pakistan,chemical feedstocks,refined liquids,2035,0.0119507
EJ,Reference,Pakistan,chemical feedstocks,refined liquids,2040,0.0178548
EJ,Reference,Pakistan,chemical feedstocks,refined liquids,2045,0.0238717
EJ,Reference,Pakistan,chemical feedstocks,refined liquids,2050,0.0306985
EJ,Reference,Pakistan,chemical feedstocks,refined liquids,2055,0.0372843
EJ,Reference,Pakistan,chemical feedstocks,refined liquids,2060,0.0452619
EJ,Reference,Pakistan,chemical feedstocks,refined liquids,2065,0.0545681
EJ,Reference,Pakistan,chemical feedstocks,refined liquids,2070,0.0650869
EJ,Reference,Pakistan,chemical feedstocks,refined liquids,2075,0.0762626
EJ,Reference,Pakistan,chemical feedstocks,refined liquids,2080,0.0882735
EJ,Reference,Pakistan,chemical feedstocks,refined liquids,2085,0.100705
EJ,Reference,Pakistan,chemical feedstocks,refined liquids,2090,0.11369
EJ,Reference,Pakistan,chemical feedstocks,refined liquids,2095,0.127108
EJ,Reference,Pakistan,chemical feedstocks,refined liquids,2100,0.141369
EJ,Reference,Pakistan,comm cooling,electricity,1990,0.00275333
EJ,Reference,Pakistan,comm cooling,electricity,2005,0.00582169
EJ,Reference,Pakistan,comm cooling,electricity,2010,0.00681139
EJ,Reference,Pakistan,comm cooling,electricity,2015,0.00710531
EJ,Reference,Pakistan,comm cooling,electricity,2021,0.0106358
EJ,Reference,Pakistan,comm cooling,electricity,2025,0.0126173
EJ,Reference,Pakistan,comm cooling,electricity,2030,0.0174847
EJ,Reference,Pakistan,comm cooling,electricity,2035,0.0238535
EJ,Reference,Pakistan,comm cooling,electricity,2040,0.0329417
EJ,Reference,Pakistan,comm cooling,electricity,2045,0.0457823
EJ,Reference,Pakistan,comm cooling,electricity,2050,0.0627179
EJ,Reference,Pakistan,comm cooling,electricity,2055,0.0841553
EJ,Reference,Pakistan,comm cooling,electricity,2060,0.110356
EJ,Reference,Pakistan,comm cooling,electricity,2065,0.140513
EJ,Reference,Pakistan,comm cooling,electricity,2070,0.173357
EJ,Reference,Pakistan,comm cooling,electricity,2075,0.207614
EJ,Reference,Pakistan,comm cooling,electricity,2080,0.240518
EJ,Reference,Pakistan,comm cooling,electricity,2085,0.270858
EJ,Reference,Pakistan,comm cooling,electricity,2090,0.297854
EJ,Reference,Pakistan,comm cooling,electricity,2095,0.320468
EJ,Reference,Pakistan,comm cooling,electricity,2100,0.339479
EJ,Reference,Pakistan,comm heating,gas,1990,0.00273366
EJ,Reference,Pakistan,comm heating,gas,2005,0.00649502
EJ,Reference,Pakistan,comm heating,gas,2010,0.00809132
EJ,Reference,Pakistan,comm heating,gas,2015,0.00746277
EJ,Reference,Pakistan,comm heating,gas,2021,0.00640519
EJ,Reference,Pakistan,comm heating,gas,2025,0.00771029
EJ,Reference,Pakistan,comm heating,gas,2030,0.00998039
EJ,Reference,Pakistan,comm heating,gas,2035,0.0125823
EJ,Reference,Pakistan,comm heating,gas,2040,0.0161777
EJ,Reference,Pakistan,comm heating,gas,2045,0.0216053
EJ,Reference,Pakistan,comm heating,gas,2050,0.0283194
EJ,Reference,Pakistan,comm heating,gas,2055,0.0381145
EJ,Reference,Pakistan,comm heating,gas,2060,0.0479478
EJ,Reference,Pakistan,comm heating,gas,2065,0.0574428
EJ,Reference,Pakistan,comm heating,gas,2070,0.0660023
EJ,Reference,Pakistan,comm heating,gas,2075,0.0739866
EJ,Reference,Pakistan,comm heating,gas,2080,0.0803696
EJ,Reference,Pakistan,comm heating,gas,2085,0.0855902
EJ,Reference,Pakistan,comm heating,gas,2090,0.0890769
EJ,Reference,Pakistan,comm heating,gas,2095,0.0908212
EJ,Reference,Pakistan,comm heating,gas,2100,0.0908957
EJ,Reference,Pakistan,comm heating,hydrogen,2025,1.64994e-6
EJ,Reference,Pakistan,comm heating,hydrogen,2030,2.95998e-5
EJ,Reference,Pakistan,comm heating,hydrogen,2035,5.81481e-5
EJ,Reference,Pakistan,comm heating,hydrogen,2040,1.05018e-4
EJ,Reference,Pakistan,comm heating,hydrogen,2045,1.89857e-4
EJ,Reference,Pakistan,comm heating,hydrogen,2050,3.28974e-4
EJ,Reference,Pakistan,comm heating,hydrogen,2055,4.72255e-4
EJ,Reference,Pakistan,comm heating,hydrogen,2060,6.30815e-4
EJ,Reference,Pakistan,comm heating,hydrogen,2065,8.11254e-4
EJ,Reference,Pakistan,comm heating,hydrogen,2070,9.90431e-4
EJ,Reference,Pakistan,comm heating,hydrogen,2075,0.00116926
EJ,Reference,Pakistan,comm heating,hydrogen,2080,0.00133709
EJ,Reference,Pakistan,comm heating,hydrogen,2085,0.00148784
EJ,Reference,Pakistan,comm heating,hydrogen,2090,0.0016091
EJ,Reference,Pakistan,comm heating,hydrogen,2095,0.00170499
EJ,Reference,Pakistan,comm heating,hydrogen,2100,0.00177575
EJ,Reference,Pakistan,comm heating,refined liquids,1990,0.00248606
EJ,Reference,Pakistan,comm heating,refined liquids,2005,0.00513261
EJ,Reference,Pakistan,comm heating,refined liquids,2010,0.00539992
EJ,Reference,Pakistan,comm heating,refined liquids,2015,0.0129784
EJ,Reference,Pakistan,comm heating,refined liquids,2021,0.0158656
EJ,Reference,Pakistan,comm heating,refined liquids,2025,0.0175855
EJ,Reference,Pakistan,comm heating,refined liquids,2030,0.0237718
EJ,Reference,Pakistan,comm heating,refined liquids,2035,0.0324708
EJ,Reference,Pakistan,comm heating,refined liquids,2040,0.0446759
EJ,Reference,Pakistan,comm heating,refined liquids,2045,0.0604082
EJ,Reference,Pakistan,comm heating,refined liquids,2050,0.0801735
EJ,Reference,Pakistan,comm heating,refined liquids,2055,0.10172
EJ,Reference,Pakistan,comm heating,refined liquids,2060,0.126912
EJ,Reference,Pakistan,comm heating,refined liquids,2065,0.154219
EJ,Reference,Pakistan,comm heating,refined liquids,2070,0.180931
EJ,Reference,Pakistan,comm heating,refined liquids,2075,0.204315
EJ,Reference,Pakistan,comm heating,refined liquids,2080,0.222294
EJ,Reference,Pakistan,comm heating,refined liquids,2085,0.234093
EJ,Reference,Pakistan,comm heating,refined liquids,2090,0.240347
EJ,Reference,Pakistan,comm heating,refined liquids,2095,0.24141
EJ,Reference,Pakistan,comm heating,refined liquids,2100,0.240059
EJ,Reference,Pakistan,comm others,electricity,1990,0.00738999
EJ,Reference,Pakistan,comm others,electricity,2005,0.0156255
EJ,Reference,Pakistan,comm others,electricity,2010,0.0182818
EJ,Reference,Pakistan,comm others,electricity,2015,0.0190708
EJ,Reference,Pakistan,comm others,electricity,2021,0.0285466
EJ,Reference,Pakistan,comm others,electricity,2025,0.0404107
EJ,Reference,Pakistan,comm others,electricity,2030,0.0625994
EJ,Reference,Pakistan,comm others,electricity,2035,0.0930076
EJ,Reference,Pakistan,comm others,electricity,2040,0.139324
EJ,Reference,Pakistan,comm others,electricity,2045,0.209259
EJ,Reference,Pakistan,comm others,electricity,2050,0.308369
EJ,Reference,Pakistan,comm others,electricity,2055,0.443037
EJ,Reference,Pakistan,comm others,electricity,2060,0.619672
EJ,Reference,Pakistan,comm others,electricity,2065,0.83844
EJ,Reference,Pakistan,comm others,electricity,2070,1.09613
EJ,Reference,Pakistan,comm others,electricity,2075,1.38761
EJ,Reference,Pakistan,comm others,electricity,2080,1.69311
EJ,Reference,Pakistan,comm others,electricity,2085,2.00281
EJ,Reference,Pakistan,comm others,electricity,2090,2.31328
EJ,Reference,Pakistan,comm others,electricity,2095,2.61388
EJ,Reference,Pakistan,comm others,electricity,2100,2.90333
EJ,Reference,Pakistan,comm others,gas,1990,0.00873599
EJ,Reference,Pakistan,comm others,gas,2005,0.0207559
EJ,Reference,Pakistan,comm others,gas,2010,0.0258571
EJ,Reference,Pakistan,comm others,gas,2015,0.0238485
EJ,Reference,Pakistan,comm others,gas,2021,0.0204689
EJ,Reference,Pakistan,comm others,gas,2025,0.020851
EJ,Reference,Pakistan,comm others,gas,2030,0.0277785
EJ,Reference,Pakistan,comm others,gas,2035,0.0370976
EJ,Reference,Pakistan,comm others,gas,2040,0.0504296
EJ,Reference,Pakistan,comm others,gas,2045,0.0709768
EJ,Reference,Pakistan,comm others,gas,2050,0.0974902
EJ,Reference,Pakistan,comm others,gas,2055,0.134198
EJ,Reference,Pakistan,comm others,gas,2060,0.17727299999999999
EJ,Reference,Pakistan,comm others,gas,2065,0.223865
EJ,Reference,Pakistan,comm others,gas,2070,0.271739
EJ,Reference,Pakistan,comm others,gas,2075,0.32229
EJ,Reference,Pakistan,comm others,gas,2080,0.372178
EJ,Reference,Pakistan,comm others,gas,2085,0.422197
EJ,Reference,Pakistan,comm others,gas,2090,0.46854
EJ,Reference,Pakistan,comm others,gas,2095,0.509087
EJ,Reference,Pakistan,comm others,gas,2100,0.545013
EJ,Reference,Pakistan,comm others,hydrogen,2025,6.89644e-6
EJ,Reference,Pakistan,comm others,hydrogen,2030,1.16406e-4
EJ,Reference,Pakistan,comm others,hydrogen,2035,2.41981e-4
EJ,Reference,Pakistan,comm others,hydrogen,2040,4.59923e-4
EJ,Reference,Pakistan,comm others,hydrogen,2045,8.75157e-4
EJ,Reference,Pakistan,comm others,hydrogen,2050,0.00158265
EJ,Reference,Pakistan,comm others,hydrogen,2055,0.00232172
EJ,Reference,Pakistan,comm others,hydrogen,2060,0.0032583
EJ,Reference,Pakistan,comm others,hydrogen,2065,0.00440332
EJ,Reference,Pakistan,comm others,hydrogen,2070,0.00565747
EJ,Reference,Pakistan,comm others,hydrogen,2075,0.00705563
EJ,Reference,Pakistan,comm others,hydrogen,2080,0.00856067
EJ,Reference,Pakistan,comm others,hydrogen,2085,0.0101379
EJ,Reference,Pakistan,comm others,hydrogen,2090,0.0117012
EJ,Reference,Pakistan,comm others,hydrogen,2095,0.0132295
EJ,Reference,Pakistan,comm others,hydrogen,2100,0.0147212
EJ,Reference,Pakistan,comm others,refined liquids,1990,0.00529989
EJ,Reference,Pakistan,comm others,refined liquids,2005,0.0109416
EJ,Reference,Pakistan,comm others,refined liquids,2010,0.0115115
EJ,Reference,Pakistan,comm others,refined liquids,2015,0.0276676
EJ,Reference,Pakistan,comm others,refined liquids,2021,0.0338222
EJ,Reference,Pakistan,comm others,refined liquids,2025,0.0302893
EJ,Reference,Pakistan,comm others,refined liquids,2030,0.0366095
EJ,Reference,Pakistan,comm others,refined liquids,2035,0.0453189
EJ,Reference,Pakistan,comm others,refined liquids,2040,0.0554991
EJ,Reference,Pakistan,comm others,refined liquids,2045,0.0661748
EJ,Reference,Pakistan,comm others,refined liquids,2050,0.0767389
EJ,Reference,Pakistan,comm others,refined liquids,2055,0.0833766
EJ,Reference,Pakistan,comm others,refined liquids,2060,0.091478
EJ,Reference,Pakistan,comm others,refined liquids,2065,0.0981114
EJ,Reference,Pakistan,comm others,refined liquids,2070,0.102417
EJ,Reference,Pakistan,comm others,refined liquids,2075,0.10386
EJ,Reference,Pakistan,comm others,refined liquids,2080,0.102793
EJ,Reference,Pakistan,comm others,refined liquids,2085,0.0996809
EJ,Reference,Pakistan,comm others,refined liquids,2090,0.0952209
EJ,Reference,Pakistan,comm others,refined liquids,2095,0.0896659
EJ,Reference,Pakistan,comm others,refined liquids,2100,0.0843177
EJ,Reference,Pakistan,construction energy use,electricity,2025,3.14203e-7
EJ,Reference,Pakistan,construction energy use,electricity,2030,1.757675e-6
EJ,Reference,Pakistan,construction energy use,electricity,2035,5.5335419999999995e-6
EJ,Reference,Pakistan,construction energy use,electricity,2040,1.43493887e-5
EJ,Reference,Pakistan,construction energy use,electricity,2045,3.2527303e-5
EJ,Reference,Pakistan,construction energy use,electricity,2050,6.4352924e-5
EJ,Reference,Pakistan,construction energy use,electricity,2055,9.570611e-5
EJ,Reference,Pakistan,construction energy use,electricity,2060,1.2475903e-4
EJ,Reference,Pakistan,construction energy use,electricity,2065,1.5094606e-4
EJ,Reference,Pakistan,construction energy use,electricity,2070,1.7549245e-4
EJ,Reference,Pakistan,construction energy use,electricity,2075,1.9972460000000002e-4
EJ,Reference,Pakistan,construction energy use,electricity,2080,2.228059e-4
EJ,Reference,Pakistan,construction energy use,electricity,2085,2.447795e-4
EJ,Reference,Pakistan,construction energy use,electricity,2090,2.663734e-4
EJ,Reference,Pakistan,construction energy use,electricity,2095,2.873574e-4
EJ,Reference,Pakistan,construction energy use,electricity,2100,3.081907e-4
EJ,Reference,Pakistan,construction energy use,hydrogen,2025,4.437167e-5
EJ,Reference,Pakistan,construction energy use,hydrogen,2030,1.1113318000000001e-4
EJ,Reference,Pakistan,construction energy use,hydrogen,2035,1.9154780099999997e-4
EJ,Reference,Pakistan,construction energy use,hydrogen,2040,2.87331007e-4
EJ,Reference,Pakistan,construction energy use,hydrogen,2045,3.99483105e-4
EJ,Reference,Pakistan,construction energy use,hydrogen,2050,5.2679812e-4
EJ,Reference,Pakistan,construction energy use,hydrogen,2055,6.6227316e-4
EJ,Reference,Pakistan,construction energy use,hydrogen,2060,8.1042221e-4
EJ,Reference,Pakistan,construction energy use,hydrogen,2065,9.6436562e-4
EJ,Reference,Pakistan,construction energy use,hydrogen,2070,0.0011189309800000002
EJ,Reference,Pakistan,construction energy use,hydrogen,2075,0.0012712532000000003
EJ,Reference,Pakistan,construction energy use,hydrogen,2080,0.0014156236000000002
EJ,Reference,Pakistan,construction energy use,hydrogen,2085,0.0015531132000000001
EJ,Reference,Pakistan,construction energy use,hydrogen,2090,0.0016884804
EJ,Reference,Pakistan,construction energy use,hydrogen,2095,0.0018206052999999998
EJ,Reference,Pakistan,construction energy use,hydrogen,2100,0.0019517463
EJ,Reference,Pakistan,construction energy use,refined liquids,2025,6.20323e-5
EJ,Reference,Pakistan,construction energy use,refined liquids,2030,1.450621e-4
EJ,Reference,Pakistan,construction energy use,refined liquids,2035,2.294019e-4
EJ,Reference,Pakistan,construction energy use,refined liquids,2040,3.074519e-4
EJ,Reference,Pakistan,construction energy use,refined liquids,2045,3.707482e-4
EJ,Reference,Pakistan,construction energy use,refined liquids,2050,4.138821e-4
EJ,Reference,Pakistan,construction energy use,refined liquids,2055,4.698034e-4
EJ,Reference,Pakistan,construction energy use,refined liquids,2060,5.482928e-4
EJ,Reference,Pakistan,construction energy use,refined liquids,2065,6.419967e-4
EJ,Reference,Pakistan,construction energy use,refined liquids,2070,7.411001e-4
EJ,Reference,Pakistan,construction energy use,refined liquids,2075,8.378979999999999e-4
EJ,Reference,Pakistan,construction energy use,refined liquids,2080,9.286948e-4
EJ,Reference,Pakistan,construction energy use,refined liquids,2085,0.0010138121
EJ,Reference,Pakistan,construction energy use,refined liquids,2090,0.0010967438000000001
EJ,Reference,Pakistan,construction energy use,refined liquids,2095,0.0011767139
EJ,Reference,Pakistan,construction energy use,refined liquids,2100,0.0012559415000000002
EJ,Reference,Pakistan,construction feedstocks,refined liquids,1990,0.0056092
EJ,Reference,Pakistan,construction feedstocks,refined liquids,2005,0.0179161
EJ,Reference,Pakistan,construction feedstocks,refined liquids,2010,0.0071999
EJ,Reference,Pakistan,construction feedstocks,refined liquids,2015,0.0128929
EJ,Reference,Pakistan,construction feedstocks,refined liquids,2021,0.0082464
EJ,Reference,Pakistan,construction feedstocks,refined liquids,2025,0.00838457
EJ,Reference,Pakistan,construction feedstocks,refined liquids,2030,0.0089683
EJ,Reference,Pakistan,construction feedstocks,refined liquids,2035,0.00952323
EJ,Reference,Pakistan,construction feedstocks,refined liquids,2040,0.010051
EJ,Reference,Pakistan,construction feedstocks,refined liquids,2045,0.0105719
EJ,Reference,Pakistan,construction feedstocks,refined liquids,2050,0.0110835
EJ,Reference,Pakistan,construction feedstocks,refined liquids,2055,0.0115383
EJ,Reference,Pakistan,construction feedstocks,refined liquids,2060,0.0120268
EJ,Reference,Pakistan,construction feedstocks,refined liquids,2065,0.0124287
EJ,Reference,Pakistan,construction feedstocks,refined liquids,2070,0.0126983
EJ,Reference,Pakistan,construction feedstocks,refined liquids,2075,0.0128307
EJ,Reference,Pakistan,construction feedstocks,refined liquids,2080,0.0128118
EJ,Reference,Pakistan,construction feedstocks,refined liquids,2085,0.0126848
EJ,Reference,Pakistan,construction feedstocks,refined liquids,2090,0.0125142
EJ,Reference,Pakistan,construction feedstocks,refined liquids,2095,0.0122993
EJ,Reference,Pakistan,construction feedstocks,refined liquids,2100,0.0120431
EJ,Reference,Pakistan,food processing,electricity,1990,0.0108657
EJ,Reference,Pakistan,food processing,electricity,2005,0.0119516
EJ,Reference,Pakistan,food processing,electricity,2010,0.0133495
EJ,Reference,Pakistan,food processing,electricity,2015,0.0168178
EJ,Reference,Pakistan,food processing,electricity,2021,0.019611
EJ,Reference,Pakistan,food processing,electricity,2025,0.02141723
EJ,Reference,Pakistan,food processing,electricity,2030,0.024115229999999998
EJ,Reference,Pakistan,food processing,electricity,2035,0.027028689999999998
EJ,Reference,Pakistan,food processing,electricity,2040,0.030148389999999997
EJ,Reference,Pakistan,food processing,electricity,2045,0.033431800000000005
EJ,Reference,Pakistan,food processing,electricity,2050,0.036839639
EJ,Reference,Pakistan,food processing,electricity,2055,0.0402494003
EJ,Reference,Pakistan,food processing,electricity,2060,0.0436333505
EJ,Reference,Pakistan,food processing,electricity,2065,0.0468972436
EJ,Reference,Pakistan,food processing,electricity,2070,0.0499407552
EJ,Reference,Pakistan,food processing,electricity,2075,0.052714027999999996
EJ,Reference,Pakistan,food processing,electricity,2080,0.055161976
EJ,Reference,Pakistan,food processing,electricity,2085,0.057310716
EJ,Reference,Pakistan,food processing,electricity,2090,0.0592013038
EJ,Reference,Pakistan,food processing,electricity,2095,0.060841883000000006
EJ,Reference,Pakistan,food processing,electricity,2100,0.06225920099999999
EJ,Reference,Pakistan,industrial wastewater treatment,electricity,1975,2.79708e-5
EJ,Reference,Pakistan,industrial wastewater treatment,electricity,1990,1.21863e-4
EJ,Reference,Pakistan,industrial wastewater treatment,electricity,2005,2.00387e-4
EJ,Reference,Pakistan,industrial wastewater treatment,electricity,2010,1.89512e-4
EJ,Reference,Pakistan,industrial wastewater treatment,electricity,2015,2.2819e-4
EJ,Reference,Pakistan,industrial wastewater treatment,electricity,2021,3.07655e-4
EJ,Reference,Pakistan,industrial wastewater treatment,electricity,2025,3.65286e-4
EJ,Reference,Pakistan,industrial wastewater treatment,electricity,2030,5.34226e-4
EJ,Reference,Pakistan,industrial wastewater treatment,electricity,2035,7.80431e-4
EJ,Reference,Pakistan,industrial wastewater treatment,electricity,2040,0.00114923
EJ,Reference,Pakistan,industrial wastewater treatment,electricity,2045,0.00168879
EJ,Reference,Pakistan,industrial wastewater treatment,electricity,2050,0.00243939
EJ,Reference,Pakistan,industrial wastewater treatment,electricity,2055,0.00343133
EJ,Reference,Pakistan,industrial wastewater treatment,electricity,2060,0.00468874
EJ,Reference,Pakistan,industrial wastewater treatment,electricity,2065,0.00622645
EJ,Reference,Pakistan,industrial wastewater treatment,electricity,2070,0.00799366
EJ,Reference,Pakistan,industrial wastewater treatment,electricity,2075,0.00996141
EJ,Reference,Pakistan,industrial wastewater treatment,electricity,2080,0.0120461
EJ,Reference,Pakistan,industrial wastewater treatment,electricity,2085,0.0141729
EJ,Reference,Pakistan,industrial wastewater treatment,electricity,2090,0.0163287
EJ,Reference,Pakistan,industrial wastewater treatment,electricity,2095,0.0185046
EJ,Reference,Pakistan,industrial wastewater treatment,electricity,2100,0.0206675
EJ,Reference,Pakistan,industrial water abstraction,electricity,1975,1.02146e-4
EJ,Reference,Pakistan,industrial water abstraction,electricity,1990,4.3284e-4
EJ,Reference,Pakistan,industrial water abstraction,electricity,2005,6.96506e-4
EJ,Reference,Pakistan,industrial water abstraction,electricity,2010,6.50724e-4
EJ,Reference,Pakistan,industrial water abstraction,electricity,2015,7.65998e-4
EJ,Reference,Pakistan,industrial water abstraction,electricity,2021,0.00100971
EJ,Reference,Pakistan,industrial water abstraction,electricity,2025,0.00113079
EJ,Reference,Pakistan,industrial water abstraction,electricity,2030,0.00140698
EJ,Reference,Pakistan,industrial water abstraction,electricity,2035,0.00174421
EJ,Reference,Pakistan,industrial water abstraction,electricity,2040,0.00215765
EJ,Reference,Pakistan,industrial water abstraction,electricity,2045,0.00265093
EJ,Reference,Pakistan,industrial water abstraction,electricity,2050,0.00321767
EJ,Reference,Pakistan,industrial water abstraction,electricity,2055,0.0038375
EJ,Reference,Pakistan,industrial water abstraction,electricity,2060,0.00449648
EJ,Reference,Pakistan,industrial water abstraction,electricity,2065,0.00517158
EJ,Reference,Pakistan,industrial water abstraction,electricity,2070,0.00582607
EJ,Reference,Pakistan,industrial water abstraction,electricity,2075,0.00644522
EJ,Reference,Pakistan,industrial water abstraction,electricity,2080,0.00700398
EJ,Reference,Pakistan,industrial water abstraction,electricity,2085,0.00749522
EJ,Reference,Pakistan,industrial water abstraction,electricity,2090,0.00793968
EJ,Reference,Pakistan,industrial water abstraction,electricity,2095,0.00835213
EJ,Reference,Pakistan,industrial water abstraction,electricity,2100,0.00872921
EJ,Reference,Pakistan,industrial water treatment,electricity,1975,1.31278e-4
EJ,Reference,Pakistan,industrial water treatment,electricity,1990,5.56285e-4
EJ,Reference,Pakistan,industrial water treatment,electricity,2005,8.95148e-4
EJ,Reference,Pakistan,industrial water treatment,electricity,2010,8.36309e-4
EJ,Reference,Pakistan,industrial water treatment,electricity,2015,9.84458e-4
EJ,Reference,Pakistan,industrial water treatment,electricity,2021,0.00129767
EJ,Reference,Pakistan,industrial water treatment,electricity,2025,0.00145329
EJ,Reference,Pakistan,industrial water treatment,electricity,2030,0.00180825
EJ,Reference,Pakistan,industrial water treatment,electricity,2035,0.00224166
EJ,Reference,Pakistan,industrial water treatment,electricity,2040,0.002773
EJ,Reference,Pakistan,industrial water treatment,electricity,2045,0.00340696
EJ,Reference,Pakistan,industrial water treatment,electricity,2050,0.00413533
EJ,Reference,Pakistan,industrial water treatment,electricity,2055,0.00493195
EJ,Reference,Pakistan,industrial water treatment,electricity,2060,0.00577886
EJ,Reference,Pakistan,industrial water treatment,electricity,2065,0.0066465
EJ,Reference,Pakistan,industrial water treatment,electricity,2070,0.00748765
EJ,Reference,Pakistan,industrial water treatment,electricity,2075,0.00828337
EJ,Reference,Pakistan,industrial water treatment,electricity,2080,0.00900149
EJ,Reference,Pakistan,industrial water treatment,electricity,2085,0.00963283
EJ,Reference,Pakistan,industrial water treatment,electricity,2090,0.0102041
EJ,Reference,Pakistan,industrial water treatment,electricity,2095,0.0107341
EJ,Reference,Pakistan,industrial water treatment,electricity,2100,0.0112188
EJ,Reference,Pakistan,iron and steel,biomass,2030,3.5632e-4
EJ,Reference,Pakistan,iron and steel,biomass,2035,0.001434948
EJ,Reference,Pakistan,iron and steel,biomass,2040,0.003375002
EJ,Reference,Pakistan,iron and steel,biomass,2045,0.0063730519
EJ,Reference,Pakistan,iron and steel,biomass,2050,0.010944826000000001
EJ,Reference,Pakistan,iron and steel,biomass,2055,0.015992297
EJ,Reference,Pakistan,iron and steel,biomass,2060,0.021062525999999998
EJ,Reference,Pakistan,iron and steel,biomass,2065,0.0259587
EJ,Reference,Pakistan,iron and steel,biomass,2070,0.030479149999999997
EJ,Reference,Pakistan,iron and steel,biomass,2075,0.0344867
EJ,Reference,Pakistan,iron and steel,biomass,2080,0.037751770000000004
EJ,Reference,Pakistan,iron and steel,biomass,2085,0.040274500000000005
EJ,Reference,Pakistan,iron and steel,biomass,2090,0.04210462
EJ,Reference,Pakistan,iron and steel,biomass,2095,0.04324928
EJ,Reference,Pakistan,iron and steel,biomass,2100,0.04387041
EJ,Reference,Pakistan,iron and steel,coal,1990,0.0303904
EJ,Reference,Pakistan,iron and steel,coal,2005,0.0155719
EJ,Reference,Pakistan,iron and steel,coal,2010,0.0118045
EJ,Reference,Pakistan,iron and steel,coal,2015,0.00305358
EJ,Reference,Pakistan,iron and steel,coal,2021,5.149737e-4
EJ,Reference,Pakistan,iron and steel,coal,2025,3.480453e-4
EJ,Reference,Pakistan,iron and steel,coal,2030,0.0075992663
EJ,Reference,Pakistan,iron and steel,coal,2035,0.025012806699999994
EJ,Reference,Pakistan,iron and steel,coal,2040,0.050514451
EJ,Reference,Pakistan,iron and steel,coal,2045,0.08319833910000002
EJ,Reference,Pakistan,iron and steel,coal,2050,0.126365066
EJ,Reference,Pakistan,iron and steel,coal,2055,0.178315875
EJ,Reference,Pakistan,iron and steel,coal,2060,0.23597614699999997
EJ,Reference,Pakistan,iron and steel,coal,2065,0.295919657
EJ,Reference,Pakistan,iron and steel,coal,2070,0.35371785499999997
EJ,Reference,Pakistan,iron and steel,coal,2075,0.40596170000000004
EJ,Reference,Pakistan,iron and steel,coal,2080,0.44990644999999996
EJ,Reference,Pakistan,iron and steel,coal,2085,0.48529357
EJ,Reference,Pakistan,iron and steel,coal,2090,0.5124847
EJ,Reference,Pakistan,iron and steel,coal,2095,0.53118886
EJ,Reference,Pakistan,iron and steel,coal,2100,0.54251945
EJ,Reference,Pakistan,iron and steel,electricity,1990,5.0964e-4
EJ,Reference,Pakistan,iron and steel,electricity,2005,4.772151e-4
EJ,Reference,Pakistan,iron and steel,electricity,2010,0.001767228
EJ,Reference,Pakistan,iron and steel,electricity,2015,0.0042932223999999995
EJ,Reference,Pakistan,iron and steel,electricity,2021,0.0083815745
EJ,Reference,Pakistan,iron and steel,electricity,2025,0.00566469845
EJ,Reference,Pakistan,iron and steel,electricity,2030,0.00920228712
EJ,Reference,Pakistan,iron and steel,electricity,2035,0.013881358100000001
EJ,Reference,Pakistan,iron and steel,electricity,2040,0.02054228789
EJ,Reference,Pakistan,iron and steel,electricity,2045,0.029512472060000003
EJ,Reference,Pakistan,iron and steel,electricity,2050,0.03995717278
EJ,Reference,Pakistan,iron and steel,electricity,2055,0.05127420157
EJ,Reference,Pakistan,iron and steel,electricity,2060,0.06281370680000001
EJ,Reference,Pakistan,iron and steel,electricity,2065,0.0737212068
EJ,Reference,Pakistan,iron and steel,electricity,2070,0.08315022720000001
EJ,Reference,Pakistan,iron and steel,electricity,2075,0.0907736717
EJ,Reference,Pakistan,iron and steel,electricity,2080,0.09623396900000002
EJ,Reference,Pakistan,iron and steel,electricity,2085,0.09978077739999999
EJ,Reference,Pakistan,iron and steel,electricity,2090,0.1018380534
EJ,Reference,Pakistan,iron and steel,electricity,2095,0.1025322275
EJ,Reference,Pakistan,iron and steel,electricity,2100,0.10203488260000002
EJ,Reference,Pakistan,iron and steel,gas,1990,5.31822e-5
EJ,Reference,Pakistan,iron and steel,gas,2005,2.2050800000000002e-5
EJ,Reference,Pakistan,iron and steel,gas,2010,5.6671e-4
EJ,Reference,Pakistan,iron and steel,gas,2015,0.0010047112
EJ,Reference,Pakistan,iron and steel,gas,2021,0.003418616201
EJ,Reference,Pakistan,iron and steel,gas,2025,0.00231047194
EJ,Reference,Pakistan,iron and steel,gas,2030,0.011632171521
EJ,Reference,Pakistan,iron and steel,gas,2035,0.0325612326804
EJ,Reference,Pakistan,iron and steel,gas,2040,0.0626101851182
EJ,Reference,Pakistan,iron and steel,gas,2045,0.10137119987450001
EJ,Reference,Pakistan,iron and steel,gas,2050,0.1516983727341
EJ,Reference,Pakistan,iron and steel,gas,2055,0.21035070123799998
EJ,Reference,Pakistan,iron and steel,gas,2060,0.27475504968699993
EJ,Reference,Pakistan,iron and steel,gas,2065,0.33932801471099994
EJ,Reference,Pakistan,iron and steel,gas,2070,0.398440555632
EJ,Reference,Pakistan,iron and steel,gas,2075,0.44996360624900006
EJ,Reference,Pakistan,iron and steel,gas,2080,0.49082497256
EJ,Reference,Pakistan,iron and steel,gas,2085,0.52190924948
EJ,Reference,Pakistan,iron and steel,gas,2090,0.54555520842
EJ,Reference,Pakistan,iron and steel,gas,2095,0.5619832598800001
EJ,Reference,Pakistan,iron and steel,gas,2100,0.5708323764900001
EJ,Reference,Pakistan,iron and steel,hydrogen,2030,1.311148e-4
EJ,Reference,Pakistan,iron and steel,hydrogen,2035,5.082502999999999e-4
EJ,Reference,Pakistan,iron and steel,hydrogen,2040,0.0011613418
EJ,Reference,Pakistan,iron and steel,hydrogen,2045,0.0022057447
EJ,Reference,Pakistan,iron and steel,hydrogen,2050,0.0038893176
EJ,Reference,Pakistan,iron and steel,hydrogen,2055,0.0059089437
EJ,Reference,Pakistan,iron and steel,hydrogen,2060,0.0081224292
EJ,Reference,Pakistan,iron and steel,hydrogen,2065,0.010370188
EJ,Reference,Pakistan,iron and steel,hydrogen,2070,0.012475618
EJ,Reference,Pakistan,iron and steel,hydrogen,2075,0.014390643000000002
EJ,Reference,Pakistan,iron and steel,hydrogen,2080,0.016015451
EJ,Reference,Pakistan,iron and steel,hydrogen,2085,0.017364703
EJ,Reference,Pakistan,iron and steel,hydrogen,2090,0.018492218
EJ,Reference,Pakistan,iron and steel,hydrogen,2095,0.019395405999999997
EJ,Reference,Pakistan,iron and steel,hydrogen,2100,0.020055905
EJ,Reference,Pakistan,iron and steel,refined liquids,1990,5.31822e-5
EJ,Reference,Pakistan,iron and steel,refined liquids,2005,2.2050800000000002e-5
EJ,Reference,Pakistan,iron and steel,refined liquids,2010,5.6671e-4
EJ,Reference,Pakistan,iron and steel,refined liquids,2015,0.00152674
EJ,Reference,Pakistan,iron and steel,refined liquids,2021,0.003098340101
EJ,Reference,Pakistan,iron and steel,refined liquids,2025,0.00209401454
EJ,Reference,Pakistan,iron and steel,refined liquids,2030,0.0045053743209999995
EJ,Reference,Pakistan,iron and steel,refined liquids,2035,0.0088947874804
EJ,Reference,Pakistan,iron and steel,refined liquids,2040,0.015168582118200002
EJ,Reference,Pakistan,iron and steel,refined liquids,2045,0.023371386874500005
EJ,Reference,Pakistan,iron and steel,refined liquids,2050,0.0336296297341
EJ,Reference,Pakistan,iron and steel,refined liquids,2055,0.045305681238
EJ,Reference,Pakistan,iron and steel,refined liquids,2060,0.057850919687000006
EJ,Reference,Pakistan,iron and steel,refined liquids,2065,0.070204644711
EJ,Reference,Pakistan,iron and steel,refined liquids,2070,0.081312315632
EJ,Reference,Pakistan,iron and steel,refined liquids,2075,0.090789606249
EJ,Reference,Pakistan,iron and steel,refined liquids,2080,0.09809735256
EJ,Reference,Pakistan,iron and steel,refined liquids,2085,0.10344731948
EJ,Reference,Pakistan,iron and steel,refined liquids,2090,0.10731463842000001
EJ,Reference,Pakistan,iron and steel,refined liquids,2095,0.10977394988
EJ,Reference,Pakistan,iron and steel,refined liquids,2100,0.11081296649000001
EJ,Reference,Pakistan,irrigation water abstraction,electricity,1975,0.00403838
EJ,Reference,Pakistan,irrigation water abstraction,electricity,1990,0.016288
EJ,Reference,Pakistan,irrigation water abstraction,electricity,2005,0.0306939
EJ,Reference,Pakistan,irrigation water abstraction,electricity,2010,0.0360033
EJ,Reference,Pakistan,irrigation water abstraction,electricity,2015,0.0376487
EJ,Reference,Pakistan,irrigation water abstraction,electricity,2021,0.0553312
EJ,Reference,Pakistan,irrigation water abstraction,electricity,2025,0.0558288
EJ,Reference,Pakistan,irrigation water abstraction,electricity,2030,0.0610651
EJ,Reference,Pakistan,irrigation water abstraction,electricity,2035,0.0662055
EJ,Reference,Pakistan,irrigation water abstraction,electricity,2040,0.070523
EJ,Reference,Pakistan,irrigation water abstraction,electricity,2045,0.0725949
EJ,Reference,Pakistan,irrigation water abstraction,electricity,2050,0.0733629
EJ,Reference,Pakistan,irrigation water abstraction,electricity,2055,0.0706505
EJ,Reference,Pakistan,irrigation water abstraction,electricity,2060,0.0692951
EJ,Reference,Pakistan,irrigation water abstraction,electricity,2065,0.0678739
EJ,Reference,Pakistan,irrigation water abstraction,electricity,2070,0.0664515
EJ,Reference,Pakistan,irrigation water abstraction,electricity,2075,0.0658962
EJ,Reference,Pakistan,irrigation water abstraction,electricity,2080,0.065697
EJ,Reference,Pakistan,irrigation water abstraction,electricity,2085,0.0654972
EJ,Reference,Pakistan,irrigation water abstraction,electricity,2090,0.0654756
EJ,Reference,Pakistan,irrigation water abstraction,electricity,2095,0.0654869
EJ,Reference,Pakistan,irrigation water abstraction,electricity,2100,0.0654935
EJ,Reference,Pakistan,municipal wastewater treatment,electricity,1975,1.55362e-4
EJ,Reference,Pakistan,municipal wastewater treatment,electricity,1990,2.60798e-4
EJ,Reference,Pakistan,municipal wastewater treatment,electricity,2005,8.92054e-4
EJ,Reference,Pakistan,municipal wastewater treatment,electricity,2010,0.00112554
EJ,Reference,Pakistan,municipal wastewater treatment,electricity,2015,0.00127626
EJ,Reference,Pakistan,municipal wastewater treatment,electricity,2021,0.00143828
EJ,Reference,Pakistan,municipal wastewater treatment,electricity,2025,0.00147409
EJ,Reference,Pakistan,municipal wastewater treatment,electricity,2030,0.0018546
EJ,Reference,Pakistan,municipal wastewater treatment,electricity,2035,0.0023597
EJ,Reference,Pakistan,municipal wastewater treatment,electricity,2040,0.00302859
EJ,Reference,Pakistan,municipal wastewater treatment,electricity,2045,0.0038394
EJ,Reference,Pakistan,municipal wastewater treatment,electricity,2050,0.00480825
EJ,Reference,Pakistan,municipal wastewater treatment,electricity,2055,0.00585429
EJ,Reference,Pakistan,municipal wastewater treatment,electricity,2060,0.0071103
EJ,Reference,Pakistan,municipal wastewater treatment,electricity,2065,0.00860284
EJ,Reference,Pakistan,municipal wastewater treatment,electricity,2070,0.010235
EJ,Reference,Pakistan,municipal wastewater treatment,electricity,2075,0.0120285
EJ,Reference,Pakistan,municipal wastewater treatment,electricity,2080,0.0138747
EJ,Reference,Pakistan,municipal wastewater treatment,electricity,2085,0.0156034
EJ,Reference,Pakistan,municipal wastewater treatment,electricity,2090,0.0174134
EJ,Reference,Pakistan,municipal wastewater treatment,electricity,2095,0.0192213
EJ,Reference,Pakistan,municipal wastewater treatment,electricity,2100,0.0209992
EJ,Reference,Pakistan,municipal water abstraction,electricity,1975,7.62705e-4
EJ,Reference,Pakistan,municipal water abstraction,electricity,1990,0.00120904
EJ,Reference,Pakistan,municipal water abstraction,electricity,2005,0.0039776
EJ,Reference,Pakistan,municipal water abstraction,electricity,2010,0.00493009
EJ,Reference,Pakistan,municipal water abstraction,electricity,2015,0.00544409
EJ,Reference,Pakistan,municipal water abstraction,electricity,2021,0.00597132
EJ,Reference,Pakistan,municipal water abstraction,electricity,2025,0.00578142
EJ,Reference,Pakistan,municipal water abstraction,electricity,2030,0.00621185
EJ,Reference,Pakistan,municipal water abstraction,electricity,2035,0.00672912
EJ,Reference,Pakistan,municipal water abstraction,electricity,2040,0.00727672
EJ,Reference,Pakistan,municipal water abstraction,electricity,2045,0.00773242
EJ,Reference,Pakistan,municipal water abstraction,electricity,2050,0.0081542
EJ,Reference,Pakistan,municipal water abstraction,electricity,2055,0.00843183
EJ,Reference,Pakistan,municipal water abstraction,electricity,2060,0.00879314
EJ,Reference,Pakistan,municipal water abstraction,electricity,2065,0.00922422
EJ,Reference,Pakistan,municipal water abstraction,electricity,2070,0.00963809
EJ,Reference,Pakistan,municipal water abstraction,electricity,2075,0.0100624
EJ,Reference,Pakistan,municipal water abstraction,electricity,2080,0.010436
EJ,Reference,Pakistan,municipal water abstraction,electricity,2085,0.0106794
EJ,Reference,Pakistan,municipal water abstraction,electricity,2090,0.0109621
EJ,Reference,Pakistan,municipal water abstraction,electricity,2095,0.0112353
EJ,Reference,Pakistan,municipal water abstraction,electricity,2100,0.0114889
EJ,Reference,Pakistan,municipal water distribution,electricity,1975,0.00136373
EJ,Reference,Pakistan,municipal water distribution,electricity,1990,0.00216178
EJ,Reference,Pakistan,municipal water distribution,electricity,2005,0.007112
EJ,Reference,Pakistan,municipal water distribution,electricity,2010,0.00881461
EJ,Reference,Pakistan,municipal water distribution,electricity,2015,0.00973411
EJ,Reference,Pakistan,municipal water distribution,electricity,2021,0.0106768
EJ,Reference,Pakistan,municipal water distribution,electricity,2025,0.0103372
EJ,Reference,Pakistan,municipal water distribution,electricity,2030,0.0111069
EJ,Reference,Pakistan,municipal water distribution,electricity,2035,0.0120318
EJ,Reference,Pakistan,municipal water distribution,electricity,2040,0.0130109
EJ,Reference,Pakistan,municipal water distribution,electricity,2045,0.0138257
EJ,Reference,Pakistan,municipal water distribution,electricity,2050,0.0145798
EJ,Reference,Pakistan,municipal water distribution,electricity,2055,0.0150762
EJ,Reference,Pakistan,municipal water distribution,electricity,2060,0.0157222
EJ,Reference,Pakistan,municipal water distribution,electricity,2065,0.016493
EJ,Reference,Pakistan,municipal water distribution,electricity,2070,0.017233
EJ,Reference,Pakistan,municipal water distribution,electricity,2075,0.0179916
EJ,Reference,Pakistan,municipal water distribution,electricity,2080,0.0186597
EJ,Reference,Pakistan,municipal water distribution,electricity,2085,0.0190949
EJ,Reference,Pakistan,municipal water distribution,electricity,2090,0.0196003
EJ,Reference,Pakistan,municipal water distribution,electricity,2095,0.0200889
EJ,Reference,Pakistan,municipal water distribution,electricity,2100,0.0205424
EJ,Reference,Pakistan,municipal water treatment,electricity,1975,0.00129776
EJ,Reference,Pakistan,municipal water treatment,electricity,1990,0.00205722
EJ,Reference,Pakistan,municipal water treatment,electricity,2005,0.006768
EJ,Reference,Pakistan,municipal water treatment,electricity,2010,0.00838771
EJ,Reference,Pakistan,municipal water treatment,electricity,2015,0.00926328
EJ,Reference,Pakistan,municipal water treatment,electricity,2021,0.0101604
EJ,Reference,Pakistan,municipal water treatment,electricity,2025,0.00983725
EJ,Reference,Pakistan,municipal water treatment,electricity,2030,0.0105696
EJ,Reference,Pakistan,municipal water treatment,electricity,2035,0.0114498
EJ,Reference,Pakistan,municipal water treatment,electricity,2040,0.0123815
EJ,Reference,Pakistan,municipal water treatment,electricity,2045,0.0131569
EJ,Reference,Pakistan,municipal water treatment,electricity,2050,0.0138746
EJ,Reference,Pakistan,municipal water treatment,electricity,2055,0.014347
EJ,Reference,Pakistan,municipal water treatment,electricity,2060,0.0149618
EJ,Reference,Pakistan,municipal water treatment,electricity,2065,0.0156953
EJ,Reference,Pakistan,municipal water treatment,electricity,2070,0.0163995
EJ,Reference,Pakistan,municipal water treatment,electricity,2075,0.0171214
EJ,Reference,Pakistan,municipal water treatment,electricity,2080,0.0177571
EJ,Reference,Pakistan,municipal water treatment,electricity,2085,0.0181713
EJ,Reference,Pakistan,municipal water treatment,electricity,2090,0.0186523
EJ,Reference,Pakistan,municipal water treatment,electricity,2095,0.0191172
EJ,Reference,Pakistan,municipal water treatment,electricity,2100,0.0195488
EJ,Reference,Pakistan,other industrial energy use,biomass,1975,0.0613127
EJ,Reference,Pakistan,other industrial energy use,biomass,1990,0.0602629
EJ,Reference,Pakistan,other industrial energy use,biomass,2005,0.10206899999999999
EJ,Reference,Pakistan,other industrial energy use,biomass,2010,0.104326
EJ,Reference,Pakistan,other industrial energy use,biomass,2015,0.114755
EJ,Reference,Pakistan,other industrial energy use,biomass,2021,0.14702
EJ,Reference,Pakistan,other industrial energy use,biomass,2025,0.16613450000000002
EJ,Reference,Pakistan,other industrial energy use,biomass,2030,0.2066699
EJ,Reference,Pakistan,other industrial energy use,biomass,2035,0.25480780000000003
EJ,Reference,Pakistan,other industrial energy use,biomass,2040,0.30925670000000005
EJ,Reference,Pakistan,other industrial energy use,biomass,2045,0.36980179999999996
EJ,Reference,Pakistan,other industrial energy use,biomass,2050,0.4395350800000001
EJ,Reference,Pakistan,other industrial energy use,biomass,2055,0.509136229
EJ,Reference,Pakistan,other industrial energy use,biomass,2060,0.5710157250000001
EJ,Reference,Pakistan,other industrial energy use,biomass,2065,0.623291874
EJ,Reference,Pakistan,other industrial energy use,biomass,2070,0.6638945299999999
EJ,Reference,Pakistan,other industrial energy use,biomass,2075,0.6942844199999999
EJ,Reference,Pakistan,other industrial energy use,biomass,2080,0.71483653
EJ,Reference,Pakistan,other industrial energy use,biomass,2085,0.7260872800000001
EJ,Reference,Pakistan,other industrial energy use,biomass,2090,0.7298571399999999
EJ,Reference,Pakistan,other industrial energy use,biomass,2095,0.7288760700000001
EJ,Reference,Pakistan,other industrial energy use,biomass,2100,0.72614277
EJ,Reference,Pakistan,other industrial energy use,coal,1975,0.010465
EJ,Reference,Pakistan,other industrial energy use,coal,1990,0.0182821
EJ,Reference,Pakistan,other industrial energy use,coal,2005,0.064469
EJ,Reference,Pakistan,other industrial energy use,coal,2010,0.0437237
EJ,Reference,Pakistan,other industrial energy use,coal,2015,0.0712462
EJ,Reference,Pakistan,other industrial energy use,coal,2021,0.243298
EJ,Reference,Pakistan,other industrial energy use,coal,2025,0.2767737
EJ,Reference,Pakistan,other industrial energy use,coal,2030,0.347645
EJ,Reference,Pakistan,other industrial energy use,coal,2035,0.43438920000000003
EJ,Reference,Pakistan,other industrial energy use,coal,2040,0.5387745
EJ,Reference,Pakistan,other industrial energy use,coal,2045,0.6604293
EJ,Reference,Pakistan,other industrial energy use,coal,2050,0.80394589
EJ,Reference,Pakistan,other industrial energy use,coal,2055,0.96180084
EJ,Reference,Pakistan,other industrial energy use,coal,2060,1.12191709
EJ,Reference,Pakistan,other industrial energy use,coal,2065,1.2800356270000002
EJ,Reference,Pakistan,other industrial energy use,coal,2070,1.4263876400000002
EJ,Reference,Pakistan,other industrial energy use,coal,2075,1.5546322
EJ,Reference,Pakistan,other industrial energy use,coal,2080,1.6620090800000002
EJ,Reference,Pakistan,other industrial energy use,coal,2085,1.7474776300000001
EJ,Reference,Pakistan,other industrial energy use,coal,2090,1.81293546
EJ,Reference,Pakistan,other industrial energy use,coal,2095,1.8629601500000001
EJ,Reference,Pakistan,other industrial energy use,coal,2100,1.90426079
EJ,Reference,Pakistan,other industrial energy use,electricity,1975,0.0100645
EJ,Reference,Pakistan,other industrial energy use,electricity,1990,0.0197205
EJ,Reference,Pakistan,other industrial energy use,electricity,2005,0.0401122
EJ,Reference,Pakistan,other industrial energy use,electricity,2010,0.0320025
EJ,Reference,Pakistan,other industrial energy use,electricity,2015,0.0371006
EJ,Reference,Pakistan,other industrial energy use,electricity,2021,0.0612412
EJ,Reference,Pakistan,other industrial energy use,electricity,2025,0.0689346
EJ,Reference,Pakistan,other industrial energy use,electricity,2030,0.1081555
EJ,Reference,Pakistan,other industrial energy use,electricity,2035,0.1624382
EJ,Reference,Pakistan,other industrial energy use,electricity,2040,0.2454517
EJ,Reference,Pakistan,other industrial energy use,electricity,2045,0.35508764000000004
EJ,Reference,Pakistan,other industrial energy use,electricity,2050,0.47510372
EJ,Reference,Pakistan,other industrial energy use,electricity,2055,0.609090051
EJ,Reference,Pakistan,other industrial energy use,electricity,2060,0.7676424519999999
EJ,Reference,Pakistan,other industrial energy use,electricity,2065,0.946718257
EJ,Reference,Pakistan,other industrial energy use,electricity,2070,1.1389457330000001
EJ,Reference,Pakistan,other industrial energy use,electricity,2075,1.33881272
EJ,Reference,Pakistan,other industrial energy use,electricity,2080,1.53413859
EJ,Reference,Pakistan,other industrial energy use,electricity,2085,1.71880975
EJ,Reference,Pakistan,other industrial energy use,electricity,2090,1.8981716899999999
EJ,Reference,Pakistan,other industrial energy use,electricity,2095,2.0736365099999996
EJ,Reference,Pakistan,other industrial energy use,electricity,2100,2.2405782299999997
EJ,Reference,Pakistan,other industrial energy use,gas,1975,0.0595433
EJ,Reference,Pakistan,other industrial energy use,gas,1990,0.0467569
EJ,Reference,Pakistan,other industrial energy use,gas,2005,0.207398
EJ,Reference,Pakistan,other industrial energy use,gas,2010,0.185382
EJ,Reference,Pakistan,other industrial energy use,gas,2015,0.145308
EJ,Reference,Pakistan,other industrial energy use,gas,2021,0.192463
EJ,Reference,Pakistan,other industrial energy use,gas,2025,0.2157868
EJ,Reference,Pakistan,other industrial energy use,gas,2030,0.2655653
EJ,Reference,Pakistan,other industrial energy use,gas,2035,0.3206594
EJ,Reference,Pakistan,other industrial energy use,gas,2040,0.3741422
EJ,Reference,Pakistan,other industrial energy use,gas,2045,0.4320722
EJ,Reference,Pakistan,other industrial energy use,gas,2050,0.50385779
EJ,Reference,Pakistan,other industrial energy use,gas,2055,0.58559328
EJ,Reference,Pakistan,other industrial energy use,gas,2060,0.669335971
EJ,Reference,Pakistan,other industrial energy use,gas,2065,0.747046378
EJ,Reference,Pakistan,other industrial energy use,gas,2070,0.8110541379999999
EJ,Reference,Pakistan,other industrial energy use,gas,2075,0.8614212
EJ,Reference,Pakistan,other industrial energy use,gas,2080,0.8957941500000001
EJ,Reference,Pakistan,other industrial energy use,gas,2085,0.91630265
EJ,Reference,Pakistan,other industrial energy use,gas,2090,0.92913054
EJ,Reference,Pakistan,other industrial energy use,gas,2095,0.93881214
EJ,Reference,Pakistan,other industrial energy use,gas,2100,0.9456638799999999
EJ,Reference,Pakistan,other industrial energy use,hydrogen,2030,9.978598e-5
EJ,Reference,Pakistan,other industrial energy use,hydrogen,2035,3.0229739e-4
EJ,Reference,Pakistan,other industrial energy use,hydrogen,2040,7.0557711e-4
EJ,Reference,Pakistan,other industrial energy use,hydrogen,2045,0.00134615261
EJ,Reference,Pakistan,other industrial energy use,hydrogen,2050,0.00211320146
EJ,Reference,Pakistan,other industrial energy use,hydrogen,2055,0.0030567422190000003
EJ,Reference,Pakistan,other industrial energy use,hydrogen,2060,0.004257490176
EJ,Reference,Pakistan,other industrial energy use,hydrogen,2065,0.0056730315760000006
EJ,Reference,Pakistan,other industrial energy use,hydrogen,2070,0.007192547588000001
EJ,Reference,Pakistan,other industrial energy use,hydrogen,2075,0.008766742171999999
EJ,Reference,Pakistan,other industrial energy use,hydrogen,2080,0.010328321765000002
EJ,Reference,Pakistan,other industrial energy use,hydrogen,2085,0.01187230146
EJ,Reference,Pakistan,other industrial energy use,hydrogen,2090,0.013443648134
EJ,Reference,Pakistan,other industrial energy use,hydrogen,2095,0.015056531625000003
EJ,Reference,Pakistan,other industrial energy use,hydrogen,2100,0.016671643090000004
EJ,Reference,Pakistan,other industrial energy use,refined liquids,1975,0.0069171
EJ,Reference,Pakistan,other industrial energy use,refined liquids,1990,0.0304522
EJ,Reference,Pakistan,other industrial energy use,refined liquids,2005,0.0240538
EJ,Reference,Pakistan,other industrial energy use,refined liquids,2010,0.0203737
EJ,Reference,Pakistan,other industrial energy use,refined liquids,2015,0.0355414
EJ,Reference,Pakistan,other industrial energy use,refined liquids,2021,0.0220415
EJ,Reference,Pakistan,other industrial energy use,refined liquids,2025,0.024498859999999997
EJ,Reference,Pakistan,other industrial energy use,refined liquids,2030,0.02998832
EJ,Reference,Pakistan,other industrial energy use,refined liquids,2035,0.03664905
EJ,Reference,Pakistan,other industrial energy use,refined liquids,2040,0.044175030000000004
EJ,Reference,Pakistan,other industrial energy use,refined liquids,2045,0.05273933
EJ,Reference,Pakistan,other industrial energy use,refined liquids,2050,0.06301399199999999
EJ,Reference,Pakistan,other industrial energy use,refined liquids,2055,0.073300016
EJ,Reference,Pakistan,other industrial energy use,refined liquids,2060,0.0833304382
EJ,Reference,Pakistan,other industrial energy use,refined liquids,2065,0.092639583
EJ,Reference,Pakistan,other industrial energy use,refined liquids,2070,0.100750466
EJ,Reference,Pakistan,other industrial energy use,refined liquids,2075,0.107652517
EJ,Reference,Pakistan,other industrial energy use,refined liquids,2080,0.112948421
EJ,Reference,Pakistan,other industrial energy use,refined liquids,2085,0.116327205
EJ,Reference,Pakistan,other industrial energy use,refined liquids,2090,0.11824961
EJ,Reference,Pakistan,other industrial energy use,refined liquids,2095,0.11917947599999999
EJ,Reference,Pakistan,other industrial energy use,refined liquids,2100,0.119489245
EJ,Reference,Pakistan,other industrial feedstocks,refined liquids,1975,0.0079115
EJ,Reference,Pakistan,other industrial feedstocks,refined liquids,1990,0.0028046
EJ,Reference,Pakistan,other industrial feedstocks,refined liquids,2005,0.0071162
EJ,Reference,Pakistan,other industrial feedstocks,refined liquids,2010,0.0060697
EJ,Reference,Pakistan,other industrial feedstocks,refined liquids,2015,0.00460461
EJ,Reference,Pakistan,other industrial feedstocks,refined liquids,2021,0.0084976200000000009
EJ,Reference,Pakistan,other industrial feedstocks,refined liquids,2025,0.00983255
EJ,Reference,Pakistan,other industrial feedstocks,refined liquids,2030,0.0138696
EJ,Reference,Pakistan,other industrial feedstocks,refined liquids,2035,0.020239300000000002
EJ,Reference,Pakistan,other industrial feedstocks,refined liquids,2040,0.0308457
EJ,Reference,Pakistan,other industrial feedstocks,refined liquids,2045,0.0461916
EJ,Reference,Pakistan,other industrial feedstocks,refined liquids,2050,0.0645719
EJ,Reference,Pakistan,other industrial feedstocks,refined liquids,2055,0.0863372
EJ,Reference,Pakistan,other industrial feedstocks,refined liquids,2060,0.112592
EJ,Reference,Pakistan,other industrial feedstocks,refined liquids,2065,0.143137
EJ,Reference,Pakistan,other industrial feedstocks,refined liquids,2070,0.176588
EJ,Reference,Pakistan,other industrial feedstocks,refined liquids,2075,0.21188
EJ,Reference,Pakistan,other industrial feedstocks,refined liquids,2080,0.24792
EJ,Reference,Pakistan,other industrial feedstocks,refined liquids,2085,0.284291
EJ,Reference,Pakistan,other industrial feedstocks,refined liquids,2090,0.321555
EJ,Reference,Pakistan,other industrial feedstocks,refined liquids,2095,0.359939
EJ,Reference,Pakistan,other industrial feedstocks,refined liquids,2100,0.398835
EJ,Reference,Pakistan,process heat cement,biomass,1975,1.33701e-4
EJ,Reference,Pakistan,process heat cement,biomass,1990,2.94896e-4
EJ,Reference,Pakistan,process heat cement,biomass,2005,6.53897e-4
EJ,Reference,Pakistan,process heat cement,biomass,2010,0.0012083
EJ,Reference,Pakistan,process heat cement,biomass,2015,0.0012083
EJ,Reference,Pakistan,process heat cement,biomass,2021,0.0012083
EJ,Reference,Pakistan,process heat cement,biomass,2025,0.001406577
EJ,Reference,Pakistan,process heat cement,biomass,2030,0.0019358989999999998
EJ,Reference,Pakistan,process heat cement,biomass,2035,0.002570838
EJ,Reference,Pakistan,process heat cement,biomass,2040,0.0033155299999999997
EJ,Reference,Pakistan,process heat cement,biomass,2045,0.004087599
EJ,Reference,Pakistan,process heat cement,biomass,2050,0.0047785195
EJ,Reference,Pakistan,process heat cement,biomass,2055,0.005323364
EJ,Reference,Pakistan,process heat cement,biomass,2060,0.00570730714
EJ,Reference,Pakistan,process heat cement,biomass,2065,0.005966872220000001
EJ,Reference,Pakistan,process heat cement,biomass,2070,0.0061278975900000004
EJ,Reference,Pakistan,process heat cement,biomass,2075,0.0062334151
EJ,Reference,Pakistan,process heat cement,biomass,2080,0.0062900343000000004
EJ,Reference,Pakistan,process heat cement,biomass,2085,0.006301641900000001
EJ,Reference,Pakistan,process heat cement,biomass,2090,0.006271733400000001
EJ,Reference,Pakistan,process heat cement,biomass,2095,0.006212770499999999
EJ,Reference,Pakistan,process heat cement,biomass,2100,0.0061378341000000005
EJ,Reference,Pakistan,process heat cement,coal,1975,0.0109674
EJ,Reference,Pakistan,process heat cement,coal,1990,0.0241781
EJ,Reference,Pakistan,process heat cement,coal,2005,0.0536166
EJ,Reference,Pakistan,process heat cement,coal,2010,0.0990781
EJ,Reference,Pakistan,process heat cement,coal,2015,0.0990781
EJ,Reference,Pakistan,process heat cement,coal,2021,0.0990781
EJ,Reference,Pakistan,process heat cement,coal,2025,0.1144609
EJ,Reference,Pakistan,process heat cement,coal,2030,0.1530783
EJ,Reference,Pakistan,process heat cement,coal,2035,0.1986622
EJ,Reference,Pakistan,process heat cement,coal,2040,0.2509055
EJ,Reference,Pakistan,process heat cement,coal,2045,0.30497905999999997
EJ,Reference,Pakistan,process heat cement,coal,2050,0.35756828999999996
EJ,Reference,Pakistan,process heat cement,coal,2055,0.408010673
EJ,Reference,Pakistan,process heat cement,coal,2060,0.453153223
EJ,Reference,Pakistan,process heat cement,coal,2065,0.49510375900000003
EJ,Reference,Pakistan,process heat cement,coal,2070,0.533053996
EJ,Reference,Pakistan,process heat cement,coal,2075,0.566333131
EJ,Reference,Pakistan,process heat cement,coal,2080,0.5942797499999999
EJ,Reference,Pakistan,process heat cement,coal,2085,0.61693071
EJ,Reference,Pakistan,process heat cement,coal,2090,0.63400415
EJ,Reference,Pakistan,process heat cement,coal,2095,0.64633489
EJ,Reference,Pakistan,process heat cement,coal,2100,0.65474089
EJ,Reference,Pakistan,process heat cement,gas,1975,0.00107001
EJ,Reference,Pakistan,process heat cement,gas,1990,0.00235887
EJ,Reference,Pakistan,process heat cement,gas,2005,0.00523088
EJ,Reference,Pakistan,process heat cement,gas,2010,0.00966614
EJ,Reference,Pakistan,process heat cement,gas,2015,0.00966614
EJ,Reference,Pakistan,process heat cement,gas,2021,0.00966614
EJ,Reference,Pakistan,process heat cement,gas,2025,0.01079687
EJ,Reference,Pakistan,process heat cement,gas,2030,0.0139413
EJ,Reference,Pakistan,process heat cement,gas,2035,0.017097229999999998
EJ,Reference,Pakistan,process heat cement,gas,2040,0.019684999999999998
EJ,Reference,Pakistan,process heat cement,gas,2045,0.021921462
EJ,Reference,Pakistan,process heat cement,gas,2050,0.024018082
EJ,Reference,Pakistan,process heat cement,gas,2055,0.0260668
EJ,Reference,Pakistan,process heat cement,gas,2060,0.0278791092
EJ,Reference,Pakistan,process heat cement,gas,2065,0.0291840411
EJ,Reference,Pakistan,process heat cement,gas,2070,0.0298719247
EJ,Reference,Pakistan,process heat cement,gas,2075,0.0302015809
EJ,Reference,Pakistan,process heat cement,gas,2080,0.0300316236
EJ,Reference,Pakistan,process heat cement,gas,2085,0.029538811300000002
EJ,Reference,Pakistan,process heat cement,gas,2090,0.0290050246
EJ,Reference,Pakistan,process heat cement,gas,2095,0.028516081199999998
EJ,Reference,Pakistan,process heat cement,gas,2100,0.0279184762
EJ,Reference,Pakistan,process heat cement,hydrogen,2030,8.61132e-5
EJ,Reference,Pakistan,process heat cement,hydrogen,2035,2.1851146000000001e-4
EJ,Reference,Pakistan,process heat cement,hydrogen,2040,4.4851661000000004e-4
EJ,Reference,Pakistan,process heat cement,hydrogen,2045,7.2653154e-4
EJ,Reference,Pakistan,process heat cement,hydrogen,2050,8.9738198e-4
EJ,Reference,Pakistan,process heat cement,hydrogen,2055,9.63466538e-4
EJ,Reference,Pakistan,process heat cement,hydrogen,2060,0.001093872299
EJ,Reference,Pakistan,process heat cement,hydrogen,2065,0.0011981697499
EJ,Reference,Pakistan,process heat cement,hydrogen,2070,0.0012240618547
EJ,Reference,Pakistan,process heat cement,hydrogen,2075,0.001224463536
EJ,Reference,Pakistan,process heat cement,hydrogen,2080,0.0012189923
EJ,Reference,Pakistan,process heat cement,hydrogen,2085,0.001228061246
EJ,Reference,Pakistan,process heat cement,hydrogen,2090,0.001244341967
EJ,Reference,Pakistan,process heat cement,hydrogen,2095,0.001252437993
EJ,Reference,Pakistan,process heat cement,hydrogen,2100,0.0012372427199999999
EJ,Reference,Pakistan,process heat cement,refined liquids,1975,0.00120371
EJ,Reference,Pakistan,process heat cement,refined liquids,1990,0.00265366
EJ,Reference,Pakistan,process heat cement,refined liquids,2005,0.00588478
EJ,Reference,Pakistan,process heat cement,refined liquids,2010,0.0108744
EJ,Reference,Pakistan,process heat cement,refined liquids,2015,0.0108744
EJ,Reference,Pakistan,process heat cement,refined liquids,2021,0.0108744
EJ,Reference,Pakistan,process heat cement,refined liquids,2025,0.00864801
EJ,Reference,Pakistan,process heat cement,refined liquids,2030,0.012203700000000001
EJ,Reference,Pakistan,process heat cement,refined liquids,2035,0.015708542
EJ,Reference,Pakistan,process heat cement,refined liquids,2040,0.019354482
EJ,Reference,Pakistan,process heat cement,refined liquids,2045,0.022566399
EJ,Reference,Pakistan,process heat cement,refined liquids,2050,0.024813634
EJ,Reference,Pakistan,process heat cement,refined liquids,2055,0.0252665302
EJ,Reference,Pakistan,process heat cement,refined liquids,2060,0.026631687879999998
EJ,Reference,Pakistan,process heat cement,refined liquids,2065,0.027328937
EJ,Reference,Pakistan,process heat cement,refined liquids,2070,0.027450813499999997
EJ,Reference,Pakistan,process heat cement,refined liquids,2075,0.0273236595
EJ,Reference,Pakistan,process heat cement,refined liquids,2080,0.026595266799999996
EJ,Reference,Pakistan,process heat cement,refined liquids,2085,0.0254087723
EJ,Reference,Pakistan,process heat cement,refined liquids,2090,0.024397367599999997
EJ,Reference,Pakistan,process heat cement,refined liquids,2095,0.023317387199999998
EJ,Reference,Pakistan,process heat cement,refined liquids,2100,0.022061342299999998
EJ,Reference,Pakistan,process heat food processing,biomass,1990,0.0332042
EJ,Reference,Pakistan,process heat food processing,biomass,2005,0.0304203
EJ,Reference,Pakistan,process heat food processing,biomass,2010,0.0435077
EJ,Reference,Pakistan,process heat food processing,biomass,2015,0.0519917
EJ,Reference,Pakistan,process heat food processing,biomass,2021,0.0470891
EJ,Reference,Pakistan,process heat food processing,biomass,2025,0.05206152
EJ,Reference,Pakistan,process heat food processing,biomass,2030,0.0595310418
EJ,Reference,Pakistan,process heat food processing,biomass,2035,0.0683333443
EJ,Reference,Pakistan,process heat food processing,biomass,2040,0.07945986
EJ,Reference,Pakistan,process heat food processing,biomass,2045,0.09166936659999998
EJ,Reference,Pakistan,process heat food processing,biomass,2050,0.10289574879999999
EJ,Reference,Pakistan,process heat food processing,biomass,2055,0.1125480146
EJ,Reference,Pakistan,process heat food processing,biomass,2060,0.1207260703
EJ,Reference,Pakistan,process heat food processing,biomass,2065,0.127541493667
EJ,Reference,Pakistan,process heat food processing,biomass,2070,0.13346408657000003
EJ,Reference,Pakistan,process heat food processing,biomass,2075,0.13896344993999998
EJ,Reference,Pakistan,process heat food processing,biomass,2080,0.14403653286000004
EJ,Reference,Pakistan,process heat food processing,biomass,2085,0.14846158100999998
EJ,Reference,Pakistan,process heat food processing,biomass,2090,0.15206780706000003
EJ,Reference,Pakistan,process heat food processing,biomass,2095,0.15494247264
EJ,Reference,Pakistan,process heat food processing,biomass,2100,0.15746474850000003
EJ,Reference,Pakistan,process heat food processing,coal,1990,0.0100731
EJ,Reference,Pakistan,process heat food processing,coal,2005,0.019214
EJ,Reference,Pakistan,process heat food processing,coal,2010,0.0182344
EJ,Reference,Pakistan,process heat food processing,coal,2015,0.0322793
EJ,Reference,Pakistan,process heat food processing,coal,2021,0.0779261
EJ,Reference,Pakistan,process heat food processing,coal,2025,0.08572597
EJ,Reference,Pakistan,process heat food processing,coal,2030,0.09701110279999998
EJ,Reference,Pakistan,process heat food processing,coal,2035,0.10989602720000001
EJ,Reference,Pakistan,process heat food processing,coal,2040,0.1255090646
EJ,Reference,Pakistan,process heat food processing,coal,2045,0.1426348201
EJ,Reference,Pakistan,process heat food processing,coal,2050,0.16003469330000003
EJ,Reference,Pakistan,process heat food processing,coal,2055,0.17777682363000002
EJ,Reference,Pakistan,process heat food processing,coal,2060,0.19572822638999998
EJ,Reference,Pakistan,process heat food processing,coal,2065,0.21400314142700003
EJ,Reference,Pakistan,process heat food processing,coal,2070,0.23225337072999996
EJ,Reference,Pakistan,process heat food processing,coal,2075,0.24963398774999998
EJ,Reference,Pakistan,process heat food processing,coal,2080,0.26596072638
EJ,Reference,Pakistan,process heat food processing,coal,2085,0.2809883904
EJ,Reference,Pakistan,process heat food processing,coal,2090,0.2942358935
EJ,Reference,Pakistan,process heat food processing,coal,2095,0.3056124842
EJ,Reference,Pakistan,process heat food processing,coal,2100,0.31561458160000005
EJ,Reference,Pakistan,process heat food processing,electricity,2030,1.0129379e-4
EJ,Reference,Pakistan,process heat food processing,electricity,2035,4.1215830000000003e-4
EJ,Reference,Pakistan,process heat food processing,electricity,2040,0.00128307228
EJ,Reference,Pakistan,process heat food processing,electricity,2045,0.0026879111200000002
EJ,Reference,Pakistan,process heat food processing,electricity,2050,0.003992064856
EJ,Reference,Pakistan,process heat food processing,electricity,2055,0.0050090306099999996
EJ,Reference,Pakistan,process heat food processing,electricity,2060,0.006155248339999999
EJ,Reference,Pakistan,process heat food processing,electricity,2065,0.007310463131999999
EJ,Reference,Pakistan,process heat food processing,electricity,2070,0.00836936756
EJ,Reference,Pakistan,process heat food processing,electricity,2075,0.00924204533
EJ,Reference,Pakistan,process heat food processing,electricity,2080,0.00993750863
EJ,Reference,Pakistan,process heat food processing,electricity,2085,0.01055354195
EJ,Reference,Pakistan,process heat food processing,electricity,2090,0.011179214619999999
EJ,Reference,Pakistan,process heat food processing,electricity,2095,0.01176090491
EJ,Reference,Pakistan,process heat food processing,electricity,2100,0.0122213849
EJ,Reference,Pakistan,process heat food processing,gas,1990,0.0257625
EJ,Reference,Pakistan,process heat food processing,gas,2005,0.0618118
EJ,Reference,Pakistan,process heat food processing,gas,2010,0.0773109
EJ,Reference,Pakistan,process heat food processing,gas,2015,0.0658344
EJ,Reference,Pakistan,process heat food processing,gas,2021,0.0616439
EJ,Reference,Pakistan,process heat food processing,gas,2025,0.06655280999999999
EJ,Reference,Pakistan,process heat food processing,gas,2030,0.073689096
EJ,Reference,Pakistan,process heat food processing,gas,2035,0.07982836300000001
EJ,Reference,Pakistan,process heat food processing,gas,2040,0.08246296899999998
EJ,Reference,Pakistan,process heat food processing,gas,2045,0.08344159349999998
EJ,Reference,Pakistan,process heat food processing,gas,2050,0.0861904604
EJ,Reference,Pakistan,process heat food processing,gas,2055,0.09064157360000001
EJ,Reference,Pakistan,process heat food processing,gas,2060,0.09567944979999998
EJ,Reference,Pakistan,process heat food processing,gas,2065,0.10031198764000003
EJ,Reference,Pakistan,process heat food processing,gas,2070,0.1037339462
EJ,Reference,Pakistan,process heat food processing,gas,2075,0.10617118200000002
EJ,Reference,Pakistan,process heat food processing,gas,2080,0.10734099760000002
EJ,Reference,Pakistan,process heat food processing,gas,2085,0.10776432030000001
EJ,Reference,Pakistan,process heat food processing,gas,2090,0.1082423036
EJ,Reference,Pakistan,process heat food processing,gas,2095,0.10899773750000002
EJ,Reference,Pakistan,process heat food processing,gas,2100,0.10962324740000001
EJ,Reference,Pakistan,process heat food processing,refined liquids,1990,0.0167788
EJ,Reference,Pakistan,process heat food processing,refined liquids,2005,0.00716884
EJ,Reference,Pakistan,process heat food processing,refined liquids,2010,0.00849653
EJ,Reference,Pakistan,process heat food processing,refined liquids,2015,0.0161026
EJ,Reference,Pakistan,process heat food processing,refined liquids,2021,0.00705968
EJ,Reference,Pakistan,process heat food processing,refined liquids,2025,0.00730005
EJ,Reference,Pakistan,process heat food processing,refined liquids,2030,0.0080993731
EJ,Reference,Pakistan,process heat food processing,refined liquids,2035,0.0089358307
EJ,Reference,Pakistan,process heat food processing,refined liquids,2040,0.0097113759
EJ,Reference,Pakistan,process heat food processing,refined liquids,2045,0.010424658
EJ,Reference,Pakistan,process heat food processing,refined liquids,2050,0.011241022900000001
EJ,Reference,Pakistan,process heat food processing,refined liquids,2055,0.011932287700000002
EJ,Reference,Pakistan,process heat food processing,refined liquids,2060,0.012630156220000001
EJ,Reference,Pakistan,process heat food processing,refined liquids,2065,0.013224035570000002
EJ,Reference,Pakistan,process heat food processing,refined liquids,2070,0.013750353315000002
EJ,Reference,Pakistan,process heat food processing,refined liquids,2075,0.014269623110000003
EJ,Reference,Pakistan,process heat food processing,refined liquids,2080,0.01471509817
EJ,Reference,Pakistan,process heat food processing,refined liquids,2085,0.01500385052
EJ,Reference,Pakistan,process heat food processing,refined liquids,2090,0.015175978480000001
EJ,Reference,Pakistan,process heat food processing,refined liquids,2095,0.015249233760000001
EJ,Reference,Pakistan,process heat food processing,refined liquids,2100,0.01526382088
EJ,Reference,Pakistan,process heat food processing,solar,2030,9.093190000000001e-5
EJ,Reference,Pakistan,process heat food processing,solar,2035,3.4898581999999993e-4
EJ,Reference,Pakistan,process heat food processing,solar,2040,9.649398499999999e-4
EJ,Reference,Pakistan,process heat food processing,solar,2045,0.0018649003410000002
EJ,Reference,Pakistan,process heat food processing,solar,2050,0.002571198904
EJ,Reference,Pakistan,process heat food processing,solar,2055,0.00310347277
EJ,Reference,Pakistan,process heat food processing,solar,2060,0.00375210791
EJ,Reference,Pakistan,process heat food processing,solar,2065,0.004579929999999999
EJ,Reference,Pakistan,process heat food processing,solar,2070,0.005425129499999999
EJ,Reference,Pakistan,process heat food processing,solar,2075,0.006114472700000001
EJ,Reference,Pakistan,process heat food processing,solar,2080,0.0066551955
EJ,Reference,Pakistan,process heat food processing,solar,2085,0.007180035800000001
EJ,Reference,Pakistan,process heat food processing,solar,2090,0.007760164
EJ,Reference,Pakistan,process heat food processing,solar,2095,0.0083444003
EJ,Reference,Pakistan,process heat food processing,solar,2100,0.0088480567
EJ,Reference,Pakistan,resid cooling modern_d1,electricity,1990,1.79108e-4
EJ,Reference,Pakistan,resid cooling modern_d1,electricity,2005,9.0292e-4
EJ,Reference,Pakistan,resid cooling modern_d1,electricity,2010,0.00119093
EJ,Reference,Pakistan,resid cooling modern_d1,electricity,2015,0.00143713
EJ,Reference,Pakistan,resid cooling modern_d1,electricity,2021,0.00254045
EJ,Reference,Pakistan,resid cooling modern_d1,electricity,2025,0.00315336
EJ,Reference,Pakistan,resid cooling modern_d1,electricity,2030,0.00403892
EJ,Reference,Pakistan,resid cooling modern_d1,electricity,2035,0.0052219
EJ,Reference,Pakistan,resid cooling modern_d1,electricity,2040,0.00706464
EJ,Reference,Pakistan,resid cooling modern_d1,electricity,2045,0.00964265
EJ,Reference,Pakistan,resid cooling modern_d1,electricity,2050,0.0129828
EJ,Reference,Pakistan,resid cooling modern_d1,electricity,2055,0.017156
EJ,Reference,Pakistan,resid cooling modern_d1,electricity,2060,0.0221223
EJ,Reference,Pakistan,resid cooling modern_d1,electricity,2065,0.027701
EJ,Reference,Pakistan,resid cooling modern_d1,electricity,2070,0.0334198
EJ,Reference,Pakistan,resid cooling modern_d1,electricity,2075,0.0389445
EJ,Reference,Pakistan,resid cooling modern_d1,electricity,2080,0.0438373
EJ,Reference,Pakistan,resid cooling modern_d1,electricity,2085,0.0479338
EJ,Reference,Pakistan,resid cooling modern_d1,electricity,2090,0.051072
EJ,Reference,Pakistan,resid cooling modern_d1,electricity,2095,0.0531732
EJ,Reference,Pakistan,resid cooling modern_d1,electricity,2100,0.0548126
EJ,Reference,Pakistan,resid cooling modern_d10,electricity,1990,0.00694851
EJ,Reference,Pakistan,resid cooling modern_d10,electricity,2005,0.0186764
EJ,Reference,Pakistan,resid cooling modern_d10,electricity,2010,0.0203784
EJ,Reference,Pakistan,resid cooling modern_d10,electricity,2015,0.0245283
EJ,Reference,Pakistan,resid cooling modern_d10,electricity,2021,0.035428
EJ,Reference,Pakistan,resid cooling modern_d10,electricity,2025,0.0405576
EJ,Reference,Pakistan,resid cooling modern_d10,electricity,2030,0.0487333
EJ,Reference,Pakistan,resid cooling modern_d10,electricity,2035,0.0564115
EJ,Reference,Pakistan,resid cooling modern_d10,electricity,2040,0.0644961
EJ,Reference,Pakistan,resid cooling modern_d10,electricity,2045,0.072538
EJ,Reference,Pakistan,resid cooling modern_d10,electricity,2050,0.0797264
EJ,Reference,Pakistan,resid cooling modern_d10,electricity,2055,0.0856103
EJ,Reference,Pakistan,resid cooling modern_d10,electricity,2060,0.0898243
EJ,Reference,Pakistan,resid cooling modern_d10,electricity,2065,0.0922032
EJ,Reference,Pakistan,resid cooling modern_d10,electricity,2070,0.0931653
EJ,Reference,Pakistan,resid cooling modern_d10,electricity,2075,0.0926343
EJ,Reference,Pakistan,resid cooling modern_d10,electricity,2080,0.0907731
EJ,Reference,Pakistan,resid cooling modern_d10,electricity,2085,0.0880735
EJ,Reference,Pakistan,resid cooling modern_d10,electricity,2090,0.0846517
EJ,Reference,Pakistan,resid cooling modern_d10,electricity,2095,0.080688
EJ,Reference,Pakistan,resid cooling modern_d10,electricity,2100,0.0766324
EJ,Reference,Pakistan,resid cooling modern_d2,electricity,1990,3.61573e-4
EJ,Reference,Pakistan,resid cooling modern_d2,electricity,2005,0.00169667
EJ,Reference,Pakistan,resid cooling modern_d2,electricity,2010,0.00217077
EJ,Reference,Pakistan,resid cooling modern_d2,electricity,2015,0.00266492
EJ,Reference,Pakistan,resid cooling modern_d2,electricity,2021,0.00439041
EJ,Reference,Pakistan,resid cooling modern_d2,electricity,2025,0.0052619
EJ,Reference,Pakistan,resid cooling modern_d2,electricity,2030,0.00668691
EJ,Reference,Pakistan,resid cooling modern_d2,electricity,2035,0.00869179
EJ,Reference,Pakistan,resid cooling modern_d2,electricity,2040,0.0114764
EJ,Reference,Pakistan,resid cooling modern_d2,electricity,2045,0.0152377
EJ,Reference,Pakistan,resid cooling modern_d2,electricity,2050,0.0199312
EJ,Reference,Pakistan,resid cooling modern_d2,electricity,2055,0.025552
EJ,Reference,Pakistan,resid cooling modern_d2,electricity,2060,0.0319255
EJ,Reference,Pakistan,resid cooling modern_d2,electricity,2065,0.0386853
EJ,Reference,Pakistan,resid cooling modern_d2,electricity,2070,0.0451959
EJ,Reference,Pakistan,resid cooling modern_d2,electricity,2075,0.0510194
EJ,Reference,Pakistan,resid cooling modern_d2,electricity,2080,0.0556818
EJ,Reference,Pakistan,resid cooling modern_d2,electricity,2085,0.0591074
EJ,Reference,Pakistan,resid cooling modern_d2,electricity,2090,0.0612215
EJ,Reference,Pakistan,resid cooling modern_d2,electricity,2095,0.0620721
EJ,Reference,Pakistan,resid cooling modern_d2,electricity,2100,0.0623682
EJ,Reference,Pakistan,resid cooling modern_d3,electricity,1990,5.01241e-4
EJ,Reference,Pakistan,resid cooling modern_d3,electricity,2005,0.00221895
EJ,Reference,Pakistan,resid cooling modern_d3,electricity,2010,0.0028189
EJ,Reference,Pakistan,resid cooling modern_d3,electricity,2015,0.00349133
EJ,Reference,Pakistan,resid cooling modern_d3,electricity,2021,0.00552491
EJ,Reference,Pakistan,resid cooling modern_d3,electricity,2025,0.00649145
EJ,Reference,Pakistan,resid cooling modern_d3,electricity,2030,0.00826454
EJ,Reference,Pakistan,resid cooling modern_d3,electricity,2035,0.0106452
EJ,Reference,Pakistan,resid cooling modern_d3,electricity,2040,0.0139001
EJ,Reference,Pakistan,resid cooling modern_d3,electricity,2045,0.0182163
EJ,Reference,Pakistan,resid cooling modern_d3,electricity,2050,0.0234991
EJ,Reference,Pakistan,resid cooling modern_d3,electricity,2055,0.0296901
EJ,Reference,Pakistan,resid cooling modern_d3,electricity,2060,0.0365419
EJ,Reference,Pakistan,resid cooling modern_d3,electricity,2065,0.0436045
EJ,Reference,Pakistan,resid cooling modern_d3,electricity,2070,0.0502102
EJ,Reference,Pakistan,resid cooling modern_d3,electricity,2075,0.0559036
EJ,Reference,Pakistan,resid cooling modern_d3,electricity,2080,0.0602311
EJ,Reference,Pakistan,resid cooling modern_d3,electricity,2085,0.0631825
EJ,Reference,Pakistan,resid cooling modern_d3,electricity,2090,0.0647365
EJ,Reference,Pakistan,resid cooling modern_d3,electricity,2095,0.0650013
EJ,Reference,Pakistan,resid cooling modern_d3,electricity,2100,0.0647243
EJ,Reference,Pakistan,resid cooling modern_d4,electricity,1990,6.44357e-4
EJ,Reference,Pakistan,resid cooling modern_d4,electricity,2005,0.00270091
EJ,Reference,Pakistan,resid cooling modern_d4,electricity,2010,0.00341856
EJ,Reference,Pakistan,resid cooling modern_d4,electricity,2015,0.00426212
EJ,Reference,Pakistan,resid cooling modern_d4,electricity,2021,0.00653284
EJ,Reference,Pakistan,resid cooling modern_d4,electricity,2025,0.00754638
EJ,Reference,Pakistan,resid cooling modern_d4,electricity,2030,0.00961171
EJ,Reference,Pakistan,resid cooling modern_d4,electricity,2035,0.0122947
EJ,Reference,Pakistan,resid cooling modern_d4,electricity,2040,0.0159138
EJ,Reference,Pakistan,resid cooling modern_d4,electricity,2045,0.0206393
EJ,Reference,Pakistan,resid cooling modern_d4,electricity,2050,0.0263316
EJ,Reference,Pakistan,resid cooling modern_d4,electricity,2055,0.032886
EJ,Reference,Pakistan,resid cooling modern_d4,electricity,2060,0.0400006
EJ,Reference,Pakistan,resid cooling modern_d4,electricity,2065,0.0471708
EJ,Reference,Pakistan,resid cooling modern_d4,electricity,2070,0.053732
EJ,Reference,Pakistan,resid cooling modern_d4,electricity,2075,0.0592301
EJ,Reference,Pakistan,resid cooling modern_d4,electricity,2080,0.0632395
EJ,Reference,Pakistan,resid cooling modern_d4,electricity,2085,0.0658027
EJ,Reference,Pakistan,resid cooling modern_d4,electricity,2090,0.0669378
EJ,Reference,Pakistan,resid cooling modern_d4,electricity,2095,0.066792
EJ,Reference,Pakistan,resid cooling modern_d4,electricity,2100,0.0661271
EJ,Reference,Pakistan,resid cooling modern_d5,electricity,1990,8.05098e-4
EJ,Reference,Pakistan,resid cooling modern_d5,electricity,2005,0.00322436
EJ,Reference,Pakistan,resid cooling modern_d5,electricity,2010,0.00403906
EJ,Reference,Pakistan,resid cooling modern_d5,electricity,2015,0.00506355
EJ,Reference,Pakistan,resid cooling modern_d5,electricity,2021,0.00754478
EJ,Reference,Pakistan,resid cooling modern_d5,electricity,2025,0.00857855
EJ,Reference,Pakistan,resid cooling modern_d5,electricity,2030,0.0109237
EJ,Reference,Pakistan,resid cooling modern_d5,electricity,2035,0.0138861
EJ,Reference,Pakistan,resid cooling modern_d5,electricity,2040,0.0178297
EJ,Reference,Pakistan,resid cooling modern_d5,electricity,2045,0.022903
EJ,Reference,Pakistan,resid cooling modern_d5,electricity,2050,0.0289229
EJ,Reference,Pakistan,resid cooling modern_d5,electricity,2055,0.0357408
EJ,Reference,Pakistan,resid cooling modern_d5,electricity,2060,0.04301
EJ,Reference,Pakistan,resid cooling modern_d5,electricity,2065,0.0501868
EJ,Reference,Pakistan,resid cooling modern_d5,electricity,2070,0.0566311
EJ,Reference,Pakistan,resid cooling modern_d5,electricity,2075,0.0618991
EJ,Reference,Pakistan,resid cooling modern_d5,electricity,2080,0.0655959
EJ,Reference,Pakistan,resid cooling modern_d5,electricity,2085,0.0678103
EJ,Reference,Pakistan,resid cooling modern_d5,electricity,2090,0.0685909
EJ,Reference,Pakistan,resid cooling modern_d5,electricity,2095,0.0681133
EJ,Reference,Pakistan,resid cooling modern_d5,electricity,2100,0.0671412
EJ,Reference,Pakistan,resid cooling modern_d6,electricity,1990,0.00100316
EJ,Reference,Pakistan,resid cooling modern_d6,electricity,2005,0.00380401
EJ,Reference,Pakistan,resid cooling modern_d6,electricity,2010,0.00475214
EJ,Reference,Pakistan,resid cooling modern_d6,electricity,2015,0.00598373
EJ,Reference,Pakistan,resid cooling modern_d6,electricity,2021,0.00869282
EJ,Reference,Pakistan,resid cooling modern_d6,electricity,2025,0.00974247
EJ,Reference,Pakistan,resid cooling modern_d6,electricity,2030,0.0123946
EJ,Reference,Pakistan,resid cooling modern_d6,electricity,2035,0.0156551
EJ,Reference,Pakistan,resid cooling modern_d6,electricity,2040,0.0199333
EJ,Reference,Pakistan,resid cooling modern_d6,electricity,2045,0.0253501
EJ,Reference,Pakistan,resid cooling modern_d6,electricity,2050,0.0316747
EJ,Reference,Pakistan,resid cooling modern_d6,electricity,2055,0.0387121
EJ,Reference,Pakistan,resid cooling modern_d6,electricity,2060,0.0460737
EJ,Reference,Pakistan,resid cooling modern_d6,electricity,2065,0.0531856
EJ,Reference,Pakistan,resid cooling modern_d6,electricity,2070,0.0594498
EJ,Reference,Pakistan,resid cooling modern_d6,electricity,2075,0.0644395
EJ,Reference,Pakistan,resid cooling modern_d6,electricity,2080,0.0677948
EJ,Reference,Pakistan,resid cooling modern_d6,electricity,2085,0.0696503
EJ,Reference,Pakistan,resid cooling modern_d6,electricity,2090,0.0700822
EJ,Reference,Pakistan,resid cooling modern_d6,electricity,2095,0.0692893
EJ,Reference,Pakistan,resid cooling modern_d6,electricity,2100,0.0680294
EJ,Reference,Pakistan,resid cooling modern_d7,electricity,1990,0.00127436
EJ,Reference,Pakistan,resid cooling modern_d7,electricity,2005,0.00462808
EJ,Reference,Pakistan,resid cooling modern_d7,electricity,2010,0.00566013
EJ,Reference,Pakistan,resid cooling modern_d7,electricity,2015,0.00714815
EJ,Reference,Pakistan,resid cooling modern_d7,electricity,2021,0.0101574
EJ,Reference,Pakistan,resid cooling modern_d7,electricity,2025,0.0112449
EJ,Reference,Pakistan,resid cooling modern_d7,electricity,2030,0.0142785
EJ,Reference,Pakistan,resid cooling modern_d7,electricity,2035,0.0179006
EJ,Reference,Pakistan,resid cooling modern_d7,electricity,2040,0.02257
EJ,Reference,Pakistan,resid cooling modern_d7,electricity,2045,0.0283703
EJ,Reference,Pakistan,resid cooling modern_d7,electricity,2050,0.0350122
EJ,Reference,Pakistan,resid cooling modern_d7,electricity,2055,0.0422466
EJ,Reference,Pakistan,resid cooling modern_d7,electricity,2060,0.0496424
EJ,Reference,Pakistan,resid cooling modern_d7,electricity,2065,0.0566027
EJ,Reference,Pakistan,resid cooling modern_d7,electricity,2070,0.0625958
EJ,Reference,Pakistan,resid cooling modern_d7,electricity,2075,0.0672193
EJ,Reference,Pakistan,resid cooling modern_d7,electricity,2080,0.0701574
EJ,Reference,Pakistan,resid cooling modern_d7,electricity,2085,0.0715955
EJ,Reference,Pakistan,resid cooling modern_d7,electricity,2090,0.071637
EJ,Reference,Pakistan,resid cooling modern_d7,electricity,2095,0.0705018
EJ,Reference,Pakistan,resid cooling modern_d7,electricity,2100,0.0689326
EJ,Reference,Pakistan,resid cooling modern_d8,electricity,1990,0.0016895
EJ,Reference,Pakistan,resid cooling modern_d8,electricity,2005,0.00586349
EJ,Reference,Pakistan,resid cooling modern_d8,electricity,2010,0.00695323
EJ,Reference,Pakistan,resid cooling modern_d8,electricity,2015,0.00878904
EJ,Reference,Pakistan,resid cooling modern_d8,electricity,2021,0.0122598
EJ,Reference,Pakistan,resid cooling modern_d8,electricity,2025,0.0134467
EJ,Reference,Pakistan,resid cooling modern_d8,electricity,2030,0.017012
EJ,Reference,Pakistan,resid cooling modern_d8,electricity,2035,0.0211243
EJ,Reference,Pakistan,resid cooling modern_d8,electricity,2040,0.0263026
EJ,Reference,Pakistan,resid cooling modern_d8,electricity,2045,0.0325754
EJ,Reference,Pakistan,resid cooling modern_d8,electricity,2050,0.0395742
EJ,Reference,Pakistan,resid cooling modern_d8,electricity,2055,0.0469818
EJ,Reference,Pakistan,resid cooling modern_d8,electricity,2060,0.0543224
EJ,Reference,Pakistan,resid cooling modern_d8,electricity,2065,0.0609881
EJ,Reference,Pakistan,resid cooling modern_d8,electricity,2070,0.0665518
EJ,Reference,Pakistan,resid cooling modern_d8,electricity,2075,0.0706471
EJ,Reference,Pakistan,resid cooling modern_d8,electricity,2080,0.0730195
EJ,Reference,Pakistan,resid cooling modern_d8,electricity,2085,0.0739158
EJ,Reference,Pakistan,resid cooling modern_d8,electricity,2090,0.0734687
EJ,Reference,Pakistan,resid cooling modern_d8,electricity,2095,0.0719174
EJ,Reference,Pakistan,resid cooling modern_d8,electricity,2100,0.0699767
EJ,Reference,Pakistan,resid cooling modern_d9,electricity,1990,0.00249608
EJ,Reference,Pakistan,resid cooling modern_d9,electricity,2005,0.00832192
EJ,Reference,Pakistan,resid cooling modern_d9,electricity,2010,0.00929616
EJ,Reference,Pakistan,resid cooling modern_d9,electricity,2015,0.0116826
EJ,Reference,Pakistan,resid cooling modern_d9,electricity,2021,0.0162222
EJ,Reference,Pakistan,resid cooling modern_d9,electricity,2025,0.0178393
EJ,Reference,Pakistan,resid cooling modern_d9,electricity,2030,0.0223774
EJ,Reference,Pakistan,resid cooling modern_d9,electricity,2035,0.027361
EJ,Reference,Pakistan,resid cooling modern_d9,electricity,2040,0.0334027
EJ,Reference,Pakistan,resid cooling modern_d9,electricity,2045,0.0404303
EJ,Reference,Pakistan,resid cooling modern_d9,electricity,2050,0.0479357
EJ,Reference,Pakistan,resid cooling modern_d9,electricity,2055,0.0554979
EJ,Reference,Pakistan,resid cooling modern_d9,electricity,2060,0.0625851
EJ,Reference,Pakistan,resid cooling modern_d9,electricity,2065,0.0686067
EJ,Reference,Pakistan,resid cooling modern_d9,electricity,2070,0.0733185
EJ,Reference,Pakistan,resid cooling modern_d9,electricity,2075,0.0764213
EJ,Reference,Pakistan,resid cooling modern_d9,electricity,2080,0.0777759
EJ,Reference,Pakistan,resid cooling modern_d9,electricity,2085,0.0777328
EJ,Reference,Pakistan,resid cooling modern_d9,electricity,2090,0.0764647
EJ,Reference,Pakistan,resid cooling modern_d9,electricity,2095,0.074232
EJ,Reference,Pakistan,resid cooling modern_d9,electricity,2100,0.0717008
EJ,Reference,Pakistan,resid heating TradBio_d1,traditional biomass,1990,0.00496443
EJ,Reference,Pakistan,resid heating TradBio_d1,traditional biomass,2005,0.00729606
EJ,Reference,Pakistan,resid heating TradBio_d1,traditional biomass,2010,0.00826727
EJ,Reference,Pakistan,resid heating TradBio_d1,traditional biomass,2015,0.00958509
EJ,Reference,Pakistan,resid heating TradBio_d1,traditional biomass,2021,0.0108461
EJ,Reference,Pakistan,resid heating TradBio_d1,traditional biomass,2025,0.00917758
EJ,Reference,Pakistan,resid heating TradBio_d1,traditional biomass,2030,0.00715553
EJ,Reference,Pakistan,resid heating TradBio_d1,traditional biomass,2035,0.00690386
EJ,Reference,Pakistan,resid heating TradBio_d1,traditional biomass,2040,0.00664955
EJ,Reference,Pakistan,resid heating TradBio_d1,traditional biomass,2045,0.00635931
EJ,Reference,Pakistan,resid heating TradBio_d1,traditional biomass,2050,0.00603168
EJ,Reference,Pakistan,resid heating TradBio_d1,traditional biomass,2055,0.005674
EJ,Reference,Pakistan,resid heating TradBio_d1,traditional biomass,2060,0.00527203
EJ,Reference,Pakistan,resid heating TradBio_d1,traditional biomass,2065,0.00481937
EJ,Reference,Pakistan,resid heating TradBio_d1,traditional biomass,2070,0.00434882
EJ,Reference,Pakistan,resid heating TradBio_d1,traditional biomass,2075,0.00384361
EJ,Reference,Pakistan,resid heating TradBio_d1,traditional biomass,2080,0.00331182
EJ,Reference,Pakistan,resid heating TradBio_d1,traditional biomass,2085,0.00277284
EJ,Reference,Pakistan,resid heating TradBio_d1,traditional biomass,2090,0.00222261
EJ,Reference,Pakistan,resid heating TradBio_d1,traditional biomass,2095,0.00166677
EJ,Reference,Pakistan,resid heating TradBio_d1,traditional biomass,2100,0.00110694
EJ,Reference,Pakistan,resid heating TradBio_d10,traditional biomass,1990,0.00137464
EJ,Reference,Pakistan,resid heating TradBio_d10,traditional biomass,2005,0.00212603
EJ,Reference,Pakistan,resid heating TradBio_d10,traditional biomass,2010,0.00246894
EJ,Reference,Pakistan,resid heating TradBio_d10,traditional biomass,2015,0.00260397
EJ,Reference,Pakistan,resid heating TradBio_d10,traditional biomass,2021,0.00274412
EJ,Reference,Pakistan,resid heating TradBio_d10,traditional biomass,2025,0.00269594
EJ,Reference,Pakistan,resid heating TradBio_d10,traditional biomass,2030,0.00263759
EJ,Reference,Pakistan,resid heating TradBio_d10,traditional biomass,2035,0.00258123
EJ,Reference,Pakistan,resid heating TradBio_d10,traditional biomass,2040,0.00253502
EJ,Reference,Pakistan,resid heating TradBio_d10,traditional biomass,2045,0.00237614
EJ,Reference,Pakistan,resid heating TradBio_d10,traditional biomass,2050,0.00156275
EJ,Reference,Pakistan,resid heating TradBio_d10,traditional biomass,2055,7.30386e-4
EJ,Reference,Pakistan,resid heating TradBio_d2,traditional biomass,1990,0.00444433
EJ,Reference,Pakistan,resid heating TradBio_d2,traditional biomass,2005,0.00634677
EJ,Reference,Pakistan,resid heating TradBio_d2,traditional biomass,2010,0.00711658
EJ,Reference,Pakistan,resid heating TradBio_d2,traditional biomass,2015,0.00809293
EJ,Reference,Pakistan,resid heating TradBio_d2,traditional biomass,2021,0.00907602
EJ,Reference,Pakistan,resid heating TradBio_d2,traditional biomass,2025,0.00813205
EJ,Reference,Pakistan,resid heating TradBio_d2,traditional biomass,2030,0.00695965
EJ,Reference,Pakistan,resid heating TradBio_d2,traditional biomass,2035,0.0066736
EJ,Reference,Pakistan,resid heating TradBio_d2,traditional biomass,2040,0.00637398
EJ,Reference,Pakistan,resid heating TradBio_d2,traditional biomass,2045,0.006026
EJ,Reference,Pakistan,resid heating TradBio_d2,traditional biomass,2050,0.00562882
EJ,Reference,Pakistan,resid heating TradBio_d2,traditional biomass,2055,0.00519004
EJ,Reference,Pakistan,resid heating TradBio_d2,traditional biomass,2060,0.00469676
EJ,Reference,Pakistan,resid heating TradBio_d2,traditional biomass,2065,0.00414312
EJ,Reference,Pakistan,resid heating TradBio_d2,traditional biomass,2070,0.00356716
EJ,Reference,Pakistan,resid heating TradBio_d2,traditional biomass,2075,0.00295389
EJ,Reference,Pakistan,resid heating TradBio_d2,traditional biomass,2080,0.00231524
EJ,Reference,Pakistan,resid heating TradBio_d2,traditional biomass,2085,0.00167354
EJ,Reference,Pakistan,resid heating TradBio_d2,traditional biomass,2090,0.00102759
EJ,Reference,Pakistan,resid heating TradBio_d2,traditional biomass,2095,3.84758e-4
EJ,Reference,Pakistan,resid heating TradBio_d3,traditional biomass,1990,0.00415632
EJ,Reference,Pakistan,resid heating TradBio_d3,traditional biomass,2005,0.00589508
EJ,Reference,Pakistan,resid heating TradBio_d3,traditional biomass,2010,0.00657147
EJ,Reference,Pakistan,resid heating TradBio_d3,traditional biomass,2015,0.00739349
EJ,Reference,Pakistan,resid heating TradBio_d3,traditional biomass,2021,0.00830829
EJ,Reference,Pakistan,resid heating TradBio_d3,traditional biomass,2025,0.00767326
EJ,Reference,Pakistan,resid heating TradBio_d3,traditional biomass,2030,0.00685564
EJ,Reference,Pakistan,resid heating TradBio_d3,traditional biomass,2035,0.00655213
EJ,Reference,Pakistan,resid heating TradBio_d3,traditional biomass,2040,0.00623022
EJ,Reference,Pakistan,resid heating TradBio_d3,traditional biomass,2045,0.00585479
EJ,Reference,Pakistan,resid heating TradBio_d3,traditional biomass,2050,0.00542563
EJ,Reference,Pakistan,resid heating TradBio_d3,traditional biomass,2055,0.00495096
EJ,Reference,Pakistan,resid heating TradBio_d3,traditional biomass,2060,0.0044189
EJ,Reference,Pakistan,resid heating TradBio_d3,traditional biomass,2065,0.00382436
EJ,Reference,Pakistan,resid heating TradBio_d3,traditional biomass,2070,0.00320687
EJ,Reference,Pakistan,resid heating TradBio_d3,traditional biomass,2075,0.00255217
EJ,Reference,Pakistan,resid heating TradBio_d3,traditional biomass,2080,0.00187383
EJ,Reference,Pakistan,resid heating TradBio_d3,traditional biomass,2085,0.00119528
EJ,Reference,Pakistan,resid heating TradBio_d3,traditional biomass,2090,5.16412e-4
EJ,Reference,Pakistan,resid heating TradBio_d4,traditional biomass,1990,0.00391618
EJ,Reference,Pakistan,resid heating TradBio_d4,traditional biomass,2005,0.00554995
EJ,Reference,Pakistan,resid heating TradBio_d4,traditional biomass,2010,0.00615729
EJ,Reference,Pakistan,resid heating TradBio_d4,traditional biomass,2015,0.00686705
EJ,Reference,Pakistan,resid heating TradBio_d4,traditional biomass,2021,0.00774704
EJ,Reference,Pakistan,resid heating TradBio_d4,traditional biomass,2025,0.0073352
EJ,Reference,Pakistan,resid heating TradBio_d4,traditional biomass,2030,0.00676979
EJ,Reference,Pakistan,resid heating TradBio_d4,traditional biomass,2035,0.00645238
EJ,Reference,Pakistan,resid heating TradBio_d4,traditional biomass,2040,0.0061132
EJ,Reference,Pakistan,resid heating TradBio_d4,traditional biomass,2045,0.00571713
EJ,Reference,Pakistan,resid heating TradBio_d4,traditional biomass,2050,0.0052646
EJ,Reference,Pakistan,resid heating TradBio_d4,traditional biomass,2055,0.0047646
EJ,Reference,Pakistan,resid heating TradBio_d4,traditional biomass,2060,0.00420622
EJ,Reference,Pakistan,resid heating TradBio_d4,traditional biomass,2065,0.00358508
EJ,Reference,Pakistan,resid heating TradBio_d4,traditional biomass,2070,0.00294107
EJ,Reference,Pakistan,resid heating TradBio_d4,traditional biomass,2075,0.00226038
EJ,Reference,Pakistan,resid heating TradBio_d4,traditional biomass,2080,0.00155767
EJ,Reference,Pakistan,resid heating TradBio_d4,traditional biomass,2085,8.56976e-4
EJ,Reference,Pakistan,resid heating TradBio_d4,traditional biomass,2090,1.58875e-4
EJ,Reference,Pakistan,resid heating TradBio_d5,traditional biomass,1990,0.00369109
EJ,Reference,Pakistan,resid heating TradBio_d5,traditional biomass,2005,0.00523077
EJ,Reference,Pakistan,resid heating TradBio_d5,traditional biomass,2010,0.0057938
EJ,Reference,Pakistan,resid heating TradBio_d5,traditional biomass,2015,0.00640956
EJ,Reference,Pakistan,resid heating TradBio_d5,traditional biomass,2021,0.00726676
EJ,Reference,Pakistan,resid heating TradBio_d5,traditional biomass,2025,0.00704366
EJ,Reference,Pakistan,resid heating TradBio_d5,traditional biomass,2030,0.00668818
EJ,Reference,Pakistan,resid heating TradBio_d5,traditional biomass,2035,0.00635796
EJ,Reference,Pakistan,resid heating TradBio_d5,traditional biomass,2040,0.0060033
EJ,Reference,Pakistan,resid heating TradBio_d5,traditional biomass,2045,0.00558927
EJ,Reference,Pakistan,resid heating TradBio_d5,traditional biomass,2050,0.00511698
EJ,Reference,Pakistan,resid heating TradBio_d5,traditional biomass,2055,0.00459634
EJ,Reference,Pakistan,resid heating TradBio_d5,traditional biomass,2060,0.00401739
EJ,Reference,Pakistan,resid heating TradBio_d5,traditional biomass,2065,0.00337651
EJ,Reference,Pakistan,resid heating TradBio_d5,traditional biomass,2070,0.00271322
EJ,Reference,Pakistan,resid heating TradBio_d5,traditional biomass,2075,0.00201392
EJ,Reference,Pakistan,resid heating TradBio_d5,traditional biomass,2080,0.0012941
EJ,Reference,Pakistan,resid heating TradBio_d5,traditional biomass,2085,5.78209e-4
EJ,Reference,Pakistan,resid heating TradBio_d6,traditional biomass,1990,0.00345925
EJ,Reference,Pakistan,resid heating TradBio_d6,traditional biomass,2005,0.00492781
EJ,Reference,Pakistan,resid heating TradBio_d6,traditional biomass,2010,0.00543697
EJ,Reference,Pakistan,resid heating TradBio_d6,traditional biomass,2015,0.00596679
EJ,Reference,Pakistan,resid heating TradBio_d6,traditional biomass,2021,0.0067985
EJ,Reference,Pakistan,resid heating TradBio_d6,traditional biomass,2025,0.00667914
EJ,Reference,Pakistan,resid heating TradBio_d6,traditional biomass,2030,0.00653459
EJ,Reference,Pakistan,resid heating TradBio_d6,traditional biomass,2035,0.00625455
EJ,Reference,Pakistan,resid heating TradBio_d6,traditional biomass,2040,0.00588371
EJ,Reference,Pakistan,resid heating TradBio_d6,traditional biomass,2045,0.00545134
EJ,Reference,Pakistan,resid heating TradBio_d6,traditional biomass,2050,0.00495937
EJ,Reference,Pakistan,resid heating TradBio_d6,traditional biomass,2055,0.00441886
EJ,Reference,Pakistan,resid heating TradBio_d6,traditional biomass,2060,0.0038209
EJ,Reference,Pakistan,resid heating TradBio_d6,traditional biomass,2065,0.00316267
EJ,Reference,Pakistan,resid heating TradBio_d6,traditional biomass,2070,0.00248271
EJ,Reference,Pakistan,resid heating TradBio_d6,traditional biomass,2075,0.00176759
EJ,Reference,Pakistan,resid heating TradBio_d6,traditional biomass,2080,0.00103354
EJ,Reference,Pakistan,resid heating TradBio_d6,traditional biomass,2085,3.05304e-4
EJ,Reference,Pakistan,resid heating TradBio_d7,traditional biomass,1990,0.0031985
EJ,Reference,Pakistan,resid heating TradBio_d7,traditional biomass,2005,0.00456461
EJ,Reference,Pakistan,resid heating TradBio_d7,traditional biomass,2010,0.00505296
EJ,Reference,Pakistan,resid heating TradBio_d7,traditional biomass,2015,0.00549916
EJ,Reference,Pakistan,resid heating TradBio_d7,traditional biomass,2021,0.00629093
EJ,Reference,Pakistan,resid heating TradBio_d7,traditional biomass,2025,0.00618049
EJ,Reference,Pakistan,resid heating TradBio_d7,traditional biomass,2030,0.00604673
EJ,Reference,Pakistan,resid heating TradBio_d7,traditional biomass,2035,0.00591752
EJ,Reference,Pakistan,resid heating TradBio_d7,traditional biomass,2040,0.00573475
EJ,Reference,Pakistan,resid heating TradBio_d7,traditional biomass,2045,0.00528086
EJ,Reference,Pakistan,resid heating TradBio_d7,traditional biomass,2050,0.00476635
EJ,Reference,Pakistan,resid heating TradBio_d7,traditional biomass,2055,0.00420381
EJ,Reference,Pakistan,resid heating TradBio_d7,traditional biomass,2060,0.00358566
EJ,Reference,Pakistan,resid heating TradBio_d7,traditional biomass,2065,0.00290995
EJ,Reference,Pakistan,resid heating TradBio_d7,traditional biomass,2070,0.00221346
EJ,Reference,Pakistan,resid heating TradBio_d7,traditional biomass,2075,0.00148295
EJ,Reference,Pakistan,resid heating TradBio_d7,traditional biomass,2080,7.35384e-4
EJ,Reference,Pakistan,resid heating TradBio_d8,traditional biomass,1990,0.00288381
EJ,Reference,Pakistan,resid heating TradBio_d8,traditional biomass,2005,0.00412512
EJ,Reference,Pakistan,resid heating TradBio_d8,traditional biomass,2010,0.00460432
EJ,Reference,Pakistan,resid heating TradBio_d8,traditional biomass,2015,0.00496498
EJ,Reference,Pakistan,resid heating TradBio_d8,traditional biomass,2021,0.00569126
EJ,Reference,Pakistan,resid heating TradBio_d8,traditional biomass,2025,0.00559135
EJ,Reference,Pakistan,resid heating TradBio_d8,traditional biomass,2030,0.00547034
EJ,Reference,Pakistan,resid heating TradBio_d8,traditional biomass,2035,0.00535345
EJ,Reference,Pakistan,resid heating TradBio_d8,traditional biomass,2040,0.0052576
EJ,Reference,Pakistan,resid heating TradBio_d8,traditional biomass,2045,0.00504176
EJ,Reference,Pakistan,resid heating TradBio_d8,traditional biomass,2050,0.00449784
EJ,Reference,Pakistan,resid heating TradBio_d8,traditional biomass,2055,0.00390743
EJ,Reference,Pakistan,resid heating TradBio_d8,traditional biomass,2060,0.00326477
EJ,Reference,Pakistan,resid heating TradBio_d8,traditional biomass,2065,0.00256893
EJ,Reference,Pakistan,resid heating TradBio_d8,traditional biomass,2070,0.00185372
EJ,Reference,Pakistan,resid heating TradBio_d8,traditional biomass,2075,0.00110616
EJ,Reference,Pakistan,resid heating TradBio_d8,traditional biomass,2080,3.44132e-4
EJ,Reference,Pakistan,resid heating TradBio_d9,traditional biomass,1990,0.00244484
EJ,Reference,Pakistan,resid heating TradBio_d9,traditional biomass,2005,0.00348364
EJ,Reference,Pakistan,resid heating TradBio_d9,traditional biomass,2010,0.00398513
EJ,Reference,Pakistan,resid heating TradBio_d9,traditional biomass,2015,0.00425429
EJ,Reference,Pakistan,resid heating TradBio_d9,traditional biomass,2021,0.00483449
EJ,Reference,Pakistan,resid heating TradBio_d9,traditional biomass,2025,0.00474961
EJ,Reference,Pakistan,resid heating TradBio_d9,traditional biomass,2030,0.00464682
EJ,Reference,Pakistan,resid heating TradBio_d9,traditional biomass,2035,0.00454753
EJ,Reference,Pakistan,resid heating TradBio_d9,traditional biomass,2040,0.00446611
EJ,Reference,Pakistan,resid heating TradBio_d9,traditional biomass,2045,0.00438689
EJ,Reference,Pakistan,resid heating TradBio_d9,traditional biomass,2050,0.00398488
EJ,Reference,Pakistan,resid heating TradBio_d9,traditional biomass,2055,0.00334201
EJ,Reference,Pakistan,resid heating TradBio_d9,traditional biomass,2060,0.00265296
EJ,Reference,Pakistan,resid heating TradBio_d9,traditional biomass,2065,0.00191804
EJ,Reference,Pakistan,resid heating TradBio_d9,traditional biomass,2070,0.0011663
EJ,Reference,Pakistan,resid heating TradBio_d9,traditional biomass,2075,3.85991e-4
EJ,Reference,Pakistan,resid heating modern_d1,electricity,2025,3.90509e-5
EJ,Reference,Pakistan,resid heating modern_d1,electricity,2030,1.25418e-4
EJ,Reference,Pakistan,resid heating modern_d1,electricity,2035,2.65173e-4
EJ,Reference,Pakistan,resid heating modern_d1,electricity,2040,4.9103e-4
EJ,Reference,Pakistan,resid heating modern_d1,electricity,2045,8.21315e-4
EJ,Reference,Pakistan,resid heating modern_d1,electricity,2050,0.00129658
EJ,Reference,Pakistan,resid heating modern_d1,electricity,2055,0.00165782
EJ,Reference,Pakistan,resid heating modern_d1,electricity,2060,0.00207141
EJ,Reference,Pakistan,resid heating modern_d1,electricity,2065,0.00253318
EJ,Reference,Pakistan,resid heating modern_d1,electricity,2070,0.00300959
EJ,Reference,Pakistan,resid heating modern_d1,electricity,2075,0.00345721
EJ,Reference,Pakistan,resid heating modern_d1,electricity,2080,0.0038289
EJ,Reference,Pakistan,resid heating modern_d1,electricity,2085,0.00410817
EJ,Reference,Pakistan,resid heating modern_d1,electricity,2090,0.00432956
EJ,Reference,Pakistan,resid heating modern_d1,electricity,2095,0.00450067
EJ,Reference,Pakistan,resid heating modern_d1,electricity,2100,0.00465089
EJ,Reference,Pakistan,resid heating modern_d1,gas,1990,3.41756e-4
EJ,Reference,Pakistan,resid heating modern_d1,gas,2005,0.00137222
EJ,Reference,Pakistan,resid heating modern_d1,gas,2010,0.00202196
EJ,Reference,Pakistan,resid heating modern_d1,gas,2015,0.00235713
EJ,Reference,Pakistan,resid heating modern_d1,gas,2021,0.00336901
EJ,Reference,Pakistan,resid heating modern_d1,gas,2025,0.00401202
EJ,Reference,Pakistan,resid heating modern_d1,gas,2030,0.00496604
EJ,Reference,Pakistan,resid heating modern_d1,gas,2035,0.00611391
EJ,Reference,Pakistan,resid heating modern_d1,gas,2040,0.00763099
EJ,Reference,Pakistan,resid heating modern_d1,gas,2045,0.00959965
EJ,Reference,Pakistan,resid heating modern_d1,gas,2050,0.0118407
EJ,Reference,Pakistan,resid heating modern_d1,gas,2055,0.0146846
EJ,Reference,Pakistan,resid heating modern_d1,gas,2060,0.0175049
EJ,Reference,Pakistan,resid heating modern_d1,gas,2065,0.0201287
EJ,Reference,Pakistan,resid heating modern_d1,gas,2070,0.0223316
EJ,Reference,Pakistan,resid heating modern_d1,gas,2075,0.0241944
EJ,Reference,Pakistan,resid heating modern_d1,gas,2080,0.025556100000000002
EJ,Reference,Pakistan,resid heating modern_d1,gas,2085,0.0265427
EJ,Reference,Pakistan,resid heating modern_d1,gas,2090,0.0271252
EJ,Reference,Pakistan,resid heating modern_d1,gas,2095,0.0273543
EJ,Reference,Pakistan,resid heating modern_d1,gas,2100,0.0274913
EJ,Reference,Pakistan,resid heating modern_d1,hydrogen,2025,7.85315e-7
EJ,Reference,Pakistan,resid heating modern_d1,hydrogen,2030,1.36849e-5
EJ,Reference,Pakistan,resid heating modern_d1,hydrogen,2035,2.626e-5
EJ,Reference,Pakistan,resid heating modern_d1,hydrogen,2040,4.60839e-5
EJ,Reference,Pakistan,resid heating modern_d1,hydrogen,2045,7.84816e-5
EJ,Reference,Pakistan,resid heating modern_d1,hydrogen,2050,1.2805e-4
EJ,Reference,Pakistan,resid heating modern_d1,hydrogen,2055,1.69378e-4
EJ,Reference,Pakistan,resid heating modern_d1,hydrogen,2060,2.1431e-4
EJ,Reference,Pakistan,resid heating modern_d1,hydrogen,2065,2.6466e-4
EJ,Reference,Pakistan,resid heating modern_d1,hydrogen,2070,3.122e-4
EJ,Reference,Pakistan,resid heating modern_d1,hydrogen,2075,3.56278e-4
EJ,Reference,Pakistan,resid heating modern_d1,hydrogen,2080,3.96269e-4
EJ,Reference,Pakistan,resid heating modern_d1,hydrogen,2085,4.30045e-4
EJ,Reference,Pakistan,resid heating modern_d1,hydrogen,2090,4.56524e-4
EJ,Reference,Pakistan,resid heating modern_d1,hydrogen,2095,4.78208e-4
EJ,Reference,Pakistan,resid heating modern_d1,hydrogen,2100,5.00192e-4
EJ,Reference,Pakistan,resid heating modern_d1,refined liquids,1990,6.53336e-4
EJ,Reference,Pakistan,resid heating modern_d1,refined liquids,2005,4.35945e-4
EJ,Reference,Pakistan,resid heating modern_d1,refined liquids,2010,3.16974e-4
EJ,Reference,Pakistan,resid heating modern_d1,refined liquids,2015,4.66372e-4
EJ,Reference,Pakistan,resid heating modern_d1,refined liquids,2021,6.52778e-4
EJ,Reference,Pakistan,resid heating modern_d1,refined liquids,2025,7.18608e-4
EJ,Reference,Pakistan,resid heating modern_d1,refined liquids,2030,9.2651e-4
EJ,Reference,Pakistan,resid heating modern_d1,refined liquids,2035,0.00123492
EJ,Reference,Pakistan,resid heating modern_d1,refined liquids,2040,0.00164912
EJ,Reference,Pakistan,resid heating modern_d1,refined liquids,2045,0.00209737
EJ,Reference,Pakistan,resid heating modern_d1,refined liquids,2050,0.00261676
EJ,Reference,Pakistan,resid heating modern_d1,refined liquids,2055,0.00305767
EJ,Reference,Pakistan,resid heating modern_d1,refined liquids,2060,0.00360961
EJ,Reference,Pakistan,resid heating modern_d1,refined liquids,2065,0.00420689
EJ,Reference,Pakistan,resid heating modern_d1,refined liquids,2070,0.00476401
EJ,Reference,Pakistan,resid heating modern_d1,refined liquids,2075,0.00519527
EJ,Reference,Pakistan,resid heating modern_d1,refined liquids,2080,0.00549299
EJ,Reference,Pakistan,resid heating modern_d1,refined liquids,2085,0.00563749
EJ,Reference,Pakistan,resid heating modern_d1,refined liquids,2090,0.0056768
EJ,Reference,Pakistan,resid heating modern_d1,refined liquids,2095,0.00563182
EJ,Reference,Pakistan,resid heating modern_d1,refined liquids,2100,0.0056204
EJ,Reference,Pakistan,resid heating modern_d10,electricity,2025,2.59265e-4
EJ,Reference,Pakistan,resid heating modern_d10,electricity,2030,7.27068e-4
EJ,Reference,Pakistan,resid heating modern_d10,electricity,2035,0.00132529
EJ,Reference,Pakistan,resid heating modern_d10,electricity,2040,0.002067
EJ,Reference,Pakistan,resid heating modern_d10,electricity,2045,0.00288006
EJ,Reference,Pakistan,resid heating modern_d10,electricity,2050,0.00380924
EJ,Reference,Pakistan,resid heating modern_d10,electricity,2055,0.00413546
EJ,Reference,Pakistan,resid heating modern_d10,electricity,2060,0.0044715
EJ,Reference,Pakistan,resid heating modern_d10,electricity,2065,0.00482728
EJ,Reference,Pakistan,resid heating modern_d10,electricity,2070,0.00519924
EJ,Reference,Pakistan,resid heating modern_d10,electricity,2075,0.00550705
EJ,Reference,Pakistan,resid heating modern_d10,electricity,2080,0.0057225
EJ,Reference,Pakistan,resid heating modern_d10,electricity,2085,0.00583869
EJ,Reference,Pakistan,resid heating modern_d10,electricity,2090,0.00590595
EJ,Reference,Pakistan,resid heating modern_d10,electricity,2095,0.00592985
EJ,Reference,Pakistan,resid heating modern_d10,electricity,2100,0.00591371
EJ,Reference,Pakistan,resid heating modern_d10,gas,1990,0.00757637
EJ,Reference,Pakistan,resid heating modern_d10,gas,2005,0.0151293
EJ,Reference,Pakistan,resid heating modern_d10,gas,2010,0.0197837
EJ,Reference,Pakistan,resid heating modern_d10,gas,2015,0.022088
EJ,Reference,Pakistan,resid heating modern_d10,gas,2021,0.024984
EJ,Reference,Pakistan,resid heating modern_d10,gas,2025,0.0266365
EJ,Reference,Pakistan,resid heating modern_d10,gas,2030,0.0287888
EJ,Reference,Pakistan,resid heating modern_d10,gas,2035,0.0305563
EJ,Reference,Pakistan,resid heating modern_d10,gas,2040,0.0321228
EJ,Reference,Pakistan,resid heating modern_d10,gas,2045,0.0336625
EJ,Reference,Pakistan,resid heating modern_d10,gas,2050,0.0347871
EJ,Reference,Pakistan,resid heating modern_d10,gas,2055,0.0366309
EJ,Reference,Pakistan,resid heating modern_d10,gas,2060,0.0377873
EJ,Reference,Pakistan,resid heating modern_d10,gas,2065,0.0383577
EJ,Reference,Pakistan,resid heating modern_d10,gas,2070,0.0385792
EJ,Reference,Pakistan,resid heating modern_d10,gas,2075,0.0385397
EJ,Reference,Pakistan,resid heating modern_d10,gas,2080,0.038195
EJ,Reference,Pakistan,resid heating modern_d10,gas,2085,0.0377235
EJ,Reference,Pakistan,resid heating modern_d10,gas,2090,0.0370015
EJ,Reference,Pakistan,resid heating modern_d10,gas,2095,0.0360407
EJ,Reference,Pakistan,resid heating modern_d10,gas,2100,0.0349558
EJ,Reference,Pakistan,resid heating modern_d10,hydrogen,2025,5.21383e-6
EJ,Reference,Pakistan,resid heating modern_d10,hydrogen,2030,7.93336e-5
EJ,Reference,Pakistan,resid heating modern_d10,hydrogen,2035,1.31243e-4
EJ,Reference,Pakistan,resid heating modern_d10,hydrogen,2040,1.93991e-4
EJ,Reference,Pakistan,resid heating modern_d10,hydrogen,2045,2.75207e-4
EJ,Reference,Pakistan,resid heating modern_d10,hydrogen,2050,3.76202e-4
EJ,Reference,Pakistan,resid heating modern_d10,hydrogen,2055,4.22516e-4
EJ,Reference,Pakistan,resid heating modern_d10,hydrogen,2060,4.62625e-4
EJ,Reference,Pakistan,resid heating modern_d10,hydrogen,2065,5.04341e-4
EJ,Reference,Pakistan,resid heating modern_d10,hydrogen,2070,5.39343e-4
EJ,Reference,Pakistan,resid heating modern_d10,hydrogen,2075,5.67523e-4
EJ,Reference,Pakistan,resid heating modern_d10,hydrogen,2080,5.92246e-4
EJ,Reference,Pakistan,resid heating modern_d10,hydrogen,2085,6.11197e-4
EJ,Reference,Pakistan,resid heating modern_d10,hydrogen,2090,6.22744e-4
EJ,Reference,Pakistan,resid heating modern_d10,hydrogen,2095,6.30063e-4
EJ,Reference,Pakistan,resid heating modern_d10,hydrogen,2100,6.36005e-4
EJ,Reference,Pakistan,resid heating modern_d10,refined liquids,1990,0.0144838
EJ,Reference,Pakistan,resid heating modern_d10,refined liquids,2005,0.00480649
EJ,Reference,Pakistan,resid heating modern_d10,refined liquids,2010,0.00310141
EJ,Reference,Pakistan,resid heating modern_d10,refined liquids,2015,0.00437024
EJ,Reference,Pakistan,resid heating modern_d10,refined liquids,2021,0.0048409
EJ,Reference,Pakistan,resid heating modern_d10,refined liquids,2025,0.00477095
EJ,Reference,Pakistan,resid heating modern_d10,refined liquids,2030,0.00537111
EJ,Reference,Pakistan,resid heating modern_d10,refined liquids,2035,0.00617191
EJ,Reference,Pakistan,resid heating modern_d10,refined liquids,2040,0.0069419700000000004
EJ,Reference,Pakistan,resid heating modern_d10,refined liquids,2045,0.00735474
EJ,Reference,Pakistan,resid heating modern_d10,refined liquids,2050,0.00768782
EJ,Reference,Pakistan,resid heating modern_d10,refined liquids,2055,0.00762742
EJ,Reference,Pakistan,resid heating modern_d10,refined liquids,2060,0.00779195
EJ,Reference,Pakistan,resid heating modern_d10,refined liquids,2065,0.00801673
EJ,Reference,Pakistan,resid heating modern_d10,refined liquids,2070,0.0082301
EJ,Reference,Pakistan,resid heating modern_d10,refined liquids,2075,0.00827564
EJ,Reference,Pakistan,resid heating modern_d10,refined liquids,2080,0.00820958
EJ,Reference,Pakistan,resid heating modern_d10,refined liquids,2085,0.00801223
EJ,Reference,Pakistan,resid heating modern_d10,refined liquids,2090,0.00774372
EJ,Reference,Pakistan,resid heating modern_d10,refined liquids,2095,0.00742021
EJ,Reference,Pakistan,resid heating modern_d10,refined liquids,2100,0.00714646
EJ,Reference,Pakistan,resid heating modern_d2,electricity,2025,6.13163e-5
EJ,Reference,Pakistan,resid heating modern_d2,electricity,2030,1.93389e-4
EJ,Reference,Pakistan,resid heating modern_d2,electricity,2035,3.99764e-4
EJ,Reference,Pakistan,resid heating modern_d2,electricity,2040,7.19538e-4
EJ,Reference,Pakistan,resid heating modern_d2,electricity,2045,0.00116339
EJ,Reference,Pakistan,resid heating modern_d2,electricity,2050,0.00176957
EJ,Reference,Pakistan,resid heating modern_d2,electricity,2055,0.0021759
EJ,Reference,Pakistan,resid heating modern_d2,electricity,2060,0.00261452
EJ,Reference,Pakistan,resid heating modern_d2,electricity,2065,0.00307893
EJ,Reference,Pakistan,resid heating modern_d2,electricity,2070,0.00354344
EJ,Reference,Pakistan,resid heating modern_d2,electricity,2075,0.00395811
EJ,Reference,Pakistan,resid heating modern_d2,electricity,2080,0.00428305
EJ,Reference,Pakistan,resid heating modern_d2,electricity,2085,0.00451294
EJ,Reference,Pakistan,resid heating modern_d2,electricity,2090,0.0046902
EJ,Reference,Pakistan,resid heating modern_d2,electricity,2095,0.00482373
EJ,Reference,Pakistan,resid heating modern_d2,electricity,2100,0.00494109
EJ,Reference,Pakistan,resid heating modern_d2,gas,1990,6.69035e-4
EJ,Reference,Pakistan,resid heating modern_d2,gas,2005,0.00245507
EJ,Reference,Pakistan,resid heating modern_d2,gas,2010,0.00351622
EJ,Reference,Pakistan,resid heating modern_d2,gas,2015,0.00414846
EJ,Reference,Pakistan,resid heating modern_d2,gas,2021,0.00550554
EJ,Reference,Pakistan,resid heating modern_d2,gas,2025,0.00629952
EJ,Reference,Pakistan,resid heating modern_d2,gas,2030,0.00765738
EJ,Reference,Pakistan,resid heating modern_d2,gas,2035,0.00921706
EJ,Reference,Pakistan,resid heating modern_d2,gas,2040,0.0111822
EJ,Reference,Pakistan,resid heating modern_d2,gas,2045,0.0135979
EJ,Reference,Pakistan,resid heating modern_d2,gas,2050,0.0161603
EJ,Reference,Pakistan,resid heating modern_d2,gas,2055,0.0192736
EJ,Reference,Pakistan,resid heating modern_d2,gas,2060,0.0220946
EJ,Reference,Pakistan,resid heating modern_d2,gas,2065,0.0244653
EJ,Reference,Pakistan,resid heating modern_d2,gas,2070,0.0262929
EJ,Reference,Pakistan,resid heating modern_d2,gas,2075,0.0276999
EJ,Reference,Pakistan,resid heating modern_d2,gas,2080,0.0285874
EJ,Reference,Pakistan,resid heating modern_d2,gas,2085,0.0291579
EJ,Reference,Pakistan,resid heating modern_d2,gas,2090,0.0293846
EJ,Reference,Pakistan,resid heating modern_d2,gas,2095,0.0293179
EJ,Reference,Pakistan,resid heating modern_d2,gas,2100,0.0292067
EJ,Reference,Pakistan,resid heating modern_d2,hydrogen,2025,1.23307e-6
EJ,Reference,Pakistan,resid heating modern_d2,hydrogen,2030,2.11015e-5
EJ,Reference,Pakistan,resid heating modern_d2,hydrogen,2035,3.95884e-5
EJ,Reference,Pakistan,resid heating modern_d2,hydrogen,2040,6.75297e-5
EJ,Reference,Pakistan,resid heating modern_d2,hydrogen,2045,1.11169e-4
EJ,Reference,Pakistan,resid heating modern_d2,hydrogen,2050,1.74763e-4
EJ,Reference,Pakistan,resid heating modern_d2,hydrogen,2055,2.2231e-4
EJ,Reference,Pakistan,resid heating modern_d2,hydrogen,2060,2.70501e-4
EJ,Reference,Pakistan,resid heating modern_d2,hydrogen,2065,3.21678e-4
EJ,Reference,Pakistan,resid heating modern_d2,hydrogen,2070,3.67579e-4
EJ,Reference,Pakistan,resid heating modern_d2,hydrogen,2075,4.07899e-4
EJ,Reference,Pakistan,resid heating modern_d2,hydrogen,2080,4.43271e-4
EJ,Reference,Pakistan,resid heating modern_d2,hydrogen,2085,4.72417e-4
EJ,Reference,Pakistan,resid heating modern_d2,hydrogen,2090,4.94551e-4
EJ,Reference,Pakistan,resid heating modern_d2,hydrogen,2095,5.12534e-4
EJ,Reference,Pakistan,resid heating modern_d2,hydrogen,2100,5.31402e-4
EJ,Reference,Pakistan,resid heating modern_d2,refined liquids,1990,0.001279
EJ,Reference,Pakistan,resid heating modern_d2,refined liquids,2005,7.79959e-4
EJ,Reference,Pakistan,resid heating modern_d2,refined liquids,2010,5.51224e-4
EJ,Reference,Pakistan,resid heating modern_d2,refined liquids,2015,8.20796e-4
EJ,Reference,Pakistan,resid heating modern_d2,refined liquids,2021,0.00106675
EJ,Reference,Pakistan,resid heating modern_d2,refined liquids,2025,0.00112833
EJ,Reference,Pakistan,resid heating modern_d2,refined liquids,2030,0.00142863
EJ,Reference,Pakistan,resid heating modern_d2,refined liquids,2035,0.00186171
EJ,Reference,Pakistan,resid heating modern_d2,refined liquids,2040,0.00241656
EJ,Reference,Pakistan,resid heating modern_d2,refined liquids,2045,0.00297093
EJ,Reference,Pakistan,resid heating modern_d2,refined liquids,2050,0.00357135
EJ,Reference,Pakistan,resid heating modern_d2,refined liquids,2055,0.00401322
EJ,Reference,Pakistan,resid heating modern_d2,refined liquids,2060,0.00455602
EJ,Reference,Pakistan,resid heating modern_d2,refined liquids,2065,0.00511322
EJ,Reference,Pakistan,resid heating modern_d2,refined liquids,2070,0.00560906
EJ,Reference,Pakistan,resid heating modern_d2,refined liquids,2075,0.005948
EJ,Reference,Pakistan,resid heating modern_d2,refined liquids,2080,0.00614452
EJ,Reference,Pakistan,resid heating modern_d2,refined liquids,2085,0.00619295
EJ,Reference,Pakistan,resid heating modern_d2,refined liquids,2090,0.00614966
EJ,Reference,Pakistan,resid heating modern_d2,refined liquids,2095,0.00603608
EJ,Reference,Pakistan,resid heating modern_d2,refined liquids,2100,0.00597109
EJ,Reference,Pakistan,resid heating modern_d3,electricity,2025,7.32018e-5
EJ,Reference,Pakistan,resid heating modern_d3,electricity,2030,2.28915e-4
EJ,Reference,Pakistan,resid heating modern_d3,electricity,2035,4.68136e-4
EJ,Reference,Pakistan,resid heating modern_d3,electricity,2040,8.31217e-4
EJ,Reference,Pakistan,resid heating modern_d3,electricity,2045,0.00132263
EJ,Reference,Pakistan,resid heating modern_d3,electricity,2050,0.00197795
EJ,Reference,Pakistan,resid heating modern_d3,electricity,2055,0.00239103
EJ,Reference,Pakistan,resid heating modern_d3,electricity,2060,0.00282718
EJ,Reference,Pakistan,resid heating modern_d3,electricity,2065,0.00328155
EJ,Reference,Pakistan,resid heating modern_d3,electricity,2070,0.00373283
EJ,Reference,Pakistan,resid heating modern_d3,electricity,2075,0.00412997
EJ,Reference,Pakistan,resid heating modern_d3,electricity,2080,0.00443738
EJ,Reference,Pakistan,resid heating modern_d3,electricity,2085,0.00465128
EJ,Reference,Pakistan,resid heating modern_d3,electricity,2090,0.00481515
EJ,Reference,Pakistan,resid heating modern_d3,electricity,2095,0.0049371
EJ,Reference,Pakistan,resid heating modern_d3,electricity,2100,0.00504306
EJ,Reference,Pakistan,resid heating modern_d3,gas,1990,9.09083e-4
EJ,Reference,Pakistan,resid heating modern_d3,gas,2005,0.00312146
EJ,Reference,Pakistan,resid heating modern_d3,gas,2010,0.00444266
EJ,Reference,Pakistan,resid heating modern_d3,gas,2015,0.00526956
EJ,Reference,Pakistan,resid heating modern_d3,gas,2021,0.0067187
EJ,Reference,Pakistan,resid heating modern_d3,gas,2025,0.00752062
EJ,Reference,Pakistan,resid heating modern_d3,gas,2030,0.00906407
EJ,Reference,Pakistan,resid heating modern_d3,gas,2035,0.0107935
EJ,Reference,Pakistan,resid heating modern_d3,gas,2040,0.0129178
EJ,Reference,Pakistan,resid heating modern_d3,gas,2045,0.0154591
EJ,Reference,Pakistan,resid heating modern_d3,gas,2050,0.0180632
EJ,Reference,Pakistan,resid heating modern_d3,gas,2055,0.0211791
EJ,Reference,Pakistan,resid heating modern_d3,gas,2060,0.0238917
EJ,Reference,Pakistan,resid heating modern_d3,gas,2065,0.0260753
EJ,Reference,Pakistan,resid heating modern_d3,gas,2070,0.0276982
EJ,Reference,Pakistan,resid heating modern_d3,gas,2075,0.0289026
EJ,Reference,Pakistan,resid heating modern_d3,gas,2080,0.0296174
EJ,Reference,Pakistan,resid heating modern_d3,gas,2085,0.0300517
EJ,Reference,Pakistan,resid heating modern_d3,gas,2090,0.0301675
EJ,Reference,Pakistan,resid heating modern_d3,gas,2095,0.0300069
EJ,Reference,Pakistan,resid heating modern_d3,gas,2100,0.0298094
EJ,Reference,Pakistan,resid heating modern_d3,hydrogen,2025,1.47209e-6
EJ,Reference,Pakistan,resid heating modern_d3,hydrogen,2030,2.49779e-5
EJ,Reference,Pakistan,resid heating modern_d3,hydrogen,2035,4.63593e-5
EJ,Reference,Pakistan,resid heating modern_d3,hydrogen,2040,7.80109e-5
EJ,Reference,Pakistan,resid heating modern_d3,hydrogen,2045,1.26385e-4
EJ,Reference,Pakistan,resid heating modern_d3,hydrogen,2050,1.95343e-4
EJ,Reference,Pakistan,resid heating modern_d3,hydrogen,2055,2.44289e-4
EJ,Reference,Pakistan,resid heating modern_d3,hydrogen,2060,2.92503e-4
EJ,Reference,Pakistan,resid heating modern_d3,hydrogen,2065,3.42848e-4
EJ,Reference,Pakistan,resid heating modern_d3,hydrogen,2070,3.87225e-4
EJ,Reference,Pakistan,resid heating modern_d3,hydrogen,2075,4.25609e-4
EJ,Reference,Pakistan,resid heating modern_d3,hydrogen,2080,4.59243e-4
EJ,Reference,Pakistan,resid heating modern_d3,hydrogen,2085,4.86898e-4
EJ,Reference,Pakistan,resid heating modern_d3,hydrogen,2090,5.07727e-4
EJ,Reference,Pakistan,resid heating modern_d3,hydrogen,2095,5.2458e-4
EJ,Reference,Pakistan,resid heating modern_d3,hydrogen,2100,5.42368e-4
EJ,Reference,Pakistan,resid heating modern_d3,refined liquids,1990,0.0017379
EJ,Reference,Pakistan,resid heating modern_d3,refined liquids,2005,9.91668e-4
EJ,Reference,Pakistan,resid heating modern_d3,refined liquids,2010,6.96458e-4
EJ,Reference,Pakistan,resid heating modern_d3,refined liquids,2015,0.00104261
EJ,Reference,Pakistan,resid heating modern_d3,refined liquids,2021,0.00130181
EJ,Reference,Pakistan,resid heating modern_d3,refined liquids,2025,0.00134705
EJ,Reference,Pakistan,resid heating modern_d3,refined liquids,2030,0.00169108
EJ,Reference,Pakistan,resid heating modern_d3,refined liquids,2035,0.00218012
EJ,Reference,Pakistan,resid heating modern_d3,refined liquids,2040,0.00279163
EJ,Reference,Pakistan,resid heating modern_d3,refined liquids,2045,0.00337756
EJ,Reference,Pakistan,resid heating modern_d3,refined liquids,2050,0.0039919
EJ,Reference,Pakistan,resid heating modern_d3,refined liquids,2055,0.00441
EJ,Reference,Pakistan,resid heating modern_d3,refined liquids,2060,0.0049266
EJ,Reference,Pakistan,resid heating modern_d3,refined liquids,2065,0.00544972
EJ,Reference,Pakistan,resid heating modern_d3,refined liquids,2070,0.00590886
EJ,Reference,Pakistan,resid heating modern_d3,refined liquids,2075,0.00620625
EJ,Reference,Pakistan,resid heating modern_d3,refined liquids,2080,0.00636592
EJ,Reference,Pakistan,resid heating modern_d3,refined liquids,2085,0.00638279
EJ,Reference,Pakistan,resid heating modern_d3,refined liquids,2090,0.0063135
EJ,Reference,Pakistan,resid heating modern_d3,refined liquids,2095,0.00617794
EJ,Reference,Pakistan,resid heating modern_d3,refined liquids,2100,0.00609431
EJ,Reference,Pakistan,resid heating modern_d4,electricity,2025,8.29214e-5
EJ,Reference,Pakistan,resid heating modern_d4,electricity,2030,2.57581e-4
EJ,Reference,Pakistan,resid heating modern_d4,electricity,2035,5.2235e-4
EJ,Reference,Pakistan,resid heating modern_d4,electricity,2040,9.17672e-4
EJ,Reference,Pakistan,resid heating modern_d4,electricity,2045,0.00144231
EJ,Reference,Pakistan,resid heating modern_d4,electricity,2050,0.0021296
EJ,Reference,Pakistan,resid heating modern_d4,electricity,2055,0.00254254
EJ,Reference,Pakistan,resid heating modern_d4,electricity,2060,0.00297251
EJ,Reference,Pakistan,resid heating modern_d4,electricity,2065,0.00341672
EJ,Reference,Pakistan,resid heating modern_d4,electricity,2070,0.00385587
EJ,Reference,Pakistan,resid heating modern_d4,electricity,2075,0.0042407
EJ,Reference,Pakistan,resid heating modern_d4,electricity,2080,0.00453683
EJ,Reference,Pakistan,resid heating modern_d4,electricity,2085,0.00474079
EJ,Reference,Pakistan,resid heating modern_d4,electricity,2090,0.00489627
EJ,Reference,Pakistan,resid heating modern_d4,electricity,2095,0.00501071
EJ,Reference,Pakistan,resid heating modern_d4,electricity,2100,0.00510865
EJ,Reference,Pakistan,resid heating modern_d4,gas,1990,0.00114696
EJ,Reference,Pakistan,resid heating modern_d4,gas,2005,0.00370842
EJ,Reference,Pakistan,resid heating modern_d4,gas,2010,0.00526168
EJ,Reference,Pakistan,resid heating modern_d4,gas,2015,0.00626234
EJ,Reference,Pakistan,resid heating modern_d4,gas,2021,0.00774252
EJ,Reference,Pakistan,resid heating modern_d4,gas,2025,0.0085192
EJ,Reference,Pakistan,resid heating modern_d4,gas,2030,0.0101991
EJ,Reference,Pakistan,resid heating modern_d4,gas,2035,0.0120435
EJ,Reference,Pakistan,resid heating modern_d4,gas,2040,0.0142613
EJ,Reference,Pakistan,resid heating modern_d4,gas,2045,0.016858
EJ,Reference,Pakistan,resid heating modern_d4,gas,2050,0.0194481
EJ,Reference,Pakistan,resid heating modern_d4,gas,2055,0.0225212
EJ,Reference,Pakistan,resid heating modern_d4,gas,2060,0.0251198
EJ,Reference,Pakistan,resid heating modern_d4,gas,2065,0.0271493
EJ,Reference,Pakistan,resid heating modern_d4,gas,2070,0.0286112
EJ,Reference,Pakistan,resid heating modern_d4,gas,2075,0.0296775
EJ,Reference,Pakistan,resid heating modern_d4,gas,2080,0.0302812
EJ,Reference,Pakistan,resid heating modern_d4,gas,2085,0.03063
EJ,Reference,Pakistan,resid heating modern_d4,gas,2090,0.0306758
EJ,Reference,Pakistan,resid heating modern_d4,gas,2095,0.0304543
EJ,Reference,Pakistan,resid heating modern_d4,gas,2100,0.0301971
EJ,Reference,Pakistan,resid heating modern_d4,hydrogen,2025,1.66755e-6
EJ,Reference,Pakistan,resid heating modern_d4,hydrogen,2030,2.81058e-5
EJ,Reference,Pakistan,resid heating modern_d4,hydrogen,2035,5.17281e-5
EJ,Reference,Pakistan,resid heating modern_d4,hydrogen,2040,8.61248e-5
EJ,Reference,Pakistan,resid heating modern_d4,hydrogen,2045,1.37822e-4
EJ,Reference,Pakistan,resid heating modern_d4,hydrogen,2050,2.1032e-4
EJ,Reference,Pakistan,resid heating modern_d4,hydrogen,2055,2.59769e-4
EJ,Reference,Pakistan,resid heating modern_d4,hydrogen,2060,3.07539e-4
EJ,Reference,Pakistan,resid heating modern_d4,hydrogen,2065,3.56969e-4
EJ,Reference,Pakistan,resid heating modern_d4,hydrogen,2070,3.99989e-4
EJ,Reference,Pakistan,resid heating modern_d4,hydrogen,2075,4.3702e-4
EJ,Reference,Pakistan,resid heating modern_d4,hydrogen,2080,4.69536e-4
EJ,Reference,Pakistan,resid heating modern_d4,hydrogen,2085,4.96268e-4
EJ,Reference,Pakistan,resid heating modern_d4,hydrogen,2090,5.16281e-4
EJ,Reference,Pakistan,resid heating modern_d4,hydrogen,2095,5.32402e-4
EJ,Reference,Pakistan,resid heating modern_d4,hydrogen,2100,5.49423e-4
EJ,Reference,Pakistan,resid heating modern_d4,refined liquids,1990,0.00219266
EJ,Reference,Pakistan,resid heating modern_d4,refined liquids,2005,0.00117814
EJ,Reference,Pakistan,resid heating modern_d4,refined liquids,2010,8.24852e-4
EJ,Reference,Pakistan,resid heating modern_d4,refined liquids,2015,0.00123904
EJ,Reference,Pakistan,resid heating modern_d4,refined liquids,2021,0.00150019
EJ,Reference,Pakistan,resid heating modern_d4,refined liquids,2025,0.0015259
EJ,Reference,Pakistan,resid heating modern_d4,refined liquids,2030,0.00190284
EJ,Reference,Pakistan,resid heating modern_d4,refined liquids,2035,0.00243259
EJ,Reference,Pakistan,resid heating modern_d4,refined liquids,2040,0.00308199
EJ,Reference,Pakistan,resid heating modern_d4,refined liquids,2045,0.0036832
EJ,Reference,Pakistan,resid heating modern_d4,refined liquids,2050,0.00429797
EJ,Reference,Pakistan,resid heating modern_d4,refined liquids,2055,0.00468944
EJ,Reference,Pakistan,resid heating modern_d4,refined liquids,2060,0.00517984
EJ,Reference,Pakistan,resid heating modern_d4,refined liquids,2065,0.00567419
EJ,Reference,Pakistan,resid heating modern_d4,refined liquids,2070,0.00610362
EJ,Reference,Pakistan,resid heating modern_d4,refined liquids,2075,0.00637265
EJ,Reference,Pakistan,resid heating modern_d4,refined liquids,2080,0.0065086
EJ,Reference,Pakistan,resid heating modern_d4,refined liquids,2085,0.00650561
EJ,Reference,Pakistan,resid heating modern_d4,refined liquids,2090,0.00641987
EJ,Reference,Pakistan,resid heating modern_d4,refined liquids,2095,0.00627006
EJ,Reference,Pakistan,resid heating modern_d4,refined liquids,2100,0.00617358
EJ,Reference,Pakistan,resid heating modern_d5,electricity,2025,9.20372e-5
EJ,Reference,Pakistan,resid heating modern_d5,electricity,2030,2.84156e-4
EJ,Reference,Pakistan,resid heating modern_d5,electricity,2035,5.71881e-4
EJ,Reference,Pakistan,resid heating modern_d5,electricity,2040,9.95104e-4
EJ,Reference,Pakistan,resid heating modern_d5,electricity,2045,0.00154696
EJ,Reference,Pakistan,resid heating modern_d5,electricity,2050,0.00225886
EJ,Reference,Pakistan,resid heating modern_d5,electricity,2055,0.00266848
EJ,Reference,Pakistan,resid heating modern_d5,electricity,2060,0.0030907
EJ,Reference,Pakistan,resid heating modern_d5,electricity,2065,0.00352485
EJ,Reference,Pakistan,resid heating modern_d5,electricity,2070,0.00395357
EJ,Reference,Pakistan,resid heating modern_d5,electricity,2075,0.00432705
EJ,Reference,Pakistan,resid heating modern_d5,electricity,2080,0.00461438
EJ,Reference,Pakistan,resid heating modern_d5,electricity,2085,0.00481062
EJ,Reference,Pakistan,resid heating modern_d5,electricity,2090,0.00495952
EJ,Reference,Pakistan,resid heating modern_d5,electricity,2095,0.0050679
EJ,Reference,Pakistan,resid heating modern_d5,electricity,2100,0.00515898
EJ,Reference,Pakistan,resid heating modern_d5,gas,1990,0.00140537
EJ,Reference,Pakistan,resid heating modern_d5,gas,2005,0.00431837
EJ,Reference,Pakistan,resid heating modern_d5,gas,2010,0.00607408
EJ,Reference,Pakistan,resid heating modern_d5,gas,2015,0.0072457
EJ,Reference,Pakistan,resid heating modern_d5,gas,2021,0.0087237
EJ,Reference,Pakistan,resid heating modern_d5,gas,2025,0.00945573
EJ,Reference,Pakistan,resid heating modern_d5,gas,2030,0.0112514
EJ,Reference,Pakistan,resid heating modern_d5,gas,2035,0.0131854
EJ,Reference,Pakistan,resid heating modern_d5,gas,2040,0.0154647
EJ,Reference,Pakistan,resid heating modern_d5,gas,2045,0.0180812
EJ,Reference,Pakistan,resid heating modern_d5,gas,2050,0.0206286
EJ,Reference,Pakistan,resid heating modern_d5,gas,2055,0.0236367
EJ,Reference,Pakistan,resid heating modern_d5,gas,2060,0.0261186
EJ,Reference,Pakistan,resid heating modern_d5,gas,2065,0.0280086
EJ,Reference,Pakistan,resid heating modern_d5,gas,2070,0.0293362
EJ,Reference,Pakistan,resid heating modern_d5,gas,2075,0.0302818
EJ,Reference,Pakistan,resid heating modern_d5,gas,2080,0.0307988
EJ,Reference,Pakistan,resid heating modern_d5,gas,2085,0.0310813
EJ,Reference,Pakistan,resid heating modern_d5,gas,2090,0.031072
EJ,Reference,Pakistan,resid heating modern_d5,gas,2095,0.0308019
EJ,Reference,Pakistan,resid heating modern_d5,gas,2100,0.0304946
EJ,Reference,Pakistan,resid heating modern_d5,hydrogen,2025,1.85087e-6
EJ,Reference,Pakistan,resid heating modern_d5,hydrogen,2030,3.10056e-5
EJ,Reference,Pakistan,resid heating modern_d5,hydrogen,2035,5.66331e-5
EJ,Reference,Pakistan,resid heating modern_d5,hydrogen,2040,9.3392e-5
EJ,Reference,Pakistan,resid heating modern_d5,hydrogen,2045,1.47822e-4
EJ,Reference,Pakistan,resid heating modern_d5,hydrogen,2050,2.23086e-4
EJ,Reference,Pakistan,resid heating modern_d5,hydrogen,2055,2.72636e-4
EJ,Reference,Pakistan,resid heating modern_d5,hydrogen,2060,3.19767e-4
EJ,Reference,Pakistan,resid heating modern_d5,hydrogen,2065,3.68267e-4
EJ,Reference,Pakistan,resid heating modern_d5,hydrogen,2070,4.10124e-4
EJ,Reference,Pakistan,resid heating modern_d5,hydrogen,2075,4.45919e-4
EJ,Reference,Pakistan,resid heating modern_d5,hydrogen,2080,4.77562e-4
EJ,Reference,Pakistan,resid heating modern_d5,hydrogen,2085,5.03578e-4
EJ,Reference,Pakistan,resid heating modern_d5,hydrogen,2090,5.2295e-4
EJ,Reference,Pakistan,resid heating modern_d5,hydrogen,2095,5.38478e-4
EJ,Reference,Pakistan,resid heating modern_d5,hydrogen,2100,5.54835e-4
EJ,Reference,Pakistan,resid heating modern_d5,refined liquids,1990,0.00268665
EJ,Reference,Pakistan,resid heating modern_d5,refined liquids,2005,0.00137192
EJ,Reference,Pakistan,resid heating modern_d5,refined liquids,2010,9.52208e-4
EJ,Reference,Pakistan,resid heating modern_d5,refined liquids,2015,0.0014336
EJ,Reference,Pakistan,resid heating modern_d5,refined liquids,2021,0.0016903
EJ,Reference,Pakistan,resid heating modern_d5,refined liquids,2025,0.00169365
EJ,Reference,Pakistan,resid heating modern_d5,refined liquids,2030,0.00209917
EJ,Reference,Pakistan,resid heating modern_d5,refined liquids,2035,0.00266326
EJ,Reference,Pakistan,resid heating modern_d5,refined liquids,2040,0.00334204
EJ,Reference,Pakistan,resid heating modern_d5,refined liquids,2045,0.00395045
EJ,Reference,Pakistan,resid heating modern_d5,refined liquids,2050,0.00455885
EJ,Reference,Pakistan,resid heating modern_d5,refined liquids,2055,0.00492173
EJ,Reference,Pakistan,resid heating modern_d5,refined liquids,2060,0.0053858
EJ,Reference,Pakistan,resid heating modern_d5,refined liquids,2065,0.00585377
EJ,Reference,Pakistan,resid heating modern_d5,refined liquids,2070,0.00625828
EJ,Reference,Pakistan,resid heating modern_d5,refined liquids,2075,0.00650241
EJ,Reference,Pakistan,resid heating modern_d5,refined liquids,2080,0.00661985
EJ,Reference,Pakistan,resid heating modern_d5,refined liquids,2085,0.00660145
EJ,Reference,Pakistan,resid heating modern_d5,refined liquids,2090,0.00650279
EJ,Reference,Pakistan,resid heating modern_d5,refined liquids,2095,0.00634162
EJ,Reference,Pakistan,resid heating modern_d5,refined liquids,2100,0.00623439
EJ,Reference,Pakistan,resid heating modern_d6,electricity,2025,1.01873e-4
EJ,Reference,Pakistan,resid heating modern_d6,electricity,2030,3.12494e-4
EJ,Reference,Pakistan,resid heating modern_d6,electricity,2035,6.23985e-4
EJ,Reference,Pakistan,resid heating modern_d6,electricity,2040,0.00107513
EJ,Reference,Pakistan,resid heating modern_d6,electricity,2045,0.00165295
EJ,Reference,Pakistan,resid heating modern_d6,electricity,2050,0.00238709
EJ,Reference,Pakistan,resid heating modern_d6,electricity,2055,0.00279105
EJ,Reference,Pakistan,resid heating modern_d6,electricity,2060,0.003204
EJ,Reference,Pakistan,resid heating modern_d6,electricity,2065,0.00362755
EJ,Reference,Pakistan,resid heating modern_d6,electricity,2070,0.00404749
EJ,Reference,Pakistan,resid heating modern_d6,electricity,2075,0.00440789
EJ,Reference,Pakistan,resid heating modern_d6,electricity,2080,0.00468709
EJ,Reference,Pakistan,resid heating modern_d6,electricity,2085,0.00487616
EJ,Reference,Pakistan,resid heating modern_d6,electricity,2090,0.0050188
EJ,Reference,Pakistan,resid heating modern_d6,electricity,2095,0.0051213
EJ,Reference,Pakistan,resid heating modern_d6,electricity,2100,0.00520542
EJ,Reference,Pakistan,resid heating modern_d6,gas,1990,0.00171218
EJ,Reference,Pakistan,resid heating modern_d6,gas,2005,0.00496326
EJ,Reference,Pakistan,resid heating modern_d6,gas,2010,0.0069673
EJ,Reference,Pakistan,resid heating modern_d6,gas,2015,0.00831874
EJ,Reference,Pakistan,resid heating modern_d6,gas,2021,0.00978465
EJ,Reference,Pakistan,resid heating modern_d6,gas,2025,0.0104663
EJ,Reference,Pakistan,resid heating modern_d6,gas,2030,0.0123735
EJ,Reference,Pakistan,resid heating modern_d6,gas,2035,0.0143868
EJ,Reference,Pakistan,resid heating modern_d6,gas,2040,0.0167084
EJ,Reference,Pakistan,resid heating modern_d6,gas,2045,0.0193199
EJ,Reference,Pakistan,resid heating modern_d6,gas,2050,0.0217996
EJ,Reference,Pakistan,resid heating modern_d6,gas,2055,0.0247225
EJ,Reference,Pakistan,resid heating modern_d6,gas,2060,0.0270761
EJ,Reference,Pakistan,resid heating modern_d6,gas,2065,0.0288246
EJ,Reference,Pakistan,resid heating modern_d6,gas,2070,0.0300331
EJ,Reference,Pakistan,resid heating modern_d6,gas,2075,0.0308475
EJ,Reference,Pakistan,resid heating modern_d6,gas,2080,0.0312841
EJ,Reference,Pakistan,resid heating modern_d6,gas,2085,0.0315047
EJ,Reference,Pakistan,resid heating modern_d6,gas,2090,0.0314434
EJ,Reference,Pakistan,resid heating modern_d6,gas,2095,0.0311265
EJ,Reference,Pakistan,resid heating modern_d6,gas,2100,0.0307691
EJ,Reference,Pakistan,resid heating modern_d6,hydrogen,2025,2.04868e-6
EJ,Reference,Pakistan,resid heating modern_d6,hydrogen,2030,3.40976e-5
EJ,Reference,Pakistan,resid heating modern_d6,hydrogen,2035,6.1793e-5
EJ,Reference,Pakistan,resid heating modern_d6,hydrogen,2040,1.00903e-4
EJ,Reference,Pakistan,resid heating modern_d6,hydrogen,2045,1.57949e-4
EJ,Reference,Pakistan,resid heating modern_d6,hydrogen,2050,2.3575e-4
EJ,Reference,Pakistan,resid heating modern_d6,hydrogen,2055,2.85159e-4
EJ,Reference,Pakistan,resid heating modern_d6,hydrogen,2060,3.31489e-4
EJ,Reference,Pakistan,resid heating modern_d6,hydrogen,2065,3.78997e-4
EJ,Reference,Pakistan,resid heating modern_d6,hydrogen,2070,4.19867e-4
EJ,Reference,Pakistan,resid heating modern_d6,hydrogen,2075,4.54251e-4
EJ,Reference,Pakistan,resid heating modern_d6,hydrogen,2080,4.85087e-4
EJ,Reference,Pakistan,resid heating modern_d6,hydrogen,2085,5.10439e-4
EJ,Reference,Pakistan,resid heating modern_d6,hydrogen,2090,5.292e-4
EJ,Reference,Pakistan,resid heating modern_d6,hydrogen,2095,5.44152e-4
EJ,Reference,Pakistan,resid heating modern_d6,hydrogen,2100,5.59829e-4
EJ,Reference,Pakistan,resid heating modern_d6,refined liquids,1990,0.00327319
EJ,Reference,Pakistan,resid heating modern_d6,refined liquids,2005,0.0015768
EJ,Reference,Pakistan,resid heating modern_d6,refined liquids,2010,0.00109223
EJ,Reference,Pakistan,resid heating modern_d6,refined liquids,2015,0.00164591
EJ,Reference,Pakistan,resid heating modern_d6,refined liquids,2021,0.00189587
EJ,Reference,Pakistan,resid heating modern_d6,refined liquids,2025,0.00187466
EJ,Reference,Pakistan,resid heating modern_d6,refined liquids,2030,0.00230851
EJ,Reference,Pakistan,resid heating modern_d6,refined liquids,2035,0.00290591
EJ,Reference,Pakistan,resid heating modern_d6,refined liquids,2040,0.00361081
EJ,Reference,Pakistan,resid heating modern_d6,refined liquids,2045,0.00422109
EJ,Reference,Pakistan,resid heating modern_d6,refined liquids,2050,0.00481764
EJ,Reference,Pakistan,resid heating modern_d6,refined liquids,2055,0.0051478
EJ,Reference,Pakistan,resid heating modern_d6,refined liquids,2060,0.00558324
EJ,Reference,Pakistan,resid heating modern_d6,refined liquids,2065,0.00602432
EJ,Reference,Pakistan,resid heating modern_d6,refined liquids,2070,0.00640695
EJ,Reference,Pakistan,resid heating modern_d6,refined liquids,2075,0.0066239
EJ,Reference,Pakistan,resid heating modern_d6,refined liquids,2080,0.00672416
EJ,Reference,Pakistan,resid heating modern_d6,refined liquids,2085,0.00669139
EJ,Reference,Pakistan,resid heating modern_d6,refined liquids,2090,0.00658051
EJ,Reference,Pakistan,resid heating modern_d6,refined liquids,2095,0.00640844
EJ,Reference,Pakistan,resid heating modern_d6,refined liquids,2100,0.00629051
EJ,Reference,Pakistan,resid heating modern_d7,electricity,2025,1.13919e-4
EJ,Reference,Pakistan,resid heating modern_d7,electricity,2030,3.46718e-4
EJ,Reference,Pakistan,resid heating modern_d7,electricity,2035,6.86003e-4
EJ,Reference,Pakistan,resid heating modern_d7,electricity,2040,0.00116867
EJ,Reference,Pakistan,resid heating modern_d7,electricity,2045,0.0017744
EJ,Reference,Pakistan,resid heating modern_d7,electricity,2050,0.00253127
EJ,Reference,Pakistan,resid heating modern_d7,electricity,2055,0.0029267
EJ,Reference,Pakistan,resid heating modern_d7,electricity,2060,0.00332807
EJ,Reference,Pakistan,resid heating modern_d7,electricity,2065,0.00373952
EJ,Reference,Pakistan,resid heating modern_d7,electricity,2070,0.00415005
EJ,Reference,Pakistan,resid heating modern_d7,electricity,2075,0.00450046
EJ,Reference,Pakistan,resid heating modern_d7,electricity,2080,0.00476859
EJ,Reference,Pakistan,resid heating modern_d7,electricity,2085,0.00494883
EJ,Reference,Pakistan,resid heating modern_d7,electricity,2090,0.00508414
EJ,Reference,Pakistan,resid heating modern_d7,electricity,2095,0.00517996
EJ,Reference,Pakistan,resid heating modern_d7,electricity,2100,0.00525595
EJ,Reference,Pakistan,resid heating modern_d7,gas,1990,0.00211356
EJ,Reference,Pakistan,resid heating modern_d7,gas,2005,0.0058299
EJ,Reference,Pakistan,resid heating modern_d7,gas,2010,0.00804743
EJ,Reference,Pakistan,resid heating modern_d7,gas,2015,0.00959855
EJ,Reference,Pakistan,resid heating modern_d7,gas,2021,0.0110641
EJ,Reference,Pakistan,resid heating modern_d7,gas,2025,0.0117038
EJ,Reference,Pakistan,resid heating modern_d7,gas,2030,0.0137286
EJ,Reference,Pakistan,resid heating modern_d7,gas,2035,0.0158167
EJ,Reference,Pakistan,resid heating modern_d7,gas,2040,0.018162
EJ,Reference,Pakistan,resid heating modern_d7,gas,2045,0.0207394
EJ,Reference,Pakistan,resid heating modern_d7,gas,2050,0.0231164
EJ,Reference,Pakistan,resid heating modern_d7,gas,2055,0.025924
EJ,Reference,Pakistan,resid heating modern_d7,gas,2060,0.0281246
EJ,Reference,Pakistan,resid heating modern_d7,gas,2065,0.0297143
EJ,Reference,Pakistan,resid heating modern_d7,gas,2070,0.030794
EJ,Reference,Pakistan,resid heating modern_d7,gas,2075,0.0314953
EJ,Reference,Pakistan,resid heating modern_d7,gas,2080,0.0318281
EJ,Reference,Pakistan,resid heating modern_d7,gas,2085,0.0319742
EJ,Reference,Pakistan,resid heating modern_d7,gas,2090,0.0318528
EJ,Reference,Pakistan,resid heating modern_d7,gas,2095,0.031483
EJ,Reference,Pakistan,resid heating modern_d7,gas,2100,0.0310678
EJ,Reference,Pakistan,resid heating modern_d7,hydrogen,2025,2.29091e-6
EJ,Reference,Pakistan,resid heating modern_d7,hydrogen,2030,3.78319e-5
EJ,Reference,Pakistan,resid heating modern_d7,hydrogen,2035,6.79345e-5
EJ,Reference,Pakistan,resid heating modern_d7,hydrogen,2040,1.09681e-4
EJ,Reference,Pakistan,resid heating modern_d7,hydrogen,2045,1.69555e-4
EJ,Reference,Pakistan,resid heating modern_d7,hydrogen,2050,2.49989e-4
EJ,Reference,Pakistan,resid heating modern_d7,hydrogen,2055,2.99018e-4
EJ,Reference,Pakistan,resid heating modern_d7,hydrogen,2060,3.44325e-4
EJ,Reference,Pakistan,resid heating modern_d7,hydrogen,2065,3.90695e-4
EJ,Reference,Pakistan,resid heating modern_d7,hydrogen,2070,4.30506e-4
EJ,Reference,Pakistan,resid heating modern_d7,hydrogen,2075,4.6379e-4
EJ,Reference,Pakistan,resid heating modern_d7,hydrogen,2080,4.93522e-4
EJ,Reference,Pakistan,resid heating modern_d7,hydrogen,2085,5.18045e-4
EJ,Reference,Pakistan,resid heating modern_d7,hydrogen,2090,5.3609e-4
EJ,Reference,Pakistan,resid heating modern_d7,hydrogen,2095,5.50385e-4
EJ,Reference,Pakistan,resid heating modern_d7,hydrogen,2100,5.65264e-4
EJ,Reference,Pakistan,resid heating modern_d7,refined liquids,1990,0.00404051
EJ,Reference,Pakistan,resid heating modern_d7,refined liquids,2005,0.00185212
EJ,Reference,Pakistan,resid heating modern_d7,refined liquids,2010,0.00126156
EJ,Reference,Pakistan,resid heating modern_d7,refined liquids,2015,0.00189913
EJ,Reference,Pakistan,resid heating modern_d7,refined liquids,2021,0.00214378
EJ,Reference,Pakistan,resid heating modern_d7,refined liquids,2025,0.00209632
EJ,Reference,Pakistan,resid heating modern_d7,refined liquids,2030,0.00256133
EJ,Reference,Pakistan,resid heating modern_d7,refined liquids,2035,0.00319473
EJ,Reference,Pakistan,resid heating modern_d7,refined liquids,2040,0.00392495
EJ,Reference,Pakistan,resid heating modern_d7,refined liquids,2045,0.00453124
EJ,Reference,Pakistan,resid heating modern_d7,refined liquids,2050,0.00510863
EJ,Reference,Pakistan,resid heating modern_d7,refined liquids,2055,0.00539799
EJ,Reference,Pakistan,resid heating modern_d7,refined liquids,2060,0.00579944
EJ,Reference,Pakistan,resid heating modern_d7,refined liquids,2065,0.00621027
EJ,Reference,Pakistan,resid heating modern_d7,refined liquids,2070,0.00656929
EJ,Reference,Pakistan,resid heating modern_d7,refined liquids,2075,0.006763
EJ,Reference,Pakistan,resid heating modern_d7,refined liquids,2080,0.00684108
EJ,Reference,Pakistan,resid heating modern_d7,refined liquids,2085,0.0067911
EJ,Reference,Pakistan,resid heating modern_d7,refined liquids,2090,0.00666619
EJ,Reference,Pakistan,resid heating modern_d7,refined liquids,2095,0.00648185
EJ,Reference,Pakistan,resid heating modern_d7,refined liquids,2100,0.00635158
EJ,Reference,Pakistan,resid heating modern_d8,electricity,2025,1.30365e-4
EJ,Reference,Pakistan,resid heating modern_d8,electricity,2030,3.92647e-4
EJ,Reference,Pakistan,resid heating modern_d8,electricity,2035,7.67803e-4
EJ,Reference,Pakistan,resid heating modern_d8,electricity,2040,0.00128956
EJ,Reference,Pakistan,resid heating modern_d8,electricity,2045,0.00192818
EJ,Reference,Pakistan,resid heating modern_d8,electricity,2050,0.00271061
EJ,Reference,Pakistan,resid heating modern_d8,electricity,2055,0.00309334
EJ,Reference,Pakistan,resid heating modern_d8,electricity,2060,0.00347972
EJ,Reference,Pakistan,resid heating modern_d8,electricity,2065,0.00387674
EJ,Reference,Pakistan,resid heating modern_d8,electricity,2070,0.00427663
EJ,Reference,Pakistan,resid heating modern_d8,electricity,2075,0.00461814
EJ,Reference,Pakistan,resid heating modern_d8,electricity,2080,0.00487822
EJ,Reference,Pakistan,resid heating modern_d8,electricity,2085,0.00505052
EJ,Reference,Pakistan,resid heating modern_d8,electricity,2090,0.00517828
EJ,Reference,Pakistan,resid heating modern_d8,electricity,2095,0.00526659
EJ,Reference,Pakistan,resid heating modern_d8,electricity,2100,0.0053327
EJ,Reference,Pakistan,resid heating modern_d8,gas,1990,0.00269072
EJ,Reference,Pakistan,resid heating modern_d8,gas,2005,0.00703101
EJ,Reference,Pakistan,resid heating modern_d8,gas,2010,0.0094859
EJ,Reference,Pakistan,resid heating modern_d8,gas,2015,0.0112696
EJ,Reference,Pakistan,resid heating modern_d8,gas,2021,0.0127699
EJ,Reference,Pakistan,resid heating modern_d8,gas,2025,0.0133935
EJ,Reference,Pakistan,resid heating modern_d8,gas,2030,0.0155472
EJ,Reference,Pakistan,resid heating modern_d8,gas,2035,0.0177027
EJ,Reference,Pakistan,resid heating modern_d8,gas,2040,0.0200408
EJ,Reference,Pakistan,resid heating modern_d8,gas,2045,0.0225369
EJ,Reference,Pakistan,resid heating modern_d8,gas,2050,0.0247541
EJ,Reference,Pakistan,resid heating modern_d8,gas,2055,0.0274
EJ,Reference,Pakistan,resid heating modern_d8,gas,2060,0.0294062
EJ,Reference,Pakistan,resid heating modern_d8,gas,2065,0.0308047
EJ,Reference,Pakistan,resid heating modern_d8,gas,2070,0.0317333
EJ,Reference,Pakistan,resid heating modern_d8,gas,2075,0.0323189
EJ,Reference,Pakistan,resid heating modern_d8,gas,2080,0.0325599
EJ,Reference,Pakistan,resid heating modern_d8,gas,2085,0.0326312
EJ,Reference,Pakistan,resid heating modern_d8,gas,2090,0.0324425
EJ,Reference,Pakistan,resid heating modern_d8,gas,2095,0.0320095
EJ,Reference,Pakistan,resid heating modern_d8,gas,2100,0.0315214
EJ,Reference,Pakistan,resid heating modern_d8,hydrogen,2025,2.62165e-6
EJ,Reference,Pakistan,resid heating modern_d8,hydrogen,2030,4.28435e-5
EJ,Reference,Pakistan,resid heating modern_d8,hydrogen,2035,7.60351e-5
EJ,Reference,Pakistan,resid heating modern_d8,hydrogen,2040,1.21027e-4
EJ,Reference,Pakistan,resid heating modern_d8,hydrogen,2045,1.8425e-4
EJ,Reference,Pakistan,resid heating modern_d8,hydrogen,2050,2.677e-4
EJ,Reference,Pakistan,resid heating modern_d8,hydrogen,2055,3.16044e-4
EJ,Reference,Pakistan,resid heating modern_d8,hydrogen,2060,3.60015e-4
EJ,Reference,Pakistan,resid heating modern_d8,hydrogen,2065,4.05031e-4
EJ,Reference,Pakistan,resid heating modern_d8,hydrogen,2070,4.43636e-4
EJ,Reference,Pakistan,resid heating modern_d8,hydrogen,2075,4.75917e-4
EJ,Reference,Pakistan,resid heating modern_d8,hydrogen,2080,5.04868e-4
EJ,Reference,Pakistan,resid heating modern_d8,hydrogen,2085,5.28691e-4
EJ,Reference,Pakistan,resid heating modern_d8,hydrogen,2090,5.46016e-4
EJ,Reference,Pakistan,resid heating modern_d8,hydrogen,2095,5.59589e-4
EJ,Reference,Pakistan,resid heating modern_d8,hydrogen,2100,5.73518e-4
EJ,Reference,Pakistan,resid heating modern_d8,refined liquids,1990,0.00514386
EJ,Reference,Pakistan,resid heating modern_d8,refined liquids,2005,0.00223371
EJ,Reference,Pakistan,resid heating modern_d8,refined liquids,2010,0.00148706
EJ,Reference,Pakistan,resid heating modern_d8,refined liquids,2015,0.00222976
EJ,Reference,Pakistan,resid heating modern_d8,refined liquids,2021,0.00247429
EJ,Reference,Pakistan,resid heating modern_d8,refined liquids,2025,0.00239896
EJ,Reference,Pakistan,resid heating modern_d8,refined liquids,2030,0.00290063
EJ,Reference,Pakistan,resid heating modern_d8,refined liquids,2035,0.00357567
EJ,Reference,Pakistan,resid heating modern_d8,refined liquids,2040,0.00433098
EJ,Reference,Pakistan,resid heating modern_d8,refined liquids,2045,0.00492396
EJ,Reference,Pakistan,resid heating modern_d8,refined liquids,2050,0.00547056
EJ,Reference,Pakistan,resid heating modern_d8,refined liquids,2055,0.00570534
EJ,Reference,Pakistan,resid heating modern_d8,refined liquids,2060,0.00606371
EJ,Reference,Pakistan,resid heating modern_d8,refined liquids,2065,0.00643815
EJ,Reference,Pakistan,resid heating modern_d8,refined liquids,2070,0.00676966
EJ,Reference,Pakistan,resid heating modern_d8,refined liquids,2075,0.00693985
EJ,Reference,Pakistan,resid heating modern_d8,refined liquids,2080,0.00699836
EJ,Reference,Pakistan,resid heating modern_d8,refined liquids,2085,0.00693065
EJ,Reference,Pakistan,resid heating modern_d8,refined liquids,2090,0.00678962
EJ,Reference,Pakistan,resid heating modern_d8,refined liquids,2095,0.00659024
EJ,Reference,Pakistan,resid heating modern_d8,refined liquids,2100,0.00644433
EJ,Reference,Pakistan,resid heating modern_d9,electricity,2025,1.59454e-4
EJ,Reference,Pakistan,resid heating modern_d9,electricity,2030,4.71794e-4
EJ,Reference,Pakistan,resid heating modern_d9,electricity,2035,9.05375e-4
EJ,Reference,Pakistan,resid heating modern_d9,electricity,2040,0.00148791
EJ,Reference,Pakistan,resid heating modern_d9,electricity,2045,0.00217531
EJ,Reference,Pakistan,resid heating modern_d9,electricity,2050,0.00299508
EJ,Reference,Pakistan,resid heating modern_d9,electricity,2055,0.00335744
EJ,Reference,Pakistan,resid heating modern_d9,electricity,2060,0.00372298
EJ,Reference,Pakistan,resid heating modern_d9,electricity,2065,0.00410194
EJ,Reference,Pakistan,resid heating modern_d9,electricity,2070,0.00448954
EJ,Reference,Pakistan,resid heating modern_d9,electricity,2075,0.00482019
EJ,Reference,Pakistan,resid heating modern_d9,electricity,2080,0.00506909
EJ,Reference,Pakistan,resid heating modern_d9,electricity,2085,0.00522895
EJ,Reference,Pakistan,resid heating modern_d9,electricity,2090,0.00534399
EJ,Reference,Pakistan,resid heating modern_d9,electricity,2095,0.00541907
EJ,Reference,Pakistan,resid heating modern_d9,electricity,2100,0.00546788
EJ,Reference,Pakistan,resid heating modern_d9,gas,1990,0.00370244
EJ,Reference,Pakistan,resid heating modern_d9,gas,2005,0.00912682
EJ,Reference,Pakistan,resid heating modern_d9,gas,2010,0.011833
EJ,Reference,Pakistan,resid heating modern_d9,gas,2015,0.0138916
EJ,Reference,Pakistan,resid heating modern_d9,gas,2021,0.0156222
EJ,Reference,Pakistan,resid heating modern_d9,gas,2025,0.016382
EJ,Reference,Pakistan,resid heating modern_d9,gas,2030,0.0186811
EJ,Reference,Pakistan,resid heating modern_d9,gas,2035,0.0208746
EJ,Reference,Pakistan,resid heating modern_d9,gas,2040,0.0231233
EJ,Reference,Pakistan,resid heating modern_d9,gas,2045,0.0254253
EJ,Reference,Pakistan,resid heating modern_d9,gas,2050,0.027352
EJ,Reference,Pakistan,resid heating modern_d9,gas,2055,0.0297393
EJ,Reference,Pakistan,resid heating modern_d9,gas,2060,0.0314618
EJ,Reference,Pakistan,resid heating modern_d9,gas,2065,0.0325942
EJ,Reference,Pakistan,resid heating modern_d9,gas,2070,0.0333132
EJ,Reference,Pakistan,resid heating modern_d9,gas,2075,0.0337329
EJ,Reference,Pakistan,resid heating modern_d9,gas,2080,0.0338339
EJ,Reference,Pakistan,resid heating modern_d9,gas,2085,0.0337841
EJ,Reference,Pakistan,resid heating modern_d9,gas,2090,0.0334808
EJ,Reference,Pakistan,resid heating modern_d9,gas,2095,0.0329362
EJ,Reference,Pakistan,resid heating modern_d9,gas,2100,0.0323205
EJ,Reference,Pakistan,resid heating modern_d9,hydrogen,2025,3.20662e-6
EJ,Reference,Pakistan,resid heating modern_d9,hydrogen,2030,5.14796e-5
EJ,Reference,Pakistan,resid heating modern_d9,hydrogen,2035,8.96588e-5
EJ,Reference,Pakistan,resid heating modern_d9,hydrogen,2040,1.39642e-4
EJ,Reference,Pakistan,resid heating modern_d9,hydrogen,2045,2.07864e-4
EJ,Reference,Pakistan,resid heating modern_d9,hydrogen,2050,2.95795e-4
EJ,Reference,Pakistan,resid heating modern_d9,hydrogen,2055,3.43026e-4
EJ,Reference,Pakistan,resid heating modern_d9,hydrogen,2060,3.85183e-4
EJ,Reference,Pakistan,resid heating modern_d9,hydrogen,2065,4.2856e-4
EJ,Reference,Pakistan,resid heating modern_d9,hydrogen,2070,4.65723e-4
EJ,Reference,Pakistan,resid heating modern_d9,hydrogen,2075,4.9674e-4
EJ,Reference,Pakistan,resid heating modern_d9,hydrogen,2080,5.24622e-4
EJ,Reference,Pakistan,resid heating modern_d9,hydrogen,2085,5.47369e-4
EJ,Reference,Pakistan,resid heating modern_d9,hydrogen,2090,5.6349e-4
EJ,Reference,Pakistan,resid heating modern_d9,hydrogen,2095,5.75791e-4
EJ,Reference,Pakistan,resid heating modern_d9,hydrogen,2100,5.88057e-4
EJ,Reference,Pakistan,resid heating modern_d9,refined liquids,1990,0.00707798
EJ,Reference,Pakistan,resid heating modern_d9,refined liquids,2005,0.00289953
EJ,Reference,Pakistan,resid heating modern_d9,refined liquids,2010,0.00185502
EJ,Reference,Pakistan,resid heating modern_d9,refined liquids,2015,0.00274853
EJ,Reference,Pakistan,resid heating modern_d9,refined liquids,2021,0.00302695
EJ,Reference,Pakistan,resid heating modern_d9,refined liquids,2025,0.00293424
EJ,Reference,Pakistan,resid heating modern_d9,refined liquids,2030,0.00348531
EJ,Reference,Pakistan,resid heating modern_d9,refined liquids,2035,0.00421634
EJ,Reference,Pakistan,resid heating modern_d9,refined liquids,2040,0.00499712
EJ,Reference,Pakistan,resid heating modern_d9,refined liquids,2045,0.00555503
EJ,Reference,Pakistan,resid heating modern_d9,refined liquids,2050,0.00604468
EJ,Reference,Pakistan,resid heating modern_d9,refined liquids,2055,0.00619244
EJ,Reference,Pakistan,resid heating modern_d9,refined liquids,2060,0.0064876
EJ,Reference,Pakistan,resid heating modern_d9,refined liquids,2065,0.00681215
EJ,Reference,Pakistan,resid heating modern_d9,refined liquids,2070,0.0071067
EJ,Reference,Pakistan,resid heating modern_d9,refined liquids,2075,0.00724348
EJ,Reference,Pakistan,resid heating modern_d9,refined liquids,2080,0.00727219
EJ,Reference,Pakistan,resid heating modern_d9,refined liquids,2085,0.00717551
EJ,Reference,Pakistan,resid heating modern_d9,refined liquids,2090,0.0070069
EJ,Reference,Pakistan,resid heating modern_d9,refined liquids,2095,0.00678105
EJ,Reference,Pakistan,resid heating modern_d9,refined liquids,2100,0.00660769
EJ,Reference,Pakistan,resid others TradBio_d1,traditional biomass,1990,0.090956
EJ,Reference,Pakistan,resid others TradBio_d1,traditional biomass,2005,0.133771
EJ,Reference,Pakistan,resid others TradBio_d1,traditional biomass,2010,0.151631
EJ,Reference,Pakistan,resid others TradBio_d1,traditional biomass,2015,0.175661
EJ,Reference,Pakistan,resid others TradBio_d1,traditional biomass,2021,0.199102
EJ,Reference,Pakistan,resid others TradBio_d1,traditional biomass,2025,0.181723
EJ,Reference,Pakistan,resid others TradBio_d1,traditional biomass,2030,0.160226
EJ,Reference,Pakistan,resid others TradBio_d1,traditional biomass,2035,0.143415
EJ,Reference,Pakistan,resid others TradBio_d1,traditional biomass,2040,0.127038
EJ,Reference,Pakistan,resid others TradBio_d1,traditional biomass,2045,0.111226
EJ,Reference,Pakistan,resid others TradBio_d1,traditional biomass,2050,0.0970465
EJ,Reference,Pakistan,resid others TradBio_d1,traditional biomass,2055,0.0850007
EJ,Reference,Pakistan,resid others TradBio_d1,traditional biomass,2060,0.0748856
EJ,Reference,Pakistan,resid others TradBio_d1,traditional biomass,2065,0.0664561
EJ,Reference,Pakistan,resid others TradBio_d1,traditional biomass,2070,0.0599394
EJ,Reference,Pakistan,resid others TradBio_d1,traditional biomass,2075,0.0546817
EJ,Reference,Pakistan,resid others TradBio_d1,traditional biomass,2080,0.0504382
EJ,Reference,Pakistan,resid others TradBio_d1,traditional biomass,2085,0.0470998
EJ,Reference,Pakistan,resid others TradBio_d1,traditional biomass,2090,0.0443622
EJ,Reference,Pakistan,resid others TradBio_d1,traditional biomass,2095,0.0420871
EJ,Reference,Pakistan,resid others TradBio_d1,traditional biomass,2100,0.0403778
EJ,Reference,Pakistan,resid others TradBio_d10,traditional biomass,1990,0.0272788
EJ,Reference,Pakistan,resid others TradBio_d10,traditional biomass,2005,0.0418317
EJ,Reference,Pakistan,resid others TradBio_d10,traditional biomass,2010,0.0483949
EJ,Reference,Pakistan,resid others TradBio_d10,traditional biomass,2015,0.0509885
EJ,Reference,Pakistan,resid others TradBio_d10,traditional biomass,2021,0.0536831
EJ,Reference,Pakistan,resid others TradBio_d10,traditional biomass,2025,0.0527406
EJ,Reference,Pakistan,resid others TradBio_d10,traditional biomass,2030,0.0515992
EJ,Reference,Pakistan,resid others TradBio_d10,traditional biomass,2035,0.0504967
EJ,Reference,Pakistan,resid others TradBio_d10,traditional biomass,2040,0.0495925
EJ,Reference,Pakistan,resid others TradBio_d10,traditional biomass,2045,0.0487129
EJ,Reference,Pakistan,resid others TradBio_d10,traditional biomass,2050,0.0462017
EJ,Reference,Pakistan,resid others TradBio_d10,traditional biomass,2055,0.0436267
EJ,Reference,Pakistan,resid others TradBio_d10,traditional biomass,2060,0.0414644
EJ,Reference,Pakistan,resid others TradBio_d10,traditional biomass,2065,0.039613
EJ,Reference,Pakistan,resid others TradBio_d10,traditional biomass,2070,0.0381083
EJ,Reference,Pakistan,resid others TradBio_d10,traditional biomass,2075,0.0367877
EJ,Reference,Pakistan,resid others TradBio_d10,traditional biomass,2080,0.0356318
EJ,Reference,Pakistan,resid others TradBio_d10,traditional biomass,2085,0.0346818
EJ,Reference,Pakistan,resid others TradBio_d10,traditional biomass,2090,0.0338419
EJ,Reference,Pakistan,resid others TradBio_d10,traditional biomass,2095,0.0330913
EJ,Reference,Pakistan,resid others TradBio_d10,traditional biomass,2100,0.0326456
EJ,Reference,Pakistan,resid others TradBio_d2,traditional biomass,1990,0.0823424
EJ,Reference,Pakistan,resid others TradBio_d2,traditional biomass,2005,0.117841
EJ,Reference,Pakistan,resid others TradBio_d2,traditional biomass,2010,0.132213
EJ,Reference,Pakistan,resid others TradBio_d2,traditional biomass,2015,0.150374
EJ,Reference,Pakistan,resid others TradBio_d2,traditional biomass,2021,0.168884
EJ,Reference,Pakistan,resid others TradBio_d2,traditional biomass,2025,0.154856
EJ,Reference,Pakistan,resid others TradBio_d2,traditional biomass,2030,0.135553
EJ,Reference,Pakistan,resid others TradBio_d2,traditional biomass,2035,0.120723
EJ,Reference,Pakistan,resid others TradBio_d2,traditional biomass,2040,0.106664
EJ,Reference,Pakistan,resid others TradBio_d2,traditional biomass,2045,0.0934688
EJ,Reference,Pakistan,resid others TradBio_d2,traditional biomass,2050,0.0819202
EJ,Reference,Pakistan,resid others TradBio_d2,traditional biomass,2055,0.0723125
EJ,Reference,Pakistan,resid others TradBio_d2,traditional biomass,2060,0.0643668
EJ,Reference,Pakistan,resid others TradBio_d2,traditional biomass,2065,0.0578173
EJ,Reference,Pakistan,resid others TradBio_d2,traditional biomass,2070,0.0527889
EJ,Reference,Pakistan,resid others TradBio_d2,traditional biomass,2075,0.0487359
EJ,Reference,Pakistan,resid others TradBio_d2,traditional biomass,2080,0.0454603
EJ,Reference,Pakistan,resid others TradBio_d2,traditional biomass,2085,0.0428849
EJ,Reference,Pakistan,resid others TradBio_d2,traditional biomass,2090,0.0407634
EJ,Reference,Pakistan,resid others TradBio_d2,traditional biomass,2095,0.03899
EJ,Reference,Pakistan,resid others TradBio_d2,traditional biomass,2100,0.0376896
EJ,Reference,Pakistan,resid others TradBio_d3,traditional biomass,1990,0.0774886
EJ,Reference,Pakistan,resid others TradBio_d3,traditional biomass,2005,0.110119
EJ,Reference,Pakistan,resid others TradBio_d3,traditional biomass,2010,0.122838
EJ,Reference,Pakistan,resid others TradBio_d3,traditional biomass,2015,0.138278
EJ,Reference,Pakistan,resid others TradBio_d3,traditional biomass,2021,0.155519
EJ,Reference,Pakistan,resid others TradBio_d3,traditional biomass,2025,0.143727
EJ,Reference,Pakistan,resid others TradBio_d3,traditional biomass,2030,0.125982
EJ,Reference,Pakistan,resid others TradBio_d3,traditional biomass,2035,0.112127
EJ,Reference,Pakistan,resid others TradBio_d3,traditional biomass,2040,0.0991477
EJ,Reference,Pakistan,resid others TradBio_d3,traditional biomass,2045,0.0870989
EJ,Reference,Pakistan,resid others TradBio_d3,traditional biomass,2050,0.0766368
EJ,Reference,Pakistan,resid others TradBio_d3,traditional biomass,2055,0.0679893
EJ,Reference,Pakistan,resid others TradBio_d3,traditional biomass,2060,0.0608626
EJ,Reference,Pakistan,resid others TradBio_d3,traditional biomass,2065,0.0549982
EJ,Reference,Pakistan,resid others TradBio_d3,traditional biomass,2070,0.0504937
EJ,Reference,Pakistan,resid others TradBio_d3,traditional biomass,2075,0.0468525
EJ,Reference,Pakistan,resid others TradBio_d3,traditional biomass,2080,0.0439001
EJ,Reference,Pakistan,resid others TradBio_d3,traditional biomass,2085,0.041575
EJ,Reference,Pakistan,resid others TradBio_d3,traditional biomass,2090,0.0396526
EJ,Reference,Pakistan,resid others TradBio_d3,traditional biomass,2095,0.0380393
EJ,Reference,Pakistan,resid others TradBio_d3,traditional biomass,2100,0.0368702
EJ,Reference,Pakistan,resid others TradBio_d4,traditional biomass,1990,0.073395
EJ,Reference,Pakistan,resid others TradBio_d4,traditional biomass,2005,0.104155
EJ,Reference,Pakistan,resid others TradBio_d4,traditional biomass,2010,0.115637
EJ,Reference,Pakistan,resid others TradBio_d4,traditional biomass,2015,0.129069
EJ,Reference,Pakistan,resid others TradBio_d4,traditional biomass,2021,0.145647
EJ,Reference,Pakistan,resid others TradBio_d4,traditional biomass,2025,0.135719
EJ,Reference,Pakistan,resid others TradBio_d4,traditional biomass,2030,0.119334
EJ,Reference,Pakistan,resid others TradBio_d4,traditional biomass,2035,0.106227
EJ,Reference,Pakistan,resid others TradBio_d4,traditional biomass,2040,0.0940602
EJ,Reference,Pakistan,resid others TradBio_d4,traditional biomass,2045,0.0828512
EJ,Reference,Pakistan,resid others TradBio_d4,traditional biomass,2050,0.0731652
EJ,Reference,Pakistan,resid others TradBio_d4,traditional biomass,2055,0.0651892
EJ,Reference,Pakistan,resid others TradBio_d4,traditional biomass,2060,0.0586245
EJ,Reference,Pakistan,resid others TradBio_d4,traditional biomass,2065,0.053222
EJ,Reference,Pakistan,resid others TradBio_d4,traditional biomass,2070,0.0490638
EJ,Reference,Pakistan,resid others TradBio_d4,traditional biomass,2075,0.0456899
EJ,Reference,Pakistan,resid others TradBio_d4,traditional biomass,2080,0.0429443
EJ,Reference,Pakistan,resid others TradBio_d4,traditional biomass,2085,0.0407775
EJ,Reference,Pakistan,resid others TradBio_d4,traditional biomass,2090,0.0389797
EJ,Reference,Pakistan,resid others TradBio_d4,traditional biomass,2095,0.0374658
EJ,Reference,Pakistan,resid others TradBio_d4,traditional biomass,2100,0.0363789
EJ,Reference,Pakistan,resid others TradBio_d5,traditional biomass,1990,0.0695187
EJ,Reference,Pakistan,resid others TradBio_d5,traditional biomass,2005,0.0985896
EJ,Reference,Pakistan,resid others TradBio_d5,traditional biomass,2010,0.109262
EJ,Reference,Pakistan,resid others TradBio_d5,traditional biomass,2015,0.120991
EJ,Reference,Pakistan,resid others TradBio_d5,traditional biomass,2021,0.137131
EJ,Reference,Pakistan,resid others TradBio_d5,traditional biomass,2025,0.128916
EJ,Reference,Pakistan,resid others TradBio_d5,traditional biomass,2030,0.11384
EJ,Reference,Pakistan,resid others TradBio_d5,traditional biomass,2035,0.101394
EJ,Reference,Pakistan,resid others TradBio_d5,traditional biomass,2040,0.0899359
EJ,Reference,Pakistan,resid others TradBio_d5,traditional biomass,2045,0.0794462
EJ,Reference,Pakistan,resid others TradBio_d5,traditional biomass,2050,0.0704134
EJ,Reference,Pakistan,resid others TradBio_d5,traditional biomass,2055,0.0629949
EJ,Reference,Pakistan,resid others TradBio_d5,traditional biomass,2060,0.0568907
EJ,Reference,Pakistan,resid others TradBio_d5,traditional biomass,2065,0.0518621
EJ,Reference,Pakistan,resid others TradBio_d5,traditional biomass,2070,0.0479802
EJ,Reference,Pakistan,resid others TradBio_d5,traditional biomass,2075,0.0448165
EJ,Reference,Pakistan,resid others TradBio_d5,traditional biomass,2080,0.0422315
EJ,Reference,Pakistan,resid others TradBio_d5,traditional biomass,2085,0.0401864
EJ,Reference,Pakistan,resid others TradBio_d5,traditional biomass,2090,0.0384835
EJ,Reference,Pakistan,resid others TradBio_d5,traditional biomass,2095,0.0370447
EJ,Reference,Pakistan,resid others TradBio_d5,traditional biomass,2100,0.0360206
EJ,Reference,Pakistan,resid others TradBio_d6,traditional biomass,1990,0.0654856
EJ,Reference,Pakistan,resid others TradBio_d6,traditional biomass,2005,0.0932623
EJ,Reference,Pakistan,resid others TradBio_d6,traditional biomass,2010,0.102951
EJ,Reference,Pakistan,resid others TradBio_d6,traditional biomass,2015,0.113106
EJ,Reference,Pakistan,resid others TradBio_d6,traditional biomass,2021,0.128766
EJ,Reference,Pakistan,resid others TradBio_d6,traditional biomass,2025,0.122218
EJ,Reference,Pakistan,resid others TradBio_d6,traditional biomass,2030,0.108555
EJ,Reference,Pakistan,resid others TradBio_d6,traditional biomass,2035,0.0967789
EJ,Reference,Pakistan,resid others TradBio_d6,traditional biomass,2040,0.0860272
EJ,Reference,Pakistan,resid others TradBio_d6,traditional biomass,2045,0.0762433
EJ,Reference,Pakistan,resid others TradBio_d6,traditional biomass,2050,0.0678435
EJ,Reference,Pakistan,resid others TradBio_d6,traditional biomass,2055,0.0609599
EJ,Reference,Pakistan,resid others TradBio_d6,traditional biomass,2060,0.0552941
EJ,Reference,Pakistan,resid others TradBio_d6,traditional biomass,2065,0.050619
EJ,Reference,Pakistan,resid others TradBio_d6,traditional biomass,2070,0.046996
EJ,Reference,Pakistan,resid others TradBio_d6,traditional biomass,2075,0.0440278
EJ,Reference,Pakistan,resid others TradBio_d6,traditional biomass,2080,0.041591
EJ,Reference,Pakistan,resid others TradBio_d6,traditional biomass,2085,0.0396575
EJ,Reference,Pakistan,resid others TradBio_d6,traditional biomass,2090,0.0380412
EJ,Reference,Pakistan,resid others TradBio_d6,traditional biomass,2095,0.0366704
EJ,Reference,Pakistan,resid others TradBio_d6,traditional biomass,2100,0.0357041
EJ,Reference,Pakistan,resid others TradBio_d7,traditional biomass,1990,0.0609003
EJ,Reference,Pakistan,resid others TradBio_d7,traditional biomass,2005,0.0868178
EJ,Reference,Pakistan,resid others TradBio_d7,traditional biomass,2010,0.0961025
EJ,Reference,Pakistan,resid others TradBio_d7,traditional biomass,2015,0.104707
EJ,Reference,Pakistan,resid others TradBio_d7,traditional biomass,2021,0.119629
EJ,Reference,Pakistan,resid others TradBio_d7,traditional biomass,2025,0.114785
EJ,Reference,Pakistan,resid others TradBio_d7,traditional biomass,2030,0.102818
EJ,Reference,Pakistan,resid others TradBio_d7,traditional biomass,2035,0.0917996
EJ,Reference,Pakistan,resid others TradBio_d7,traditional biomass,2040,0.081837
EJ,Reference,Pakistan,resid others TradBio_d7,traditional biomass,2045,0.0728281
EJ,Reference,Pakistan,resid others TradBio_d7,traditional biomass,2050,0.0651157
EJ,Reference,Pakistan,resid others TradBio_d7,traditional biomass,2055,0.0588087
EJ,Reference,Pakistan,resid others TradBio_d7,traditional biomass,2060,0.053613
EJ,Reference,Pakistan,resid others TradBio_d7,traditional biomass,2065,0.0493152
EJ,Reference,Pakistan,resid others TradBio_d7,traditional biomass,2070,0.0459672
EJ,Reference,Pakistan,resid others TradBio_d7,traditional biomass,2075,0.0432061
EJ,Reference,Pakistan,resid others TradBio_d7,traditional biomass,2080,0.0409257
EJ,Reference,Pakistan,resid others TradBio_d7,traditional biomass,2085,0.0391096
EJ,Reference,Pakistan,resid others TradBio_d7,traditional biomass,2090,0.037584
EJ,Reference,Pakistan,resid others TradBio_d7,traditional biomass,2095,0.0362844
EJ,Reference,Pakistan,resid others TradBio_d7,traditional biomass,2100,0.0353791
EJ,Reference,Pakistan,resid others TradBio_d8,traditional biomass,1990,0.0552951
EJ,Reference,Pakistan,resid others TradBio_d8,traditional biomass,2005,0.0789331
EJ,Reference,Pakistan,resid others TradBio_d8,traditional biomass,2010,0.0880239
EJ,Reference,Pakistan,resid others TradBio_d8,traditional biomass,2015,0.0950198
EJ,Reference,Pakistan,resid others TradBio_d8,traditional biomass,2021,0.10874
EJ,Reference,Pakistan,resid others TradBio_d8,traditional biomass,2025,0.105747
EJ,Reference,Pakistan,resid others TradBio_d8,traditional biomass,2030,0.0960015
EJ,Reference,Pakistan,resid others TradBio_d8,traditional biomass,2035,0.0859207
EJ,Reference,Pakistan,resid others TradBio_d8,traditional biomass,2040,0.0769142
EJ,Reference,Pakistan,resid others TradBio_d8,traditional biomass,2045,0.0688276
EJ,Reference,Pakistan,resid others TradBio_d8,traditional biomass,2050,0.0619252
EJ,Reference,Pakistan,resid others TradBio_d8,traditional biomass,2055,0.0562933
EJ,Reference,Pakistan,resid others TradBio_d8,traditional biomass,2060,0.0516465
EJ,Reference,Pakistan,resid others TradBio_d8,traditional biomass,2065,0.0477884
EJ,Reference,Pakistan,resid others TradBio_d8,traditional biomass,2070,0.0447617
EJ,Reference,Pakistan,resid others TradBio_d8,traditional biomass,2075,0.0422429
EJ,Reference,Pakistan,resid others TradBio_d8,traditional biomass,2080,0.040146
EJ,Reference,Pakistan,resid others TradBio_d8,traditional biomass,2085,0.0384677
EJ,Reference,Pakistan,resid others TradBio_d8,traditional biomass,2090,0.0370486
EJ,Reference,Pakistan,resid others TradBio_d8,traditional biomass,2095,0.0358325
EJ,Reference,Pakistan,resid others TradBio_d8,traditional biomass,2100,0.0349995
EJ,Reference,Pakistan,resid others TradBio_d9,traditional biomass,1990,0.0473431
EJ,Reference,Pakistan,resid others TradBio_d9,traditional biomass,2005,0.0672522
EJ,Reference,Pakistan,resid others TradBio_d9,traditional biomass,2010,0.0767356
EJ,Reference,Pakistan,resid others TradBio_d9,traditional biomass,2015,0.0819769
EJ,Reference,Pakistan,resid others TradBio_d9,traditional biomass,2021,0.0930008
EJ,Reference,Pakistan,resid others TradBio_d9,traditional biomass,2025,0.091368
EJ,Reference,Pakistan,resid others TradBio_d9,traditional biomass,2030,0.0860137
EJ,Reference,Pakistan,resid others TradBio_d9,traditional biomass,2035,0.0773546
EJ,Reference,Pakistan,resid others TradBio_d9,traditional biomass,2040,0.0697497
EJ,Reference,Pakistan,resid others TradBio_d9,traditional biomass,2045,0.062982
EJ,Reference,Pakistan,resid others TradBio_d9,traditional biomass,2050,0.0572263
EJ,Reference,Pakistan,resid others TradBio_d9,traditional biomass,2055,0.0525446
EJ,Reference,Pakistan,resid others TradBio_d9,traditional biomass,2060,0.0486717
EJ,Reference,Pakistan,resid others TradBio_d9,traditional biomass,2065,0.0454368
EJ,Reference,Pakistan,resid others TradBio_d9,traditional biomass,2070,0.0428739
EJ,Reference,Pakistan,resid others TradBio_d9,traditional biomass,2075,0.0407131
EJ,Reference,Pakistan,resid others TradBio_d9,traditional biomass,2080,0.0388924
EJ,Reference,Pakistan,resid others TradBio_d9,traditional biomass,2085,0.0374249
EJ,Reference,Pakistan,resid others TradBio_d9,traditional biomass,2090,0.0361714
EJ,Reference,Pakistan,resid others TradBio_d9,traditional biomass,2095,0.0350869
EJ,Reference,Pakistan,resid others TradBio_d9,traditional biomass,2100,0.034366
EJ,Reference,Pakistan,resid others coal_d1,coal,1990,1.2798e-5
EJ,Reference,Pakistan,resid others coal_d10,coal,1990,1.1811e-5
EJ,Reference,Pakistan,resid others coal_d2,coal,1990,1.27516e-5
EJ,Reference,Pakistan,resid others coal_d3,coal,1990,1.27185e-5
EJ,Reference,Pakistan,resid others coal_d4,coal,1990,1.26887e-5
EJ,Reference,Pakistan,resid others coal_d5,coal,1990,1.26589e-5
EJ,Reference,Pakistan,resid others coal_d6,coal,1990,1.26224e-5
EJ,Reference,Pakistan,resid others coal_d7,coal,1990,1.25761e-5
EJ,Reference,Pakistan,resid others coal_d8,coal,1990,1.25098e-5
EJ,Reference,Pakistan,resid others coal_d9,coal,1990,1.23906e-5
EJ,Reference,Pakistan,resid others modern_d1,biomass,1990,5.41905e-5
EJ,Reference,Pakistan,resid others modern_d1,biomass,2005,1.38273e-4
EJ,Reference,Pakistan,resid others modern_d1,biomass,2010,1.72752e-4
EJ,Reference,Pakistan,resid others modern_d1,biomass,2015,1.87855e-4
EJ,Reference,Pakistan,resid others modern_d1,biomass,2021,2.55987e-4
EJ,Reference,Pakistan,resid others modern_d1,biomass,2025,3.09939e-4
EJ,Reference,Pakistan,resid others modern_d1,biomass,2030,3.31115e-4
EJ,Reference,Pakistan,resid others modern_d1,biomass,2035,3.76472e-4
EJ,Reference,Pakistan,resid others modern_d1,biomass,2040,4.36962e-4
EJ,Reference,Pakistan,resid others modern_d1,biomass,2045,5.00932e-4
EJ,Reference,Pakistan,resid others modern_d1,biomass,2050,5.60954e-4
EJ,Reference,Pakistan,resid others modern_d1,biomass,2055,5.88632e-4
EJ,Reference,Pakistan,resid others modern_d1,biomass,2060,6.04435e-4
EJ,Reference,Pakistan,resid others modern_d1,biomass,2065,6.20012e-4
EJ,Reference,Pakistan,resid others modern_d1,biomass,2070,6.2179e-4
EJ,Reference,Pakistan,resid others modern_d1,biomass,2075,6.07138e-4
EJ,Reference,Pakistan,resid others modern_d1,biomass,2080,5.83175e-4
EJ,Reference,Pakistan,resid others modern_d1,biomass,2085,5.5357e-4
EJ,Reference,Pakistan,resid others modern_d1,biomass,2090,5.13401e-4
EJ,Reference,Pakistan,resid others modern_d1,biomass,2095,4.69621e-4
EJ,Reference,Pakistan,resid others modern_d1,biomass,2100,4.35269e-4
EJ,Reference,Pakistan,resid others modern_d1,electricity,1990,2.15483e-4
EJ,Reference,Pakistan,resid others modern_d1,electricity,2005,0.00106949
EJ,Reference,Pakistan,resid others modern_d1,electricity,2010,0.00138835
EJ,Reference,Pakistan,resid others modern_d1,electricity,2015,0.00168394
EJ,Reference,Pakistan,resid others modern_d1,electricity,2021,0.0029586
EJ,Reference,Pakistan,resid others modern_d1,electricity,2025,0.00431794
EJ,Reference,Pakistan,resid others modern_d1,electricity,2030,0.00610633
EJ,Reference,Pakistan,resid others modern_d1,electricity,2035,0.00850965
EJ,Reference,Pakistan,resid others modern_d1,electricity,2040,0.0120631
EJ,Reference,Pakistan,resid others modern_d1,electricity,2045,0.0172821
EJ,Reference,Pakistan,resid others modern_d1,electricity,2050,0.0245519
EJ,Reference,Pakistan,resid others modern_d1,electricity,2055,0.0340307
EJ,Reference,Pakistan,resid others modern_d1,electricity,2060,0.0462706
EJ,Reference,Pakistan,resid others modern_d1,electricity,2065,0.0610959
EJ,Reference,Pakistan,resid others modern_d1,electricity,2070,0.0777306
EJ,Reference,Pakistan,resid others modern_d1,electricity,2075,0.0953609
EJ,Reference,Pakistan,resid others modern_d1,electricity,2080,0.112634
EJ,Reference,Pakistan,resid others modern_d1,electricity,2085,0.128877
EJ,Reference,Pakistan,resid others modern_d1,electricity,2090,0.143846
EJ,Reference,Pakistan,resid others modern_d1,electricity,2095,0.157043
EJ,Reference,Pakistan,resid others modern_d1,electricity,2100,0.169659
EJ,Reference,Pakistan,resid others modern_d1,gas,1990,4.82676e-4
EJ,Reference,Pakistan,resid others modern_d1,gas,2005,0.00187588
EJ,Reference,Pakistan,resid others modern_d1,gas,2010,0.00283431
EJ,Reference,Pakistan,resid others modern_d1,gas,2015,0.00324658
EJ,Reference,Pakistan,resid others modern_d1,gas,2021,0.00460266
EJ,Reference,Pakistan,resid others modern_d1,gas,2025,0.00482677
EJ,Reference,Pakistan,resid others modern_d1,gas,2030,0.00587132
EJ,Reference,Pakistan,resid others modern_d1,gas,2035,0.00735332
EJ,Reference,Pakistan,resid others modern_d1,gas,2040,0.00945744
EJ,Reference,Pakistan,resid others modern_d1,gas,2045,0.0126993
EJ,Reference,Pakistan,resid others modern_d1,gas,2050,0.0168188
EJ,Reference,Pakistan,resid others modern_d1,gas,2055,0.0223367
EJ,Reference,Pakistan,resid others modern_d1,gas,2060,0.0286843
EJ,Reference,Pakistan,resid others modern_d1,gas,2065,0.0353446
EJ,Reference,Pakistan,resid others modern_d1,gas,2070,0.0417416
EJ,Reference,Pakistan,resid others modern_d1,gas,2075,0.0479703
EJ,Reference,Pakistan,resid others modern_d1,gas,2080,0.053617
EJ,Reference,Pakistan,resid others modern_d1,gas,2085,0.0588303
EJ,Reference,Pakistan,resid others modern_d1,gas,2090,0.0630916
EJ,Reference,Pakistan,resid others modern_d1,gas,2095,0.0662373
EJ,Reference,Pakistan,resid others modern_d1,gas,2100,0.0689663
EJ,Reference,Pakistan,resid others modern_d1,hydrogen,2025,1.53579e-6
EJ,Reference,Pakistan,resid others modern_d1,hydrogen,2030,2.37714e-5
EJ,Reference,Pakistan,resid others modern_d1,hydrogen,2035,4.63459e-5
EJ,Reference,Pakistan,resid others modern_d1,hydrogen,2040,8.33711e-5
EJ,Reference,Pakistan,resid others modern_d1,hydrogen,2045,1.51343e-4
EJ,Reference,Pakistan,resid others modern_d1,hydrogen,2050,2.6393e-4
EJ,Reference,Pakistan,resid others modern_d1,hydrogen,2055,3.73513e-4
EJ,Reference,Pakistan,resid others modern_d1,hydrogen,2060,5.09466e-4
EJ,Reference,Pakistan,resid others modern_d1,hydrogen,2065,6.71848e-4
EJ,Reference,Pakistan,resid others modern_d1,hydrogen,2070,8.39988e-4
EJ,Reference,Pakistan,resid others modern_d1,hydrogen,2075,0.00101505
EJ,Reference,Pakistan,resid others modern_d1,hydrogen,2080,0.00119204
EJ,Reference,Pakistan,resid others modern_d1,hydrogen,2085,0.00136534
EJ,Reference,Pakistan,resid others modern_d1,hydrogen,2090,0.00152252
EJ,Reference,Pakistan,resid others modern_d1,hydrogen,2095,0.00166283
EJ,Reference,Pakistan,resid others modern_d1,hydrogen,2100,0.0017995
EJ,Reference,Pakistan,resid others modern_d1,refined liquids,1990,1.40322e-4
EJ,Reference,Pakistan,resid others modern_d1,refined liquids,2005,9.06292e-5
EJ,Reference,Pakistan,resid others modern_d1,refined liquids,2010,6.7569e-5
EJ,Reference,Pakistan,resid others modern_d1,refined liquids,2015,9.7684e-5
EJ,Reference,Pakistan,resid others modern_d1,refined liquids,2021,1.3562e-4
EJ,Reference,Pakistan,resid others modern_d1,refined liquids,2025,1.25118e-4
EJ,Reference,Pakistan,resid others modern_d1,refined liquids,2030,1.37969e-4
EJ,Reference,Pakistan,resid others modern_d1,refined liquids,2035,1.60143e-4
EJ,Reference,Pakistan,resid others modern_d1,refined liquids,2040,1.85542e-4
EJ,Reference,Pakistan,resid others modern_d1,refined liquids,2045,2.10957e-4
EJ,Reference,Pakistan,resid others modern_d1,refined liquids,2050,2.35773e-4
EJ,Reference,Pakistan,resid others modern_d1,refined liquids,2055,2.47067e-4
EJ,Reference,Pakistan,resid others modern_d1,refined liquids,2060,2.63407e-4
EJ,Reference,Pakistan,resid others modern_d1,refined liquids,2065,2.75597e-4
EJ,Reference,Pakistan,resid others modern_d1,refined liquids,2070,2.7988e-4
EJ,Reference,Pakistan,resid others modern_d1,refined liquids,2075,2.74953e-4
EJ,Reference,Pakistan,resid others modern_d1,refined liquids,2080,2.63337e-4
EJ,Reference,Pakistan,resid others modern_d1,refined liquids,2085,2.46938e-4
EJ,Reference,Pakistan,resid others modern_d1,refined liquids,2090,2.27869e-4
EJ,Reference,Pakistan,resid others modern_d1,refined liquids,2095,2.07244e-4
EJ,Reference,Pakistan,resid others modern_d1,refined liquids,2100,1.89497e-4
EJ,Reference,Pakistan,resid others modern_d10,biomass,1990,0.00185446
EJ,Reference,Pakistan,resid others modern_d10,biomass,2005,0.00257407
EJ,Reference,Pakistan,resid others modern_d10,biomass,2010,0.00273723
EJ,Reference,Pakistan,resid others modern_d10,biomass,2015,0.00294031
EJ,Reference,Pakistan,resid others modern_d10,biomass,2021,0.00330127
EJ,Reference,Pakistan,resid others modern_d10,biomass,2025,0.00363929
EJ,Reference,Pakistan,resid others modern_d10,biomass,2030,0.00361103
EJ,Reference,Pakistan,resid others modern_d10,biomass,2035,0.00366356
EJ,Reference,Pakistan,resid others modern_d10,biomass,2040,0.00366349
EJ,Reference,Pakistan,resid others modern_d10,biomass,2045,0.00348864
EJ,Reference,Pakistan,resid others modern_d10,biomass,2050,0.00320207
EJ,Reference,Pakistan,resid others modern_d10,biomass,2055,0.00274277
EJ,Reference,Pakistan,resid others modern_d10,biomass,2060,0.00230396
EJ,Reference,Pakistan,resid others modern_d10,biomass,2065,0.00195765
EJ,Reference,Pakistan,resid others modern_d10,biomass,2070,0.00166768
EJ,Reference,Pakistan,resid others modern_d10,biomass,2075,0.00141224
EJ,Reference,Pakistan,resid others modern_d10,biomass,2080,0.00120481
EJ,Reference,Pakistan,resid others modern_d10,biomass,2085,0.00103802
EJ,Reference,Pakistan,resid others modern_d10,biomass,2090,8.89416e-4
EJ,Reference,Pakistan,resid others modern_d10,biomass,2095,7.63886e-4
EJ,Reference,Pakistan,resid others modern_d10,biomass,2100,6.70656e-4
EJ,Reference,Pakistan,resid others modern_d10,electricity,1990,0.00737409
EJ,Reference,Pakistan,resid others modern_d10,electricity,2005,0.0199095
EJ,Reference,Pakistan,resid others modern_d10,electricity,2010,0.0219982
EJ,Reference,Pakistan,resid others modern_d10,electricity,2015,0.026357
EJ,Reference,Pakistan,resid others modern_d10,electricity,2021,0.0381547
EJ,Reference,Pakistan,resid others modern_d10,electricity,2025,0.050701
EJ,Reference,Pakistan,resid others modern_d10,electricity,2030,0.0665935
EJ,Reference,Pakistan,resid others modern_d10,electricity,2035,0.0828097
EJ,Reference,Pakistan,resid others modern_d10,electricity,2040,0.101137
EJ,Reference,Pakistan,resid others modern_d10,electricity,2045,0.120358
EJ,Reference,Pakistan,resid others modern_d10,electricity,2050,0.140148
EJ,Reference,Pakistan,resid others modern_d10,electricity,2055,0.158569
EJ,Reference,Pakistan,resid others modern_d10,electricity,2060,0.176372
EJ,Reference,Pakistan,resid others modern_d10,electricity,2065,0.192906
EJ,Reference,Pakistan,resid others modern_d10,electricity,2070,0.208479
EJ,Reference,Pakistan,resid others modern_d10,electricity,2075,0.221815
EJ,Reference,Pakistan,resid others modern_d10,electricity,2080,0.232695
EJ,Reference,Pakistan,resid others modern_d10,electricity,2085,0.241662
EJ,Reference,Pakistan,resid others modern_d10,electricity,2090,0.249198
EJ,Reference,Pakistan,resid others modern_d10,electricity,2095,0.255447
EJ,Reference,Pakistan,resid others modern_d10,electricity,2100,0.261408
EJ,Reference,Pakistan,resid others modern_d10,gas,1990,0.0165178
EJ,Reference,Pakistan,resid others modern_d10,gas,2005,0.0349212
EJ,Reference,Pakistan,resid others modern_d10,gas,2010,0.0449091
EJ,Reference,Pakistan,resid others modern_d10,gas,2015,0.0508155
EJ,Reference,Pakistan,resid others modern_d10,gas,2021,0.0593569
EJ,Reference,Pakistan,resid others modern_d10,gas,2025,0.0566757
EJ,Reference,Pakistan,resid others modern_d10,gas,2030,0.0640306
EJ,Reference,Pakistan,resid others modern_d10,gas,2035,0.0715572
EJ,Reference,Pakistan,resid others modern_d10,gas,2040,0.0792912
EJ,Reference,Pakistan,resid others modern_d10,gas,2045,0.0884415
EJ,Reference,Pakistan,resid others modern_d10,gas,2050,0.0960062
EJ,Reference,Pakistan,resid others modern_d10,gas,2055,0.10408
EJ,Reference,Pakistan,resid others modern_d10,gas,2060,0.109338
EJ,Reference,Pakistan,resid others modern_d10,gas,2065,0.111598
EJ,Reference,Pakistan,resid others modern_d10,gas,2070,0.111954
EJ,Reference,Pakistan,resid others modern_d10,gas,2075,0.111582
EJ,Reference,Pakistan,resid others modern_d10,gas,2080,0.11077
EJ,Reference,Pakistan,resid others modern_d10,gas,2085,0.110315
EJ,Reference,Pakistan,resid others modern_d10,gas,2090,0.1093
EJ,Reference,Pakistan,resid others modern_d10,gas,2095,0.107742
EJ,Reference,Pakistan,resid others modern_d10,gas,2100,0.106262
EJ,Reference,Pakistan,resid others modern_d10,hydrogen,2025,1.80332e-5
EJ,Reference,Pakistan,resid others modern_d10,hydrogen,2030,2.59242e-4
EJ,Reference,Pakistan,resid others modern_d10,hydrogen,2035,4.51005e-4
EJ,Reference,Pakistan,resid others modern_d10,hydrogen,2040,6.98983e-4
EJ,Reference,Pakistan,resid others modern_d10,hydrogen,2045,0.00105399
EJ,Reference,Pakistan,resid others modern_d10,hydrogen,2050,0.00150658
EJ,Reference,Pakistan,resid others modern_d10,hydrogen,2055,0.00174041
EJ,Reference,Pakistan,resid others modern_d10,hydrogen,2060,0.00194196
EJ,Reference,Pakistan,resid others modern_d10,hydrogen,2065,0.00212132
EJ,Reference,Pakistan,resid others modern_d10,hydrogen,2070,0.0022529
EJ,Reference,Pakistan,resid others modern_d10,hydrogen,2075,0.00236106
EJ,Reference,Pakistan,resid others modern_d10,hydrogen,2080,0.00246269
EJ,Reference,Pakistan,resid others modern_d10,hydrogen,2085,0.00256019
EJ,Reference,Pakistan,resid others modern_d10,hydrogen,2090,0.00263762
EJ,Reference,Pakistan,resid others modern_d10,hydrogen,2095,0.00270476
EJ,Reference,Pakistan,resid others modern_d10,hydrogen,2100,0.00277264
EJ,Reference,Pakistan,resid others modern_d10,refined liquids,1990,0.00480198
EJ,Reference,Pakistan,resid others modern_d10,refined liquids,2005,0.00168714
EJ,Reference,Pakistan,resid others modern_d10,refined liquids,2010,0.00107062
EJ,Reference,Pakistan,resid others modern_d10,refined liquids,2015,0.00152895
EJ,Reference,Pakistan,resid others modern_d10,refined liquids,2021,0.00174898
EJ,Reference,Pakistan,resid others modern_d10,refined liquids,2025,0.00146913
EJ,Reference,Pakistan,resid others modern_d10,refined liquids,2030,0.00150465
EJ,Reference,Pakistan,resid others modern_d10,refined liquids,2035,0.00155839
EJ,Reference,Pakistan,resid others modern_d10,refined liquids,2040,0.00155558
EJ,Reference,Pakistan,resid others modern_d10,refined liquids,2045,0.00146917
EJ,Reference,Pakistan,resid others modern_d10,refined liquids,2050,0.00134585
EJ,Reference,Pakistan,resid others modern_d10,refined liquids,2055,0.00115123
EJ,Reference,Pakistan,resid others modern_d10,refined liquids,2060,0.00100404
EJ,Reference,Pakistan,resid others modern_d10,refined liquids,2065,8.70178e-4
EJ,Reference,Pakistan,resid others modern_d10,refined liquids,2070,7.50659e-4
EJ,Reference,Pakistan,resid others modern_d10,refined liquids,2075,6.39558e-4
EJ,Reference,Pakistan,resid others modern_d10,refined liquids,2080,5.4404e-4
EJ,Reference,Pakistan,resid others modern_d10,refined liquids,2085,4.63041e-4
EJ,Reference,Pakistan,resid others modern_d10,refined liquids,2090,3.9476e-4
EJ,Reference,Pakistan,resid others modern_d10,refined liquids,2095,3.37103e-4
EJ,Reference,Pakistan,resid others modern_d10,refined liquids,2100,2.91973e-4
EJ,Reference,Pakistan,resid others modern_d2,biomass,1990,1.0872e-4
EJ,Reference,Pakistan,resid others modern_d2,biomass,2005,2.57967e-4
EJ,Reference,Pakistan,resid others modern_d2,biomass,2010,3.13077e-4
EJ,Reference,Pakistan,resid others modern_d2,biomass,2015,3.46051e-4
EJ,Reference,Pakistan,resid others modern_d2,biomass,2021,4.3979e-4
EJ,Reference,Pakistan,resid others modern_d2,biomass,2025,5.10208e-4
EJ,Reference,Pakistan,resid others modern_d2,biomass,2030,5.39661e-4
EJ,Reference,Pakistan,resid others modern_d2,biomass,2035,6.08494e-4
EJ,Reference,Pakistan,resid others modern_d2,biomass,2040,7.00385e-4
EJ,Reference,Pakistan,resid others modern_d2,biomass,2045,7.86619e-4
EJ,Reference,Pakistan,resid others modern_d2,biomass,2050,8.56585e-4
EJ,Reference,Pakistan,resid others modern_d2,biomass,2055,8.72364e-4
EJ,Reference,Pakistan,resid others modern_d2,biomass,2060,8.67713e-4
EJ,Reference,Pakistan,resid others modern_d2,biomass,2065,8.61086e-4
EJ,Reference,Pakistan,resid others modern_d2,biomass,2070,8.36148e-4
EJ,Reference,Pakistan,resid others modern_d2,biomass,2075,7.90815e-4
EJ,Reference,Pakistan,resid others modern_d2,biomass,2080,7.36947e-4
EJ,Reference,Pakistan,resid others modern_d2,biomass,2085,6.80123e-4
EJ,Reference,Pakistan,resid others modern_d2,biomass,2090,6.14564e-4
EJ,Reference,Pakistan,resid others modern_d2,biomass,2095,5.4927e-4
EJ,Reference,Pakistan,resid others modern_d2,biomass,2100,4.98765e-4
EJ,Reference,Pakistan,resid others modern_d2,electricity,1990,4.32313e-4
EJ,Reference,Pakistan,resid others modern_d2,electricity,2005,0.00199528
EJ,Reference,Pakistan,resid others modern_d2,electricity,2010,0.0025161
EJ,Reference,Pakistan,resid others modern_d2,electricity,2015,0.00310201
EJ,Reference,Pakistan,resid others modern_d2,electricity,2021,0.00508291
EJ,Reference,Pakistan,resid others modern_d2,electricity,2025,0.007108
EJ,Reference,Pakistan,resid others modern_d2,electricity,2030,0.00995225
EJ,Reference,Pakistan,resid others modern_d2,electricity,2035,0.0137542
EJ,Reference,Pakistan,resid others modern_d2,electricity,2040,0.0193353
EJ,Reference,Pakistan,resid others modern_d2,electricity,2045,0.0271383
EJ,Reference,Pakistan,resid others modern_d2,electricity,2050,0.0374911
EJ,Reference,Pakistan,resid others modern_d2,electricity,2055,0.0504343
EJ,Reference,Pakistan,resid others modern_d2,electricity,2060,0.066425
EJ,Reference,Pakistan,resid others modern_d2,electricity,2065,0.0848514
EJ,Reference,Pakistan,resid others modern_d2,electricity,2070,0.104528
EJ,Reference,Pakistan,resid others modern_d2,electricity,2075,0.12421
EJ,Reference,Pakistan,resid others modern_d2,electricity,2080,0.142333
EJ,Reference,Pakistan,resid others modern_d2,electricity,2085,0.15834
EJ,Reference,Pakistan,resid others modern_d2,electricity,2090,0.17219
EJ,Reference,Pakistan,resid others modern_d2,electricity,2095,0.183678
EJ,Reference,Pakistan,resid others modern_d2,electricity,2100,0.194409
EJ,Reference,Pakistan,resid others modern_d2,gas,1990,9.6837e-4
EJ,Reference,Pakistan,resid others modern_d2,gas,2005,0.00349972
EJ,Reference,Pakistan,resid others modern_d2,gas,2010,0.00513659
EJ,Reference,Pakistan,resid others modern_d2,gas,2015,0.00598058
EJ,Reference,Pakistan,resid others modern_d2,gas,2021,0.00790743
EJ,Reference,Pakistan,resid others modern_d2,gas,2025,0.00794562
EJ,Reference,Pakistan,resid others modern_d2,gas,2030,0.00956924
EJ,Reference,Pakistan,resid others modern_d2,gas,2035,0.0118852
EJ,Reference,Pakistan,resid others modern_d2,gas,2040,0.0151589
EJ,Reference,Pakistan,resid others modern_d2,gas,2045,0.0199418
EJ,Reference,Pakistan,resid others modern_d2,gas,2050,0.0256826
EJ,Reference,Pakistan,resid others modern_d2,gas,2055,0.0331035
EJ,Reference,Pakistan,resid others modern_d2,gas,2060,0.0411785
EJ,Reference,Pakistan,resid others modern_d2,gas,2065,0.0490874
EJ,Reference,Pakistan,resid others modern_d2,gas,2070,0.0561318
EJ,Reference,Pakistan,resid others modern_d2,gas,2075,0.0624826
EJ,Reference,Pakistan,resid others modern_d2,gas,2080,0.0677548
EJ,Reference,Pakistan,resid others modern_d2,gas,2085,0.0722797
EJ,Reference,Pakistan,resid others modern_d2,gas,2090,0.0755235
EJ,Reference,Pakistan,resid others modern_d2,gas,2095,0.0774713
EJ,Reference,Pakistan,resid others modern_d2,gas,2100,0.0790269
EJ,Reference,Pakistan,resid others modern_d2,hydrogen,2025,2.52816e-6
EJ,Reference,Pakistan,resid others modern_d2,hydrogen,2030,3.87432e-5
EJ,Reference,Pakistan,resid others modern_d2,hydrogen,2035,7.4909e-5
EJ,Reference,Pakistan,resid others modern_d2,hydrogen,2040,1.33631e-4
EJ,Reference,Pakistan,resid others modern_d2,hydrogen,2045,2.37655e-4
EJ,Reference,Pakistan,resid others modern_d2,hydrogen,2050,4.03025e-4
EJ,Reference,Pakistan,resid others modern_d2,hydrogen,2055,5.53554e-4
EJ,Reference,Pakistan,resid others modern_d2,hydrogen,2060,7.31377e-4
EJ,Reference,Pakistan,resid others modern_d2,hydrogen,2065,0.00093307800000000005
EJ,Reference,Pakistan,resid others modern_d2,hydrogen,2070,0.00112957
EJ,Reference,Pakistan,resid others modern_d2,hydrogen,2075,0.00132213
EJ,Reference,Pakistan,resid others modern_d2,hydrogen,2080,0.00150636
EJ,Reference,Pakistan,resid others modern_d2,hydrogen,2085,0.00167747
EJ,Reference,Pakistan,resid others modern_d2,hydrogen,2090,0.00182253
EJ,Reference,Pakistan,resid others modern_d2,hydrogen,2095,0.00194485
EJ,Reference,Pakistan,resid others modern_d2,hydrogen,2100,0.00206201
EJ,Reference,Pakistan,resid others modern_d2,refined liquids,1990,2.81521e-4
EJ,Reference,Pakistan,resid others modern_d2,refined liquids,2005,1.69081e-4
EJ,Reference,Pakistan,resid others modern_d2,refined liquids,2010,1.22455e-4
EJ,Reference,Pakistan,resid others modern_d2,refined liquids,2015,1.79945e-4
EJ,Reference,Pakistan,resid others modern_d2,refined liquids,2021,2.32996e-4
EJ,Reference,Pakistan,resid others modern_d2,refined liquids,2025,2.05964e-4
EJ,Reference,Pakistan,resid others modern_d2,refined liquids,2030,2.24866e-4
EJ,Reference,Pakistan,resid others modern_d2,refined liquids,2035,2.5884e-4
EJ,Reference,Pakistan,resid others modern_d2,refined liquids,2040,2.97396e-4
EJ,Reference,Pakistan,resid others modern_d2,refined liquids,2045,3.31268e-4
EJ,Reference,Pakistan,resid others modern_d2,refined liquids,2050,3.60029e-4
EJ,Reference,Pakistan,resid others modern_d2,refined liquids,2055,3.66159e-4
EJ,Reference,Pakistan,resid others modern_d2,refined liquids,2060,3.78141e-4
EJ,Reference,Pakistan,resid others modern_d2,refined liquids,2065,3.82755e-4
EJ,Reference,Pakistan,resid others modern_d2,refined liquids,2070,3.76367e-4
EJ,Reference,Pakistan,resid others modern_d2,refined liquids,2075,3.58134e-4
EJ,Reference,Pakistan,resid others modern_d2,refined liquids,2080,3.32774e-4
EJ,Reference,Pakistan,resid others modern_d2,refined liquids,2085,3.03391e-4
EJ,Reference,Pakistan,resid others modern_d2,refined liquids,2090,2.72769e-4
EJ,Reference,Pakistan,resid others modern_d2,refined liquids,2095,2.42393e-4
EJ,Reference,Pakistan,resid others modern_d2,refined liquids,2100,2.1714e-4
EJ,Reference,Pakistan,resid others modern_d3,biomass,1990,1.50103e-4
EJ,Reference,Pakistan,resid others modern_d3,biomass,2005,3.35966e-4
EJ,Reference,Pakistan,resid others modern_d3,biomass,2010,4.05174e-4
EJ,Reference,Pakistan,resid others modern_d3,biomass,2015,4.51568e-4
EJ,Reference,Pakistan,resid others modern_d3,biomass,2021,5.5161e-4
EJ,Reference,Pakistan,resid others modern_d3,biomass,2025,6.24367e-4
EJ,Reference,Pakistan,resid others modern_d3,biomass,2030,6.58303e-4
EJ,Reference,Pakistan,resid others modern_d3,biomass,2035,7.42111e-4
EJ,Reference,Pakistan,resid others modern_d3,biomass,2040,8.45203e-4
EJ,Reference,Pakistan,resid others modern_d3,biomass,2045,9.37209e-4
EJ,Reference,Pakistan,resid others modern_d3,biomass,2050,0.00100669
EJ,Reference,Pakistan,resid others modern_d3,biomass,2055,0.00101039
EJ,Reference,Pakistan,resid others modern_d3,biomass,2060,9.898e-4
EJ,Reference,Pakistan,resid others modern_d3,biomass,2065,9.67205e-4
EJ,Reference,Pakistan,resid others modern_d3,biomass,2070,9.25786e-4
EJ,Reference,Pakistan,resid others modern_d3,biomass,2075,8.63806e-4
EJ,Reference,Pakistan,resid others modern_d3,biomass,2080,7.9518e-4
EJ,Reference,Pakistan,resid others modern_d3,biomass,2085,7.26009e-4
EJ,Reference,Pakistan,resid others modern_d3,biomass,2090,6.49913e-4
EJ,Reference,Pakistan,resid others modern_d3,biomass,2095,5.76359e-4
EJ,Reference,Pakistan,resid others modern_d3,biomass,2100,5.19983e-4
EJ,Reference,Pakistan,resid others modern_d3,electricity,1990,5.9687e-4
EJ,Reference,Pakistan,resid others modern_d3,electricity,2005,0.00259857
EJ,Reference,Pakistan,resid others modern_d3,electricity,2010,0.00325626
EJ,Reference,Pakistan,resid others modern_d3,electricity,2015,0.00404787
EJ,Reference,Pakistan,resid others modern_d3,electricity,2021,0.00637528
EJ,Reference,Pakistan,resid others modern_d3,electricity,2025,0.00869842
EJ,Reference,Pakistan,resid others modern_d3,electricity,2030,0.0121402
EJ,Reference,Pakistan,resid others modern_d3,electricity,2035,0.0167744
EJ,Reference,Pakistan,resid others modern_d3,electricity,2040,0.0233333
EJ,Reference,Pakistan,resid others modern_d3,electricity,2045,0.0323336
EJ,Reference,Pakistan,resid others modern_d3,electricity,2050,0.044061
EJ,Reference,Pakistan,resid others modern_d3,electricity,2055,0.0584143
EJ,Reference,Pakistan,resid others modern_d3,electricity,2060,0.0757709
EJ,Reference,Pakistan,resid others modern_d3,electricity,2065,0.0953083
EJ,Reference,Pakistan,resid others modern_d3,electricity,2070,0.115733
EJ,Reference,Pakistan,resid others modern_d3,electricity,2075,0.135675
EJ,Reference,Pakistan,resid others modern_d3,electricity,2080,0.15358
EJ,Reference,Pakistan,resid others modern_d3,electricity,2085,0.169023
EJ,Reference,Pakistan,resid others modern_d3,electricity,2090,0.182094
EJ,Reference,Pakistan,resid others modern_d3,electricity,2095,0.192737
EJ,Reference,Pakistan,resid others modern_d3,electricity,2100,0.202679
EJ,Reference,Pakistan,resid others modern_d3,gas,1990,0.00133697
EJ,Reference,Pakistan,resid others modern_d3,gas,2005,0.00455791
EJ,Reference,Pakistan,resid others modern_d3,gas,2010,0.00664761
EJ,Reference,Pakistan,resid others modern_d3,gas,2015,0.00780417
EJ,Reference,Pakistan,resid others modern_d3,gas,2021,0.00991796
EJ,Reference,Pakistan,resid others modern_d3,gas,2025,0.00972346
EJ,Reference,Pakistan,resid others modern_d3,gas,2030,0.011673
EJ,Reference,Pakistan,resid others modern_d3,gas,2035,0.014495
EJ,Reference,Pakistan,resid others modern_d3,gas,2040,0.0182933
EJ,Reference,Pakistan,resid others modern_d3,gas,2045,0.0237594
EJ,Reference,Pakistan,resid others modern_d3,gas,2050,0.0301832
EJ,Reference,Pakistan,resid others modern_d3,gas,2055,0.0383413
EJ,Reference,Pakistan,resid others modern_d3,gas,2060,0.0469723
EJ,Reference,Pakistan,resid others modern_d3,gas,2065,0.0551368
EJ,Reference,Pakistan,resid others modern_d3,gas,2070,0.0621493
EJ,Reference,Pakistan,resid others modern_d3,gas,2075,0.0682497
EJ,Reference,Pakistan,resid others modern_d3,gas,2080,0.0731087
EJ,Reference,Pakistan,resid others modern_d3,gas,2085,0.0771561
EJ,Reference,Pakistan,resid others modern_d3,gas,2090,0.0798676
EJ,Reference,Pakistan,resid others modern_d3,gas,2095,0.081292
EJ,Reference,Pakistan,resid others modern_d3,gas,2100,0.0823888
EJ,Reference,Pakistan,resid others modern_d3,hydrogen,2025,3.09383e-6
EJ,Reference,Pakistan,resid others modern_d3,hydrogen,2030,4.72608e-5
EJ,Reference,Pakistan,resid others modern_d3,hydrogen,2035,9.13581e-5
EJ,Reference,Pakistan,resid others modern_d3,hydrogen,2040,1.61262e-4
EJ,Reference,Pakistan,resid others modern_d3,hydrogen,2045,2.83151e-4
EJ,Reference,Pakistan,resid others modern_d3,hydrogen,2050,4.7365e-4
EJ,Reference,Pakistan,resid others modern_d3,hydrogen,2055,6.41141e-4
EJ,Reference,Pakistan,resid others modern_d3,hydrogen,2060,8.34281e-4
EJ,Reference,Pakistan,resid others modern_d3,hydrogen,2065,0.00104807
EJ,Reference,Pakistan,resid others modern_d3,hydrogen,2070,0.00125066
EJ,Reference,Pakistan,resid others modern_d3,hydrogen,2075,0.00144416
EJ,Reference,Pakistan,resid others modern_d3,hydrogen,2080,0.00162539
EJ,Reference,Pakistan,resid others modern_d3,hydrogen,2085,0.00179064
EJ,Reference,Pakistan,resid others modern_d3,hydrogen,2090,0.00192736
EJ,Reference,Pakistan,resid others modern_d3,hydrogen,2095,0.00204077
EJ,Reference,Pakistan,resid others modern_d3,hydrogen,2100,0.00214973
EJ,Reference,Pakistan,resid others modern_d3,refined liquids,1990,3.8868e-4
EJ,Reference,Pakistan,resid others modern_d3,refined liquids,2005,2.20205e-4
EJ,Reference,Pakistan,resid others modern_d3,refined liquids,2010,1.58477e-4
EJ,Reference,Pakistan,resid others modern_d3,refined liquids,2015,2.34814e-4
EJ,Reference,Pakistan,resid others modern_d3,refined liquids,2021,2.92238e-4
EJ,Reference,Pakistan,resid others modern_d3,refined liquids,2025,2.52049e-4
EJ,Reference,Pakistan,resid others modern_d3,refined liquids,2030,2.74302e-4
EJ,Reference,Pakistan,resid others modern_d3,refined liquids,2035,3.15677e-4
EJ,Reference,Pakistan,resid others modern_d3,refined liquids,2040,3.58888e-4
EJ,Reference,Pakistan,resid others modern_d3,refined liquids,2045,3.94686e-4
EJ,Reference,Pakistan,resid others modern_d3,refined liquids,2050,4.23119e-4
EJ,Reference,Pakistan,resid others modern_d3,refined liquids,2055,4.24095e-4
EJ,Reference,Pakistan,resid others modern_d3,refined liquids,2060,4.31345e-4
EJ,Reference,Pakistan,resid others modern_d3,refined liquids,2065,4.29925e-4
EJ,Reference,Pakistan,resid others modern_d3,refined liquids,2070,4.16715e-4
EJ,Reference,Pakistan,resid others modern_d3,refined liquids,2075,3.9119e-4
EJ,Reference,Pakistan,resid others modern_d3,refined liquids,2080,3.5907e-4
EJ,Reference,Pakistan,resid others modern_d3,refined liquids,2085,3.2386e-4
EJ,Reference,Pakistan,resid others modern_d3,refined liquids,2090,2.88459e-4
EJ,Reference,Pakistan,resid others modern_d3,refined liquids,2095,2.54347e-4
EJ,Reference,Pakistan,resid others modern_d3,refined liquids,2100,2.26377e-4
EJ,Reference,Pakistan,resid others modern_d4,biomass,1990,1.92222e-4
EJ,Reference,Pakistan,resid others modern_d4,biomass,2005,4.07456e-4
EJ,Reference,Pakistan,resid others modern_d4,biomass,2010,4.89911e-4
EJ,Reference,Pakistan,resid others modern_d4,biomass,2015,5.49343e-4
EJ,Reference,Pakistan,resid others modern_d4,biomass,2021,6.5042e-4
EJ,Reference,Pakistan,resid others modern_d4,biomass,2025,7.21727e-4
EJ,Reference,Pakistan,resid others modern_d4,biomass,2030,7.62852e-4
EJ,Reference,Pakistan,resid others modern_d4,biomass,2035,8.54295e-4
EJ,Reference,Pakistan,resid others modern_d4,biomass,2040,9.64778e-4
EJ,Reference,Pakistan,resid others modern_d4,biomass,2045,0.00105884
EJ,Reference,Pakistan,resid others modern_d4,biomass,2050,0.0011249
EJ,Reference,Pakistan,resid others modern_d4,biomass,2055,0.00111602
EJ,Reference,Pakistan,resid others modern_d4,biomass,2060,0.00108031
EJ,Reference,Pakistan,resid others modern_d4,biomass,2065,0.00104328
EJ,Reference,Pakistan,resid others modern_d4,biomass,2070,9.88048e-4
EJ,Reference,Pakistan,resid others modern_d4,biomass,2075,9.13031e-4
EJ,Reference,Pakistan,resid others modern_d4,biomass,2080,8.33445e-4
EJ,Reference,Pakistan,resid others modern_d4,biomass,2085,7.55524e-4
EJ,Reference,Pakistan,resid others modern_d4,biomass,2090,6.72299e-4
EJ,Reference,Pakistan,resid others modern_d4,biomass,2095,5.93366e-4
EJ,Reference,Pakistan,resid others modern_d4,biomass,2100,5.33243e-4
EJ,Reference,Pakistan,resid others modern_d4,electricity,1990,7.64353e-4
EJ,Reference,Pakistan,resid others modern_d4,electricity,2005,0.00315152
EJ,Reference,Pakistan,resid others modern_d4,electricity,2010,0.00393726
EJ,Reference,Pakistan,resid others modern_d4,electricity,2015,0.00492432
EJ,Reference,Pakistan,resid others modern_d4,electricity,2021,0.00751728
EJ,Reference,Pakistan,resid others modern_d4,electricity,2025,0.0100548
EJ,Reference,Pakistan,resid others modern_d4,electricity,2030,0.0140683
EJ,Reference,Pakistan,resid others modern_d4,electricity,2035,0.0193102
EJ,Reference,Pakistan,resid others modern_d4,electricity,2040,0.0266344
EJ,Reference,Pakistan,resid others modern_d4,electricity,2045,0.0365299
EJ,Reference,Pakistan,resid others modern_d4,electricity,2050,0.0492348
EJ,Reference,Pakistan,resid others modern_d4,electricity,2055,0.0645207
EJ,Reference,Pakistan,resid others modern_d4,electricity,2060,0.0826998
EJ,Reference,Pakistan,resid others modern_d4,electricity,2065,0.102804
EJ,Reference,Pakistan,resid others modern_d4,electricity,2070,0.123517
EJ,Reference,Pakistan,resid others modern_d4,electricity,2075,0.143406
EJ,Reference,Pakistan,resid others modern_d4,electricity,2080,0.16097
EJ,Reference,Pakistan,resid others modern_d4,electricity,2085,0.175895
EJ,Reference,Pakistan,resid others modern_d4,electricity,2090,0.188366
EJ,Reference,Pakistan,resid others modern_d4,electricity,2095,0.198424
EJ,Reference,Pakistan,resid others modern_d4,electricity,2100,0.207847
EJ,Reference,Pakistan,resid others modern_d4,gas,1990,0.00171213
EJ,Reference,Pakistan,resid others modern_d4,gas,2005,0.00552778
EJ,Reference,Pakistan,resid others modern_d4,gas,2010,0.00803788
EJ,Reference,Pakistan,resid others modern_d4,gas,2015,0.00949394
EJ,Reference,Pakistan,resid others modern_d4,gas,2021,0.0116946
EJ,Reference,Pakistan,resid others modern_d4,gas,2025,0.0112397
EJ,Reference,Pakistan,resid others modern_d4,gas,2030,0.0135269
EJ,Reference,Pakistan,resid others modern_d4,gas,2035,0.0166862
EJ,Reference,Pakistan,resid others modern_d4,gas,2040,0.0208813
EJ,Reference,Pakistan,resid others modern_d4,gas,2045,0.0268429
EJ,Reference,Pakistan,resid others modern_d4,gas,2050,0.0337274
EJ,Reference,Pakistan,resid others modern_d4,gas,2055,0.0423494
EJ,Reference,Pakistan,resid others modern_d4,gas,2060,0.0512677
EJ,Reference,Pakistan,resid others modern_d4,gas,2065,0.0594734
EJ,Reference,Pakistan,resid others modern_d4,gas,2070,0.0663291
EJ,Reference,Pakistan,resid others modern_d4,gas,2075,0.072139
EJ,Reference,Pakistan,resid others modern_d4,gas,2080,0.0766268
EJ,Reference,Pakistan,resid others modern_d4,gas,2085,0.0802928
EJ,Reference,Pakistan,resid others modern_d4,gas,2090,0.0826186
EJ,Reference,Pakistan,resid others modern_d4,gas,2095,0.0836908
EJ,Reference,Pakistan,resid others modern_d4,gas,2100,0.0844897
EJ,Reference,Pakistan,resid others modern_d4,hydrogen,2025,3.57627e-6
EJ,Reference,Pakistan,resid others modern_d4,hydrogen,2030,5.47665e-5
EJ,Reference,Pakistan,resid others modern_d4,hydrogen,2035,1.05169e-4
EJ,Reference,Pakistan,resid others modern_d4,hydrogen,2040,1.84077e-4
EJ,Reference,Pakistan,resid others modern_d4,hydrogen,2045,3.19899e-4
EJ,Reference,Pakistan,resid others modern_d4,hydrogen,2050,5.29269e-4
EJ,Reference,Pakistan,resid others modern_d4,hydrogen,2055,7.08164e-4
EJ,Reference,Pakistan,resid others modern_d4,hydrogen,2060,9.10572e-4
EJ,Reference,Pakistan,resid others modern_d4,hydrogen,2065,0.0011305
EJ,Reference,Pakistan,resid others modern_d4,hydrogen,2070,0.00133477
EJ,Reference,Pakistan,resid others modern_d4,hydrogen,2075,0.00152646
EJ,Reference,Pakistan,resid others modern_d4,hydrogen,2080,0.00170361
EJ,Reference,Pakistan,resid others modern_d4,hydrogen,2085,0.00186344
EJ,Reference,Pakistan,resid others modern_d4,hydrogen,2090,0.00199374
EJ,Reference,Pakistan,resid others modern_d4,hydrogen,2095,0.00210099
EJ,Reference,Pakistan,resid others modern_d4,hydrogen,2100,0.00220454
EJ,Reference,Pakistan,resid others modern_d4,refined liquids,1990,4.97744e-4
EJ,Reference,Pakistan,resid others modern_d4,refined liquids,2005,2.67062e-4
EJ,Reference,Pakistan,resid others modern_d4,refined liquids,2010,1.9162e-4
EJ,Reference,Pakistan,resid others modern_d4,refined liquids,2015,2.85656e-4
EJ,Reference,Pakistan,resid others modern_d4,refined liquids,2021,3.44586e-4
EJ,Reference,Pakistan,resid others modern_d4,refined liquids,2025,2.91352e-4
EJ,Reference,Pakistan,resid others modern_d4,refined liquids,2030,3.17866e-4
EJ,Reference,Pakistan,resid others modern_d4,refined liquids,2035,3.63398e-4
EJ,Reference,Pakistan,resid others modern_d4,refined liquids,2040,4.09662e-4
EJ,Reference,Pakistan,resid others modern_d4,refined liquids,2045,4.45908e-4
EJ,Reference,Pakistan,resid others modern_d4,refined liquids,2050,4.72804e-4
EJ,Reference,Pakistan,resid others modern_d4,refined liquids,2055,4.68428e-4
EJ,Reference,Pakistan,resid others modern_d4,refined liquids,2060,4.70789e-4
EJ,Reference,Pakistan,resid others modern_d4,refined liquids,2065,4.6374e-4
EJ,Reference,Pakistan,resid others modern_d4,refined liquids,2070,4.44741e-4
EJ,Reference,Pakistan,resid others modern_d4,refined liquids,2075,4.13482e-4
EJ,Reference,Pakistan,resid others modern_d4,refined liquids,2080,3.76348e-4
EJ,Reference,Pakistan,resid others modern_d4,refined liquids,2085,3.37026e-4
EJ,Reference,Pakistan,resid others modern_d4,refined liquids,2090,2.98395e-4
EJ,Reference,Pakistan,resid others modern_d4,refined liquids,2095,2.61852e-4
EJ,Reference,Pakistan,resid others modern_d4,refined liquids,2100,2.3215e-4
EJ,Reference,Pakistan,resid others modern_d5,biomass,1990,2.3921e-4
EJ,Reference,Pakistan,resid others modern_d5,biomass,2005,4.84597e-4
EJ,Reference,Pakistan,resid others modern_d5,biomass,2010,5.77139e-4
EJ,Reference,Pakistan,resid others modern_d5,biomass,2015,6.50378e-4
EJ,Reference,Pakistan,resid others modern_d5,biomass,2021,7.49133e-4
EJ,Reference,Pakistan,resid others modern_d5,biomass,2025,8.16506e-4
EJ,Reference,Pakistan,resid others modern_d5,biomass,2030,8.6418e-4
EJ,Reference,Pakistan,resid others modern_d5,biomass,2035,9.6196e-4
EJ,Reference,Pakistan,resid others modern_d5,biomass,2040,0.00107789
EJ,Reference,Pakistan,resid others modern_d5,biomass,2045,0.00117173
EJ,Reference,Pakistan,resid others modern_d5,biomass,2050,0.00123225
EJ,Reference,Pakistan,resid others modern_d5,biomass,2055,0.00120958
EJ,Reference,Pakistan,resid others modern_d5,biomass,2060,0.00115833
EJ,Reference,Pakistan,resid others modern_d5,biomass,2065,0.00110699
EJ,Reference,Pakistan,resid others modern_d5,biomass,2070,0.00103882
EJ,Reference,Pakistan,resid others modern_d5,biomass,2075,9.52216e-4
EJ,Reference,Pakistan,resid others modern_d5,biomass,2080,8.63286e-4
EJ,Reference,Pakistan,resid others modern_d5,biomass,2085,7.78177e-4
EJ,Reference,Pakistan,resid others modern_d5,biomass,2090,6.89298e-4
EJ,Reference,Pakistan,resid others modern_d5,biomass,2095,6.06217e-4
EJ,Reference,Pakistan,resid others modern_d5,biomass,2100,5.43227e-4
EJ,Reference,Pakistan,resid others modern_d5,electricity,1990,9.51194e-4
EJ,Reference,Pakistan,resid others modern_d5,electricity,2005,0.00374818
EJ,Reference,Pakistan,resid others modern_d5,electricity,2010,0.00463829
EJ,Reference,Pakistan,resid others modern_d5,electricity,2015,0.00583
EJ,Reference,Pakistan,resid others modern_d5,electricity,2021,0.00865817
EJ,Reference,Pakistan,resid others modern_d5,electricity,2025,0.0113752
EJ,Reference,Pakistan,resid others modern_d5,electricity,2030,0.015937
EJ,Reference,Pakistan,resid others modern_d5,electricity,2035,0.0217438
EJ,Reference,Pakistan,resid others modern_d5,electricity,2040,0.0297571
EJ,Reference,Pakistan,resid others modern_d5,electricity,2045,0.0404247
EJ,Reference,Pakistan,resid others modern_d5,electricity,2050,0.0539332
EJ,Reference,Pakistan,resid others modern_d5,electricity,2055,0.0699299
EJ,Reference,Pakistan,resid others modern_d5,electricity,2060,0.0886723
EJ,Reference,Pakistan,resid others modern_d5,electricity,2065,0.109082
EJ,Reference,Pakistan,resid others modern_d5,electricity,2070,0.129864
EJ,Reference,Pakistan,resid others modern_d5,electricity,2075,0.149561
EJ,Reference,Pakistan,resid others modern_d5,electricity,2080,0.166734
EJ,Reference,Pakistan,resid others modern_d5,electricity,2085,0.181169
EJ,Reference,Pakistan,resid others modern_d5,electricity,2090,0.193129
EJ,Reference,Pakistan,resid others modern_d5,electricity,2095,0.202722
EJ,Reference,Pakistan,resid others modern_d5,electricity,2100,0.211739
EJ,Reference,Pakistan,resid others modern_d5,gas,1990,0.00213065
EJ,Reference,Pakistan,resid others modern_d5,gas,2005,0.00657433
EJ,Reference,Pakistan,resid others modern_d5,gas,2010,0.00946901
EJ,Reference,Pakistan,resid others modern_d5,gas,2015,0.0112401
EJ,Reference,Pakistan,resid others modern_d5,gas,2021,0.0134694
EJ,Reference,Pakistan,resid others modern_d5,gas,2025,0.0127157
EJ,Reference,Pakistan,resid others modern_d5,gas,2030,0.0153236
EJ,Reference,Pakistan,resid others modern_d5,gas,2035,0.0187891
EJ,Reference,Pakistan,resid others modern_d5,gas,2040,0.0233295
EJ,Reference,Pakistan,resid others modern_d5,gas,2045,0.0297049
EJ,Reference,Pakistan,resid others modern_d5,gas,2050,0.036946
EJ,Reference,Pakistan,resid others modern_d5,gas,2055,0.0458998
EJ,Reference,Pakistan,resid others modern_d5,gas,2060,0.0549702
EJ,Reference,Pakistan,resid others modern_d5,gas,2065,0.0631053
EJ,Reference,Pakistan,resid others modern_d5,gas,2070,0.0697377
EJ,Reference,Pakistan,resid others modern_d5,gas,2075,0.075235
EJ,Reference,Pakistan,resid others modern_d5,gas,2080,0.0793704
EJ,Reference,Pakistan,resid others modern_d5,gas,2085,0.0827003
EJ,Reference,Pakistan,resid others modern_d5,gas,2090,0.0847075
EJ,Reference,Pakistan,resid others modern_d5,gas,2095,0.0855034
EJ,Reference,Pakistan,resid others modern_d5,gas,2100,0.0860716
EJ,Reference,Pakistan,resid others modern_d5,hydrogen,2025,4.04591e-6
EJ,Reference,Pakistan,resid others modern_d5,hydrogen,2030,6.20411e-5
EJ,Reference,Pakistan,resid others modern_d5,hydrogen,2035,1.18423e-4
EJ,Reference,Pakistan,resid others modern_d5,hydrogen,2040,2.05659e-4
EJ,Reference,Pakistan,resid others modern_d5,hydrogen,2045,3.54006e-4
EJ,Reference,Pakistan,resid others modern_d5,hydrogen,2050,5.79775e-4
EJ,Reference,Pakistan,resid others modern_d5,hydrogen,2055,7.67534e-4
EJ,Reference,Pakistan,resid others modern_d5,hydrogen,2060,9.76333e-4
EJ,Reference,Pakistan,resid others modern_d5,hydrogen,2065,0.00119954
EJ,Reference,Pakistan,resid others modern_d5,hydrogen,2070,0.00140337
EJ,Reference,Pakistan,resid others modern_d5,hydrogen,2075,0.00159197
EJ,Reference,Pakistan,resid others modern_d5,hydrogen,2080,0.0017646
EJ,Reference,Pakistan,resid others modern_d5,hydrogen,2085,0.00191931
EJ,Reference,Pakistan,resid others modern_d5,hydrogen,2090,0.00204415
EJ,Reference,Pakistan,resid others modern_d5,hydrogen,2095,0.00214649
EJ,Reference,Pakistan,resid others modern_d5,hydrogen,2100,0.00224582
EJ,Reference,Pakistan,resid others modern_d5,refined liquids,1990,6.19414e-4
EJ,Reference,Pakistan,resid others modern_d5,refined liquids,2005,3.17624e-4
EJ,Reference,Pakistan,resid others modern_d5,refined liquids,2010,2.25738e-4
EJ,Reference,Pakistan,resid others modern_d5,refined liquids,2015,3.38194e-4
EJ,Reference,Pakistan,resid others modern_d5,refined liquids,2021,3.96884e-4
EJ,Reference,Pakistan,resid others modern_d5,refined liquids,2025,3.29613e-4
EJ,Reference,Pakistan,resid others modern_d5,refined liquids,2030,3.60087e-4
EJ,Reference,Pakistan,resid others modern_d5,refined liquids,2035,4.09196e-4
EJ,Reference,Pakistan,resid others modern_d5,refined liquids,2040,4.57693e-4
EJ,Reference,Pakistan,resid others modern_d5,refined liquids,2045,4.93451e-4
EJ,Reference,Pakistan,resid others modern_d5,refined liquids,2050,5.17923e-4
EJ,Reference,Pakistan,resid others modern_d5,refined liquids,2055,5.077e-4
EJ,Reference,Pakistan,resid others modern_d5,refined liquids,2060,5.04789e-4
EJ,Reference,Pakistan,resid others modern_d5,refined liquids,2065,4.92058e-4
EJ,Reference,Pakistan,resid others modern_d5,refined liquids,2070,4.67596e-4
EJ,Reference,Pakistan,resid others modern_d5,refined liquids,2075,4.31228e-4
EJ,Reference,Pakistan,resid others modern_d5,refined liquids,2080,3.89823e-4
EJ,Reference,Pakistan,resid others modern_d5,refined liquids,2085,3.47131e-4
EJ,Reference,Pakistan,resid others modern_d5,refined liquids,2090,3.05939e-4
EJ,Reference,Pakistan,resid others modern_d5,refined liquids,2095,2.67524e-4
EJ,Reference,Pakistan,resid others modern_d5,refined liquids,2100,2.36496e-4
EJ,Reference,Pakistan,resid others modern_d6,biomass,1990,2.96671e-4
EJ,Reference,Pakistan,resid others modern_d6,biomass,2005,5.69438e-4
EJ,Reference,Pakistan,resid others modern_d6,biomass,2010,6.76836e-4
EJ,Reference,Pakistan,resid others modern_d6,biomass,2015,7.65629e-4
EJ,Reference,Pakistan,resid others modern_d6,biomass,2021,8.60549e-4
EJ,Reference,Pakistan,resid others modern_d6,biomass,2025,9.22877e-4
EJ,Reference,Pakistan,resid others modern_d6,biomass,2030,9.77235e-4
EJ,Reference,Pakistan,resid others modern_d6,biomass,2035,0.00108102
EJ,Reference,Pakistan,resid others modern_d6,biomass,2040,0.0012014
EJ,Reference,Pakistan,resid others modern_d6,biomass,2045,0.001293
EJ,Reference,Pakistan,resid others modern_d6,biomass,2050,0.00134543
EJ,Reference,Pakistan,resid others modern_d6,biomass,2055,0.00130619
EJ,Reference,Pakistan,resid others modern_d6,biomass,2060,0.00123706
EJ,Reference,Pakistan,resid others modern_d6,biomass,2065,0.00116977
EJ,Reference,Pakistan,resid others modern_d6,biomass,2070,0.00108779
EJ,Reference,Pakistan,resid others modern_d6,biomass,2075,9.89273e-4
EJ,Reference,Pakistan,resid others modern_d6,biomass,2080,8.91058e-4
EJ,Reference,Pakistan,resid others modern_d6,biomass,2085,7.99014e-4
EJ,Reference,Pakistan,resid others modern_d6,biomass,2090,7.04825e-4
EJ,Reference,Pakistan,resid others modern_d6,biomass,2095,6.17933e-4
EJ,Reference,Pakistan,resid others modern_d6,biomass,2100,5.52314e-4
EJ,Reference,Pakistan,resid others modern_d6,electricity,1990,0.00117968
EJ,Reference,Pakistan,resid others modern_d6,electricity,2005,0.0044044
EJ,Reference,Pakistan,resid others modern_d6,electricity,2010,0.00543952
EJ,Reference,Pakistan,resid others modern_d6,electricity,2015,0.00686312
EJ,Reference,Pakistan,resid others modern_d6,electricity,2021,0.00994587
EJ,Reference,Pakistan,resid others modern_d6,electricity,2025,0.0128571
EJ,Reference,Pakistan,resid others modern_d6,electricity,2030,0.0180219
EJ,Reference,Pakistan,resid others modern_d6,electricity,2035,0.0244349
EJ,Reference,Pakistan,resid others modern_d6,electricity,2040,0.0331666
EJ,Reference,Pakistan,resid others modern_d6,electricity,2045,0.0446082
EJ,Reference,Pakistan,resid others modern_d6,electricity,2050,0.0588869
EJ,Reference,Pakistan,resid others modern_d6,electricity,2055,0.0755149
EJ,Reference,Pakistan,resid others modern_d6,electricity,2060,0.0946994
EJ,Reference,Pakistan,resid others modern_d6,electricity,2065,0.115269
EJ,Reference,Pakistan,resid others modern_d6,electricity,2070,0.135985
EJ,Reference,Pakistan,resid others modern_d6,electricity,2075,0.155381
EJ,Reference,Pakistan,resid others modern_d6,electricity,2080,0.172098
EJ,Reference,Pakistan,resid others modern_d6,electricity,2085,0.186019
EJ,Reference,Pakistan,resid others modern_d6,electricity,2090,0.197479
EJ,Reference,Pakistan,resid others modern_d6,electricity,2095,0.20664
EJ,Reference,Pakistan,resid others modern_d6,electricity,2100,0.215281
EJ,Reference,Pakistan,resid others modern_d6,gas,1990,0.00264246
EJ,Reference,Pakistan,resid others modern_d6,gas,2005,0.00772533
EJ,Reference,Pakistan,resid others modern_d6,gas,2010,0.0111047
EJ,Reference,Pakistan,resid others modern_d6,gas,2015,0.0132319
EJ,Reference,Pakistan,resid others modern_d6,gas,2021,0.0154727
EJ,Reference,Pakistan,resid others modern_d6,gas,2025,0.0143722
EJ,Reference,Pakistan,resid others modern_d6,gas,2030,0.0173283
EJ,Reference,Pakistan,resid others modern_d6,gas,2035,0.0211146
EJ,Reference,Pakistan,resid others modern_d6,gas,2040,0.0260026
EJ,Reference,Pakistan,resid others modern_d6,gas,2045,0.0327791
EJ,Reference,Pakistan,resid others modern_d6,gas,2050,0.0403394
EJ,Reference,Pakistan,resid others modern_d6,gas,2055,0.0495656
EJ,Reference,Pakistan,resid others modern_d6,gas,2060,0.0587066
EJ,Reference,Pakistan,resid others modern_d6,gas,2065,0.0666843
EJ,Reference,Pakistan,resid others modern_d6,gas,2070,0.0730246
EJ,Reference,Pakistan,resid others modern_d6,gas,2075,0.0781629
EJ,Reference,Pakistan,resid others modern_d6,gas,2080,0.0819237
EJ,Reference,Pakistan,resid others modern_d6,gas,2085,0.0849146
EJ,Reference,Pakistan,resid others modern_d6,gas,2090,0.0866157
EJ,Reference,Pakistan,resid others modern_d6,gas,2095,0.0871558
EJ,Reference,Pakistan,resid others modern_d6,gas,2100,0.0875115
EJ,Reference,Pakistan,resid others modern_d6,hydrogen,2025,4.57299e-6
EJ,Reference,Pakistan,resid others modern_d6,hydrogen,2030,7.01575e-5
EJ,Reference,Pakistan,resid others modern_d6,hydrogen,2035,1.33079e-4
EJ,Reference,Pakistan,resid others modern_d6,hydrogen,2040,2.29223e-4
EJ,Reference,Pakistan,resid others modern_d6,hydrogen,2045,3.90642e-4
EJ,Reference,Pakistan,resid others modern_d6,hydrogen,2050,6.33027e-4
EJ,Reference,Pakistan,resid others modern_d6,hydrogen,2055,8.28834e-4
EJ,Reference,Pakistan,resid others modern_d6,hydrogen,2060,0.00104269
EJ,Reference,Pakistan,resid others modern_d6,hydrogen,2065,0.00126757
EJ,Reference,Pakistan,resid others modern_d6,hydrogen,2070,0.00146951
EJ,Reference,Pakistan,resid others modern_d6,hydrogen,2075,0.00165392
EJ,Reference,Pakistan,resid others modern_d6,hydrogen,2080,0.00182137
EJ,Reference,Pakistan,resid others modern_d6,hydrogen,2085,0.0019707
EJ,Reference,Pakistan,resid others modern_d6,hydrogen,2090,0.0020902
EJ,Reference,Pakistan,resid others modern_d6,hydrogen,2095,0.00218797
EJ,Reference,Pakistan,resid others modern_d6,hydrogen,2100,0.00228339
EJ,Reference,Pakistan,resid others modern_d6,refined liquids,1990,7.68204e-4
EJ,Reference,Pakistan,resid others modern_d6,refined liquids,2005,3.73232e-4
EJ,Reference,Pakistan,resid others modern_d6,refined liquids,2010,2.64733e-4
EJ,Reference,Pakistan,resid others modern_d6,refined liquids,2015,3.98125e-4
EJ,Reference,Pakistan,resid others modern_d6,refined liquids,2021,4.55911e-4
EJ,Reference,Pakistan,resid others modern_d6,refined liquids,2025,3.72554e-4
EJ,Reference,Pakistan,resid others modern_d6,refined liquids,2030,4.07195e-4
EJ,Reference,Pakistan,resid others modern_d6,refined liquids,2035,4.5984e-4
EJ,Reference,Pakistan,resid others modern_d6,refined liquids,2040,5.10134e-4
EJ,Reference,Pakistan,resid others modern_d6,refined liquids,2045,5.44518e-4
EJ,Reference,Pakistan,resid others modern_d6,refined liquids,2050,5.65493e-4
EJ,Reference,Pakistan,resid others modern_d6,refined liquids,2055,5.48248e-4
EJ,Reference,Pakistan,resid others modern_d6,refined liquids,2060,5.391e-4
EJ,Reference,Pakistan,resid others modern_d6,refined liquids,2065,5.19965e-4
EJ,Reference,Pakistan,resid others modern_d6,refined liquids,2070,4.89635e-4
EJ,Reference,Pakistan,resid others modern_d6,refined liquids,2075,4.48009e-4
EJ,Reference,Pakistan,resid others modern_d6,refined liquids,2080,4.02364e-4
EJ,Reference,Pakistan,resid others modern_d6,refined liquids,2085,3.56426e-4
EJ,Reference,Pakistan,resid others modern_d6,refined liquids,2090,3.12831e-4
EJ,Reference,Pakistan,resid others modern_d6,refined liquids,2095,2.72694e-4
EJ,Reference,Pakistan,resid others modern_d6,refined liquids,2100,2.40453e-4
EJ,Reference,Pakistan,resid others modern_d7,biomass,1990,3.7462e-4
EJ,Reference,Pakistan,resid others modern_d7,biomass,2005,6.89044e-4
EJ,Reference,Pakistan,resid others modern_d7,biomass,2010,8.02969e-4
EJ,Reference,Pakistan,resid others modern_d7,biomass,2015,9.10359e-4
EJ,Reference,Pakistan,resid others modern_d7,biomass,2021,0.00100182
EJ,Reference,Pakistan,resid others modern_d7,biomass,2025,0.00106154
EJ,Reference,Pakistan,resid others modern_d7,biomass,2030,0.00112123
EJ,Reference,Pakistan,resid others modern_d7,biomass,2035,0.00123123
EJ,Reference,Pakistan,resid others modern_d7,biomass,2040,0.0013552
EJ,Reference,Pakistan,resid others modern_d7,biomass,2045,0.00144158
EJ,Reference,Pakistan,resid others modern_d7,biomass,2050,0.00148161
EJ,Reference,Pakistan,resid others modern_d7,biomass,2055,0.00142011
EJ,Reference,Pakistan,resid others modern_d7,biomass,2060,0.00132791
EJ,Reference,Pakistan,resid others modern_d7,biomass,2065,0.00124065
EJ,Reference,Pakistan,resid others modern_d7,biomass,2070,0.00114199
EJ,Reference,Pakistan,resid others modern_d7,biomass,2075,0.00102959
EJ,Reference,Pakistan,resid others modern_d7,biomass,2080,9.20868e-4
EJ,Reference,Pakistan,resid others modern_d7,biomass,2085,8.21178e-4
EJ,Reference,Pakistan,resid others modern_d7,biomass,2090,7.21275e-4
EJ,Reference,Pakistan,resid others modern_d7,biomass,2095,6.30353e-4
EJ,Reference,Pakistan,resid others modern_d7,biomass,2100,5.6195e-4
EJ,Reference,Pakistan,resid others modern_d7,electricity,1990,0.00148964
EJ,Reference,Pakistan,resid others modern_d7,electricity,2005,0.0053295
EJ,Reference,Pakistan,resid others modern_d7,electricity,2010,0.00645321
EJ,Reference,Pakistan,resid others modern_d7,electricity,2015,0.00816048
EJ,Reference,Pakistan,resid others modern_d7,electricity,2021,0.0115786
EJ,Reference,Pakistan,resid others modern_d7,electricity,2025,0.0147889
EJ,Reference,Pakistan,resid others modern_d7,electricity,2030,0.0206773
EJ,Reference,Pakistan,resid others modern_d7,electricity,2035,0.0278303
EJ,Reference,Pakistan,resid others modern_d7,electricity,2040,0.0374126
EJ,Reference,Pakistan,resid others modern_d7,electricity,2045,0.0497343
EJ,Reference,Pakistan,resid others modern_d7,electricity,2050,0.0648474
EJ,Reference,Pakistan,resid others modern_d7,electricity,2055,0.082101
EJ,Reference,Pakistan,resid others modern_d7,electricity,2060,0.101654
EJ,Reference,Pakistan,resid others modern_d7,electricity,2065,0.122254
EJ,Reference,Pakistan,resid others modern_d7,electricity,2070,0.142761
EJ,Reference,Pakistan,resid others modern_d7,electricity,2075,0.161714
EJ,Reference,Pakistan,resid others modern_d7,electricity,2080,0.177855
EJ,Reference,Pakistan,resid others modern_d7,electricity,2085,0.19118
EJ,Reference,Pakistan,resid others modern_d7,electricity,2090,0.202088
EJ,Reference,Pakistan,resid others modern_d7,electricity,2095,0.210793
EJ,Reference,Pakistan,resid others modern_d7,electricity,2100,0.219037
EJ,Reference,Pakistan,resid others modern_d7,gas,1990,0.00333675
EJ,Reference,Pakistan,resid others modern_d7,gas,2005,0.00934797
EJ,Reference,Pakistan,resid others modern_d7,gas,2010,0.0131742
EJ,Reference,Pakistan,resid others modern_d7,gas,2015,0.0157332
EJ,Reference,Pakistan,resid others modern_d7,gas,2021,0.0180128
EJ,Reference,Pakistan,resid others modern_d7,gas,2025,0.0165317
EJ,Reference,Pakistan,resid others modern_d7,gas,2030,0.0198815
EJ,Reference,Pakistan,resid others modern_d7,gas,2035,0.0240486
EJ,Reference,Pakistan,resid others modern_d7,gas,2040,0.0293314
EJ,Reference,Pakistan,resid others modern_d7,gas,2045,0.0365459
EJ,Reference,Pakistan,resid others modern_d7,gas,2050,0.0444226
EJ,Reference,Pakistan,resid others modern_d7,gas,2055,0.0538885
EJ,Reference,Pakistan,resid others modern_d7,gas,2060,0.063018
EJ,Reference,Pakistan,resid others modern_d7,gas,2065,0.0707249
EJ,Reference,Pakistan,resid others modern_d7,gas,2070,0.0766635
EJ,Reference,Pakistan,resid others modern_d7,gas,2075,0.0813486
EJ,Reference,Pakistan,resid others modern_d7,gas,2080,0.0846645
EJ,Reference,Pakistan,resid others modern_d7,gas,2085,0.0872702
EJ,Reference,Pakistan,resid others modern_d7,gas,2090,0.0886372
EJ,Reference,Pakistan,resid others modern_d7,gas,2095,0.0889075
EJ,Reference,Pakistan,resid others modern_d7,gas,2100,0.0890383
EJ,Reference,Pakistan,resid others modern_d7,hydrogen,2025,5.26009e-6
EJ,Reference,Pakistan,resid others modern_d7,hydrogen,2030,8.04948e-5
EJ,Reference,Pakistan,resid others modern_d7,hydrogen,2035,1.51571e-4
EJ,Reference,Pakistan,resid others modern_d7,hydrogen,2040,2.58568e-4
EJ,Reference,Pakistan,resid others modern_d7,hydrogen,2045,4.35533e-4
EJ,Reference,Pakistan,resid others modern_d7,hydrogen,2050,6.97102e-4
EJ,Reference,Pakistan,resid others modern_d7,hydrogen,2055,9.01121e-4
EJ,Reference,Pakistan,resid others modern_d7,hydrogen,2060,0.00111927
EJ,Reference,Pakistan,resid others modern_d7,hydrogen,2065,0.00134438
EJ,Reference,Pakistan,resid others modern_d7,hydrogen,2070,0.00154274
EJ,Reference,Pakistan,resid others modern_d7,hydrogen,2075,0.00172133
EJ,Reference,Pakistan,resid others modern_d7,hydrogen,2080,0.00188231
EJ,Reference,Pakistan,resid others modern_d7,hydrogen,2085,0.00202537
EJ,Reference,Pakistan,resid others modern_d7,hydrogen,2090,0.00213898
EJ,Reference,Pakistan,resid others modern_d7,hydrogen,2095,0.00223195
EJ,Reference,Pakistan,resid others modern_d7,hydrogen,2100,0.00232323
EJ,Reference,Pakistan,resid others modern_d7,refined liquids,1990,9.70048e-4
EJ,Reference,Pakistan,resid others modern_d7,refined liquids,2005,4.51626e-4
EJ,Reference,Pakistan,resid others modern_d7,refined liquids,2010,3.14067e-4
EJ,Reference,Pakistan,resid others modern_d7,refined liquids,2015,4.73384e-4
EJ,Reference,Pakistan,resid others modern_d7,refined liquids,2021,5.30755e-4
EJ,Reference,Pakistan,resid others modern_d7,refined liquids,2025,4.2853e-4
EJ,Reference,Pakistan,resid others modern_d7,refined liquids,2030,4.67193e-4
EJ,Reference,Pakistan,resid others modern_d7,refined liquids,2035,5.23738e-4
EJ,Reference,Pakistan,resid others modern_d7,refined liquids,2040,5.75441e-4
EJ,Reference,Pakistan,resid others modern_d7,refined liquids,2045,6.07091e-4
EJ,Reference,Pakistan,resid others modern_d7,refined liquids,2050,6.22733e-4
EJ,Reference,Pakistan,resid others modern_d7,refined liquids,2055,5.96063e-4
EJ,Reference,Pakistan,resid others modern_d7,refined liquids,2060,5.78692e-4
EJ,Reference,Pakistan,resid others modern_d7,refined liquids,2065,5.51472e-4
EJ,Reference,Pakistan,resid others modern_d7,refined liquids,2070,5.14034e-4
EJ,Reference,Pakistan,resid others modern_d7,refined liquids,2075,4.66269e-4
EJ,Reference,Pakistan,resid others modern_d7,refined liquids,2080,4.15825e-4
EJ,Reference,Pakistan,resid others modern_d7,refined liquids,2085,3.66313e-4
EJ,Reference,Pakistan,resid others modern_d7,refined liquids,2090,3.20132e-4
EJ,Reference,Pakistan,resid others modern_d7,refined liquids,2095,2.78174e-4
EJ,Reference,Pakistan,resid others modern_d7,refined liquids,2100,2.44648e-4
EJ,Reference,Pakistan,resid others modern_d8,biomass,1990,4.92412e-4
EJ,Reference,Pakistan,resid others modern_d8,biomass,2005,8.66238e-4
EJ,Reference,Pakistan,resid others modern_d8,biomass,2010,9.81091e-4
EJ,Reference,Pakistan,resid others modern_d8,biomass,2015,0.00111228
EJ,Reference,Pakistan,resid others modern_d8,biomass,2021,0.00120299
EJ,Reference,Pakistan,resid others modern_d8,biomass,2025,0.00126418
EJ,Reference,Pakistan,resid others modern_d8,biomass,2030,0.0013286
EJ,Reference,Pakistan,resid others modern_d8,biomass,2035,0.00144519
EJ,Reference,Pakistan,resid others modern_d8,biomass,2040,0.00157111
EJ,Reference,Pakistan,resid others modern_d8,biomass,2045,0.00164655
EJ,Reference,Pakistan,resid others modern_d8,biomass,2050,0.0016659
EJ,Reference,Pakistan,resid others modern_d8,biomass,2055,0.0015711
EJ,Reference,Pakistan,resid others modern_d8,biomass,2060,0.00144574
EJ,Reference,Pakistan,resid others modern_d8,biomass,2065,0.00133067
EJ,Reference,Pakistan,resid others modern_d8,biomass,2070,0.00120958
EJ,Reference,Pakistan,resid others modern_d8,biomass,2075,0.0010791
EJ,Reference,Pakistan,resid others modern_d8,biomass,2080,9.57065e-4
EJ,Reference,Pakistan,resid others modern_d8,biomass,2085,8.4794e-4
EJ,Reference,Pakistan,resid others modern_d8,biomass,2090,7.41135e-4
EJ,Reference,Pakistan,resid others modern_d8,biomass,2095,6.45417e-4
EJ,Reference,Pakistan,resid others modern_d8,biomass,2100,5.73688e-4
EJ,Reference,Pakistan,resid others modern_d8,electricity,1990,0.00195803
EJ,Reference,Pakistan,resid others modern_d8,electricity,2005,0.00670003
EJ,Reference,Pakistan,resid others modern_d8,electricity,2010,0.00788472
EJ,Reference,Pakistan,resid others modern_d8,electricity,2015,0.00997054
EJ,Reference,Pakistan,resid others modern_d8,electricity,2021,0.0139036
EJ,Reference,Pakistan,resid others modern_d8,electricity,2025,0.017612
EJ,Reference,Pakistan,resid others modern_d8,electricity,2030,0.0245017
EJ,Reference,Pakistan,resid others modern_d8,electricity,2035,0.0326666
EJ,Reference,Pakistan,resid others modern_d8,electricity,2040,0.0433733
EJ,Reference,Pakistan,resid others modern_d8,electricity,2045,0.0568057
EJ,Reference,Pakistan,resid others modern_d8,electricity,2050,0.0729134
EJ,Reference,Pakistan,resid others modern_d8,electricity,2055,0.0908302
EJ,Reference,Pakistan,resid others modern_d8,electricity,2060,0.110674
EJ,Reference,Pakistan,resid others modern_d8,electricity,2065,0.131124
EJ,Reference,Pakistan,resid others modern_d8,electricity,2070,0.151211
EJ,Reference,Pakistan,resid others modern_d8,electricity,2075,0.169489
EJ,Reference,Pakistan,resid others modern_d8,electricity,2080,0.184846
EJ,Reference,Pakistan,resid others modern_d8,electricity,2085,0.19741
EJ,Reference,Pakistan,resid others modern_d8,electricity,2090,0.207653
EJ,Reference,Pakistan,resid others modern_d8,electricity,2095,0.21583
EJ,Reference,Pakistan,resid others modern_d8,electricity,2100,0.223612
EJ,Reference,Pakistan,resid others modern_d8,gas,1990,0.00438593
EJ,Reference,Pakistan,resid others modern_d8,gas,2005,0.0117519
EJ,Reference,Pakistan,resid others modern_d8,gas,2010,0.0160966
EJ,Reference,Pakistan,resid others modern_d8,gas,2015,0.0192229
EJ,Reference,Pakistan,resid others modern_d8,gas,2021,0.0216297
EJ,Reference,Pakistan,resid others modern_d8,gas,2025,0.0196874
EJ,Reference,Pakistan,resid others modern_d8,gas,2030,0.0235587
EJ,Reference,Pakistan,resid others modern_d8,gas,2035,0.0282277
EJ,Reference,Pakistan,resid others modern_d8,gas,2040,0.0340046
EJ,Reference,Pakistan,resid others modern_d8,gas,2045,0.0417421
EJ,Reference,Pakistan,resid others modern_d8,gas,2050,0.049948
EJ,Reference,Pakistan,resid others modern_d8,gas,2055,0.0596181
EJ,Reference,Pakistan,resid others modern_d8,gas,2060,0.0686094
EJ,Reference,Pakistan,resid others modern_d8,gas,2065,0.0758567
EJ,Reference,Pakistan,resid others modern_d8,gas,2070,0.081201
EJ,Reference,Pakistan,resid others modern_d8,gas,2075,0.0852598
EJ,Reference,Pakistan,resid others modern_d8,gas,2080,0.0879924
EJ,Reference,Pakistan,resid others modern_d8,gas,2085,0.0901142
EJ,Reference,Pakistan,resid others modern_d8,gas,2090,0.0910778
EJ,Reference,Pakistan,resid others modern_d8,gas,2095,0.0910323
EJ,Reference,Pakistan,resid others modern_d8,gas,2100,0.0908981
EJ,Reference,Pakistan,resid others modern_d8,hydrogen,2025,6.26419e-6
EJ,Reference,Pakistan,resid others modern_d8,hydrogen,2030,9.53827e-5
EJ,Reference,Pakistan,resid others modern_d8,hydrogen,2035,1.77911e-4
EJ,Reference,Pakistan,resid others modern_d8,hydrogen,2040,2.99764e-4
EJ,Reference,Pakistan,resid others modern_d8,hydrogen,2045,4.97458e-4
EJ,Reference,Pakistan,resid others modern_d8,hydrogen,2050,7.8381e-4
EJ,Reference,Pakistan,resid others modern_d8,hydrogen,2055,9.96931e-4
EJ,Reference,Pakistan,resid others modern_d8,hydrogen,2060,0.00121858
EJ,Reference,Pakistan,resid others modern_d8,hydrogen,2065,0.00144192
EJ,Reference,Pakistan,resid others modern_d8,hydrogen,2070,0.00163405
EJ,Reference,Pakistan,resid others modern_d8,hydrogen,2075,0.00180409
EJ,Reference,Pakistan,resid others modern_d8,hydrogen,2080,0.00195629
EJ,Reference,Pakistan,resid others modern_d8,hydrogen,2085,0.00209138
EJ,Reference,Pakistan,resid others modern_d8,hydrogen,2090,0.00219788
EJ,Reference,Pakistan,resid others modern_d8,hydrogen,2095,0.00228529
EJ,Reference,Pakistan,resid others modern_d8,hydrogen,2100,0.00237176
EJ,Reference,Pakistan,resid others modern_d8,refined liquids,1990,0.00127506
EJ,Reference,Pakistan,resid others modern_d8,refined liquids,2005,5.67766e-4
EJ,Reference,Pakistan,resid others modern_d8,refined liquids,2010,3.83737e-4
EJ,Reference,Pakistan,resid others modern_d8,refined liquids,2015,5.78384e-4
EJ,Reference,Pakistan,resid others modern_d8,refined liquids,2021,6.37331e-4
EJ,Reference,Pakistan,resid others modern_d8,refined liquids,2025,5.10333e-4
EJ,Reference,Pakistan,resid others modern_d8,refined liquids,2030,5.53603e-4
EJ,Reference,Pakistan,resid others modern_d8,refined liquids,2035,6.14753e-4
EJ,Reference,Pakistan,resid others modern_d8,refined liquids,2040,6.67123e-4
EJ,Reference,Pakistan,resid others modern_d8,refined liquids,2045,6.93409e-4
EJ,Reference,Pakistan,resid others modern_d8,refined liquids,2050,7.0019e-4
EJ,Reference,Pakistan,resid others modern_d8,refined liquids,2055,6.59439e-4
EJ,Reference,Pakistan,resid others modern_d8,refined liquids,2060,6.30037e-4
EJ,Reference,Pakistan,resid others modern_d8,refined liquids,2065,5.91486e-4
EJ,Reference,Pakistan,resid others modern_d8,refined liquids,2070,5.44458e-4
EJ,Reference,Pakistan,resid others modern_d8,refined liquids,2075,4.88687e-4
EJ,Reference,Pakistan,resid others modern_d8,refined liquids,2080,4.3217e-4
EJ,Reference,Pakistan,resid others modern_d8,refined liquids,2085,3.78251e-4
EJ,Reference,Pakistan,resid others modern_d8,refined liquids,2090,3.28947e-4
EJ,Reference,Pakistan,resid others modern_d8,refined liquids,2095,2.84822e-4
EJ,Reference,Pakistan,resid others modern_d8,refined liquids,2100,2.49758e-4
EJ,Reference,Pakistan,resid others modern_d9,biomass,1990,7.16394e-4
EJ,Reference,Pakistan,resid others modern_d9,biomass,2005,0.00121175
EJ,Reference,Pakistan,resid others modern_d9,biomass,2010,0.00129952
EJ,Reference,Pakistan,resid others modern_d9,biomass,2015,0.00146283
EJ,Reference,Pakistan,resid others modern_d9,biomass,2021,0.00157703
EJ,Reference,Pakistan,resid others modern_d9,biomass,2025,0.00166392
EJ,Reference,Pakistan,resid others modern_d9,biomass,2030,0.0017307
EJ,Reference,Pakistan,resid others modern_d9,biomass,2035,0.00185391
EJ,Reference,Pakistan,resid others modern_d9,biomass,2040,0.0019765
EJ,Reference,Pakistan,resid others modern_d9,biomass,2045,0.0020241
EJ,Reference,Pakistan,resid others modern_d9,biomass,2050,0.00199882
EJ,Reference,Pakistan,resid others modern_d9,biomass,2055,0.00183868
EJ,Reference,Pakistan,resid others modern_d9,biomass,2060,0.0016508199999999999
EJ,Reference,Pakistan,resid others modern_d9,biomass,2065,0.00148529
EJ,Reference,Pakistan,resid others modern_d9,biomass,2070,0.00132451
EJ,Reference,Pakistan,resid others modern_d9,biomass,2075,0.00116274
EJ,Reference,Pakistan,resid others modern_d9,biomass,2080,0.00101824
EJ,Reference,Pakistan,resid others modern_d9,biomass,2085,8.9351e-4
EJ,Reference,Pakistan,resid others modern_d9,biomass,2090,7.75444e-4
EJ,Reference,Pakistan,resid others modern_d9,biomass,2095,6.71929e-4
EJ,Reference,Pakistan,resid others modern_d9,biomass,2100,5.94811e-4
EJ,Reference,Pakistan,resid others modern_d9,electricity,1990,0.00284867
EJ,Reference,Pakistan,resid others modern_d9,electricity,2005,0.00937245
EJ,Reference,Pakistan,resid others modern_d9,electricity,2010,0.0104439
EJ,Reference,Pakistan,resid others modern_d9,electricity,2015,0.0131128
EJ,Reference,Pakistan,resid others modern_d9,electricity,2021,0.0182267
EJ,Reference,Pakistan,resid others modern_d9,electricity,2025,0.023181
EJ,Reference,Pakistan,resid others modern_d9,electricity,2030,0.031917
EJ,Reference,Pakistan,resid others modern_d9,electricity,2035,0.0419051
EJ,Reference,Pakistan,resid others modern_d9,electricity,2040,0.0545647
EJ,Reference,Pakistan,resid others modern_d9,electricity,2045,0.0698314
EJ,Reference,Pakistan,resid others modern_d9,electricity,2050,0.0874844
EJ,Reference,Pakistan,resid others modern_d9,electricity,2055,0.1063
EJ,Reference,Pakistan,resid others modern_d9,electricity,2060,0.126374
EJ,Reference,Pakistan,resid others modern_d9,electricity,2065,0.14636
EJ,Reference,Pakistan,resid others modern_d9,electricity,2070,0.165579
EJ,Reference,Pakistan,resid others modern_d9,electricity,2075,0.182627
EJ,Reference,Pakistan,resid others modern_d9,electricity,2080,0.196661
EJ,Reference,Pakistan,resid others modern_d9,electricity,2085,0.208019
EJ,Reference,Pakistan,resid others modern_d9,electricity,2090,0.217266
EJ,Reference,Pakistan,resid others modern_d9,electricity,2095,0.224696
EJ,Reference,Pakistan,resid others modern_d9,electricity,2100,0.231845
EJ,Reference,Pakistan,resid others modern_d9,gas,1990,0.00638094
EJ,Reference,Pakistan,resid others modern_d9,gas,2005,0.0164393
EJ,Reference,Pakistan,resid others modern_d9,gas,2010,0.021321
EJ,Reference,Pakistan,resid others modern_d9,gas,2015,0.0252811
EJ,Reference,Pakistan,resid others modern_d9,gas,2021,0.0283551
EJ,Reference,Pakistan,resid others modern_d9,gas,2025,0.0259127
EJ,Reference,Pakistan,resid others modern_d9,gas,2030,0.0306887
EJ,Reference,Pakistan,resid others modern_d9,gas,2035,0.0362108
EJ,Reference,Pakistan,resid others modern_d9,gas,2040,0.0427786
EJ,Reference,Pakistan,resid others modern_d9,gas,2045,0.0513136
EJ,Reference,Pakistan,resid others modern_d9,gas,2050,0.0599296
EJ,Reference,Pakistan,resid others modern_d9,gas,2055,0.0697721
EJ,Reference,Pakistan,resid others modern_d9,gas,2060,0.0783422
EJ,Reference,Pakistan,resid others modern_d9,gas,2065,0.0846707
EJ,Reference,Pakistan,resid others modern_d9,gas,2070,0.0889165
EJ,Reference,Pakistan,resid others modern_d9,gas,2075,0.0918684
EJ,Reference,Pakistan,resid others modern_d9,gas,2080,0.0936165
EJ,Reference,Pakistan,resid others modern_d9,gas,2085,0.0949571
EJ,Reference,Pakistan,resid others modern_d9,gas,2090,0.0952941
EJ,Reference,Pakistan,resid others modern_d9,gas,2095,0.0947717
EJ,Reference,Pakistan,resid others modern_d9,gas,2100,0.0942448
EJ,Reference,Pakistan,resid others modern_d9,hydrogen,2025,8.24497e-6
EJ,Reference,Pakistan,resid others modern_d9,hydrogen,2030,1.2425e-4
EJ,Reference,Pakistan,resid others modern_d9,hydrogen,2035,2.28227e-4
EJ,Reference,Pakistan,resid others modern_d9,hydrogen,2040,3.77111e-4
EJ,Reference,Pakistan,resid others modern_d9,hydrogen,2045,6.11526e-4
EJ,Reference,Pakistan,resid others modern_d9,hydrogen,2050,9.40447e-4
EJ,Reference,Pakistan,resid others modern_d9,hydrogen,2055,0.00116672
EJ,Reference,Pakistan,resid others modern_d9,hydrogen,2060,0.00139145
EJ,Reference,Pakistan,resid others modern_d9,hydrogen,2065,0.00160946
EJ,Reference,Pakistan,resid others modern_d9,hydrogen,2070,0.00178931
EJ,Reference,Pakistan,resid others modern_d9,hydrogen,2075,0.00194393
EJ,Reference,Pakistan,resid others modern_d9,hydrogen,2080,0.00208133
EJ,Reference,Pakistan,resid others modern_d9,hydrogen,2085,0.00220377
EJ,Reference,Pakistan,resid others modern_d9,hydrogen,2090,0.00229963
EJ,Reference,Pakistan,resid others modern_d9,hydrogen,2095,0.00237916
EJ,Reference,Pakistan,resid others modern_d9,hydrogen,2100,0.00245908
EJ,Reference,Pakistan,resid others modern_d9,refined liquids,1990,0.00185504
EJ,Reference,Pakistan,resid others modern_d9,refined liquids,2005,7.94229e-4
EJ,Reference,Pakistan,resid others modern_d9,refined liquids,2010,5.08286e-4
EJ,Reference,Pakistan,resid others modern_d9,refined liquids,2015,7.60666e-4
EJ,Reference,Pakistan,resid others modern_d9,refined liquids,2021,8.35497e-4
EJ,Reference,Pakistan,resid others modern_d9,refined liquids,2025,6.71703e-4
EJ,Reference,Pakistan,resid others modern_d9,refined liquids,2030,7.21149e-4
EJ,Reference,Pakistan,resid others modern_d9,refined liquids,2035,7.88611e-4
EJ,Reference,Pakistan,resid others modern_d9,refined liquids,2040,8.39257e-4
EJ,Reference,Pakistan,resid others modern_d9,refined liquids,2045,8.52409e-4
EJ,Reference,Pakistan,resid others modern_d9,refined liquids,2050,8.40116e-4
EJ,Reference,Pakistan,resid others modern_d9,refined liquids,2055,7.71752e-4
EJ,Reference,Pakistan,resid others modern_d9,refined liquids,2060,7.19413e-4
EJ,Reference,Pakistan,resid others modern_d9,refined liquids,2065,6.60213e-4
EJ,Reference,Pakistan,resid others modern_d9,refined liquids,2070,5.96191e-4
EJ,Reference,Pakistan,resid others modern_d9,refined liquids,2075,5.26566e-4
EJ,Reference,Pakistan,resid others modern_d9,refined liquids,2080,4.59793e-4
EJ,Reference,Pakistan,resid others modern_d9,refined liquids,2085,3.98579e-4
EJ,Reference,Pakistan,resid others modern_d9,refined liquids,2090,3.44175e-4
EJ,Reference,Pakistan,resid others modern_d9,refined liquids,2095,2.96522e-4
EJ,Reference,Pakistan,resid others modern_d9,refined liquids,2100,2.58954e-4
EJ,Reference,Pakistan,trn_aviation_intl,electricity,2035,9.2805e-10
EJ,Reference,Pakistan,trn_aviation_intl,electricity,2040,1.19914e-8
EJ,Reference,Pakistan,trn_aviation_intl,electricity,2045,1.5057e-7
EJ,Reference,Pakistan,trn_aviation_intl,electricity,2050,1.77125e-6
EJ,Reference,Pakistan,trn_aviation_intl,electricity,2055,4.30412e-6
EJ,Reference,Pakistan,trn_aviation_intl,electricity,2060,9.50133e-6
EJ,Reference,Pakistan,trn_aviation_intl,electricity,2065,1.83757e-5
EJ,Reference,Pakistan,trn_aviation_intl,electricity,2070,3.08847e-5
EJ,Reference,Pakistan,trn_aviation_intl,electricity,2075,4.59834e-5
EJ,Reference,Pakistan,trn_aviation_intl,electricity,2080,6.17626e-5
EJ,Reference,Pakistan,trn_aviation_intl,electricity,2085,7.76779e-5
EJ,Reference,Pakistan,trn_aviation_intl,electricity,2090,9.42271e-5
EJ,Reference,Pakistan,trn_aviation_intl,electricity,2095,1.11507e-4
EJ,Reference,Pakistan,trn_aviation_intl,electricity,2100,1.2949e-4
EJ,Reference,Pakistan,trn_aviation_intl,hydrogen,2035,1.05089e-9
EJ,Reference,Pakistan,trn_aviation_intl,hydrogen,2040,3.5858e-8
EJ,Reference,Pakistan,trn_aviation_intl,hydrogen,2045,9.16634e-7
EJ,Reference,Pakistan,trn_aviation_intl,hydrogen,2050,1.71236e-5
EJ,Reference,Pakistan,trn_aviation_intl,hydrogen,2055,4.20169e-5
EJ,Reference,Pakistan,trn_aviation_intl,hydrogen,2060,9.26673e-5
EJ,Reference,Pakistan,trn_aviation_intl,hydrogen,2065,1.78266e-4
EJ,Reference,Pakistan,trn_aviation_intl,hydrogen,2070,2.96477e-4
EJ,Reference,Pakistan,trn_aviation_intl,hydrogen,2075,4.38032e-4
EJ,Reference,Pakistan,trn_aviation_intl,hydrogen,2080,0.00058436200000000005
EJ,Reference,Pakistan,trn_aviation_intl,hydrogen,2085,7.35527e-4
EJ,Reference,Pakistan,trn_aviation_intl,hydrogen,2090,8.93217e-4
EJ,Reference,Pakistan,trn_aviation_intl,hydrogen,2095,0.0010575
EJ,Reference,Pakistan,trn_aviation_intl,hydrogen,2100,0.00123009
EJ,Reference,Pakistan,trn_aviation_intl,refined liquids,1975,0.0143456
EJ,Reference,Pakistan,trn_aviation_intl,refined liquids,1990,0.0185231
EJ,Reference,Pakistan,trn_aviation_intl,refined liquids,2005,0.0377951
EJ,Reference,Pakistan,trn_aviation_intl,refined liquids,2010,0.0350363
EJ,Reference,Pakistan,trn_aviation_intl,refined liquids,2015,0.033854
EJ,Reference,Pakistan,trn_aviation_intl,refined liquids,2021,0.0210848
EJ,Reference,Pakistan,trn_aviation_intl,refined liquids,2025,0.0221516
EJ,Reference,Pakistan,trn_aviation_intl,refined liquids,2030,0.0263767
EJ,Reference,Pakistan,trn_aviation_intl,refined liquids,2035,0.0311831
EJ,Reference,Pakistan,trn_aviation_intl,refined liquids,2040,0.039735
EJ,Reference,Pakistan,trn_aviation_intl,refined liquids,2045,0.0507572
EJ,Reference,Pakistan,trn_aviation_intl,refined liquids,2050,0.0643971
EJ,Reference,Pakistan,trn_aviation_intl,refined liquids,2055,0.0806388
EJ,Reference,Pakistan,trn_aviation_intl,refined liquids,2060,0.100301
EJ,Reference,Pakistan,trn_aviation_intl,refined liquids,2065,0.123184
EJ,Reference,Pakistan,trn_aviation_intl,refined liquids,2070,0.148912
EJ,Reference,Pakistan,trn_aviation_intl,refined liquids,2075,0.177503
EJ,Reference,Pakistan,trn_aviation_intl,refined liquids,2080,0.208181
EJ,Reference,Pakistan,trn_aviation_intl,refined liquids,2085,0.240521
EJ,Reference,Pakistan,trn_aviation_intl,refined liquids,2090,0.274526
EJ,Reference,Pakistan,trn_aviation_intl,refined liquids,2095,0.309656
EJ,Reference,Pakistan,trn_aviation_intl,refined liquids,2100,0.345622
EJ,Reference,Pakistan,trn_freight,electricity,1975,6.59e-5
EJ,Reference,Pakistan,trn_freight,electricity,1990,6.59e-5
EJ,Reference,Pakistan,trn_freight,electricity,2005,2.19e-5
EJ,Reference,Pakistan,trn_freight,electricity,2030,7.52684e-5
EJ,Reference,Pakistan,trn_freight,electricity,2035,3.17328e-4
EJ,Reference,Pakistan,trn_freight,electricity,2040,5.81954e-4
EJ,Reference,Pakistan,trn_freight,electricity,2045,7.52176e-4
EJ,Reference,Pakistan,trn_freight,electricity,2050,8.96556e-4
EJ,Reference,Pakistan,trn_freight,electricity,2055,0.00106411
EJ,Reference,Pakistan,trn_freight,electricity,2060,0.00126516
EJ,Reference,Pakistan,trn_freight,electricity,2065,0.00148627
EJ,Reference,Pakistan,trn_freight,electricity,2070,0.00172777
EJ,Reference,Pakistan,trn_freight,electricity,2075,0.00199348
EJ,Reference,Pakistan,trn_freight,electricity,2080,0.00226503
EJ,Reference,Pakistan,trn_freight,electricity,2085,0.0025436
EJ,Reference,Pakistan,trn_freight,electricity,2090,0.00284067
EJ,Reference,Pakistan,trn_freight,electricity,2095,0.00314959
EJ,Reference,Pakistan,trn_freight,electricity,2100,0.00350744
EJ,Reference,Pakistan,trn_freight,hydrogen,2030,6.13966e-5
EJ,Reference,Pakistan,trn_freight,hydrogen,2035,2.55958e-4
EJ,Reference,Pakistan,trn_freight,hydrogen,2040,4.65418e-4
EJ,Reference,Pakistan,trn_freight,hydrogen,2045,6.07594e-4
EJ,Reference,Pakistan,trn_freight,hydrogen,2050,7.31568e-4
EJ,Reference,Pakistan,trn_freight,hydrogen,2055,8.74556e-4
EJ,Reference,Pakistan,trn_freight,hydrogen,2060,0.00104469
EJ,Reference,Pakistan,trn_freight,hydrogen,2065,0.00122903
EJ,Reference,Pakistan,trn_freight,hydrogen,2070,0.00142745
EJ,Reference,Pakistan,trn_freight,hydrogen,2075,0.00164875
EJ,Reference,Pakistan,trn_freight,hydrogen,2080,0.00187363
EJ,Reference,Pakistan,trn_freight,hydrogen,2085,0.00211081
EJ,Reference,Pakistan,trn_freight,hydrogen,2090,0.00236762
EJ,Reference,Pakistan,trn_freight,hydrogen,2095,0.00263663
EJ,Reference,Pakistan,trn_freight,hydrogen,2100,0.00294562
EJ,Reference,Pakistan,trn_freight,refined liquids,1975,2.732e-4
EJ,Reference,Pakistan,trn_freight,refined liquids,1990,9.7e-4
EJ,Reference,Pakistan,trn_freight,refined liquids,2005,0.0017404
EJ,Reference,Pakistan,trn_freight,refined liquids,2010,0.0019182
EJ,Reference,Pakistan,trn_freight,refined liquids,2015,0.0028921
EJ,Reference,Pakistan,trn_freight,refined liquids,2021,0.0037963
EJ,Reference,Pakistan,trn_freight,refined liquids,2025,0.00374279
EJ,Reference,Pakistan,trn_freight,refined liquids,2030,0.0040034369999999994
EJ,Reference,Pakistan,trn_freight,refined liquids,2035,0.003528618
EJ,Reference,Pakistan,trn_freight,refined liquids,2040,0.00316256
EJ,Reference,Pakistan,trn_freight,refined liquids,2045,0.00346524
EJ,Reference,Pakistan,trn_freight,refined liquids,2050,0.00395505
EJ,Reference,Pakistan,trn_freight,refined liquids,2055,0.0045677800000000005
EJ,Reference,Pakistan,trn_freight,refined liquids,2060,0.005345829999999999
EJ,Reference,Pakistan,trn_freight,refined liquids,2065,0.00619513
EJ,Reference,Pakistan,trn_freight,refined liquids,2070,0.00710317
EJ,Reference,Pakistan,trn_freight,refined liquids,2075,0.00807806
EJ,Reference,Pakistan,trn_freight,refined liquids,2080,0.009057039999999999
EJ,Reference,Pakistan,trn_freight,refined liquids,2085,0.01003986
EJ,Reference,Pakistan,trn_freight,refined liquids,2090,0.011075499999999999
EJ,Reference,Pakistan,trn_freight,refined liquids,2095,0.01213196
EJ,Reference,Pakistan,trn_freight,refined liquids,2100,0.013379209999999999
EJ,Reference,Pakistan,trn_freight_road,electricity,2030,2.2050019999999998e-4
EJ,Reference,Pakistan,trn_freight_road,electricity,2035,0.0021904888899999995
EJ,Reference,Pakistan,trn_freight_road,electricity,2040,0.010946088349999999
EJ,Reference,Pakistan,trn_freight_road,electricity,2045,0.024175703399999998
EJ,Reference,Pakistan,trn_freight_road,electricity,2050,0.0483066423
EJ,Reference,Pakistan,trn_freight_road,electricity,2055,0.072344327
EJ,Reference,Pakistan,trn_freight_road,electricity,2060,0.09587906700000001
EJ,Reference,Pakistan,trn_freight_road,electricity,2065,0.11880302999999999
EJ,Reference,Pakistan,trn_freight_road,electricity,2070,0.1423521
EJ,Reference,Pakistan,trn_freight_road,electricity,2075,0.16857617000000005
EJ,Reference,Pakistan,trn_freight_road,electricity,2080,0.19733343
EJ,Reference,Pakistan,trn_freight_road,electricity,2085,0.22845813
EJ,Reference,Pakistan,trn_freight_road,electricity,2090,0.26185323
EJ,Reference,Pakistan,trn_freight_road,electricity,2095,0.2972275300000001
EJ,Reference,Pakistan,trn_freight_road,electricity,2100,0.3324129
EJ,Reference,Pakistan,trn_freight_road,hydrogen,2030,3.668977e-4
EJ,Reference,Pakistan,trn_freight_road,hydrogen,2035,0.0030175947
EJ,Reference,Pakistan,trn_freight_road,hydrogen,2040,0.0125113167
EJ,Reference,Pakistan,trn_freight_road,hydrogen,2045,0.02358493133
EJ,Reference,Pakistan,trn_freight_road,hydrogen,2050,0.036988165
EJ,Reference,Pakistan,trn_freight_road,hydrogen,2055,0.050706228000000006
EJ,Reference,Pakistan,trn_freight_road,hydrogen,2060,0.064894636
EJ,Reference,Pakistan,trn_freight_road,hydrogen,2065,0.079708858
EJ,Reference,Pakistan,trn_freight_road,hydrogen,2070,0.09582866100000001
EJ,Reference,Pakistan,trn_freight_road,hydrogen,2075,0.113747174
EJ,Reference,Pakistan,trn_freight_road,hydrogen,2080,0.133275688
EJ,Reference,Pakistan,trn_freight_road,hydrogen,2085,0.15478648799999997
EJ,Reference,Pakistan,trn_freight_road,hydrogen,2090,0.17853516999999997
EJ,Reference,Pakistan,trn_freight_road,hydrogen,2095,0.20430313
EJ,Reference,Pakistan,trn_freight_road,hydrogen,2100,0.23047480000000004
EJ,Reference,Pakistan,trn_freight_road,refined liquids,1990,0.0726985
EJ,Reference,Pakistan,trn_freight_road,refined liquids,2005,0.13043670000000002
EJ,Reference,Pakistan,trn_freight_road,refined liquids,2010,0.1437632
EJ,Reference,Pakistan,trn_freight_road,refined liquids,2015,0.2167532
EJ,Reference,Pakistan,trn_freight_road,refined liquids,2021,0.2845187
EJ,Reference,Pakistan,trn_freight_road,refined liquids,2025,0.30947406000000005
EJ,Reference,Pakistan,trn_freight_road,refined liquids,2030,0.366940138
EJ,Reference,Pakistan,trn_freight_road,refined liquids,2035,0.427243224
EJ,Reference,Pakistan,trn_freight_road,refined liquids,2040,0.46969569799999994
EJ,Reference,Pakistan,trn_freight_road,refined liquids,2045,0.52504584
EJ,Reference,Pakistan,trn_freight_road,refined liquids,2050,0.5735412
EJ,Reference,Pakistan,trn_freight_road,refined liquids,2055,0.6341497099999999
EJ,Reference,Pakistan,trn_freight_road,refined liquids,2060,0.7199977
EJ,Reference,Pakistan,trn_freight_road,refined liquids,2065,0.8289086399999999
EJ,Reference,Pakistan,trn_freight_road,refined liquids,2070,0.95282749
EJ,Reference,Pakistan,trn_freight_road,refined liquids,2075,1.08645425
EJ,Reference,Pakistan,trn_freight_road,refined liquids,2080,1.2248100099999997
EJ,Reference,Pakistan,trn_freight_road,refined liquids,2085,1.3658990299999998
EJ,Reference,Pakistan,trn_freight_road,refined liquids,2090,1.51106312
EJ,Reference,Pakistan,trn_freight_road,refined liquids,2095,1.65896385
EJ,Reference,Pakistan,trn_freight_road,refined liquids,2100,1.8043757599999997
EJ,Reference,Pakistan,trn_pass,electricity,1975,5.97e-5
EJ,Reference,Pakistan,trn_pass,electricity,1990,5.97e-5
EJ,Reference,Pakistan,trn_pass,electricity,2005,1.98e-5
EJ,Reference,Pakistan,trn_pass,electricity,2025,1.63836e-5
EJ,Reference,Pakistan,trn_pass,electricity,2030,4.98099e-5
EJ,Reference,Pakistan,trn_pass,electricity,2035,1.0595633e-4
EJ,Reference,Pakistan,trn_pass,electricity,2040,2.1562522e-4
EJ,Reference,Pakistan,trn_pass,electricity,2045,4.1844470000000004e-4
EJ,Reference,Pakistan,trn_pass,electricity,2050,7.930802e-4
EJ,Reference,Pakistan,trn_pass,electricity,2055,0.001331043
EJ,Reference,Pakistan,trn_pass,electricity,2060,0.002184753
EJ,Reference,Pakistan,trn_pass,electricity,2065,0.003445237
EJ,Reference,Pakistan,trn_pass,electricity,2070,0.0051741800000000004
EJ,Reference,Pakistan,trn_pass,electricity,2075,0.007410729999999999
EJ,Reference,Pakistan,trn_pass,electricity,2080,0.01013185
EJ,Reference,Pakistan,trn_pass,electricity,2085,0.013378629999999999
EJ,Reference,Pakistan,trn_pass,electricity,2090,0.01725991
EJ,Reference,Pakistan,trn_pass,electricity,2095,0.0218146
EJ,Reference,Pakistan,trn_pass,electricity,2100,0.02705927
EJ,Reference,Pakistan,trn_pass,hydrogen,2035,1.02113e-6
EJ,Reference,Pakistan,trn_pass,hydrogen,2040,4.36012e-6
EJ,Reference,Pakistan,trn_pass,hydrogen,2045,1.85457e-5
EJ,Reference,Pakistan,trn_pass,hydrogen,2050,7.2135e-5
EJ,Reference,Pakistan,trn_pass,hydrogen,2055,1.78478e-4
EJ,Reference,Pakistan,trn_pass,hydrogen,2060,3.89378e-4
EJ,Reference,Pakistan,trn_pass,hydrogen,2065,7.30361e-4
EJ,Reference,Pakistan,trn_pass,hydrogen,2070,0.0011904
EJ,Reference,Pakistan,trn_pass,hydrogen,2075,0.00175071
EJ,Reference,Pakistan,trn_pass,hydrogen,2080,0.00236487
EJ,Reference,Pakistan,trn_pass,hydrogen,2085,0.00304936
EJ,Reference,Pakistan,trn_pass,hydrogen,2090,0.00381678
EJ,Reference,Pakistan,trn_pass,hydrogen,2095,0.00466461
EJ,Reference,Pakistan,trn_pass,hydrogen,2100,0.00559175
EJ,Reference,Pakistan,trn_pass,refined liquids,1975,0.0012179
EJ,Reference,Pakistan,trn_pass,refined liquids,1990,0.0023101
EJ,Reference,Pakistan,trn_pass,refined liquids,2005,0.0044283
EJ,Reference,Pakistan,trn_pass,refined liquids,2010,0.0044693
EJ,Reference,Pakistan,trn_pass,refined liquids,2015,0.0055595
EJ,Reference,Pakistan,trn_pass,refined liquids,2021,0.0058464
EJ,Reference,Pakistan,trn_pass,refined liquids,2025,0.00641978
EJ,Reference,Pakistan,trn_pass,refined liquids,2030,0.00791709
EJ,Reference,Pakistan,trn_pass,refined liquids,2035,0.00950643
EJ,Reference,Pakistan,trn_pass,refined liquids,2040,0.01153415
EJ,Reference,Pakistan,trn_pass,refined liquids,2045,0.013804689999999998
EJ,Reference,Pakistan,trn_pass,refined liquids,2050,0.016205579999999997
EJ,Reference,Pakistan,trn_pass,refined liquids,2055,0.01859582
EJ,Reference,Pakistan,trn_pass,refined liquids,2060,0.02103874
EJ,Reference,Pakistan,trn_pass,refined liquids,2065,0.0233895
EJ,Reference,Pakistan,trn_pass,refined liquids,2070,0.025799
EJ,Reference,Pakistan,trn_pass,refined liquids,2075,0.0283861
EJ,Reference,Pakistan,trn_pass,refined liquids,2080,0.0312407
EJ,Reference,Pakistan,trn_pass,refined liquids,2085,0.0343775
EJ,Reference,Pakistan,trn_pass,refined liquids,2090,0.0378244
EJ,Reference,Pakistan,trn_pass,refined liquids,2095,0.041505
EJ,Reference,Pakistan,trn_pass,refined liquids,2100,0.045386699999999995
EJ,Reference,Pakistan,trn_pass_road,electricity,2030,5.45018e-4
EJ,Reference,Pakistan,trn_pass_road,electricity,2035,0.00350907
EJ,Reference,Pakistan,trn_pass_road,electricity,2040,0.00981213
EJ,Reference,Pakistan,trn_pass_road,electricity,2045,0.0151396
EJ,Reference,Pakistan,trn_pass_road,electricity,2050,0.0198652
EJ,Reference,Pakistan,trn_pass_road,electricity,2055,0.0239781
EJ,Reference,Pakistan,trn_pass_road,electricity,2060,0.0282605
EJ,Reference,Pakistan,trn_pass_road,electricity,2065,0.0323883
EJ,Reference,Pakistan,trn_pass_road,electricity,2070,0.0357573
EJ,Reference,Pakistan,trn_pass_road,electricity,2075,0.0385472
EJ,Reference,Pakistan,trn_pass_road,electricity,2080,0.0406801
EJ,Reference,Pakistan,trn_pass_road,electricity,2085,0.0421857
EJ,Reference,Pakistan,trn_pass_road,electricity,2090,0.0431352
EJ,Reference,Pakistan,trn_pass_road,electricity,2095,0.043608
EJ,Reference,Pakistan,trn_pass_road,electricity,2100,0.043737
EJ,Reference,Pakistan,trn_pass_road,gas,2005,0.0181045
EJ,Reference,Pakistan,trn_pass_road,gas,2010,0.052618
EJ,Reference,Pakistan,trn_pass_road,gas,2015,0.0299927
EJ,Reference,Pakistan,trn_pass_road,gas,2021,0.0264555
EJ,Reference,Pakistan,trn_pass_road,gas,2025,0.0260306
EJ,Reference,Pakistan,trn_pass_road,gas,2030,0.0238158
EJ,Reference,Pakistan,trn_pass_road,gas,2035,0.0258894
EJ,Reference,Pakistan,trn_pass_road,gas,2040,0.025126
EJ,Reference,Pakistan,trn_pass_road,gas,2045,0.0282504
EJ,Reference,Pakistan,trn_pass_road,gas,2050,0.0336906
EJ,Reference,Pakistan,trn_pass_road,gas,2055,0.040629
EJ,Reference,Pakistan,trn_pass_road,gas,2060,0.0478483
EJ,Reference,Pakistan,trn_pass_road,gas,2065,0.054743
EJ,Reference,Pakistan,trn_pass_road,gas,2070,0.0603128
EJ,Reference,Pakistan,trn_pass_road,gas,2075,0.0649261
EJ,Reference,Pakistan,trn_pass_road,gas,2080,0.0684244
EJ,Reference,Pakistan,trn_pass_road,gas,2085,0.0708943
EJ,Reference,Pakistan,trn_pass_road,gas,2090,0.0724601
EJ,Reference,Pakistan,trn_pass_road,gas,2095,0.0732377
EJ,Reference,Pakistan,trn_pass_road,gas,2100,0.0734118
EJ,Reference,Pakistan,trn_pass_road,hydrogen,2030,8.04648e-4
EJ,Reference,Pakistan,trn_pass_road,hydrogen,2035,0.00480463
EJ,Reference,Pakistan,trn_pass_road,hydrogen,2040,0.0123908
EJ,Reference,Pakistan,trn_pass_road,hydrogen,2045,0.0176791
EJ,Reference,Pakistan,trn_pass_road,hydrogen,2050,0.0214909
EJ,Reference,Pakistan,trn_pass_road,hydrogen,2055,0.0259493
EJ,Reference,Pakistan,trn_pass_road,hydrogen,2060,0.0305898
EJ,Reference,Pakistan,trn_pass_road,hydrogen,2065,0.0350592
EJ,Reference,Pakistan,trn_pass_road,hydrogen,2070,0.038703
EJ,Reference,Pakistan,trn_pass_road,hydrogen,2075,0.0417235
EJ,Reference,Pakistan,trn_pass_road,hydrogen,2080,0.0440311
EJ,Reference,Pakistan,trn_pass_road,hydrogen,2085,0.0456669
EJ,Reference,Pakistan,trn_pass_road,hydrogen,2090,0.0467036
EJ,Reference,Pakistan,trn_pass_road,hydrogen,2095,0.0472245
EJ,Reference,Pakistan,trn_pass_road,hydrogen,2100,0.0473715
EJ,Reference,Pakistan,trn_pass_road,refined liquids,1975,0.0064961
EJ,Reference,Pakistan,trn_pass_road,refined liquids,1990,0.0230648
EJ,Reference,Pakistan,trn_pass_road,refined liquids,2005,0.0413833
EJ,Reference,Pakistan,trn_pass_road,refined liquids,2010,0.0456114
EJ,Reference,Pakistan,trn_pass_road,refined liquids,2015,0.0687686
EJ,Reference,Pakistan,trn_pass_road,refined liquids,2021,0.0902684
EJ,Reference,Pakistan,trn_pass_road,refined liquids,2025,0.1051971
EJ,Reference,Pakistan,trn_pass_road,refined liquids,2030,0.1316895
EJ,Reference,Pakistan,trn_pass_road,refined liquids,2035,0.1435346
EJ,Reference,Pakistan,trn_pass_road,refined liquids,2040,0.139608
EJ,Reference,Pakistan,trn_pass_road,refined liquids,2045,0.15697149999999999
EJ,Reference,Pakistan,trn_pass_road,refined liquids,2050,0.18718980000000002
EJ,Reference,Pakistan,trn_pass_road,refined liquids,2055,0.22514099999999998
EJ,Reference,Pakistan,trn_pass_road,refined liquids,2060,0.265065
EJ,Reference,Pakistan,trn_pass_road,refined liquids,2065,0.303435
EJ,Reference,Pakistan,trn_pass_road,refined liquids,2070,0.334608
EJ,Reference,Pakistan,trn_pass_road,refined liquids,2075,0.360335
EJ,Reference,Pakistan,trn_pass_road,refined liquids,2080,0.379781
EJ,Reference,Pakistan,trn_pass_road,refined liquids,2085,0.393305
EJ,Reference,Pakistan,trn_pass_road,refined liquids,2090,0.401781
EJ,Reference,Pakistan,trn_pass_road,refined liquids,2095,0.405857
EJ,Reference,Pakistan,trn_pass_road,refined liquids,2100,0.406748
EJ,Reference,Pakistan,trn_pass_road_LDV,electricity,2030,0.00351213
EJ,Reference,Pakistan,trn_pass_road_LDV,electricity,2035,0.00414057
EJ,Reference,Pakistan,trn_pass_road_LDV,electricity,2040,0.00494661
EJ,Reference,Pakistan,trn_pass_road_LDV,electricity,2045,0.00530218
EJ,Reference,Pakistan,trn_pass_road_LDV,electricity,2050,0.00555764
EJ,Reference,Pakistan,trn_pass_road_LDV,electricity,2055,0.00597697
EJ,Reference,Pakistan,trn_pass_road_LDV,electricity,2060,0.00621614
EJ,Reference,Pakistan,trn_pass_road_LDV,electricity,2065,0.00640372
EJ,Reference,Pakistan,trn_pass_road_LDV,electricity,2070,0.00666219
EJ,Reference,Pakistan,trn_pass_road_LDV,electricity,2075,0.00692455
EJ,Reference,Pakistan,trn_pass_road_LDV,electricity,2080,0.00719693
EJ,Reference,Pakistan,trn_pass_road_LDV,electricity,2085,0.00749008
EJ,Reference,Pakistan,trn_pass_road_LDV,electricity,2090,0.00778704
EJ,Reference,Pakistan,trn_pass_road_LDV,electricity,2095,0.00808839
EJ,Reference,Pakistan,trn_pass_road_LDV,electricity,2100,0.00769505
EJ,Reference,Pakistan,trn_pass_road_LDV,gas,2005,0.0017526
EJ,Reference,Pakistan,trn_pass_road_LDV,gas,2010,0.0050937
EJ,Reference,Pakistan,trn_pass_road_LDV,gas,2015,0.0029035
EJ,Reference,Pakistan,trn_pass_road_LDV,gas,2021,0.002561
EJ,Reference,Pakistan,trn_pass_road_LDV,gas,2025,0.00301176
EJ,Reference,Pakistan,trn_pass_road_LDV,gas,2030,0.00319353
EJ,Reference,Pakistan,trn_pass_road_LDV,gas,2035,0.0034542
EJ,Reference,Pakistan,trn_pass_road_LDV,gas,2040,0.00365581
EJ,Reference,Pakistan,trn_pass_road_LDV,gas,2045,0.00381851
EJ,Reference,Pakistan,trn_pass_road_LDV,gas,2050,0.00386664
EJ,Reference,Pakistan,trn_pass_road_LDV,gas,2055,0.00357576
EJ,Reference,Pakistan,trn_pass_road_LDV,gas,2060,0.00319919
EJ,Reference,Pakistan,trn_pass_road_LDV,gas,2065,0.00278985
EJ,Reference,Pakistan,trn_pass_road_LDV,gas,2070,0.00244188
EJ,Reference,Pakistan,trn_pass_road_LDV,gas,2075,0.00215983
EJ,Reference,Pakistan,trn_pass_road_LDV,gas,2080,0.00191528
EJ,Reference,Pakistan,trn_pass_road_LDV,gas,2085,0.00171766
EJ,Reference,Pakistan,trn_pass_road_LDV,gas,2090,0.00155112
EJ,Reference,Pakistan,trn_pass_road_LDV,gas,2095,0.0014041
EJ,Reference,Pakistan,trn_pass_road_LDV,gas,2100,0.00131804
EJ,Reference,Pakistan,trn_pass_road_LDV,refined liquids,1975,0.0128725
EJ,Reference,Pakistan,trn_pass_road_LDV,refined liquids,1990,0.0457045
EJ,Reference,Pakistan,trn_pass_road_LDV,refined liquids,2005,0.0820038
EJ,Reference,Pakistan,trn_pass_road_LDV,refined liquids,2010,0.0903821
EJ,Reference,Pakistan,trn_pass_road_LDV,refined liquids,2015,0.13627
EJ,Reference,Pakistan,trn_pass_road_LDV,refined liquids,2021,0.178873
EJ,Reference,Pakistan,trn_pass_road_LDV,refined liquids,2025,0.181734
EJ,Reference,Pakistan,trn_pass_road_LDV,refined liquids,2030,0.175931
EJ,Reference,Pakistan,trn_pass_road_LDV,refined liquids,2035,0.17878
EJ,Reference,Pakistan,trn_pass_road_LDV,refined liquids,2040,0.171587
EJ,Reference,Pakistan,trn_pass_road_LDV,refined liquids,2045,0.155898
EJ,Reference,Pakistan,trn_pass_road_LDV,refined liquids,2050,0.137424
EJ,Reference,Pakistan,trn_pass_road_LDV,refined liquids,2055,0.123265
EJ,Reference,Pakistan,trn_pass_road_LDV,refined liquids,2060,0.110114
EJ,Reference,Pakistan,trn_pass_road_LDV,refined liquids,2065,0.0976217
EJ,Reference,Pakistan,trn_pass_road_LDV,refined liquids,2070,0.0873981
EJ,Reference,Pakistan,trn_pass_road_LDV,refined liquids,2075,0.078199
EJ,Reference,Pakistan,trn_pass_road_LDV,refined liquids,2080,0.0699518
EJ,Reference,Pakistan,trn_pass_road_LDV,refined liquids,2085,0.0626779
EJ,Reference,Pakistan,trn_pass_road_LDV,refined liquids,2090,0.0563119
EJ,Reference,Pakistan,trn_pass_road_LDV,refined liquids,2095,0.0506093
EJ,Reference,Pakistan,trn_pass_road_LDV,refined liquids,2100,0.0474514
EJ,Reference,Pakistan,trn_pass_road_LDV_4W,electricity,2030,0.004012045
EJ,Reference,Pakistan,trn_pass_road_LDV_4W,electricity,2035,0.009518556999999999
EJ,Reference,Pakistan,trn_pass_road_LDV_4W,electricity,2040,0.014052413
EJ,Reference,Pakistan,trn_pass_road_LDV_4W,electricity,2045,0.017869728
EJ,Reference,Pakistan,trn_pass_road_LDV_4W,electricity,2050,0.020090698
EJ,Reference,Pakistan,trn_pass_road_LDV_4W,electricity,2055,0.023514566
EJ,Reference,Pakistan,trn_pass_road_LDV_4W,electricity,2060,0.027581783000000006
EJ,Reference,Pakistan,trn_pass_road_LDV_4W,electricity,2065,0.032473877
EJ,Reference,Pakistan,trn_pass_road_LDV_4W,electricity,2070,0.038605939
EJ,Reference,Pakistan,trn_pass_road_LDV_4W,electricity,2075,0.045737121
EJ,Reference,Pakistan,trn_pass_road_LDV_4W,electricity,2080,0.053712957
EJ,Reference,Pakistan,trn_pass_road_LDV_4W,electricity,2085,0.062398701
EJ,Reference,Pakistan,trn_pass_road_LDV_4W,electricity,2090,0.071648111
EJ,Reference,Pakistan,trn_pass_road_LDV_4W,electricity,2095,0.08120430299999999
EJ,Reference,Pakistan,trn_pass_road_LDV_4W,electricity,2100,0.09116026499999999
EJ,Reference,Pakistan,trn_pass_road_LDV_4W,gas,2005,0.0163519
EJ,Reference,Pakistan,trn_pass_road_LDV_4W,gas,2010,0.0475242
EJ,Reference,Pakistan,trn_pass_road_LDV_4W,gas,2015,0.027089199999999997
EJ,Reference,Pakistan,trn_pass_road_LDV_4W,gas,2021,0.023894399999999996
EJ,Reference,Pakistan,trn_pass_road_LDV_4W,gas,2025,0.02436981
EJ,Reference,Pakistan,trn_pass_road_LDV_4W,gas,2030,0.023386966000000006
EJ,Reference,Pakistan,trn_pass_road_LDV_4W,gas,2035,0.022493930000000002
EJ,Reference,Pakistan,trn_pass_road_LDV_4W,gas,2040,0.022103989999999997
EJ,Reference,Pakistan,trn_pass_road_LDV_4W,gas,2045,0.021928969000000003
EJ,Reference,Pakistan,trn_pass_road_LDV_4W,gas,2050,0.02323433
EJ,Reference,Pakistan,trn_pass_road_LDV_4W,gas,2055,0.026312816
EJ,Reference,Pakistan,trn_pass_road_LDV_4W,gas,2060,0.030049508999999995
EJ,Reference,Pakistan,trn_pass_road_LDV_4W,gas,2065,0.034474331000000004
EJ,Reference,Pakistan,trn_pass_road_LDV_4W,gas,2070,0.03986926300000001
EJ,Reference,Pakistan,trn_pass_road_LDV_4W,gas,2075,0.04599124
EJ,Reference,Pakistan,trn_pass_road_LDV_4W,gas,2080,0.052657459999999996
EJ,Reference,Pakistan,trn_pass_road_LDV_4W,gas,2085,0.05984128199999999
EJ,Reference,Pakistan,trn_pass_road_LDV_4W,gas,2090,0.06742427000000001
EJ,Reference,Pakistan,trn_pass_road_LDV_4W,gas,2095,0.075156359
EJ,Reference,Pakistan,trn_pass_road_LDV_4W,gas,2100,0.08315843
EJ,Reference,Pakistan,trn_pass_road_LDV_4W,hydrogen,2030,5.745249e-4
EJ,Reference,Pakistan,trn_pass_road_LDV_4W,hydrogen,2035,0.0013109575999999997
EJ,Reference,Pakistan,trn_pass_road_LDV_4W,hydrogen,2040,0.0021175825
EJ,Reference,Pakistan,trn_pass_road_LDV_4W,hydrogen,2045,0.0031527014600000003
EJ,Reference,Pakistan,trn_pass_road_LDV_4W,hydrogen,2050,0.004275572700000001
EJ,Reference,Pakistan,trn_pass_road_LDV_4W,hydrogen,2055,0.005797913720000001
EJ,Reference,Pakistan,trn_pass_road_LDV_4W,hydrogen,2060,0.00746805342
EJ,Reference,Pakistan,trn_pass_road_LDV_4W,hydrogen,2065,0.009294352
EJ,Reference,Pakistan,trn_pass_road_LDV_4W,hydrogen,2070,0.011470665999999997
EJ,Reference,Pakistan,trn_pass_road_LDV_4W,hydrogen,2075,0.013996455499999998
EJ,Reference,Pakistan,trn_pass_road_LDV_4W,hydrogen,2080,0.016922686199999995
EJ,Reference,Pakistan,trn_pass_road_LDV_4W,hydrogen,2085,0.020243751399999996
EJ,Reference,Pakistan,trn_pass_road_LDV_4W,hydrogen,2090,0.023950895599999997
EJ,Reference,Pakistan,trn_pass_road_LDV_4W,hydrogen,2095,0.027983549
EJ,Reference,Pakistan,trn_pass_road_LDV_4W,hydrogen,2100,0.032034849000000004
EJ,Reference,Pakistan,trn_pass_road_LDV_4W,refined liquids,1975,0.0125512
EJ,Reference,Pakistan,trn_pass_road_LDV_4W,refined liquids,1990,0.0445639
EJ,Reference,Pakistan,trn_pass_road_LDV_4W,refined liquids,2005,0.0799571
EJ,Reference,Pakistan,trn_pass_road_LDV_4W,refined liquids,2010,0.08812640000000001
EJ,Reference,Pakistan,trn_pass_road_LDV_4W,refined liquids,2015,0.1328687
EJ,Reference,Pakistan,trn_pass_road_LDV_4W,refined liquids,2021,0.17440889999999998
EJ,Reference,Pakistan,trn_pass_road_LDV_4W,refined liquids,2025,0.179818838
EJ,Reference,Pakistan,trn_pass_road_LDV_4W,refined liquids,2030,0.18422373
EJ,Reference,Pakistan,trn_pass_road_LDV_4W,refined liquids,2035,0.1958766517
EJ,Reference,Pakistan,trn_pass_road_LDV_4W,refined liquids,2040,0.2105618428
EJ,Reference,Pakistan,trn_pass_road_LDV_4W,refined liquids,2045,0.22595731589999998
EJ,Reference,Pakistan,trn_pass_road_LDV_4W,refined liquids,2050,0.24697324200000004
EJ,Reference,Pakistan,trn_pass_road_LDV_4W,refined liquids,2055,0.28339768699999995
EJ,Reference,Pakistan,trn_pass_road_LDV_4W,refined liquids,2060,0.325961265
EJ,Reference,Pakistan,trn_pass_road_LDV_4W,refined liquids,2065,0.37659468500000004
EJ,Reference,Pakistan,trn_pass_road_LDV_4W,refined liquids,2070,0.43986162799999995
EJ,Reference,Pakistan,trn_pass_road_LDV_4W,refined liquids,2075,0.512781409
EJ,Reference,Pakistan,trn_pass_road_LDV_4W,refined liquids,2080,0.5932818249999999
EJ,Reference,Pakistan,trn_pass_road_LDV_4W,refined liquids,2085,0.6797127480000001
EJ,Reference,Pakistan,trn_pass_road_LDV_4W,refined liquids,2090,0.770933177
EJ,Reference,Pakistan,trn_pass_road_LDV_4W,refined liquids,2095,0.8644035899999999
EJ,Reference,Pakistan,trn_pass_road_LDV_4W,refined liquids,2100,0.9576599499999999
EJ,Reference,Pakistan,trn_shipping_intl,electricity,2035,2.72852e-9
EJ,Reference,Pakistan,trn_shipping_intl,electricity,2040,8.07451e-9
EJ,Reference,Pakistan,trn_shipping_intl,electricity,2045,2.77653e-8
EJ,Reference,Pakistan,trn_shipping_intl,electricity,2050,8.6698e-8
EJ,Reference,Pakistan,trn_shipping_intl,electricity,2055,1.85147e-7
EJ,Reference,Pakistan,trn_shipping_intl,electricity,2060,2.86872e-7
EJ,Reference,Pakistan,trn_shipping_intl,electricity,2065,3.70375e-7
EJ,Reference,Pakistan,trn_shipping_intl,electricity,2070,4.42682e-7
EJ,Reference,Pakistan,trn_shipping_intl,electricity,2075,5.18218e-7
EJ,Reference,Pakistan,trn_shipping_intl,electricity,2080,5.86936e-7
EJ,Reference,Pakistan,trn_shipping_intl,electricity,2085,6.59718e-7
EJ,Reference,Pakistan,trn_shipping_intl,electricity,2090,7.37482e-7
EJ,Reference,Pakistan,trn_shipping_intl,electricity,2095,8.20827e-7
EJ,Reference,Pakistan,trn_shipping_intl,electricity,2100,9.04958e-7
EJ,Reference,Pakistan,trn_shipping_intl,hydrogen,2035,3.96411e-8
EJ,Reference,Pakistan,trn_shipping_intl,hydrogen,2040,1.47056e-7
EJ,Reference,Pakistan,trn_shipping_intl,hydrogen,2045,6.92323e-7
EJ,Reference,Pakistan,trn_shipping_intl,hydrogen,2050,2.96086e-6
EJ,Reference,Pakistan,trn_shipping_intl,hydrogen,2055,6.51689e-6
EJ,Reference,Pakistan,trn_shipping_intl,hydrogen,2060,1.02862e-5
EJ,Reference,Pakistan,trn_shipping_intl,hydrogen,2065,1.3321e-5
EJ,Reference,Pakistan,trn_shipping_intl,hydrogen,2070,1.57962e-5
EJ,Reference,Pakistan,trn_shipping_intl,hydrogen,2075,1.85173e-5
EJ,Reference,Pakistan,trn_shipping_intl,hydrogen,2080,2.09112e-5
EJ,Reference,Pakistan,trn_shipping_intl,hydrogen,2085,2.37767e-5
EJ,Reference,Pakistan,trn_shipping_intl,hydrogen,2090,2.70359e-5
EJ,Reference,Pakistan,trn_shipping_intl,hydrogen,2095,3.06144e-5
EJ,Reference,Pakistan,trn_shipping_intl,hydrogen,2100,3.42715e-5
EJ,Reference,Pakistan,trn_shipping_intl,refined liquids,1975,0.0028465
EJ,Reference,Pakistan,trn_shipping_intl,refined liquids,1990,0.0057471
EJ,Reference,Pakistan,trn_shipping_intl,refined liquids,2005,0.0064436
EJ,Reference,Pakistan,trn_shipping_intl,refined liquids,2010,0.014056
EJ,Reference,Pakistan,trn_shipping_intl,refined liquids,2015,0.0097164
EJ,Reference,Pakistan,trn_shipping_intl,refined liquids,2021,0.0023319
EJ,Reference,Pakistan,trn_shipping_intl,refined liquids,2025,0.0023560741
EJ,Reference,Pakistan,trn_shipping_intl,refined liquids,2030,0.002545075
EJ,Reference,Pakistan,trn_shipping_intl,refined liquids,2035,0.00267834
EJ,Reference,Pakistan,trn_shipping_intl,refined liquids,2040,0.00287559
EJ,Reference,Pakistan,trn_shipping_intl,refined liquids,2045,0.00314882
EJ,Reference,Pakistan,trn_shipping_intl,refined liquids,2050,0.0034491
EJ,Reference,Pakistan,trn_shipping_intl,refined liquids,2055,0.00374634
EJ,Reference,Pakistan,trn_shipping_intl,refined liquids,2060,0.00409358
EJ,Reference,Pakistan,trn_shipping_intl,refined liquids,2065,0.00445349
EJ,Reference,Pakistan,trn_shipping_intl,refined liquids,2070,0.0048193
EJ,Reference,Pakistan,trn_shipping_intl,refined liquids,2075,0.00519207
EJ,Reference,Pakistan,trn_shipping_intl,refined liquids,2080,0.00555481
EJ,Reference,Pakistan,trn_shipping_intl,refined liquids,2085,0.00590758
EJ,Reference,Pakistan,trn_shipping_intl,refined liquids,2090,0.00626406
EJ,Reference,Pakistan,trn_shipping_intl,refined liquids,2095,0.00661631
EJ,Reference,Pakistan,trn_shipping_intl,refined liquids,2100,0.0069666699999999995
EJ,Reference,Pakistan,waste biomass for paper,biomass,1975,7.15639e-4
EJ,Reference,Pakistan,waste biomass for paper,biomass,1990,0.00297421
EJ,Reference,Pakistan,waste biomass for paper,biomass,2005,0.0131556
EJ,Reference,Pakistan,waste biomass for paper,biomass,2010,0.0146731
EJ,Reference,Pakistan,waste biomass for paper,biomass,2015,0.0140082
EJ,Reference,Pakistan,waste biomass for paper,biomass,2021,0.0101306
EJ,Reference,Pakistan,waste biomass for paper,biomass,2025,0.011214397999999999
EJ,Reference,Pakistan,waste biomass for paper,biomass,2030,0.013638899
EJ,Reference,Pakistan,waste biomass for paper,biomass,2035,0.016575024
EJ,Reference,Pakistan,waste biomass for paper,biomass,2040,0.020230327
EJ,Reference,Pakistan,waste biomass for paper,biomass,2045,0.024501102
EJ,Reference,Pakistan,waste biomass for paper,biomass,2050,0.029127580200000003
EJ,Reference,Pakistan,waste biomass for paper,biomass,2055,0.033927180700000004
EJ,Reference,Pakistan,waste biomass for paper,biomass,2060,0.03885853953
EJ,Reference,Pakistan,waste biomass for paper,biomass,2065,0.0437674078
EJ,Reference,Pakistan,waste biomass for paper,biomass,2070,0.048323181500000006
EJ,Reference,Pakistan,waste biomass for paper,biomass,2075,0.0526120912
EJ,Reference,Pakistan,waste biomass for paper,biomass,2080,0.0565576027
EJ,Reference,Pakistan,waste biomass for paper,biomass,2085,0.060117377599999994
EJ,Reference,Pakistan,waste biomass for paper,biomass,2090,0.0634071151
EJ,Reference,Pakistan,waste biomass for paper,biomass,2095,0.0664194784
EJ,Reference,Pakistan,waste biomass for paper,biomass,2100,0.06900313059999999
